date,sample_condition,lw_condition,sample_hhi,lw_hhi,sample_realized_vol,lw_realized_vol,sample_forecast_error,lw_forecast_error,sample_sharpe,lw_sharpe,sample_turnover,lw_turnover,lw_shrinkage,N,T,N_over_T
2015-07-08,35.832950808515314,18.958990411343287,0.20183100868781195,0.13766950321258095,0.12142140435491267,0.11809967346720768,0.006274492785615107,0.003898984345670889,3.570187800651225,3.799853187469144,,,0.15234270071318765,25,126,0.1984126984126984
2015-08-06,41.16031080307705,19.00978080174242,0.21564230409063878,0.13534082578972165,0.3015875388482288,0.3123514578581394,0.19168399287820947,0.19311721423001957,-2.9010336874375198,-3.3158010110500387,0.26651374947915063,0.17556185399981333,0.1609048886013359,25,126,0.1984126984126984
2015-09-04,85.81809494182846,27.414437311795993,0.2998452513496336,0.16137807900617773,0.17271442420171373,0.15822893258817666,0.03797909008526326,0.01117521226487464,-2.2709741141573,-1.0265146128922473,0.5029236406214099,0.37421060748080126,0.18850112820864315,25,126,0.1984126984126984
2015-10-08,70.07594484666319,27.522233717913362,0.3071381353266147,0.17408204010816708,0.1447104221194638,0.11215539471983373,0.009932515838216888,0.036357070137705214,-2.613146621663122,-3.094433636802553,0.3419634290126594,0.19401456533566783,0.17384263299943306,25,126,0.1984126984126984
2015-11-09,63.89070191614405,21.5477874788748,0.2695615788352387,0.14261748594115656,0.121703646001193,0.1151260013857317,0.009612358037313404,0.028361497944284664,2.268996480551526,0.9234347352720111,0.2253620132742952,0.15755498916351773,0.2129985332508306,25,126,0.1984126984126984
2015-12-11,69.83098783719491,21.162074079077083,0.2882824779496256,0.13917330751167184,0.14354611960817482,0.12770876067323214,0.01712298868766915,0.012202981181076128,-2.3627264920208386,-1.8167225778279168,0.27713197072814366,0.14279845618944717,0.22631337299674884,25,126,0.1984126984126984
2016-01-12,82.43538906495674,24.201384859251533,0.2906569497994684,0.152272107340154,0.19897557022577855,0.1496955443400906,0.0810743199142149,0.01538399370294119,0.39984524953539274,-2.51112797761106,0.3256917276064911,0.15838320729936914,0.21288725329322453,25,126,0.1984126984126984
2016-02-11,85.20268033640296,34.98752526188707,0.2497770829273338,0.1704932096914454,0.21181944731090796,0.1915339458875075,0.09539278003429033,0.06213364325512252,-0.7939668455984736,-0.26676141561890787,0.5129548951900618,0.22032487184815136,0.15041675392709306,25,126,0.1984126984126984
2016-03-14,59.30076486264896,33.22950704456151,0.18502922352043655,0.14174723506387327,0.13017284815136965,0.12136700729682336,0.01928538199697931,0.004143344963435283,6.674532987303877,7.6143188979941545,0.5385640726476536,0.3929157150706182,0.11199623240890651,25,126,0.1984126984126984
2016-04-18,68.54202698518415,34.21783489613703,0.17865915888166442,0.137438657916236,0.13030484743034496,0.12102532145509914,0.024117220863433472,0.008064221409433275,3.9711414691032236,4.2815241041380565,0.28054027785655705,0.21932309863649901,0.12059322393493135,25,126,0.1984126984126984
2016-05-18,68.24736004875795,35.78043242168856,0.17069950266619624,0.13876226208856568,0.08120831126051822,0.07713871656710788,0.024854691744341934,0.03482953278826309,3.011210929471967,2.5461746949154294,0.2825521752753979,0.19933426369476523,0.11447375684677316,25,126,0.1984126984126984
2016-06-16,62.59577750855439,32.716697441241514,0.17283593235752293,0.1400247174548039,0.11676744881996252,0.10936808377623182,0.01580483038512702,0.0007066709512979635,6.680538480604856,6.7187068799409175,0.1615124053503002,0.11734470427735906,0.11991939756573168,25,126,0.1984126984126984
2016-07-18,54.67445405314134,29.621472714667508,0.18128795100911535,0.14076020592036403,0.12889578719408637,0.11932381749854157,0.03084758404818902,0.012539343586228893,6.285641494308444,6.198488776415106,0.1822455729635353,0.11790669550304689,0.12488606084305477,25,126,0.1984126984126984
2016-08-17,51.164041182784274,22.570702925019994,0.16778981192047132,0.1190904408170591,0.12507086839444037,0.11806197889594802,0.02754853433937271,0.01346494854598941,2.034073205981388,2.2258207933032663,0.32333707852915333,0.20346094883505092,0.16780994975210492,25,126,0.1984126984126984
2016-09-19,32.30857214173718,13.796557499428125,0.1528859193357298,0.09457432961493945,0.15214056373033205,0.1529280001278154,0.06252325015889697,0.058606855684555925,1.2308004101926047,0.9061545766150777,0.3220987883322922,0.2206183176403009,0.20343167942529297,25,126,0.1984126984126984
2016-10-20,37.063742658296626,16.59071741542584,0.14527882398954545,0.09954761575268758,0.21544035469170328,0.21155588017478305,0.11871929109616894,0.11251677856998857,-8.058414821133994,-7.948886064800505,0.3046514571629554,0.20669233023051498,0.18453695120735733,25,126,0.1984126984126984
2016-11-22,49.83503972495284,23.182002646161386,0.17738186566495248,0.1266645532990557,0.10071714193616253,0.0944704844139495,0.010559371648856536,0.019939418547420693,-0.8697487587154429,-1.4962333767656397,0.42759349862614104,0.3564419047728247,0.15371096044702204,25,126,0.1984126984126984
2016-12-21,40.699748725026,21.199462242185984,0.16678062392565066,0.12454859407481994,0.132450352279678,0.11753938510087092,0.018825420063594528,0.0014065898445941583,4.784044037771256,5.355595812740558,0.164471388108086,0.11719235683036162,0.15204311186415714,25,126,0.1984126984126984
2017-01-19,42.90676441840471,21.475582124215688,0.17403444488155498,0.1287288248562962,0.13262049553337482,0.12555433860884474,0.023633365919134508,0.012808608151711365,2.1262073344752634,2.420572037181165,0.25115752623372034,0.1711390874116333,0.15555998476145652,25,126,0.1984126984126984
2017-02-20,41.01992002786801,20.24655632667931,0.18331666646317765,0.12920288381730569,0.1921830262753157,0.16022442409256477,0.0836209424812596,0.04701123560907061,3.3164758606578104,3.7813493400333256,0.24429827923433556,0.1626741572835481,0.1621794297652279,25,126,0.1984126984126984
2017-03-23,44.68032098873602,19.525584552464792,0.16854881379489353,0.12347916017949595,0.14252287018247975,0.12553384891465222,0.034418167497806976,0.012646398540315892,9.626178830957729,9.840857896140513,0.3539224983189108,0.2113772935016627,0.17943996060271303,25,126,0.1984126984126984
2017-04-25,30.518519135857392,12.849390800048573,0.15336559653115442,0.09975609440842523,0.12294588373424892,0.11986458739603478,0.014356206304694363,0.007852716756863318,-5.618764539180881,-5.624858498214244,0.40815666572296716,0.2479699865095213,0.2283540499145626,25,126,0.1984126984126984
2017-05-25,26.60879619757541,9.009868277219137,0.12178945634775054,0.07625289542297449,0.10427247002389335,0.1088374332344861,0.005883636768092462,0.009619672403433269,1.3131578483431718,2.11369526245579,0.304088258877652,0.22035980784903794,0.2909450169800525,25,126,0.1984126984126984
2017-06-23,29.42900256295337,9.128267410491382,0.16777078659130304,0.08325482183448002,0.10110924556142747,0.09205191194915235,0.008537943865121023,0.005869723921186412,-0.2901448208101035,1.25014821334986,0.26804061796675993,0.12977058677675013,0.29902044159526014,25,126,0.1984126984126984
2017-07-25,34.3564526443284,9.481949535529091,0.16710826814934518,0.08165740233833857,0.09306964390684555,0.10906130909580977,0.004383119956187065,0.013894395689488193,-0.8011612064437561,-0.6427488511300896,0.1947336110320378,0.10431935787739918,0.2879815368974365,25,126,0.1984126984126984
2017-08-24,38.12832064184386,11.51450781904421,0.18644962819760205,0.09547180364208924,0.12736775742383188,0.13705462678626196,0.043829743801120216,0.042998350617031916,4.640781735036601,4.02751677238629,0.17462898863423493,0.11134476843763917,0.26013098606143337,25,126,0.1984126984126984
2017-09-25,46.764324103289574,12.564490964628687,0.2319807749209803,0.09967688493655609,0.15096462194997348,0.1510714378225276,0.06329867042875277,0.05243529698203349,1.8360917866920727,3.070468499215,0.23945360575290703,0.1633124765704951,0.25091214736395523,25,126,0.1984126984126984
2017-10-26,50.781111796755546,13.679254946016808,0.23620479250892412,0.10096235628285281,0.08726055457002713,0.08096007002119503,0.0063439286957986535,0.023068592716546626,2.6525116800870516,1.7588123334755987,0.2602192543437353,0.15272585520372906,0.25301362439633,25,126,0.1984126984126984
2017-11-24,50.721556750025336,14.671344278430963,0.22187146021804585,0.09858998856458281,0.12377737412438664,0.08946053653593994,0.032466359281493065,0.012136053592574358,0.6915314178074905,0.5613589617452699,0.14380282994539317,0.09779363872733052,0.23403985814107453,25,126,0.1984126984126984
2017-12-26,48.71225817661012,14.771911301606377,0.2039546860826682,0.09095496839424896,0.09097539585037487,0.08677167716000266,0.0002654877122925531,0.012531691496263209,2.5285443584994964,3.304423671350991,0.3255347898566577,0.14940895935496656,0.23677513752349427,25,126,0.1984126984126984
2018-01-24,44.21785920019736,13.718836850106223,0.19510892983827932,0.09009646118919527,0.14350004663866403,0.14300379550800807,0.05361907240651535,0.0442126860907239,-6.259906045172714,-7.4422125234097924,0.18962473583549533,0.10883767677848627,0.24810135055089802,25,126,0.1984126984126984
2018-02-26,50.79733798740525,17.419839857353672,0.19913845152684986,0.1019954524054597,0.1078734903690178,0.10419575229290454,0.01694295364274255,0.004197671239521902,-2.8906252652994864,-3.9517853022238585,0.2965194884092103,0.17261734468369053,0.21109377453046826,25,126,0.1984126984126984
2018-03-28,54.55311257121625,18.599961575803242,0.18773821413886874,0.09942613908422593,0.09109328998397533,0.08763189641272327,0.0037944218062955504,0.008418046828208528,3.8193626991472986,5.551135818805257,0.2772437305645845,0.16514061168011004,0.20485486997200875,25,126,0.1984126984126984
2018-04-30,52.54280009637757,22.12313072537572,0.17765469467328399,0.10686905162583855,0.11017797878458982,0.10514438470872232,0.028099620423039054,0.015926267824475357,-2.0550344191174563,-2.349625010929552,0.18434437818351995,0.15304270772333825,0.1644112027007298,25,126,0.1984126984126984
2018-05-30,52.78573837190996,23.439320873014896,0.17470089594493957,0.11014696395109574,0.09531688022916994,0.08069332053539129,0.009714468241318094,0.010737974604955194,-1.7042511362103603,-2.4874449450031832,0.21355833313369738,0.14734701555074298,0.15600989720712044,25,126,0.1984126984126984
2018-06-28,43.67142849424112,22.753987815808717,0.1588502577572093,0.11337163552492005,0.12400596356821637,0.11996658865310234,0.03745836332909523,0.028073199462108095,-1.5998470764680461,-0.664160157839305,0.17350928875188842,0.09819434093730639,0.14243247529561673,25,126,0.1984126984126984
2018-07-27,40.99546241063552,22.63296921650802,0.14719878367782407,0.1133485160637495,0.1403975541121178,0.12931709350676393,0.047444716638357656,0.032301944926192136,4.752394559715319,5.070749387919736,0.22530401054521632,0.15943157143113396,0.13709579790298773,25,126,0.1984126984126984
2018-08-29,34.69579057672674,17.871556333591588,0.12930273197113207,0.1009719129962684,0.14898605030707485,0.150106775632921,0.0589745219916344,0.05648448428204822,-4.225927016847379,-5.167959057107491,0.33111499214135515,0.23893818095823754,0.16460650581104014,25,126,0.1984126984126984
2018-10-01,42.05798395267992,20.760277475922713,0.14811503013875513,0.1114736245210258,0.18839892460505894,0.19323815555897908,0.0925729907594288,0.09263134202414425,-4.905236415083793,-4.27152640002048,0.2879497545426799,0.19214647428435588,0.15927686084240375,25,126,0.1984126984126984
2018-11-01,41.426616667934574,22.37923985068137,0.15626466214277404,0.12094424995635736,0.157483688407014,0.15164373536543296,0.0419370782436657,0.032409507629735296,4.1386802644608975,4.371800564654332,0.21746556386229884,0.16132237215762252,0.14159403099648277,25,126,0.1984126984126984
2018-12-04,39.72292782199945,21.231172881866446,0.16892430922174156,0.12302143919907345,0.1592386719402838,0.15862363649550734,0.03962197422264453,0.03551534870419261,1.8420418213972851,2.0380891211983507,0.21532661912323336,0.1692104253907606,0.1485281849207971,25,126,0.1984126984126984
2019-01-03,42.1718831308054,23.355017228843376,0.18595268844665885,0.13072177280940472,0.11951860940043187,0.11864248807712775,0.009811440117596812,0.01303250033780494,-1.3274417421859734,-1.7965608856027484,0.22372908897177202,0.16518819383365752,0.13457949594865462,25,126,0.1984126984126984
2019-02-01,48.30137221194889,23.903172333867793,0.20289782585475724,0.13114449456842292,0.15525893429283957,0.1417197977112575,0.027553813160525797,0.011388895701790136,-1.2051809427330287,0.21627453961247028,0.2266623781197582,0.1591670329533208,0.14477252296847248,25,126,0.1984126984126984
2019-03-06,48.281003108212296,24.538739029866292,0.17714039555107888,0.13269042060597303,0.16052578929097286,0.155334411247686,0.029854936818109218,0.021559663215292624,3.736028754140463,3.5873499446652706,0.32181609948850864,0.19740080728454298,0.13968424779835975,25,126,0.1984126984126984
2019-04-08,45.398378957625376,22.62423357931358,0.21628383173518428,0.13987535770374093,0.09926644917239291,0.08984354686322614,0.028724453226875474,0.04220782337511446,-5.537881632035668,-5.868796026119553,0.3855643764146644,0.23759322492643695,0.14620906215062998,25,126,0.1984126984126984
2019-05-13,43.810531908746206,18.999286358542093,0.19991311708198933,0.11976287494275925,0.1338710223016371,0.12919729333603913,0.023167195404684565,0.014340602505627187,1.6865323406012003,1.9605905592211998,0.30332780617483734,0.20502299606897656,0.17401694303962217,25,126,0.1984126984126984
2019-06-12,64.5492019354205,25.579733681864628,0.22299377909482687,0.12769694852466343,0.15969715328235942,0.136631521467659,0.05157267615125061,0.022128665062258968,-3.5132797560886084,-4.52050761999635,0.37653785863868205,0.23767242153479606,0.16207709758051606,25,126,0.1984126984126984
2019-07-11,66.78302102125197,24.754368372285327,0.16451106042129285,0.11194665394780505,0.12929005355657444,0.1311354093717016,0.022865937280553306,0.02023368259966732,-3.0452634510354284,-3.4776980620502984,0.5199035252943757,0.27825432934615557,0.17035514871670965,25,126,0.1984126984126984
2019-08-09,67.04804860134396,24.64241333280501,0.21909784631885917,0.13202112565324609,0.14765675360073544,0.1393052019182383,0.04791169825272108,0.028950983158408744,-1.6814736346440877,-1.151301946346478,0.40584326090161005,0.25591708465445123,0.16665271332248438,25,126,0.1984126984126984
2019-09-13,78.40776757888722,25.23522889808951,0.28411250697037616,0.1346615683510551,0.24136170137971233,0.1937159165067529,0.14396512600193975,0.08280621380359676,3.4371913703303703,2.103907576012678,0.3996174448200219,0.2124148405559071,0.16983894347835474,25,126,0.1984126984126984
2019-10-16,93.83439136932901,10.091710224696156,0.34418800110898184,0.08704693941102558,0.12625274273830117,0.1373708356517545,0.0363977792152604,0.015422985983916046,-0.8970634426207024,1.8506021291386656,0.5314977112414505,0.30390837325513076,0.38984066066837514,25,126,0.1984126984126984
2019-11-18,94.84303388261539,10.795884395517614,0.35982930205449637,0.0898271915230103,0.04653345712360184,0.08592381204115401,0.04924221587567375,0.041330071650616945,7.136065440116401,2.223825641614402,0.16182063050918447,0.08548705944737346,0.365455390057574,25,126,0.1984126984126984
2019-12-17,161.7759160548597,8.341091745238066,0.5626509229629636,0.07824522039608203,0.14226359073240927,0.108903469750681,0.0658311552031253,0.014279330497520157,3.5379613396590837,5.5211183410929925,0.3042022695965676,0.09497560734276267,0.4160264170621748,25,126,0.1984126984126984
2020-01-16,118.98289021081018,7.060448355833286,0.45474597908780534,0.0699264772105848,0.12344538992212269,0.13739933495380327,0.03671530600298094,0.01768898719952898,4.880143231763811,-0.6951559502859286,0.22790097805190415,0.10134350761117061,0.45092722415264275,25,126,0.1984126984126984
2020-02-14,105.22744635038822,7.421395521005893,0.36567407856143325,0.06911831372688626,0.276362468285794,0.34239828997043564,0.18457342876345334,0.22356326263829132,-6.317357014526866,-9.260950901598292,0.26410100236522316,0.09434729003081978,0.44052411080730547,25,126,0.1984126984126984
2020-03-18,153.52486231033635,18.098843240577814,0.52334835156189,0.12341038325998845,0.4805942846581901,0.49584706693277386,0.3622718109773767,0.34406331783609595,-0.6569896944025351,-0.10681285547044779,0.4529381049852978,0.35596520625948075,0.2855872111063405,25,126,0.1984126984126984
2020-04-22,152.7217362465317,34.63674452333631,0.633672544344348,0.2166801431921423,0.34741547014727364,0.21791223594691198,0.19020085918984983,0.021778892199544403,0.5359746060597128,-1.2461334477882684,0.5092632746289049,0.42240987142967723,0.1788348912784233,25,126,0.1984126984126984
2020-05-22,105.66977434646945,34.75572434463559,0.36616778855551735,0.20518719313793893,0.14005679891530148,0.15661739673768924,0.0383305839293456,0.0441996441595722,9.824533335486818,10.563469694420126,0.41064672478656655,0.15487009274653393,0.16111051574655463,25,126,0.1984126984126984
2020-06-23,95.55556105760272,34.632657059959186,0.38846996692778335,0.21871915695745633,0.11294726610730559,0.13037089809967808,0.0681704354409176,0.07624334951799283,6.647780943396892,6.512000172451276,0.18969534444856226,0.1451872658175582,0.15253911746668838,25,126,0.1984126984126984
2020-07-22,91.64690046841342,33.96832411380674,0.4330113376036665,0.23842166926918015,0.15573485415947874,0.15775575228731184,0.018033254002053856,0.0486499374592374,6.894299198919051,8.632241560160232,0.18416376074963023,0.11934656946884989,0.14884160064697594,25,126,0.1984126984126984
2020-08-20,97.64622347245454,33.24880945728012,0.46096394341164926,0.23550589868264404,0.3509655322710916,0.28736223577599895,0.17622663734394184,0.07743003487252373,-0.8038153986566594,1.1037429882418714,0.22679734450458364,0.1477361564949224,0.15439962202205737,25,126,0.1984126984126984
2020-09-18,53.755268248425494,18.150055235376225,0.25810053836600744,0.13500344401093115,0.1720891417553629,0.174890013447252,0.021495585652213905,0.03165003278287071,-2.796264438810155,-3.0515565406337397,0.5226330527136499,0.3859656200678625,0.22480149422900297,25,126,0.1984126984126984
2020-10-20,34.91053160574797,13.913808848955124,0.2043179851865161,0.12491550582667378,0.19596688640269816,0.16192057253655992,0.06910403902923484,0.018381184220353758,5.747247494014874,7.147797832672588,0.5156351737166199,0.3843880483530644,0.21459481582147913,25,126,0.1984126984126984
2020-11-18,33.451962048829046,10.902423571219385,0.1611334504736552,0.09274807781134826,0.17397004785451367,0.14562380190995117,0.04281087514919868,0.007558395269241264,2.8959315659450757,4.877378527521711,0.24850172870941098,0.18878306791133714,0.26120089277140063,25,126,0.1984126984126984
2020-12-18,31.070446425234586,9.020833016185298,0.13274073990316282,0.07583820278229904,0.14816219059416688,0.16724648922801047,0.0133543999390843,0.03244693436378676,4.2015845381792065,3.187701774407969,0.25535925389544634,0.17062922157122748,0.29426452886877236,25,126,0.1984126984126984
2021-01-19,32.28157195852676,10.632423952330617,0.176312068518725,0.08843550563742261,0.17272192018915403,0.14835298953707143,0.04044231786349692,0.012353505206359583,6.78923351064953,9.324794377965295,0.26709483555320856,0.14620874846294582,0.2721127279569427,25,126,0.1984126984126984
2021-02-18,37.32848092895429,13.874715810049384,0.18550639728565646,0.09834846571468676,0.15583200491901802,0.17484264256656717,0.021316117195878198,0.03556881899678738,3.51658298967325,3.8696957824070877,0.3469962259057579,0.18943149993805813,0.2261572701193439,25,126,0.1984126984126984
2021-03-22,47.9910798834519,18.647294749455003,0.1914503124290506,0.1096734880434514,0.23154781093256666,0.22554959813028494,0.10794422780185584,0.09301284664850662,-0.4017110050272384,0.3881952717101664,0.34717755384765103,0.2510567795642761,0.18327168616307973,25,126,0.1984126984126984
2021-04-26,40.845600533359345,18.96875277967674,0.18089641794309236,0.11542873173994794,0.10641527184051228,0.10631967497841989,0.022921082945577986,0.03109407384313033,2.4754702783403957,5.311218481207043,0.2932144988029776,0.17147798391050578,0.1684537185866247,25,126,0.1984126984126984
2021-05-26,55.91567082204315,20.935046087327613,0.22914652712394115,0.12461716832488753,0.19074215106237716,0.1426347069683002,0.07196028805986629,0.00958435832805582,11.67644960675106,10.20137849492127,0.1987467341518117,0.07235177989364373,0.17172381016196758,25,126,0.1984126984126984
2021-06-24,47.1222105501393,20.683781303890324,0.16947892007033583,0.11599190090334861,0.16117810989596637,0.13166683192330292,0.03397724565186472,0.003833745058493543,-0.05499423599033305,1.4399671651468153,0.31516489102355105,0.1493822176462331,0.16409864685663225,25,126,0.1984126984126984
2021-07-26,42.932414843795605,17.70973563310503,0.12972649065219857,0.09268338483131694,0.17747756055656214,0.1627733737928123,0.04688164613132437,0.028432228321238262,-3.7323984660361824,-4.134716711457627,0.2733985140818915,0.18331905736792803,0.18411839344044134,25,126,0.1984126984126984
2021-08-25,44.608034890983696,15.645400390881392,0.1358530756611616,0.09330473489330521,0.14590531810175472,0.14085794294519274,0.012673356716168038,0.004171212417781678,3.2069435113677853,4.6080022559714635,0.27679760157306976,0.15189026744783957,0.20728533902986365,25,126,0.1984126984126984
2021-09-24,32.10576137342772,11.182518093376295,0.1389325861252489,0.08007423074404385,0.11204092069706745,0.10805315201767432,0.021246233699849043,0.0247945163772684,0.5238671743493251,2.216764870116691,0.2794097678211895,0.17018855629814178,0.2533328333519305,25,126,0.1984126984126984
2021-10-26,30.258635590142067,8.75973616511279,0.13085260707760646,0.07274166346509368,0.14797352319929838,0.14731045967380474,0.043609656692824905,0.038172380888098253,1.075302372087718,0.7089118548628427,0.287892124607894,0.18147029503265336,0.28948124635167627,25,126,0.1984126984126984
2021-11-26,35.94669580927401,11.534565216520704,0.14684363281023993,0.08095532259658364,0.1665637134830988,0.1815706680804874,0.059757837181254284,0.06975904909418126,-1.0889204547370166,-0.47484425895568705,0.28104628442283813,0.11362041887781804,0.24471525983373463,25,126,0.1984126984126984
2021-12-27,41.591419388354076,14.011118000985446,0.19341929444871464,0.09865208054604403,0.1482081048878436,0.1523517481732745,0.03243434198837504,0.030778420765078265,-2.502327337039682,-1.8748658199147872,0.3078973081040371,0.18821095120032788,0.21576608562565158,25,126,0.1984126984126984
2022-01-25,42.790111415679775,16.702353932579673,0.22008805111088678,0.11444966810755462,0.11842346951020456,0.13209801771283447,0.002614507552463577,0.005073290909378386,1.0181558521265428,0.259590071668085,0.3039605942702385,0.17571344588384533,0.18912681172443202,25,126,0.1984126984126984
2022-02-24,44.29592739835613,19.467642976543566,0.24507325419746265,0.13571799496166362,0.2854986624435139,0.2653028894486412,0.17010567414712657,0.14181437850857187,-3.412626653611533,-2.3571153644642995,0.2479454665208182,0.1725924847202387,0.16345803568170025,25,126,0.1984126984126984
2022-03-29,63.0231410576268,28.96583164844772,0.24861666661865234,0.16314007079731133,0.1446494838748276,0.13540004350994841,0.013645072644922346,0.0021315968739233637,5.043359341898061,6.3279624022901215,0.6719365708819163,0.4214222697274008,0.1328085889435947,25,126,0.1984126984126984
2022-04-29,130.78628470431124,39.67261358422346,0.24412484575002044,0.1696387085197329,0.20289655833760353,0.20683420099082206,0.06897023028106072,0.06722842448962923,-2.6840788566801788,-2.89931967329446,0.19525810980323133,0.15374649800254453,0.12835503534800896,25,126,0.1984126984126984
2022-05-31,126.86966608667362,46.11177505281234,0.32951580257205465,0.22256441562594947,0.16290629358980005,0.1441195171264056,0.02986098728735742,0.0007137265296144613,-5.403503581271944,-5.517674151943281,0.5025823072407677,0.3426679862052351,0.10974180760994864,25,126,0.1984126984126984
2022-06-29,108.18943377257118,44.38244391993142,0.3159526386722813,0.2191073402434882,0.12409663870455706,0.1204834577899052,0.006900483542852609,0.01994845659532042,13.135163473671243,13.052544140584619,0.3739044281048704,0.25110942454387186,0.10671080678756201,25,126,0.1984126984126984
2022-07-28,100.21325516167228,40.24765018196097,0.3511596710074739,0.2142397173528496,0.16310889801028766,0.13605323879975526,0.03307954735718385,0.004575167668707358,3.9434382470392904,4.710848882578512,0.37881237385329525,0.23208548082417021,0.11402045362210772,25,126,0.1984126984126984
2022-08-30,80.85047779888293,33.90712388795897,0.294473344873853,0.19443320454416485,0.22684446284913715,0.20467246560803704,0.09755299515929139,0.06634207115268811,0.3146437741230303,0.3850715234459146,0.35741197249709905,0.21054581033832084,0.12640309051901089,25,126,0.1984126984126984
2022-09-29,78.10471571083487,29.340178603515383,0.21047236750989387,0.1330600929138716,0.14959258511927306,0.1331991127749702,0.02472889243997671,0.004441061954607306,5.431892979442332,5.4896702468945975,0.5481433146392797,0.4034565587859608,0.1368195346216074,25,126,0.1984126984126984
2022-11-01,66.41798336555993,26.421789198151618,0.17798493960820738,0.11403665089696056,0.19058559584972215,0.14112908038496683,0.06420066077261652,0.013123994788550003,7.091899960259549,6.882056135803245,0.2668499738523527,0.2018202839068825,0.14448312832229754,25,126,0.1984126984126984
2022-12-01,29.569400286595464,10.396437316096527,0.11350348482587627,0.07523672809516324,0.17949027056344224,0.19673549978738597,0.07165330331552403,0.08877217919994465,1.1550120900846108,0.5619098127643919,0.5813508369123094,0.37181610522611097,0.26067539852112054,25,126,0.1984126984126984
2022-12-30,42.350015874011966,15.799505678861582,0.14142952171152146,0.08936030288999572,0.08021718712834679,0.07443856017264582,0.02772532293351454,0.03756855635407444,-0.7373299016213684,-1.7489871297981172,0.27267546859326897,0.20442162640251113,0.21301433196368483,25,126,0.1984126984126984
2023-01-31,45.501468331758055,17.990860188868492,0.15231853707451962,0.09736540784967863,0.13520142983227906,0.12286828909565498,0.036093086223808996,0.016395064586113353,9.54585812915769,7.917879120315351,0.15636094308433243,0.08992238619449985,0.19593721969338718,25,126,0.1984126984126984
2023-03-01,46.18167212776101,18.700097353029435,0.12197390216680341,0.08786496854165549,0.12408960442017948,0.12573083505767862,0.01808431281306208,0.015798362273411026,-0.3574141510603877,-0.00691828819862364,0.2505550245589468,0.1485386957540309,0.18987685990882866,25,126,0.1984126984126984
2023-04-03,64.19110283183024,25.561013514522205,0.15109609632796903,0.10481673131072324,0.07394973652338231,0.07618138605927666,0.019203973244788286,0.025379769346827258,6.729579765260664,7.710190703724448,0.34809367085794096,0.21188817376102886,0.15892912820048127,25,126,0.1984126984126984
2023-05-08,72.52589379684316,28.510421954694653,0.1814167249157483,0.11320278632814136,0.09890937318375163,0.08815433334440137,0.014323423100192467,0.007923013411395854,5.184986948416877,7.382514877506075,0.21251247069479207,0.1353471191693519,0.15084573800636442,25,126,0.1984126984126984
2023-06-06,70.4169121365133,27.78156749379881,0.18051013460985146,0.1185214889698365,0.09720112362352028,0.08976248838910673,0.01805828578380725,0.0016312224398234987,8.37650468554296,9.730553459425796,0.1976636756111241,0.12078288493274725,0.1514453232571053,25,126,0.1984126984126984
2023-07-06,46.803463405076414,16.68782848798204,0.14996198586621176,0.09392452057446492,0.12566543927169646,0.11719946504943766,0.045114908843717716,0.02840850882986766,2.41804006995877,3.4373964321221844,0.21083575410465688,0.16735419731559253,0.19774028662678053,25,126,0.1984126984126984
2023-08-04,52.92776331263708,15.592433279044347,0.15085274119028488,0.08782035914068828,0.09800352643585589,0.09194644726216232,0.013390991384261919,0.00042590907521677934,2.366073855591527,3.079254965553773,0.2326541970207978,0.11908548062524454,0.21077914439647963,25,126,0.1984126984126984
2023-09-05,44.42194490294373,13.42762699559086,0.1712497445285617,0.08495771149768597,0.1312184795329833,0.1387233508392114,0.05038343478774025,0.05023268610425917,2.184662193449738,2.2163003088673934,0.31731348428062295,0.16046202575085242,0.2189953247708907,25,126,0.1984126984126984
2023-10-06,48.40988620615678,13.233009163752822,0.16410609477416221,0.073593124964418,0.1445661589530017,0.1596889635747891,0.05881418604715996,0.06742774282940928,2.221377389393727,1.0775238336735264,0.24652008892721586,0.16906711825016363,0.2397523986401717,25,126,0.1984126984126984
2023-11-07,58.62077008684403,17.1783716909555,0.19519793020020773,0.08700696084997575,0.15088110960390705,0.11207489561770359,0.054435754030139005,0.008583756984735444,6.778862083408603,9.784607127130108,0.21464392798039747,0.13957813093148094,0.2073810371735826,25,126,0.1984126984126984
2023-12-08,55.5001034390349,17.64013473432214,0.14338784588686287,0.08002832771017275,0.11030756837120775,0.10327944274750094,0.009548354116670738,0.0011965822017184075,1.5960160316611216,2.5658004383510686,0.3309819588563007,0.1402747903988591,0.20434377606385984,25,126,0.1984126984126984
2024-01-09,61.21122698675815,19.77691295593574,0.12731295990093558,0.07967401355277436,0.17446107912221973,0.16313797705406852,0.07181697049343162,0.05800021600442169,-0.37117455688833545,0.25110932118122575,0.18362837238407756,0.09593431147119101,0.1943774774661648,25,126,0.1984126984126984
2024-02-09,59.2216528790953,21.23269999761466,0.1167871784224237,0.07968650353792472,0.13606191648839788,0.12998332998727913,0.023132464990565843,0.015658388622701844,2.535501355389981,2.219240474737401,0.3406188219714383,0.17863738522713374,0.18062395786590757,25,126,0.1984126984126984
2024-03-12,72.91462917156777,28.65594464728002,0.11444582700634048,0.08666765322770172,0.1484734083234034,0.15144013329534728,0.03184948496128877,0.033421686180917023,0.8965519438692918,1.8028757895577405,0.2271017960205972,0.1368919046942075,0.14527691164949097,25,126,0.1984126984126984
2024-04-15,70.99091613718541,27.566524177252845,0.12558095829221383,0.09215779413353047,0.11008682491008953,0.10857032135430889,0.0070398583904199286,0.01039112439255195,2.516402576138129,3.1261435469912584,0.2953093409318984,0.174097226277165,0.1517045415425198,25,126,0.1984126984126984
2024-05-16,67.7040518490896,25.32224188133593,0.14468475255262234,0.09762507484873763,0.18953739539544356,0.21130796829497714,0.0829983827882543,0.09977449353218981,8.101761409674914,7.503834238117381,0.29970292047957464,0.17204936660320092,0.15986464395973368,25,126,0.1984126984126984
2024-06-18,100.99184118758652,28.507065782957934,0.17591281074888446,0.11628338873978045,0.1790124375369101,0.17173748529954053,0.06266618927812324,0.04516981624405747,3.6851509641296425,3.809915979915577,0.33835074562933715,0.2513082275365648,0.1879775431912616,25,126,0.1984126984126984
2024-07-18,103.33932637577979,25.42519773213624,0.20267032577058464,0.11036670014608618,0.21902233248714717,0.2049035748278677,0.09363174044601552,0.07053972314694959,3.0002625243913,2.8549952590629903,0.2561217849126212,0.1148768359310727,0.2051422234274849,25,126,0.1984126984126984
2024-08-19,159.24578737736212,33.14716066905996,0.18926692525106983,0.1170381540140302,0.15158585266039848,0.12832062078739337,0.018925569755673027,0.009893308225902897,3.451184656238855,4.1802032612759605,0.45156753897132834,0.2205150588450776,0.18290900421453019,25,126,0.1984126984126984
2024-09-17,168.2168635431229,28.21878651798947,0.16832151501061451,0.10946677404980515,0.1774557539090875,0.17107079353865554,0.046601472120038095,0.03586267267194568,1.5367381778789073,1.6634348969371615,0.308698814458377,0.1547884065225465,0.21267850754349105,25,126,0.1984126984126984
2024-10-17,206.9783033410091,20.725672838793198,0.19606908051776498,0.10241031429112354,0.1437125521291279,0.15152530256058364,0.010848244682506364,0.014292397547663371,-6.270611275075935,-5.648898203455015,0.4104414297344732,0.16678740373136305,0.26342706417719564,25,126,0.1984126984126984
2024-11-18,122.50797198602638,21.713249631221558,0.23671677402702207,0.11149433275525608,0.15522816770225975,0.11495831957991244,0.01662161397560613,0.02932342881226109,1.4752624323547967,3.5543573560855855,0.35098737711165867,0.15493636089588209,0.24053579659650437,25,126,0.1984126984126984
2024-12-18,57.66152710904376,17.59148271714167,0.15374849921733208,0.08778874351022163,0.1739422699118044,0.1834750576773895,0.04587628022196774,0.05638330443782916,-4.726395031834439,-4.8042699405074085,0.40249052087408577,0.2857712216992815,0.2013104404082085,25,126,0.1984126984126984
2025-01-17,81.5396313860182,26.762796426917106,0.19259111562655096,0.11956887238905284,0.20471810900204288,0.20706322550805653,0.07571492956482392,0.07408656111532716,-1.1594635120674532,-1.5184121307909246,0.3215628718172016,0.2131557987657965,0.16231239486594717,25,126,0.1984126984126984
2025-02-14,83.46363339573703,26.651092756405145,0.21295091944447916,0.1302980806342222,0.18714972394019205,0.18120417174039424,0.062295227896731836,0.049854072341726896,0.011421785269010278,-0.5181639995947626,0.38600630849295714,0.2658230288560067,0.16329561837808274,25,126,0.1984126984126984
2025-03-19,91.81739749791873,32.33045762384235,0.21164444398213414,0.13847316546325344,0.2101138043648742,0.20739453512925457,0.07630725867536284,0.06827800947909277,3.96329155355643,3.950380993204785,0.30544921591209206,0.21112964884164012,0.13792403441274664,25,126,0.1984126984126984
2025-04-23,100.93128169135818,45.55891561590825,0.22664274381755606,0.16826836292956066,0.2057110979764715,0.18918793165522546,0.06148479946114252,0.04024686886924808,3.3357721576329324,3.863064190459492,0.42937268680209556,0.2922981821479323,0.10192965203209328,25,126,0.1984126984126984
2025-05-23,81.73710394539695,41.59442768638346,0.22397678249164102,0.16397384307462012,0.15748726928417295,0.14624056507547892,0.005363356473099351,0.009331795930979658,-4.2187328682484875,-3.72145713431298,0.37895005527481085,0.24900483104332788,0.10175436264753954,25,126,0.1984126984126984
2025-06-23,101.3417759902391,47.20475458698222,0.2785170688749523,0.18440047612600682,0.1569849785856266,0.1274243875939434,0.010579974803690384,0.02463878477865722,6.206521167721464,7.880405640182365,0.3341042628064662,0.22532177196298686,0.09920039470237878,25,126,0.1984126984126984
2025-07-22,76.83223921868222,37.43866881744556,0.21881709397451107,0.1570202747000916,0.15285292914372461,0.14290573898657505,0.013283920686214146,0.00028844043439604783,3.35434685073276,2.7561891031760437,0.4278681109414296,0.2618980712601824,0.11095043900400706,25,126,0.1984126984126984
2025-08-21,69.26854956457514,32.526539639668265,0.19604823272558092,0.14049991668656836,0.12612496538382256,0.12457469462316566,0.007495746292603966,0.010718393981031457,-3.7372419555665024,-3.1152452636773544,0.388430471393799,0.23892603359964049,0.1273567916904627,25,126,0.1984126984126984
2025-09-22,74.96623299561956,30.568766598647723,0.2847348178182818,0.14952006598084247,0.13537286243384875,0.12564471347924433,0.013162860663019485,0.0010951636823617328,-1.0923669498426074,-0.7306370515577534,0.5533878559989196,0.3096937081250638,0.1461855146971153,25,126,0.1984126984126984
2025-10-23,66.2282331922996,18.635641045916312,0.19599573576855286,0.09531893494624998,0.09885638471001865,0.0971376988593685,0.01257505288956369,0.013722612292938294,-3.537372638603323,-2.174509197385094,0.48514567499137395,0.3422434844874983,0.21014876948953404,25,126,0.1984126984126984
2025-11-24,47.74687093372181,13.658733858333049,0.1607436843216046,0.08226174452590605,0.14258212499682454,0.13505532997565967,0.04681476543218095,0.040539287753889014,0.5602017391349158,0.6977298808359221,0.4677510837221769,0.24620976354404406,0.22942653558080336,25,126,0.1984126984126984
2016-01-12,39.34120068851987,24.462384170403443,0.21286353141195508,0.1589619539979103,0.15174129597932529,0.14250806099177202,0.022225802810271644,0.008124281204240053,-0.5714075360466279,-2.257614664615096,,,0.11036138486177526,25,252,0.0992063492063492
2016-02-11,42.85472430634575,28.130819638637075,0.20058769713354505,0.1618985860813967,0.1478019745026635,0.15550722667490313,0.016845743073372804,0.020338447613544725,0.22598221373064695,0.43008095792990686,0.10818453057702351,0.08110208032697751,0.09377566963747487,25,252,0.0992063492063492
2016-03-14,48.60780113358929,32.715304632246145,0.20999011094939599,0.17245110051948243,0.14189999179301516,0.13405672291303627,0.00996901000705186,0.0023240295397899124,7.583906575126335,7.708318112374204,0.1526435653806891,0.12786488246427802,0.08362285366220629,25,252,0.0992063492063492
2016-04-18,51.00041170365397,33.87464347850095,0.21341536646140488,0.17366391973282314,0.1226621365161427,0.11585649711109497,0.010587451261795125,0.02180752548246806,3.327038049150079,3.719626316174749,0.14867088200028364,0.10252710041815884,0.08319538530411129,25,252,0.0992063492063492
2016-05-18,47.19875165720887,30.94230576291047,0.1986286835515501,0.15997950889056803,0.09687110485376405,0.08416440858623017,0.033615037358963956,0.050351871084803795,4.215937700272328,4.031826023798745,0.1260647707780851,0.10632727540619759,0.09072377408984345,25,252,0.0992063492063492
2016-06-16,49.449693413101166,31.240416749903815,0.18352256624121174,0.1497491833528261,0.1275715186223761,0.11806298448862088,0.00033395316130671593,0.013567939593990025,5.170355339442279,5.500754403550847,0.1191003024782135,0.09151125183822859,0.0944745230607463,25,252,0.0992063492063492
2016-07-18,49.44516096310492,31.562751502028014,0.18090228714915452,0.1510516027331987,0.12589592124993929,0.12150548373449353,0.0014794350805261008,0.006834443084009226,4.81351059384486,5.020023678091237,0.13819979618756068,0.09950833946115324,0.0936212065073041,25,252,0.0992063492063492
2016-08-17,50.230002834040754,32.90978993781767,0.17630535844656586,0.15037267929893494,0.13388954048874027,0.12859423223874594,0.011092298523991712,0.0023440397692745807,0.5561468487461395,0.8130967408277365,0.1302176569078723,0.10232060586499338,0.08961557787492147,25,252,0.0992063492063492
2016-09-19,36.437893737610786,26.33794644729726,0.14368935582473086,0.12616566079462893,0.13286559513516744,0.13326535864854805,0.022742578519991535,0.021167866855933998,2.645208758260892,2.3428456081483815,0.28820682257833274,0.24260542298127186,0.07835444815090936,25,252,0.0992063492063492
2016-10-20,38.25909076069149,27.2861766219782,0.14095081312999838,0.1257847713202364,0.1948720742202692,0.19332926105214535,0.08747167562776077,0.0839703846671302,-7.519614643810552,-7.591431651926995,0.1411231434031292,0.11930192741993081,0.07974590376742198,25,252,0.0992063492063492
2016-11-22,42.34992102187605,30.980097687455935,0.14665764851973778,0.13295375850732502,0.11871521019607466,0.11439670825542865,0.002082375351702609,0.003626309058879146,-3.5543072186823244,-3.578970242145235,0.20961554411937344,0.18012409914520422,0.0704676065509371,25,252,0.0992063492063492
2016-12-21,40.016261918148224,29.195346323457667,0.14490391043941928,0.1308011305349558,0.11903462345071038,0.11610703510745975,0.0018826158249020675,0.002518356159180099,6.028991914843319,6.221760105938495,0.09912589359733595,0.08337111248236997,0.07324930265707738,25,252,0.0992063492063492
2017-01-19,38.18104980199482,27.661540759087774,0.1436322873961127,0.1290470924126712,0.12905226490475644,0.1270112126957325,0.011200275182350741,0.007794992308677931,1.477556634234782,1.6874840965966573,0.09139553621440447,0.0736163216905099,0.0772792494900427,25,252,0.0992063492063492
2017-02-20,32.64249661178681,22.742395384666754,0.14449301272822165,0.12305257404684465,0.11766367162299303,0.11111593929560344,0.00031257703463349884,0.007331531273296485,1.2493278786696806,1.7737326753431801,0.12414592208951578,0.09833031130913947,0.0931451426875862,25,252,0.0992063492063492
2017-03-23,25.105895137480225,17.247421287562336,0.1262494560236693,0.10718630226739824,0.12380920005797805,0.11774507589136779,0.011063518956247506,0.004748041200684075,9.30251938621571,9.479310165772894,0.2133949246943065,0.1752952652138012,0.10891664927959592,25,252,0.0992063492063492
2017-04-25,22.847340211866257,15.34286588705242,0.11704201108293137,0.09907274886763483,0.1054123895833667,0.10850630309066743,0.007991442921667424,0.0044806849918085645,-4.866873108795435,-4.5932146608540485,0.15693529294332678,0.11758555948717492,0.12116318466412884,25,252,0.0992063492063492
2017-05-25,23.95410297816031,16.261131916713037,0.13029967095317835,0.10903878267303856,0.10197945970171016,0.09991315038361846,0.008775581110369218,0.011432399718528857,1.4522906901656922,1.6279754265154613,0.14547863211617088,0.12095495789580835,0.1153530555446096,25,252,0.0992063492063492
2017-06-23,23.987379169854425,16.30201129545909,0.12928991879749271,0.1089597801198122,0.09189085897253434,0.09187163065905343,0.02008189631567281,0.020523584425536923,-1.0168428678782073,-0.5445696053155955,0.1029775495801102,0.08246759678057367,0.11610238635558306,25,252,0.0992063492063492
2017-07-25,23.653314338633958,15.842395102831933,0.13520950222947933,0.11030791942538758,0.11403909290229856,0.11740901849332991,0.003843266955802227,0.006329074713210384,-1.6891213336978579,-1.6879768862367872,0.08290376311573398,0.059584410476040996,0.11916049166389323,25,252,0.0992063492063492
2017-08-24,25.23980688397987,16.818519277773575,0.14865845166976735,0.11865285802644755,0.12069559161969122,0.12361474040202973,0.012051358779915256,0.013111348457237298,3.229527021661116,3.1078825370117276,0.12180458420320307,0.09848521509666741,0.11561429426034976,25,252,0.0992063492063492
2017-09-25,27.689773387566625,17.78262798051179,0.15600178263562567,0.12247038376750793,0.16604045793746725,0.16099556423896164,0.058154446857209344,0.0506648772440787,2.0580523769022756,2.457220613458185,0.09778629006862263,0.07963147763450348,0.11633276072474115,25,252,0.0992063492063492
2017-10-26,28.208414327593232,16.38407044508033,0.1592066088301499,0.11424408249249544,0.07855540119740928,0.08016271625586505,0.030621335958992593,0.0317162615551958,1.7286778763935335,1.2374478464818108,0.14642056804373718,0.11846957051371967,0.13642119756490118,25,252,0.0992063492063492
2017-11-24,25.874456081376064,14.27322781821264,0.14296259333403982,0.09996625732416592,0.08669260277595633,0.08046224771148762,0.013273060758467417,0.022284487509222434,-0.09979486236302659,-0.06307244137028124,0.18153716893122857,0.1493630535969323,0.15058022123507342,25,252,0.0992063492063492
2017-12-26,30.48291447419412,15.198484480731153,0.16125887411471168,0.10215380836478212,0.08038490725068648,0.08649942287652103,0.015965871746863494,0.013906291489595046,3.639406349335177,3.5036177106539212,0.11669429928738732,0.06660335569883773,0.15732047732092463,25,252,0.0992063492063492
2018-01-24,32.10324228812268,15.78290568546984,0.175293119961818,0.10652063142945058,0.1412516826560474,0.1401368483124515,0.0485679683415534,0.041939191011243465,-5.805555438739044,-6.845289744735987,0.0901644567162142,0.0691860032455395,0.15384636347858083,25,252,0.0992063492063492
2018-02-26,36.340309430527405,19.04114436676057,0.186520689715127,0.11628959160882452,0.09101600839662849,0.09669238998813366,0.005148074951504239,0.004677038328820465,-2.980132388309052,-3.7605791451637463,0.12870417415556668,0.0936847772372864,0.13354468314747206,25,252,0.0992063492063492
2018-03-28,40.309996038181055,20.851715432079814,0.2044763029557123,0.12143800674554482,0.10103161340825483,0.09048390025108553,0.004553888448676283,0.011512782851164152,3.4325024052379494,4.673114271719738,0.09490235134397415,0.07454130536098733,0.1267987438559237,25,252,0.0992063492063492
2018-04-30,40.62842375797173,22.441653428106786,0.18869515993047253,0.12290026968238493,0.12149499488842383,0.11363921346417122,0.026600039453233235,0.013981216090894366,-3.899062978563618,-3.5244805565184127,0.1300580465280985,0.08983295188010199,0.11668540064896175,25,252,0.0992063492063492
2018-05-30,37.55547608541176,21.449700849684756,0.1709651054817677,0.11547881026901696,0.12881551301590702,0.0974138211615666,0.032003690315759684,0.0031350127882260603,-0.7698134452577223,-2.026067488909405,0.13837137222605694,0.09826242725856887,0.1164857598470734,25,252,0.0992063492063492
2018-06-28,31.52583219097247,19.899570368045936,0.14339522715354489,0.11015031049630745,0.1282071957896837,0.12467144300252973,0.03146574112637622,0.02509857687608856,0.7065611607327036,0.816324702548485,0.15154220180062647,0.09629567030836983,0.11216527431228608,25,252,0.0992063492063492
2018-07-27,31.396874737800772,20.399030189910754,0.1397403965859919,0.11141769570345075,0.11155148574172036,0.10851550213246094,0.012595146698387766,0.007020583769758962,5.113442259862615,5.538155890116052,0.11505816092682053,0.08144507041293003,0.10750481086000159,25,252,0.0992063492063492
2018-08-29,29.441300587243116,19.05649237920835,0.13758172391647056,0.11069415952800979,0.13539871992001168,0.1368104883321351,0.03942824837566897,0.037980378206376994,-5.68903724338873,-6.011889740634044,0.1623589117134141,0.12470211995582636,0.11251379196613769,25,252,0.0992063492063492
2018-10-01,30.13894955218425,20.381524400578744,0.13486452285479877,0.11142732447027547,0.20179765099232344,0.2004047641954704,0.10405244557011566,0.10000012104731065,-3.9488416335028473,-3.8749427653489397,0.11842950502750041,0.10303769305333443,0.1038032715593673,25,252,0.0992063492063492
2018-11-01,31.717224624930072,22.871948718237284,0.13785945716535947,0.11796350299433155,0.13338070423551104,0.1327128795851055,0.027253188435242576,0.02473715223882006,4.940029877109253,5.015731536557,0.15343002880087664,0.12367909114850524,0.08493836442831215,25,252,0.0992063492063492
2018-12-04,31.43088319548261,22.75740750423851,0.14014876556699102,0.11910217960392894,0.14566591914912172,0.14769783874589545,0.035361256280830006,0.036016359562724254,3.4437121245234565,3.290840484455314,0.1093257597251342,0.09412092383842201,0.08538333952539601,25,252,0.0992063492063492
2019-01-03,33.344490962056135,24.679524135051466,0.14792151885344032,0.12714960518031757,0.12156135306861195,0.12067661643400165,0.006477363416601142,0.004395090120458356,-0.657678915391987,-1.1196841813376344,0.10282060103861636,0.09350488771794101,0.0763125679835937,25,252,0.0992063492063492
2019-02-01,30.899777248943586,23.015100042000743,0.1476644991663385,0.12715364695831147,0.15228473787003252,0.15096530615957732,0.03511531003838417,0.03280801997936403,0.36416559882366223,0.7865816582944258,0.1133012093586726,0.09607914132417815,0.0794192851177501,25,252,0.0992063492063492
2019-03-06,28.99384008644855,21.259294048524907,0.1473417018750381,0.1259318075981258,0.1437599603674982,0.14411099650821016,0.026004929843847155,0.02500644092649769,3.9687850348358884,3.846365212450395,0.13007574099456987,0.1155153105039561,0.086322082769043,25,252,0.0992063492063492
2019-04-08,30.09308254061345,21.944926897192975,0.15228070951698022,0.1299519850621947,0.0953507940826372,0.09190437542261294,0.025206845802148006,0.029895394072916318,-2.9614908789250207,-3.285542004846138,0.0957433489757405,0.08212471459357705,0.08540886498272755,25,252,0.0992063492063492
2019-05-13,28.19437417070703,20.671203785169038,0.14911340823538766,0.12691835365415807,0.11625015373968821,0.11610249795141211,0.005117790635408778,0.00640369173471525,2.0248828444512106,2.061413054660325,0.07303674078743409,0.06032049980717614,0.08770459432912688,25,252,0.0992063492063492
2019-06-12,34.8965934852279,24.69629254997126,0.15160845121227587,0.1304739310920374,0.13181004919555306,0.12814057475429225,0.01107059338578642,0.005924916848852671,-4.232398391148807,-4.482195977180267,0.1097624049133963,0.08824299632431891,0.08537874699520495,25,252,0.0992063492063492
2019-07-11,37.55006381305857,26.069930852700505,0.14689763985742577,0.12789974470982138,0.1505156084656892,0.14824368432173196,0.02650949852099331,0.023233317527454722,-4.171578111014391,-4.0369743962973565,0.1457420778688816,0.11679481798768913,0.08435412874607197,25,252,0.0992063492063492
2019-08-09,42.58660939128128,27.645533622685782,0.14632949577916451,0.12609598310326134,0.12128307185923509,0.11925740423677796,0.004241305935355072,0.007214815123136084,2.0511249593541154,1.849855696096612,0.18747515117670305,0.15297444656979536,0.08832144490206852,25,252,0.0992063492063492
2019-09-13,47.00793299294603,29.985367769657515,0.14848351271816185,0.1277908423255977,0.24819114815895768,0.21690573260823506,0.12232653508716612,0.0896467996543027,4.153956026472718,3.8729136997286786,0.10006252207592023,0.08559052227118691,0.0845330282122149,25,252,0.0992063492063492
2019-10-16,33.137736579774284,16.864365627682893,0.15699270170342294,0.11206567948317966,0.15630646862971972,0.14096086964239948,0.02698141114100347,0.008728128711858574,-1.7564419231890906,-0.6514732179606365,0.2255280274351386,0.16359212942629703,0.17248191065435656,25,252,0.0992063492063492
2019-11-18,30.86146630176528,14.612652036454435,0.14095862010943208,0.10069351703918744,0.07832615608624609,0.07968215672697826,0.045476688267493626,0.046662400303200846,3.884588808835229,2.965874842940596,0.21142311822505763,0.12760567399135436,0.19632305395710886,25,252,0.0992063492063492
2019-12-17,31.333357527917208,14.68574657043383,0.15460868617364612,0.10560754224890444,0.12808011085186674,0.11218414339642867,0.010392772669202494,0.010782197828759249,2.8156209384526294,3.9730123601271687,0.16164227242636697,0.09888970110521966,0.19485023142858884,25,252,0.0992063492063492
2020-01-16,36.514620275613304,14.414216169659989,0.16795961410000554,0.10206882062334242,0.11818740697616698,0.1275152704264797,0.00603595705003486,0.008214217583793829,2.747366017765511,0.6996059469883417,0.17834205671678346,0.08354729636163355,0.2124743493098149,25,252,0.0992063492063492
2020-02-14,39.10020080980826,15.261535067812236,0.18885104379447148,0.10812984028262364,0.2752187779112219,0.30533814762961187,0.16505851534349508,0.1855252124470682,-8.635761624193078,-9.187912415440012,0.13548734741785176,0.0784538112329004,0.2031406658856597,25,252,0.0992063492063492
2020-03-18,84.21849299808547,25.78937749703004,0.38993694655483235,0.15846867712618937,0.5217781139083881,0.5218606525578527,0.4031940538548119,0.38470659758904546,-0.08495755148730101,0.12443261238743847,0.4071706157597693,0.2592037705597187,0.16636828629330705,25,252,0.0992063492063492
2020-04-22,93.0430980145545,31.930562436360162,0.47633033896514326,0.20563990306599841,0.28170639590017865,0.18945758401098076,0.13263152394429067,0.017769598773453854,0.2740955744911225,-0.8738424359015581,0.5052977581143491,0.34975818115647317,0.14496331973204682,25,252,0.0992063492063492
2020-05-22,64.27753187961214,29.430550915682936,0.33307433937565756,0.1974462288410017,0.11642413835253941,0.12872745430877133,0.04500361145169775,0.04794673277439146,9.479223401057714,10.807411438551018,0.2377724286648687,0.07901259330516391,0.13272856216797915,25,252,0.0992063492063492
2020-06-23,69.07773687600223,29.95251117160862,0.36976126959551625,0.20507148608876002,0.08070978012539329,0.09984459616211759,0.07922706433486329,0.07851387136454895,6.963246489068538,6.612308911803764,0.14274633081792074,0.10077875495106181,0.1319813596170196,25,252,0.0992063492063492
2020-07-22,69.13821958885543,29.426870105414963,0.3715470082778129,0.20379402565859603,0.12248026361637142,0.13365369577475936,0.03693736934404833,0.045016596240245677,7.562274220267886,9.020733044279435,0.03733838562677263,0.03419946860665593,0.13285150076928706,25,252,0.0992063492063492
2020-08-20,68.66126833104039,28.176852727769333,0.37846288396432143,0.19943203882605254,0.30474097814085227,0.2738336459546856,0.1448880511993665,0.09373889774277538,-0.5755414910365036,1.036670050344378,0.09548001456856327,0.08043192292838279,0.13826068205650827,25,252,0.0992063492063492
2020-09-18,52.325221183834486,24.9409166550897,0.30898917382740876,0.18453964364060915,0.18195785588239294,0.16645165471683152,0.006918548607929675,0.02243481909174025,-2.7270014251368444,-2.513671679160314,0.18076979154247946,0.12176877863386763,0.13939539580471674,25,252,0.0992063492063492
2020-10-20,52.01979913021915,27.30133269626913,0.3042621932999899,0.20404102010313718,0.23780971756760072,0.197670978948182,0.06350453388980784,0.011102559831413894,4.180820511386559,5.260399692929915,0.17757592299717376,0.11608342753201267,0.120630700883947,25,252,0.0992063492063492
2020-11-18,52.32448834526414,27.193352057279697,0.2608323981548592,0.18361313708224924,0.2159816330163393,0.18763434801951162,0.03435029230713246,0.0021847941605702415,1.723998902081869,2.833068433048121,0.12220063905720821,0.07903602557830992,0.12297457579109321,25,252,0.0992063492063492
2020-12-18,49.97957018766167,26.52650733418423,0.23210248566622865,0.16996446101877705,0.1395873746392112,0.14225932297411345,0.04789808619848518,0.05100911778479794,2.5006325510812877,2.4978394098986167,0.11968310583403459,0.0807243949516148,0.12269779440710227,25,252,0.0992063492063492
2021-01-19,50.31532228931946,27.70614166032486,0.24243286989498128,0.17977895981288872,0.16254647069051853,0.1549562827671207,0.024735583338707207,0.03886918966841854,9.479946155619253,10.27472899630215,0.0904340974914611,0.07012948278388277,0.11538272548847792,25,252,0.0992063492063492
2021-02-18,43.37216779194943,25.340074168654045,0.23427761650891832,0.17435286322050578,0.20935000224427366,0.21210025029191348,0.0185905051305377,0.015473326526849712,2.7880799787280024,2.7572484343672885,0.10854016716185648,0.08766346906468597,0.11565932897165074,25,252,0.0992063492063492
2021-03-22,34.10893066751082,18.67983678566535,0.198273121079334,0.13938445974092534,0.29639991883770844,0.2786498936142773,0.11418025756807765,0.09215825189471658,1.2838077567236665,1.8369866650639273,0.25529521104120734,0.2157421495466688,0.14355951107933507,25,252,0.0992063492063492
2021-04-26,27.143384307729495,17.684577064784637,0.15868114115796292,0.12307407535924868,0.13358021390540986,0.1305232445628473,0.014223438676474714,0.02062899244698166,3.351998465937918,4.79674224983855,0.4193644061611285,0.35593610919773494,0.11131268891882025,25,252,0.0992063492063492
2021-05-26,24.93648226672731,15.925805764712356,0.15420187645743688,0.11433175400477813,0.15177968878106074,0.1360284967798641,0.009133735422473505,0.009720055702592212,10.515624559861699,9.821747478811357,0.15668586217879676,0.12648336986123296,0.12084614125574325,25,252,0.0992063492063492
2021-06-24,24.636788927125206,15.392687191327509,0.13204466297067588,0.10217182792922369,0.1508273200695043,0.1299756774859945,0.007076266491743088,0.014889623984778694,1.4083173770644293,2.302542283594832,0.15693942608770636,0.11710521631525997,0.12626326627188206,25,252,0.0992063492063492
2021-07-26,23.055105090320065,14.228777112083673,0.11873222341967435,0.09397321469432403,0.18002370906386764,0.17146391917675088,0.03610030110096729,0.027694051254125496,-3.9766908474567346,-4.006654134882211,0.14681490464136826,0.10352473213645905,0.1364228954567197,25,252,0.0992063492063492
2021-08-25,25.085305728928223,15.880835087948183,0.12451767647134321,0.09893440377096763,0.13898207292611367,0.13568911708503245,0.00820785351548356,0.011377340456653312,5.069584273943546,5.79750936119657,0.1657163241444241,0.11634794877420385,0.12402746975320664,25,252,0.0992063492063492
2021-09-24,25.262559941267785,16.228895848088573,0.11588393123713076,0.0962066733478399,0.09807089004739067,0.09932068431420403,0.04067455649215376,0.03953951329222717,2.3892450180381917,2.3773221451441433,0.22416372394356773,0.18104672923929815,0.1200481601939662,25,252,0.0992063492063492
2021-10-26,23.783117712875068,15.050510101476275,0.11560093288972192,0.09471293727492217,0.13820966636335172,0.13832770799224264,0.007510356720992317,0.006665396679997826,2.184090058285854,2.0015727209715024,0.08654386536852471,0.06783376615967611,0.12710330925522847,25,252,0.0992063492063492
2021-11-26,25.344169290816648,16.367655146156828,0.12066975138461106,0.1004094053455247,0.16163971234409233,0.16357019010162444,0.032368728969849214,0.032641349674131376,-0.6297634106374695,-0.5438647048503783,0.0867589901796384,0.06278454451361754,0.11766301584000481,25,252,0.0992063492063492
2021-12-27,28.44429009693452,18.286291626757354,0.13266128533622376,0.1089938321145334,0.14404750309645128,0.14762841603085358,0.012132728099688433,0.013850330982659503,-2.9258041941527266,-2.5818517551556757,0.10481523786924829,0.08028002064276177,0.11071561919718682,25,252,0.0992063492063492
2022-01-25,27.13212756714014,17.302226611518023,0.1339594298115261,0.1070464214094999,0.13222298947621347,0.1383740119567319,0.0018042949541181574,0.0029035137525342813,0.11559018826237458,-0.053611630698367,0.11220451643260565,0.09211917747127912,0.11572263523541237,25,252,0.0992063492063492
2022-02-24,29.893280094871532,18.68986859162086,0.14625582362091022,0.11453265730259847,0.269389747048379,0.26610063829698793,0.13666920477617905,0.13150741783797354,-1.8776840056376882,-1.3886205659574815,0.0913863891629336,0.0701171512745794,0.11118436789368923,25,252,0.0992063492063492
2022-03-29,28.174076074787,18.788041419077434,0.13623966382669367,0.11057897547170617,0.14484393983080532,0.14370168234649167,0.0026475583343812947,0.0030726222256731994,6.695521470558988,6.702032778526756,0.17841038498202988,0.13631856812132662,0.10592433148789149,25,252,0.0992063492063492
2022-04-29,27.945517198176475,18.167195800756662,0.14521785312071556,0.11390460346459269,0.1916588191525285,0.19750015284578984,0.05512509031673263,0.0605986962029951,-3.838063673577485,-3.704690493379781,0.20471957801528318,0.1589207749318533,0.11007815689928427,25,252,0.0992063492063492
2022-05-31,32.94838218280152,22.61341128954842,0.16816314495087045,0.13719550208799375,0.13422110998794975,0.1320830498306684,0.004442063354869491,0.008087469325412933,-6.328006711842118,-5.846601219286813,0.20440127011551437,0.1661594817235933,0.08882652678093644,25,252,0.0992063492063492
2022-06-29,35.810463249018,25.245841026921898,0.19296813467364188,0.15664935676568675,0.11168171660781126,0.10875981429662084,0.026963616427500225,0.03204324865029225,14.074620099199944,14.044907158550046,0.1631848955564197,0.12438026243127032,0.079281982721693,25,252,0.0992063492063492
2022-07-28,40.94154879054334,27.938923073520645,0.19412132819357303,0.15756819212597317,0.1137772209082171,0.10842822591887168,0.02718370956214103,0.034350956817551195,6.96453827796163,7.22313546508502,0.13671141394094827,0.1119566826099059,0.07797177925109527,25,252,0.0992063492063492
2022-08-30,40.21057245826681,27.640563885096437,0.18934407638341777,0.15451533739589468,0.20054008283543445,0.1896416244475907,0.061105693822036844,0.04869354448405572,0.019598656297047077,0.014691189994822773,0.10372983063595728,0.08346096055644216,0.07817199120591561,25,252,0.0992063492063492
2022-09-29,52.56763949361726,33.408505826141244,0.1963059301865025,0.1549157562624178,0.12270020083548058,0.11391731818101133,0.017602559564065007,0.02792423341453784,6.175206765208514,6.323460080509753,0.1941336568208139,0.13478953306242747,0.07599438775628878,25,252,0.0992063492063492
2022-11-01,67.93849540956023,39.27837311502192,0.1982622186310934,0.15253775744950243,0.2109398923404674,0.17615434021396806,0.07022669860846636,0.03416161303247908,5.332481204653449,5.105049995045315,0.10664275420396155,0.07675874562949114,0.07554447894749557,25,252,0.0992063492063492
2022-12-01,34.82573730625997,23.655714854711025,0.16145608148309956,0.13082252892906437,0.15446065873945702,0.1599464859121239,0.01206688592564123,0.017275474237913147,-0.37097615851668725,-0.330024769762326,0.23315683618410582,0.15972069056698235,0.08993890682288273,25,252,0.0992063492063492
2022-12-30,32.980611367413445,23.190876643225902,0.16958532215359062,0.13694822328979087,0.12244321674073837,0.10211152301643454,0.01942225492130982,0.04066880023053608,2.7833079043726876,1.7478043863126185,0.1276641553163917,0.1067358152585374,0.0882101901008905,25,252,0.0992063492063492
2023-01-31,31.462414277126108,22.037739192095096,0.1541842549372119,0.12790162421637974,0.12267558776787492,0.11267594792111899,0.015327291375107618,0.026061103427263616,4.70370952146642,5.073548049654382,0.12280269938142462,0.09053978567131034,0.09172148003895501,25,252,0.0992063492063492
2023-03-01,31.255379914048007,21.2735904408414,0.1433692409544892,0.12029290596128343,0.10265838036650175,0.10403284137292988,0.032635081834020405,0.031886420372918625,-0.3350409223151906,-0.06346652812142461,0.12766354664679389,0.09916058199204489,0.09841855334348545,25,252,0.0992063492063492
2023-04-03,32.75354593761298,22.00152369578714,0.12932419912627677,0.11152497490012768,0.09125512770737951,0.09164699907091865,0.030127878376351946,0.03089312917043141,5.486440819807487,5.993135480276234,0.20099881999208966,0.16362806465049984,0.09565380876232389,25,252,0.0992063492063492
2023-05-08,32.147890300240086,21.46686421340516,0.13249528285829415,0.11248691305741096,0.09305788641013674,0.09262626492659166,0.024307824368124023,0.026319777396641347,7.641624793697699,8.306690811445012,0.1355825142277339,0.10698285801752083,0.09866271832348943,25,252,0.0992063492063492
2023-06-06,29.801753080177356,18.63747454451778,0.11679991403006132,0.09973911125614614,0.09116340903699603,0.08968004790488728,0.01525900855207725,0.018548876154871524,9.811534118113645,9.913897805317871,0.21830295775484237,0.17823957749661354,0.11604118982709842,25,252,0.0992063492063492
2023-07-06,31.140586155821786,18.3291810173521,0.11647596795853332,0.09546686117491593,0.1122995938792281,0.10840812345932693,0.01051500894383095,0.004466315732195608,2.9953530135538116,3.6203731183885104,0.10210404815878366,0.07280210548436668,0.12409308087894473,25,252,0.0992063492063492
2023-08-04,33.044213060008694,18.981216719138608,0.11917493062292366,0.09580466541487524,0.09933191246631648,0.09557062715674096,0.0012699689693099203,0.0075285413347916386,2.4951176747409547,2.655514619276817,0.11827413173294743,0.0826173503890609,0.12356433226768353,25,252,0.0992063492063492
2023-09-05,31.525678868218304,18.350322993295123,0.11391908556457338,0.09181883420271278,0.12103942447339942,0.1261254297305683,0.02013102580833652,0.023158261138887082,2.2977323523430533,2.1228882644408014,0.08133994414386571,0.06092923309694877,0.1244357437923033,25,252,0.0992063492063492
2023-10-06,41.328757323736006,23.504033356925568,0.13733150606782865,0.10383728884444826,0.15048237396362846,0.15100539337364957,0.05626378454948325,0.0524579664326703,2.8563779547308052,2.3299478135406866,0.15777032729854928,0.10996359456350387,0.10982846252491417,25,252,0.0992063492063492
2023-11-07,49.94461679586385,28.25544553867027,0.15490137562104656,0.11186751671723548,0.11543025267837206,0.10419221484505693,0.01876886425137582,0.0029688575934840034,7.388270391914956,8.594071359145431,0.1358054539763728,0.10746912276317837,0.09818416074327571,25,252,0.0992063492063492
2023-12-08,47.72761431972925,27.837106896280623,0.1498021175616418,0.11301763248276309,0.11682140733112366,0.1106759184293795,0.021503071185775546,0.01096480111648332,2.48952424167413,2.5486438433499843,0.14000282971344688,0.09967785931774227,0.09644831030492144,25,252,0.0992063492063492
2024-01-09,42.85831663379234,22.86820623592364,0.12615592340825696,0.0950837889983454,0.1642306004998791,0.15756180093605876,0.06759332626837374,0.05829816029655488,-0.41218395594566953,-0.2773402177262933,0.11359719937330301,0.09704484414236005,0.11432559900867824,25,252,0.0992063492063492
2024-02-09,42.83341342316279,22.23155698645735,0.1157164974184251,0.09025210278147876,0.12556484009503746,0.12358984267392997,0.022440059128409268,0.018564799338871757,1.8200256065124722,1.8810801261490306,0.16201230552901238,0.11024043449769062,0.11900845208820582,25,252,0.0992063492063492
2024-03-12,47.699937928860265,25.781155390385027,0.11704273729226689,0.09088071608223666,0.14396210201479628,0.15131039768841076,0.03937664486716842,0.045225016449218794,0.9006059029090097,1.6611567533430902,0.15428145943125507,0.11394826201461074,0.10540590102770234,25,252,0.0992063492063492
2024-04-15,50.18122981038343,27.03105352766526,0.12176703673491342,0.09272635126714969,0.10017533697620883,0.10382232506767383,0.0076489589656251605,0.0055043626752213776,3.0532614497355204,3.6302311767301756,0.12786626835292528,0.1065722291195585,0.10394875963852265,25,252,0.0992063492063492
2024-05-16,50.62881951214206,28.088965665587622,0.12507793792068247,0.09674917634617256,0.2060044010572417,0.21551777777063363,0.09703346340553279,0.10475780489584854,7.74788283969155,7.168621895291491,0.07878844442752767,0.06385739307159058,0.09819342022441603,25,252,0.0992063492063492
2024-06-18,61.41248092804488,30.245638463955814,0.13536939613807583,0.10629783721658957,0.16815356569291107,0.16311307145461618,0.05019310147764611,0.0423861763242441,3.822335087671428,3.8903168272140953,0.20386439053144434,0.17320263405153416,0.11616674669711363,25,252,0.0992063492063492
2024-07-18,61.93730719795866,29.880377894382956,0.13598263128962015,0.10327515001499207,0.20146593382285888,0.20026487698273748,0.07890531083909397,0.07563669001086379,2.723345180015329,2.774747711176886,0.13404218327342982,0.09080332598598222,0.11833400438560635,25,252,0.0992063492063492
2024-08-19,66.40818083405682,33.27936525054184,0.133145346901377,0.10419200987689847,0.1163426388264768,0.11194315170162816,0.015635539632503553,0.020956068825419727,4.246799117340411,4.48043635071772,0.1169112391290999,0.08531788762730537,0.10691455789344757,25,252,0.0992063492063492
2024-09-17,70.6116649316781,34.45029989174287,0.13246536615680005,0.10438515169259927,0.15176535372189093,0.1507339387296887,0.019293768831046693,0.01749124723807624,-0.026297475036869345,0.3295894595057041,0.1046982507968991,0.07442732317849685,0.1069730261662517,25,252,0.0992063492063492
2024-10-17,66.42609398619231,30.742601786482634,0.13613721051579336,0.10336115988806241,0.13657361982837257,0.14030597849676604,0.002735170056240549,0.006024841093090344,-5.17545711923501,-5.181787072913953,0.15070352128356257,0.11403989107481563,0.11897443742023743,25,252,0.0992063492063492
2024-11-18,66.13935968972223,30.994126384361742,0.1440791336188654,0.11114923073768652,0.11933543564586183,0.11582366308248532,0.012627641864827954,0.01759879065874062,3.6355663291322284,3.5064007557480457,0.11855078520956058,0.08904027207911698,0.11637768677315516,25,252,0.0992063492063492
2024-12-18,62.10542409486452,30.508754495761547,0.14363044825336832,0.1123300611745668,0.20741020992278678,0.19952974777007004,0.07483559588019598,0.06552675054413998,-2.7926081368180466,-3.299221802847452,0.11508606037145805,0.07821531763127862,0.11442978100154305,25,252,0.0992063492063492
2025-01-17,71.40499845722756,35.89034105579189,0.14961034546149843,0.11771728280779388,0.24004810003052918,0.23965482221302514,0.09970287806469402,0.09810707814922229,-0.5657499603346781,-0.8352230985587711,0.19660269281646192,0.12962520679759693,0.10083491728729232,25,252,0.0992063492063492
2025-02-14,98.28990031953059,43.81050843596958,0.15614173499505699,0.12622930261695323,0.16689663921609166,0.16750895844735608,0.020136624562919564,0.020006528659425205,-2.4471433198476795,-2.3911831196525895,0.262826454550284,0.19793652499651543,0.09504681517426361,25,252,0.0992063492063492
2025-03-19,103.73761824822219,45.41673843564548,0.16808322279613114,0.131920150411715,0.22976097951419908,0.22590461815956023,0.08001145465600376,0.0752348801548351,5.233088782831361,5.10272510200631,0.13183189173100332,0.0939749400573363,0.09319585757373414,25,252,0.0992063492063492
2025-04-23,77.82212910978524,41.55413016065545,0.17369194930864046,0.13879515315337992,0.17830822405674163,0.17317474365523927,0.02137439724326856,0.015690413086587723,3.673489518685323,3.8372880749877094,0.17137448870043107,0.12534265525064275,0.08775722926361837,25,252,0.0992063492063492
2025-05-23,78.38086715560202,42.61929219115324,0.17138214671867746,0.13938528127768357,0.12542947006082597,0.12157008845597156,0.03583873439196614,0.03994770662798339,-2.244959890301771,-1.885834775034977,0.14552193446991182,0.10625507288245414,0.08529221849579036,25,252,0.0992063492063492
2025-06-23,64.45701777134174,39.62751673059195,0.15872054808458563,0.13166675843251027,0.09811907051479885,0.0923951601290635,0.052539467597420536,0.05814319297371902,9.824675849786637,10.380371481191743,0.2710722058390821,0.22827485782580675,0.07266463527043433,25,252,0.0992063492063492
2025-07-22,62.85146540697498,39.29777491633439,0.1549144193117596,0.1325869828309359,0.1366705349997241,0.13510426348009835,0.0106608379974385,0.01221968356398595,3.298133951429857,2.974349599929472,0.15091257873016267,0.10665101422483649,0.07229404068160941,25,252,0.0992063492063492
2025-08-21,58.89895993391843,36.33790052398327,0.15718528398410808,0.13328483098215177,0.11854838529304206,0.11706546787246319,0.022528328625511643,0.024279774350297018,-2.743405291569567,-2.479613436896062,0.12990600899466248,0.10426451199533221,0.07812819384305819,25,252,0.0992063492063492
2025-09-22,59.89201277416178,37.475768441630095,0.15348736837169125,0.13251575541748767,0.12394814279764922,0.1233883569866507,0.01768671975773163,0.018277196602555654,0.7421022471229275,0.6658188113053798,0.11852814086640348,0.09365761465484743,0.07592487625386914,25,252,0.0992063492063492
2025-10-23,58.18628180001227,37.23248022573314,0.15244005097503657,0.1312613550771963,0.09405746316586809,0.09273863093855277,0.046760901016569226,0.04784203390406673,-1.5767172741036641,-1.2919207380907873,0.1268538942233159,0.1080056294195748,0.07546805023692368,25,252,0.0992063492063492
2025-11-24,60.711958668333814,36.70818763948057,0.1528927348618676,0.13025706410350574,0.1495194022254086,0.1456219782695532,0.011683782006595145,0.00816011054349014,0.7660660506719952,0.937295415368241,0.09126698206231543,0.07271997471399969,0.08221394889984351,25,252,0.0992063492063492
2017-01-19,31.161093846074248,25.86716397628159,0.15729756258981153,0.14461835961540748,0.1490378483647478,0.14376438895983137,0.01794076874913103,0.01178572327914959,1.8138231747231994,1.9806283904796467,,,0.05047219319427778,25,504,0.0496031746031746
2017-02-20,30.451042927005535,25.358280458011524,0.15082220162716423,0.13995691117346054,0.12231356453977317,0.11893050692024189,0.009161493561490389,0.013230282132542723,0.5934931295851742,0.8057114696466923,0.07090702748907061,0.06139536895538972,0.05063232745569109,25,504,0.0496031746031746
2017-03-23,29.627143692921948,24.665773409130317,0.14609322659321367,0.13612616820516169,0.13317565567839595,0.1303902946949205,0.002129226689793595,0.0011831764559757096,7.796598493738686,7.934766339131331,0.08415808787865886,0.07368571250774764,0.052114731084538304,25,504,0.0496031746031746
2017-04-25,30.026746649529386,24.71862863808452,0.14494681651812932,0.13397477530131166,0.10839438289724308,0.10793734087339969,0.023536452752178152,0.024421822527678647,-2.0385679844790503,-2.241399794032178,0.06424694348753525,0.05704942273569858,0.054030041189505114,25,504,0.0496031746031746
2017-05-25,30.42440168599013,24.73826666975203,0.14072668436721922,0.1299963052169215,0.12522670598082325,0.1217781611495397,0.00336038093456717,0.007256720590307256,1.3513752124661706,1.5078375727386233,0.08995271222184183,0.083033254897746,0.05626094017895876,25,504,0.0496031746031746
2017-06-23,31.327387866887886,25.136869269419737,0.13769222062297706,0.1273228483691648,0.10392499613890856,0.10264037129038797,0.023695766329031434,0.0253934043884472,-0.8912290066531221,-0.7856571822629845,0.08428029704372628,0.07460948537281253,0.057950868416633036,25,504,0.0496031746031746
2017-07-25,31.29128744944075,25.051763675204008,0.1413738316469094,0.13002964978125706,0.13310548923823323,0.13284315933055266,0.007671261727559331,0.006793438069194607,-1.027176376310487,-0.9932937671161942,0.06273185758734719,0.054485630961143255,0.05851965796257183,25,504,0.0496031746031746
2017-08-24,31.91566747313209,25.809100379480846,0.14167934543240418,0.13132132927841428,0.11720269530534123,0.11792701265953749,0.007396859796420824,0.007281495214792252,1.326914898897628,1.4934215180344481,0.061641761165020514,0.05567043487663814,0.0561022405736447,25,504,0.0496031746031746
2017-09-25,27.523721495441038,22.823014614809775,0.1290057732421752,0.12012287207819553,0.1516733962010268,0.15003307015603345,0.03461860746156553,0.0325867325241492,1.4322615806314325,1.5656228506713605,0.17491772216964147,0.15742761291417406,0.05086307080394057,25,504,0.0496031746031746
2017-10-26,27.36709375890103,22.241781373840578,0.1315242023855618,0.12102313671655857,0.06559644148515259,0.0662444512839583,0.049770157993503775,0.04970202850788373,2.5240350680010577,2.281499161380587,0.10020418989927868,0.09091436341839315,0.05600599274917904,25,504,0.0496031746031746
2017-11-24,27.744710039579918,22.680492624221703,0.1324522471225859,0.12237012412697866,0.07921163187207947,0.07701189030707131,0.0348395756464963,0.03770173170082876,-1.9990244730819964,-1.8523898749203307,0.04077013212275168,0.03663693451182547,0.05415989103517745,25,504,0.0496031746031746
2017-12-26,28.16910720677229,22.775684533006924,0.1320534090055051,0.12154198827487094,0.10374223059744203,0.10299105605326067,0.009345822413042035,0.010846373570634782,2.9104900544663477,2.9104471899398012,0.03409810177872029,0.029803908658573738,0.05602381119839144,25,504,0.0496031746031746
2018-01-24,27.907847787333786,22.379456537947476,0.13261595597889142,0.12078197025324725,0.15765234006129572,0.15604067934187316,0.04482756628415607,0.04243432252434813,-6.481833882276497,-6.667665617286068,0.04154371709383409,0.03599784477709393,0.05803035567565075,25,504,0.0496031746031746
2018-02-26,26.845949034845475,21.359430013698937,0.13250383464033996,0.11861389717729315,0.10366953221638976,0.10412892967564823,0.010902742610544303,0.010986316502148541,-3.53641209586079,-3.654664978149446,0.07862381053760316,0.07067854712832311,0.06078144409984074,25,504,0.0496031746031746
2018-03-28,24.180931345982238,19.150638703039956,0.12300676451089142,0.1093947624929654,0.07341672208133407,0.07339208197042656,0.038671669545741194,0.038928358446511324,5.691899903227453,5.899848622146232,0.09639615861764075,0.08945184002824796,0.06432503841936246,25,504,0.0496031746031746
2018-04-30,24.07981383315285,19.12823526016383,0.12250503012797147,0.10913412832312466,0.11635620617116299,0.11449077351480066,0.006220612784380006,0.004084116945800589,-1.9281476018810155,-1.900308022772145,0.04690575134854069,0.0433618732772131,0.06416272725196577,25,504,0.0496031746031746
2018-05-30,25.197386103813866,20.00478916804044,0.13027321604624653,0.11470543927266613,0.11786338178821172,0.10873915640417807,0.009430022877623803,0.0002942180670970629,-1.9699326240920716,-2.5866441713678,0.09305129396155924,0.07921819115784613,0.06226551196980248,25,504,0.0496031746031746
2018-06-28,23.903631957335797,19.319680316628446,0.12390324905331136,0.1118841326005292,0.12106921977371435,0.12103972631700752,0.011837727989123012,0.011392787830149173,0.659147013982299,0.7558465152912757,0.07400529027187508,0.05994100217542289,0.06133870313651105,25,504,0.0496031746031746
2018-07-27,23.437521591888718,19.116765562786206,0.12524521794290888,0.11314849042324647,0.10423893264686242,0.10461404505632001,0.005040275612500575,0.005151633492588681,4.634507779496453,4.814140379845212,0.04681964857143858,0.0430757421442675,0.06013793147215797,25,504,0.0496031746031746
2018-08-29,23.08307012111682,18.82472769597669,0.13158424609106373,0.11723191800720123,0.12677249801731863,0.1281216270852462,0.019107298238523335,0.019681108715331963,-5.515608461353419,-5.7319749050411595,0.069398989883194,0.06102141167088462,0.060787071271326126,25,504,0.0496031746031746
2018-10-01,24.736346008341997,20.19944059237465,0.1344519232190415,0.12065179872055663,0.2159595655676128,0.21315871414378956,0.1077213295196423,0.10400066144391809,-3.5738037051194445,-3.461353865161413,0.06456540726494285,0.059796216227750526,0.05821004990587775,25,504,0.0496031746031746
2018-11-01,25.26103637636366,20.630839169911525,0.1301620582484464,0.11793428387506026,0.13752417308215936,0.1364672171860758,0.024411063773695202,0.022710755238655247,5.056161726148938,5.024590892041281,0.09220801553615415,0.08079567192918152,0.057054697321499606,25,504,0.0496031746031746
2018-12-04,24.7988900195232,19.900368275780018,0.1219202644368268,0.10990373358404565,0.1529095892199278,0.15317791901331243,0.04180964867446889,0.04165649801935804,2.967238430168971,2.9346819779449183,0.09997720919858341,0.09282402594813148,0.06134108637401737,25,504,0.0496031746031746
2019-01-03,26.12504193343478,21.033023150902306,0.12909248680371913,0.11584465476208718,0.10856056668767354,0.10936554879708518,0.003530451681706223,0.0032582035856441177,-1.5263331305027916,-1.8233208110642838,0.06600578181788103,0.058111850797565305,0.058527130954692634,25,504,0.0496031746031746
2019-02-01,26.225672230703815,21.07272876202025,0.1318861119765408,0.11788461744507486,0.14992333940378008,0.148573792537278,0.03834192903571762,0.036354088161322615,-0.11306316389411383,0.18250093783250532,0.05736363261842655,0.052689514837317035,0.058684954990357655,25,504,0.0496031746031746
2019-03-06,26.140951537436912,21.144303957870353,0.1306275460586056,0.11771726394288479,0.15084016471375788,0.15011892587677977,0.03802879104233475,0.03664678818805214,3.4108985746036504,3.442098168086419,0.07555526250409536,0.0667471085831428,0.0576808017911596,25,504,0.0496031746031746
2019-04-08,26.640939899635647,21.608990191998476,0.13051480819968012,0.11781315178120266,0.10403009556849072,0.10035213899999129,0.011349335571559635,0.015485110771911156,-1.8472471905194678,-2.1486342020317992,0.058138503402204805,0.05360295172405144,0.05634384663307231,25,504,0.0496031746031746
2019-05-13,26.070280820708152,21.404387004428184,0.12669770178438544,0.11589802128525464,0.11728029367942977,0.11823894240015842,0.002660020686208006,0.003231896825535041,3.3186073376470513,3.177881428517754,0.04730582029983097,0.04136910961036473,0.05480540537847249,25,504,0.0496031746031746
2019-06-12,27.438984547642573,22.490082206812833,0.12663786767852836,0.11614515512259826,0.12214620002332427,0.12223643215165376,0.006995419983261253,0.0066762993448134245,-4.445910205328981,-4.543916612464887,0.061298429461517055,0.05573417443004485,0.05429662185745024,25,504,0.0496031746031746
2019-07-11,28.163043051376842,23.103831575601518,0.12913546535650097,0.11847833514428607,0.1499619751718368,0.14998991592803426,0.03448844892207334,0.034040655024562105,-5.133804780241847,-4.955435361170744,0.07821513619106774,0.06916594109070612,0.05308321238369095,25,504,0.0496031746031746
2019-08-09,28.695437388751866,23.425244879099463,0.13052803667676494,0.1197672654469673,0.13530893026010443,0.13431366862485333,0.017544042315187705,0.016101208180005044,1.7948926813239836,1.7452398967152625,0.06036465237453058,0.05457031759136433,0.053326100838880175,25,504,0.0496031746031746
2019-09-13,29.702008681276876,24.11141024242692,0.13174768509048213,0.12078899517966227,0.21203805951003485,0.20682175354023588,0.09473496915811354,0.08890821624633566,3.560522570643483,3.3331611938606,0.07170739268820205,0.06513663049019824,0.05282653064909062,25,504,0.0496031746031746
2019-10-16,24.23328572780945,18.375895938057845,0.13138428159435617,0.11459562126559561,0.15077175151273825,0.1431096466715595,0.03028233487341478,0.021656837558740136,-0.8486965328670337,-0.6051247712156934,0.13431113543429185,0.11976510890977554,0.08454273670463679,25,504,0.0496031746031746
2019-11-18,24.494780025172165,18.558457641511236,0.12386701318486523,0.10993350603003835,0.06165663363825232,0.06488692426060391,0.05973699983984789,0.05712758924565192,6.0729865999730315,5.279598457945213,0.07100904764443262,0.05784722740830889,0.08335991917393927,25,504,0.0496031746031746
2019-12-17,24.611131578654557,18.6176039759363,0.12475370183715387,0.11062176374066296,0.1318985406261623,0.12456705469147236,0.010927845425187863,0.0028722837296228793,3.860257143261794,4.176480413741636,0.035085653916399555,0.030800483880659014,0.08350189159507251,25,504,0.0496031746031746
2020-01-16,24.249596462064893,18.41703012769775,0.12012765917110048,0.10773241538101959,0.1357498741411203,0.13678639717210536,0.013188574060274322,0.013820790765645616,0.5036803896775368,0.17397148075686394,0.05968648617455252,0.04863112741358326,0.08302398953798536,25,504,0.0496031746031746
2020-02-14,24.84895720889516,18.696594372118238,0.12300133115106898,0.10996043309506888,0.30996923315966374,0.31631397137656003,0.18651169381446597,0.1923020603357513,-8.644967993544224,-8.776180238681395,0.06771396246609607,0.05706973293064199,0.08341656034008119,25,504,0.0496031746031746
2020-03-18,28.721672640730677,21.5410907577881,0.1461284580334213,0.12894953304477047,0.5758019913540325,0.5749401682216884,0.4407599716145469,0.43892941572858324,-0.09155740890708917,0.027178715437219,0.18609973467861413,0.16793513590639483,0.07885787564478382,25,504,0.0496031746031746
2020-04-22,33.83616323163135,24.25259224068846,0.1904052296055282,0.1538249940234883,0.18415877659717483,0.18535870659765577,0.021851713944603196,0.0216658299109094,0.4909057950437891,0.1752271669285379,0.3392953390186693,0.29014872716700885,0.08349035217703218,25,504,0.0496031746031746
2020-05-22,32.771714628760236,23.952308674606318,0.19111951550620962,0.15779836335376426,0.11839752228925751,0.12440827922110015,0.04647873523019905,0.04206465716131097,9.576265593010568,9.871429073087567,0.04453113860641286,0.04693953656886489,0.08016458716867969,25,504,0.0496031746031746
2020-06-23,33.62243363679791,24.614379862096936,0.2059542398830031,0.16783256846396927,0.08635354287382924,0.0951069364332278,0.07757890911459073,0.07136484446345266,7.851860870100661,7.320255321017348,0.07924941492698641,0.06565463001073385,0.07763577517523719,25,504,0.0496031746031746
2020-07-22,34.82758008319991,25.15737099510478,0.21627209367434302,0.1742877705347347,0.1243238396576403,0.12427297889074185,0.03774868271698589,0.04107477852251373,8.63516026589008,9.072147088788967,0.0590085051755228,0.047568092386416745,0.07755586279206318,25,504,0.0496031746031746
2020-08-20,35.55489514598463,25.104229744074132,0.22239942298979815,0.17515110142269832,0.27815107312569326,0.27246458897480297,0.11602910979560632,0.10664398003563844,0.4023736618600164,0.9863031386437295,0.07048966512653979,0.057726703844686006,0.0801272106476515,25,504,0.0496031746031746
2020-09-18,34.45685847463391,24.67506545021865,0.22365043378538293,0.17612479612279866,0.16230432654339852,0.1587478987542611,0.005665579841140633,0.012597903950705841,-2.5726295236753574,-2.2589721677587375,0.1024654104236246,0.09371650918132596,0.07850489267725913,25,504,0.0496031746031746
2020-10-20,33.56087377673249,24.102268909676322,0.2165947092551805,0.17272059186440702,0.21088943661892903,0.18936002389699244,0.04210180989488918,0.01747851039232795,4.87742886200467,5.492351783807529,0.05533652414784974,0.04305292012998182,0.07929778898453592,25,504,0.0496031746031746
2020-11-18,34.24274831012285,23.776309173853228,0.2009897738708467,0.16126126171726157,0.20110020000817158,0.18174363433346138,0.03333664421315152,0.011486653412630499,1.7530598196264662,2.4009905447577298,0.0766758919475566,0.06347898236870728,0.084859131662125,25,504,0.0496031746031746
2020-12-18,34.39619275960102,23.873997566984364,0.19270437638652677,0.15692788080730669,0.12340879622713356,0.1269442721141794,0.0449904934939218,0.043718745700421086,1.896313557869319,2.076145492582338,0.0706909321415011,0.05270583353759866,0.0840053145121186,25,504,0.0496031746031746
2021-01-19,34.470918324924234,24.051999123462302,0.2028082074114397,0.16386705615245148,0.1608390810699662,0.15212841327739465,0.004197161814316619,0.01598845850011371,8.51502849050214,9.20928215155811,0.05698330079010654,0.04682339313932252,0.0828510383686011,25,504,0.0496031746031746
2021-02-18,33.45276931105273,23.596137518185277,0.19943631001413084,0.16228031782369462,0.20184516647570963,0.20341271188210003,0.0353831120704233,0.03389399591595743,2.5309439278826438,2.5143872222604187,0.05734755897516908,0.045133266257661175,0.08166551173867002,25,504,0.0496031746031746
2021-03-22,33.40070334759018,23.574075641487763,0.21203304027259132,0.16766610078078892,0.31064714299953416,0.2918011205240951,0.1430556267857943,0.12064317740319885,1.781905559645291,1.8948929245589166,0.10145702631600252,0.08142562070478467,0.08100567495172967,25,504,0.0496031746031746
2021-04-26,32.441646948240255,23.438240968093574,0.19496125153666713,0.1592124059640955,0.1576983610675115,0.15155645594815312,0.016259084030459225,0.024829516323066902,3.9337799167665244,4.729097755854367,0.08649636519214593,0.06755450693588796,0.07760219647416113,25,504,0.0496031746031746
2021-05-26,33.353676467379245,23.744816571525234,0.19340631626438062,0.1575253329883979,0.14663934430070222,0.13919654770998904,0.028837416170464786,0.03861067659032186,10.492126635388793,10.371939143709131,0.051467695404951774,0.03985343748940295,0.07847014838287517,25,504,0.0496031746031746
2021-06-24,32.089925792580274,22.654317688178764,0.18610757699257963,0.1506922565677126,0.15848696221598418,0.14660178971450197,0.018434453042527277,0.03225677728501991,4.473737327769271,4.670278967970521,0.04892542092471814,0.04456107400592791,0.08157332863267967,25,504,0.0496031746031746
2021-07-26,31.14265193869011,21.872182931708185,0.1764427013680771,0.1431466534180254,0.192153307413379,0.18797252977521475,0.014603754926240303,0.008979587478339823,-3.977461354727537,-4.191839240993203,0.05300017807072394,0.04743325227297455,0.08429412055690315,25,504,0.0496031746031746
2021-08-25,31.08283896082686,21.805431749300386,0.17448248483230888,0.14053662453294552,0.1186770770150176,0.11858472518573708,0.061130848788503736,0.06238272912376015,7.6674605948784915,8.29518971794427,0.055990514204259684,0.0460662457142479,0.08447626816757318,25,504,0.0496031746031746
2021-09-24,31.656884943079874,21.91557709318709,0.17557402562403251,0.14053673786498175,0.14134146108341877,0.13120854766000908,0.03759915380848808,0.04890393760846734,4.521683349476283,4.620640269490367,0.04838419287074476,0.042323521959737036,0.08634690215135986,25,504,0.0496031746031746
2021-10-26,32.82139584215249,23.24686961041984,0.179313451388712,0.14594996892204212,0.152381888037294,0.1489638908664151,0.024388470837140214,0.02900274642668843,4.172372655415571,3.7160885943171555,0.09102554525516533,0.06888318979142494,0.0778443404808956,25,504,0.0496031746031746
2021-11-26,32.479829274565965,23.167860284760774,0.17729428421527274,0.14497679803336205,0.1365321935863084,0.1416365298614002,0.040742318979615,0.03666618254893811,-0.3588450717334888,-0.3090665583676774,0.048611434282291546,0.04026993129092384,0.07746005982342312,25,504,0.0496031746031746
2021-12-27,33.30691602916997,23.997396098978488,0.1799659307993031,0.1483804435207827,0.14855144416583674,0.14619743992996884,0.029371045831652953,0.03281136757211245,-1.2970873282014248,-1.297155670602814,0.046305129134331734,0.041978550899933235,0.0744257946129249,25,504,0.0496031746031746
2022-01-25,33.6504529497898,24.434391033521255,0.1815270806846876,0.1508674629360985,0.1268662541188003,0.1310971516473637,0.05206109834154499,0.04891417407143031,-0.28417345690881646,-0.2676747562474552,0.03555905545618171,0.028927260500061305,0.0725350375465696,25,504,0.0496031746031746
2022-02-24,33.69658508142463,24.740444056841927,0.1830971291913338,0.15255393424916247,0.2731126255566126,0.2697431688726815,0.09408696598181365,0.08961265733308216,-2.41391543451694,-2.11899621864922,0.041940975741838436,0.03748190539131206,0.07049360706959992,25,504,0.0496031746031746
2022-03-29,28.770480841172414,21.26291964381605,0.15410632582587536,0.12960420285917296,0.1781311572953577,0.17418051566957996,0.001502985336081425,0.002278203455037764,5.822931885500593,5.905192126744943,0.16485309861387934,0.1471333694315243,0.07603729216274209,25,504,0.0496031746031746
2022-04-29,24.309918863034834,19.314572941031848,0.1264899211735317,0.11318875342557089,0.20976643472966883,0.2114572066581711,0.0584886011287199,0.060279572248804036,-2.856648101086906,-2.9865487496949767,0.29335961239449415,0.26369145221405704,0.06223962002652106,25,504,0.0496031746031746
2022-05-31,24.873098182445244,19.944403658583088,0.12666218379758054,0.11369829297207863,0.1385532127242191,0.1379044263453795,0.014282422940374212,0.014689452280678167,-6.316466874861788,-6.091376620078848,0.10212018781989253,0.09442030060640884,0.0592048697516733,25,504,0.0496031746031746
2022-06-29,24.110697864712055,19.554482827631983,0.12327449099590028,0.11209517675652386,0.10213447300015159,0.1011313597270805,0.050977223516817174,0.05149039033917295,13.431539684790776,13.419408689234995,0.08873259913025855,0.07693098667606252,0.05816351193261598,25,504,0.0496031746031746
2022-07-28,23.22976740047265,18.916681713507394,0.12605971192809562,0.11384189691090034,0.09753450100180021,0.09796358145362433,0.05423749705967086,0.0533568005160637,7.8465755519442295,7.970599249492485,0.07576981652301931,0.06431602581768706,0.059327267410473075,25,504,0.0496031746031746
2022-08-30,23.935364960523092,19.621621826930255,0.13449300974167086,0.12110962526947582,0.173500515754595,0.16945867239799228,0.024072408199460993,0.02015412488280316,-0.19540814658622413,-0.19888053875457537,0.07810724939567519,0.0673670091292172,0.056700842295462094,25,504,0.0496031746031746
2022-09-29,24.466042476617925,20.141780616874957,0.12639712489524116,0.115504645793567,0.11165806946361702,0.10949313061794527,0.03505028455681679,0.036942475657488566,5.38799346050711,5.490210088640717,0.14983306958452214,0.1340485881496247,0.05484056266911699,25,504,0.0496031746031746
2022-11-01,24.70269568948616,20.096773574910692,0.12400982489149688,0.11324591803083124,0.1538420270024262,0.14627442506565497,0.010328613942640924,0.003012364175360549,4.547935154541193,4.560945696727958,0.055699601837903234,0.049586103168273124,0.05686113718363122,25,504,0.0496031746031746
2022-12-01,23.475460265967527,19.16111981178148,0.12040291396080446,0.11035685402026942,0.15101316405784768,0.15362761010314652,0.008261217191204373,0.011130230680281405,-0.6631419585294718,-0.6558119719809897,0.06748504925814071,0.055589431156771965,0.0581158092096826,25,504,0.0496031746031746
2022-12-30,26.0869332800097,21.4230659800922,0.12945263011473473,0.1185670557367329,0.09511559410957023,0.08942277177118799,0.04772072385174435,0.05347342795905263,-0.24394065763328515,-0.8050541528627191,0.07342470933136576,0.06639540323473993,0.053483152854956494,25,504,0.0496031746031746
2023-01-31,24.75377415542575,20.3203063512706,0.12316087609441655,0.11308872577339857,0.11740879601535717,0.11589111027487466,0.02448186284664952,0.025877074226438382,4.197630088527668,4.193615346385574,0.05677385107346086,0.051608282286820906,0.05558292062955757,25,504,0.0496031746031746
2023-03-01,26.343679728120687,21.31733824214101,0.12339353839374687,0.11334667141565367,0.11081539535552092,0.10996691583633982,0.029609013202553505,0.03035086542257419,-0.8213014756478171,-0.6756728166125822,0.052345531153761275,0.04661605519015073,0.05595479579583961,25,504,0.0496031746031746
2023-04-03,26.698019727578572,21.734041905444702,0.1199987417475871,0.11101929179293359,0.08540887216164975,0.08604723555814758,0.054536674679194486,0.05356036217071611,6.399472400352846,6.63615081773861,0.05815109374152978,0.0523150108341731,0.05434745338219552,25,504,0.0496031746031746
2023-05-08,26.38569146772047,21.19841927045737,0.13049397724548573,0.11804881589074782,0.09750502716958467,0.09548909172352937,0.03450378915952934,0.03674567316300498,6.387352417590855,6.780209908781549,0.09533877166800883,0.08389744322048844,0.05711507583153187,25,504,0.0496031746031746
2023-06-06,26.80988270034155,21.50777015576713,0.13214800487975797,0.11942535863446144,0.09477803844085982,0.09300073977934913,0.03531844914173936,0.03744486361775763,8.700834315765382,8.891562254192452,0.05580490132147442,0.04983240985611712,0.056874761661653214,25,504,0.0496031746031746
2023-07-06,27.2616881698084,21.820326789178207,0.1337554186447889,0.12099668010205081,0.12411972208065714,0.1209836004223222,0.005924394015529216,0.009364625232728518,3.881211794652282,4.027030947292195,0.04043801271649839,0.034903252757132186,0.05670471095320372,25,504,0.0496031746031746
2023-08-04,26.88244982445264,21.623877627728444,0.13087186818137747,0.11880680359748576,0.11856492037685491,0.11457839455137962,0.012008893954068942,0.0161663415507219,3.086360538638284,3.1121292610038274,0.06407314311948205,0.05564313861401644,0.0563587081879333,25,504,0.0496031746031746
2023-09-05,25.705472093918676,20.73562006718411,0.12641119303899792,0.11490662696596825,0.1449856402355045,0.14410955039907844,0.01567975607450786,0.014778638664135896,2.027156414913619,2.0229205398412535,0.06226804382679566,0.05492601989513963,0.05753548077401561,25,504,0.0496031746031746
2023-10-06,26.941615463150764,21.893078641750208,0.12741455018650458,0.11632406475838858,0.15322112509146305,0.15359075874742964,0.02438817538045615,0.024583835653188002,1.7566658644919924,1.6107992777896993,0.057972770951503154,0.05214175251835076,0.054568880764705445,25,504,0.0496031746031746
2023-11-07,27.590715528024624,22.620016256440085,0.1298805175677247,0.11854913846531329,0.10970522182268248,0.10597792397968561,0.020663184302101553,0.02453564337229694,5.331763845696698,5.912171229985448,0.0624495228173971,0.05664776812661073,0.052253705491128156,25,504,0.0496031746031746
2023-12-08,27.927392906418685,22.649494759577742,0.1259994691264306,0.11496493044100072,0.11485236264860743,0.11206417492593389,0.01441079196803527,0.017295249800006338,2.6969108572016838,2.6938352402230503,0.04298645818507493,0.03978948768242724,0.05396141901417128,25,504,0.0496031746031746
2024-01-09,27.034322702671584,21.907527875788574,0.11986823603084028,0.10998452381832668,0.15821452014950455,0.15602934750129124,0.03035983110944887,0.028236004422844102,-1.8415878382016628,-1.7249486273671286,0.06943305490687733,0.06138747601367958,0.05557743057384957,25,504,0.0496031746031746
2024-02-09,28.722439858106924,22.799479862933627,0.11673065720642364,0.10716890702189051,0.1307975167779445,0.1308483552469972,0.0032886209008398948,0.003342424650367243,2.367242694268819,2.3216052862720145,0.07108131164809472,0.061071682610591066,0.05702074015777804,25,504,0.0496031746031746
2024-03-12,29.584706948107176,23.417357260799214,0.11478225050286983,0.10563577141878366,0.1443104286558605,0.14620728921568027,0.017707907039874904,0.01961697589531955,0.5845219198559202,0.8496446980886804,0.04327737255933134,0.03866754378870822,0.05655779686418419,25,504,0.0496031746031746
2024-04-15,32.44967749145296,25.434197685833357,0.11515281729284708,0.10574381896700176,0.11041141864593836,0.11061875918241333,0.008768623861390198,0.008963087251208507,3.1827265192263092,3.3507676973639655,0.13080138050187132,0.11269403325888754,0.05427722206852516,25,504,0.0496031746031746
2024-05-16,33.68397183876439,26.348336887613502,0.11817304133506278,0.10807853863460494,0.21984233087693444,0.22076218167156694,0.10286441823293799,0.10315776714446419,8.093931762369008,7.901107425529675,0.09245762536634003,0.07934422416787495,0.053121677188457506,25,504,0.0496031746031746
2024-06-18,38.77250301390966,28.346164685823776,0.11660670172131837,0.1068689384195703,0.17641187983015222,0.17257913264923708,0.060805075485800206,0.056011822425027114,2.8638513528923752,2.930022140614699,0.19032545981432758,0.17139847584340287,0.06330657964731567,25,504,0.0496031746031746
2024-07-18,40.44281650936293,28.590303764555003,0.11425997392821058,0.10238528322438778,0.19912356970583592,0.19907631427041278,0.08255796159112888,0.08177634156462776,1.9805640716384865,2.0314854902179054,0.08047445730935408,0.06838720181703414,0.06670381398417523,25,504,0.0496031746031746
2024-08-19,44.17502138357491,31.18647116385556,0.11728876568429954,0.10493067492444079,0.10412796592130451,0.10298934670054338,0.016251730375811943,0.018008842972790373,5.023510294089062,4.976895190750076,0.058130042349645895,0.05085276399741428,0.06273479818841077,25,504,0.0496031746031746
2024-09-17,44.2378338140928,31.091438471498634,0.11545663119582499,0.10342117168772554,0.14587349248649473,0.14546508931647395,0.025127823939059032,0.02422130121217482,-0.06643472929212392,0.10418361092183849,0.04056864562082477,0.03499436114041655,0.06352218513025584,25,504,0.0496031746031746
2024-10-17,45.88999740420015,31.862016308484936,0.11884581610088894,0.10549240786140084,0.1461128977501352,0.14738605496066223,0.026303233384082678,0.026898294600416373,-5.585201473608734,-5.681970669689839,0.07773801989448179,0.06712696137229013,0.06357430726554728,25,504,0.0496031746031746
2024-11-18,50.576978080100076,34.95867916959156,0.12454293697700936,0.11007532678894079,0.1282765206364861,0.12400304744309545,0.006712837221228729,0.0016338376127556647,3.2333089303545246,3.1926770913549363,0.08053582986604642,0.07282522099038927,0.05979392025801313,25,504,0.0496031746031746
2024-12-18,48.702573222203455,34.35239134667012,0.12372888361110927,0.11056702521203768,0.19402857698266004,0.19187818984856483,0.0727739140050497,0.06985688898774996,-3.6872966353157555,-3.8198153979602982,0.06275045035047656,0.048968025647960524,0.058859824313947824,25,504,0.0496031746031746
2025-01-17,47.45308908425852,33.37860491623887,0.12095717848360367,0.1077607115815532,0.23223776294804868,0.2329732926584998,0.10699339842400479,0.10732777571036894,-0.5889382940882599,-0.7862027511644016,0.10408402759585206,0.0874671358435736,0.060261748429960765,25,504,0.0496031746031746
2025-02-14,50.44623296942089,35.214459182937254,0.1268323114875432,0.11201858929050212,0.16763680141919177,0.16819318685450105,0.03581733828093406,0.03613324091842404,-2.3026358973038468,-2.237852850571918,0.09221604115757567,0.08167015463558476,0.05842194568819658,25,504,0.0496031746031746
2025-03-19,52.30293923854257,36.86713506810232,0.1286929539067824,0.11418115638867145,0.22295054435678138,0.22389803905415187,0.08893687803983341,0.0897186795359485,4.576116699664765,4.536519262340673,0.0689226918456293,0.06032333515175929,0.055607709086128325,25,504,0.0496031746031746
2025-04-23,48.9293155691744,35.96658583378505,0.13134518128672504,0.11809807470053035,0.1663646286798519,0.16865346181466856,0.027062878386078904,0.029319675969442904,3.310566305745088,3.2749858788877253,0.1088885698564014,0.09245630025478707,0.052838825469005514,25,504,0.0496031746031746
2025-05-23,50.57248166685629,37.39703810227233,0.13688304395429873,0.12249849061594638,0.10819373436497219,0.10743457072989752,0.03365564896478597,0.03455072938449118,-1.474882661553547,-1.2991774708975035,0.05299933287657152,0.04634434912586803,0.05072688770719319,25,504,0.0496031746031746
2025-06-23,51.18398476252981,38.13059383192936,0.1357131278910097,0.1221167399148634,0.09265004255052356,0.0915971777829977,0.04963027087812877,0.05075721050926696,11.029959458302246,10.899281242502862,0.03650165191310901,0.032543540041984335,0.049408478830615055,25,504,0.0496031746031746
2025-07-22,50.673437888265646,37.72507060453345,0.13504504611939133,0.12123735394895309,0.1424574074691202,0.14128996155255025,0.00022037536130950497,0.0009756465894729949,1.7528886426692092,1.675582528202496,0.04681676083384768,0.03895201799725622,0.05002338117166185,25,504,0.0496031746031746
2025-08-21,52.33633706419673,38.81064393304913,0.13328301371508097,0.12022132669160726,0.11462939565849117,0.11528325480476266,0.028922568954033084,0.028151650913955148,-2.1309497428025845,-1.9212107000306506,0.05122376006825843,0.044715854412608155,0.04965309088434577,25,504,0.0496031746031746
2025-09-22,54.96407173750332,40.55722670803685,0.1353512341179804,0.12190610740054447,0.12665895157044527,0.12591644545818992,0.01745491698331364,0.01805367978856265,-0.02661766406235769,-0.07847287459696158,0.034592115306359146,0.02949902236606909,0.04899198732517772,25,504,0.0496031746031746
2025-10-23,56.64897786257147,40.77431394328769,0.13680153362901878,0.12237332860838443,0.0825440926284053,0.0833067710079126,0.06105965751639254,0.06005360142446249,-1.2189381943116537,-1.0114850407041511,0.05312160774494415,0.04755093554630755,0.051478282439179505,25,504,0.0496031746031746
2025-11-24,55.9852614299487,39.70605384679431,0.13827829346206671,0.12286342656209881,0.1397590716984795,0.13888277620888323,0.0014801493521794384,0.002186135228196273,0.29039806492889836,0.4513687665115986,0.05304876887731856,0.045255599180576735,0.05403850699668701,25,504,0.0496031746031746
2018-01-24,25.14776731419795,21.924457052090677,0.13213777870640703,0.12487449621291281,0.15376417574125464,0.15314030388784347,0.026929062316987523,0.02610885152303377,-5.964880657098919,-6.115379817426564,,,0.04098684889649954,25,756,0.03306878306878307
2018-02-26,26.456129420265643,23.0630484659005,0.13362020913493045,0.12641038837539761,0.10559076131409537,0.10595322319041652,0.022016984345422957,0.021844296927082493,-3.6811891767888354,-3.7254032581360272,0.042965622751477486,0.039730764300857424,0.03956811562386686,25,756,0.03306878306878307
2018-03-28,26.749759319119818,23.289715262157298,0.1334371087172347,0.1261789082505335,0.08269007353105004,0.08156171605626443,0.04415621828029839,0.0454566314771714,5.733553773713003,5.863680496772492,0.03762450902833016,0.03479806787593225,0.039679960444902074,25,756,0.03306878306878307
2018-04-30,27.51931269538885,23.87259834796383,0.13327307517533676,0.12591487923224473,0.1076125499819735,0.10689636362180983,0.01852908370981382,0.01941287047710287,-0.797759849199492,-0.9072874884364717,0.03128246437022805,0.028379452079769253,0.039793523254702146,25,756,0.03306878306878307
2018-05-30,27.893341128024108,24.021735110054365,0.13211927729600528,0.12438742376630703,0.08436788283644538,0.08281284038919565,0.03864801949291048,0.040449170267451484,-2.1917180887009406,-2.597801027686007,0.06318904321520516,0.05881188457204283,0.04091382552823738,25,756,0.03306878306878307
2018-06-28,28.14330248709467,24.183501230972464,0.1318322830190334,0.12427772997518163,0.11473976079263529,0.11561343580841574,0.006771695449477727,0.006208985731618599,1.45578226716433,1.483633597588555,0.04768158951206461,0.04336167086026193,0.04121408717477372,25,756,0.03306878306878307
2018-07-27,27.78851908007619,23.983824733185234,0.1359413851835037,0.12795350264725575,0.11957443598892059,0.11845606779972973,0.0007405915061444446,0.002302467978587283,5.137285262153712,5.1779321671061815,0.03606005285082781,0.033793685826959144,0.04073778049805172,25,756,0.03306878306878307
2018-08-29,28.16499062283675,24.34375327670477,0.1354661458705238,0.12782823671651267,0.12483528747136244,0.12631895350182537,0.005567187832849235,0.00661555169419345,-6.516515249039926,-6.582514608304754,0.06406208784424025,0.059392763819180065,0.04028271280182932,25,756,0.03306878306878307
2018-10-01,25.789381729858594,22.68518098423187,0.1264745518328125,0.12004276866024656,0.20972746260166739,0.20888184415781882,0.09513541820316322,0.09396643353315932,-3.9895206317630603,-3.9013604271587106,0.11641445115882061,0.10886026969189064,0.036180534764095135,25,756,0.03306878306878307
2018-11-01,26.490356587455324,23.289351711284894,0.12585296194247397,0.1197497532114172,0.12767139514567874,0.127246299806379,0.0112280699138705,0.010533004060053641,4.822258573958038,4.8438156485638855,0.05811295026992281,0.05516418657164346,0.035695610582885465,25,756,0.03306878306878307
2018-12-04,26.346654072261146,23.227935588624057,0.12578857902714977,0.11981755654958573,0.16451007700678805,0.16410499335627224,0.04729169011659168,0.0466704537237983,3.2086661731505837,3.1935816421601397,0.0392884715603118,0.03756259083034528,0.03538348830563399,25,756,0.03306878306878307
2019-01-03,27.127840639194964,23.887067659856182,0.12518070365945522,0.11935822983453322,0.10703238248267474,0.1074894110662569,0.011903704216707223,0.011600465756385653,-1.9401502941402438,-2.0729409097128237,0.037480934523262614,0.035491127904731516,0.034850040883647584,25,756,0.03306878306878307
2019-02-01,26.503879616967193,23.30965783180016,0.12621102661278438,0.1199623451938477,0.1619687289823958,0.16069093179087654,0.04305714973242665,0.04161488919891354,0.25215250565371444,0.39073462471471665,0.034559272316282655,0.03159233026666057,0.035714521168364606,25,756,0.03306878306878307
2019-03-06,25.411050273825666,22.23524978936341,0.12304594848100076,0.11659645998855492,0.149906958373476,0.14942229817644193,0.03042778630814011,0.029856088920012944,2.765375365471191,2.813568304116274,0.06638696118989246,0.06374174567200297,0.03766269138079499,25,756,0.03306878306878307
2019-04-08,23.83442432668072,20.845582246231114,0.11640881953298088,0.11031860504560138,0.10505543731492213,0.1031684508832618,0.013778479248110653,0.01557220040532474,-1.6968251204602924,-1.8732902810182643,0.0694523366779946,0.06616459994962398,0.03881323696194263,25,756,0.03306878306878307
2019-05-13,23.037487764296884,20.187769356868497,0.11472005054225211,0.10892499958130139,0.12645151376543767,0.12711411381911614,0.008521864524455247,0.009291434307352534,2.8876933007014727,2.7808043496897876,0.04280821822214036,0.03929560362944607,0.039394223138531186,25,756,0.03306878306878307
2019-06-12,24.4841802105781,21.43357495936341,0.11916582922030092,0.11302872558198394,0.12052940851434682,0.12058623665968077,0.0032946157942713994,0.0033206191696748405,-4.128739762093034,-4.235265460931545,0.06466723373233248,0.059267746065503474,0.03852518181874181,25,756,0.03306878306878307
2019-07-11,24.87061654075509,21.797651475928653,0.12091393920117761,0.1146543710611653,0.14264290949653638,0.14307749226185587,0.024638280147845845,0.025028736840375765,-6.0795414398221315,-5.894162978822268,0.04442493454438035,0.042009673837747556,0.03792822717441075,25,756,0.03306878306878307
2019-08-09,24.883824440151695,21.741878551915672,0.1220531448255954,0.11562356082858471,0.13137299408587222,0.13096865468752225,0.012548956940643716,0.012079039608281217,2.407989557110272,2.3292058484300133,0.05713701772662458,0.05348274943002795,0.03849353977993369,25,756,0.03306878306878307
2019-09-13,25.259730297151197,22.075903295615323,0.12366405844324253,0.11706242510287196,0.22651436694144994,0.22120838443210644,0.1080034553880617,0.10252655912472881,4.149798696200744,3.990165637265724,0.03541172893851285,0.03316053453173444,0.03794421896474898,25,756,0.03306878306878307
2019-10-16,22.78414898096937,19.064739240460828,0.12143779845974222,0.11236164445716762,0.14572153463222468,0.14177790384202266,0.02406849056445856,0.019949827428828212,-0.5026727012622086,-0.4215542288485997,0.09394850789335807,0.08346103756179252,0.055106035714309096,25,756,0.03306878306878307
2019-11-18,22.252588247928664,18.510506692405272,0.11814554001622436,0.10938356560831376,0.06538306406394424,0.06849711871611512,0.05642611097473153,0.05344558392338286,6.2591983578829735,5.549537409238961,0.04039698498829304,0.036659627122608784,0.057001576817706,25,756,0.03306878306878307
2019-12-17,21.736524704362324,17.875258720008894,0.11593493948553363,0.10690925603431589,0.1363604305457748,0.1299579762301445,0.01790913222797981,0.011268685784393342,4.236868401910378,4.487334216860238,0.06595100467265955,0.059823934306181374,0.06059538691334989,25,756,0.03306878306878307
2020-01-16,21.860653495490407,17.93904277499141,0.11340642315538504,0.10510357145311375,0.1344828711681118,0.13572898819925278,0.01575199511278931,0.01686913904496938,-0.3929145532455813,-0.5425309431473856,0.04137805374377066,0.03592339727206247,0.06092605643852207,25,756,0.03306878306878307
2020-02-14,22.447812691688675,18.330705172074463,0.11523040763363362,0.10626223474460592,0.3129170268003661,0.3176093859408808,0.1939158443111418,0.19838766897970606,-8.383604088491648,-8.483984578610817,0.04299329813133503,0.03908705421698082,0.06068034665315487,25,756,0.03306878306878307
2020-03-18,25.673470222027653,20.982158811051416,0.13120901467148957,0.12075937285406155,0.5965447609838586,0.5941730992624951,0.4678665147272689,0.46513755537392665,0.0348775815495693,0.09688429675923335,0.12353265053124221,0.11704304964509374,0.057147870061448794,25,756,0.03306878306878307
2020-04-22,28.316015726309242,22.431199203844553,0.14407196821787,0.12903336399050502,0.18542420889978958,0.19063136225201546,0.03222047840452252,0.037687848401312674,0.1695063690602841,0.05730210198139841,0.26151414475533197,0.23758829441607737,0.06323536323988621,25,756,0.03306878306878307
2020-05-22,28.816801079681724,23.028404955655787,0.15408169562161209,0.13775336782935488,0.12034941375765489,0.12391474815187012,0.0332799524177428,0.02988234391571215,9.436717499514062,9.499639919610559,0.059783318489506417,0.05621654079080721,0.06022308132238269,25,756,0.03306878306878307
2020-06-23,29.000598733224685,23.26810660409415,0.15862410972295407,0.14152024229032936,0.09186791491728483,0.09774382601344887,0.06209787638623637,0.056654049575683915,8.163480310876356,7.684782890656506,0.042124415322229034,0.03852236855514156,0.05869731661375635,25,756,0.03306878306878307
2020-07-22,29.41274379597277,23.525301002722827,0.16128824658686647,0.14374019425101323,0.1232722127494603,0.12157050516587675,0.030445497925386186,0.03275292288407264,8.489276204039713,8.859362858568636,0.03214160689842334,0.029269777582280682,0.058250226620654814,25,756,0.03306878306878307
2020-08-20,29.132506693276532,23.26432848385243,0.1626712862394057,0.14435351992428727,0.2873363617510062,0.2841933852506522,0.1328845063035191,0.12905507331959676,1.3078388064435453,1.5252367458459943,0.0419002766505144,0.03753884144706986,0.05866593736117759,25,756,0.03306878306878307
2020-09-18,29.137150127557447,23.207026529951857,0.16074211471248878,0.14212594923488692,0.15726694347701145,0.15966161444061266,0.0017508375882460403,0.0002244296974546478,-1.6671973656193044,-1.5716616751576427,0.08148764203785097,0.07491155430824971,0.058849332624183355,25,756,0.03306878306878307
2020-10-20,29.116748501242135,23.337726996662607,0.1635640630094141,0.14498268211376225,0.17976764136289106,0.17000150373552722,0.020592911116099955,0.010282660385218467,5.643750153824643,6.033279073485613,0.03899854316139026,0.035924595042874256,0.057496441193039455,25,756,0.03306878306878307
2020-11-18,28.940765110725597,23.172450199699874,0.15776869057969023,0.14058965731360823,0.1789247346489445,0.16996848804333278,0.01891486380201493,0.009657305352872764,2.169739613056998,2.5399232812841577,0.04941922469188353,0.0427015990742202,0.057931746318658016,25,756,0.03306878306878307
2020-12-18,28.795243514189263,23.111479580474274,0.1516918447166637,0.13599817759823535,0.12336539221190226,0.12629894883721263,0.038398654097957174,0.03553094032125639,2.2923144029075324,2.3852070316287257,0.03826059167130358,0.0343556101971595,0.0575299276886007,25,756,0.03306878306878307
2021-01-19,28.910986397625553,23.381101195237306,0.15620891383828248,0.14022041927554604,0.15034871927254467,0.14791665258665698,0.011569813749135849,0.014234912651038656,9.076956024738049,9.364675312983463,0.04050619900334486,0.03777948021364035,0.055718851142910746,25,756,0.03306878306878307
2021-02-18,28.349898060051853,23.01541168019238,0.15898025179426992,0.14245921630788944,0.19051669741597912,0.19160541762108935,0.027736457656412333,0.02845904092075152,2.1879397568690386,2.191386840145053,0.044538877738856966,0.04063831230196965,0.0553755055937179,25,756,0.03306878306878307
2021-03-22,28.199965409067676,22.86243959546291,0.16253805028866394,0.14466789432084468,0.2779885507912901,0.2707562196955537,0.11478404381215254,0.10698515401332304,2.193349397583693,2.223376094532735,0.055846383425877826,0.0500028993620413,0.055279203324261846,25,756,0.03306878306878307
2021-04-26,27.78469640277553,22.76180738262297,0.15798488708600622,0.14174097255307533,0.14687021044157242,0.14451635780514965,0.02074052576294222,0.023367806359300247,4.196751027364192,4.641088822357118,0.05924264464645267,0.051102712751692085,0.053479117912924194,25,756,0.03306878306878307
2021-05-26,27.580407173434388,22.538256311992797,0.1578084336451177,0.14114780799515358,0.13982511168302728,0.13560142718653057,0.028886583940821026,0.03337039982793183,9.20307196787587,9.173044527322734,0.026668082157205463,0.024765348388605626,0.053933777032451814,25,756,0.03306878306878307
2021-06-24,27.16566673787417,22.20646185967723,0.1575423034219893,0.14063174622544433,0.15374615565150912,0.14657216860271474,0.014943454802236189,0.022410864149767645,3.611316986133603,3.7817707976767,0.03272711548645865,0.0293591915552612,0.05427108154248538,25,756,0.03306878306878307
2021-07-26,27.09418720221088,22.039263607120134,0.15444807893809878,0.1378209845227992,0.19154194652456993,0.18811249676316993,0.022672244595488528,0.01905287461294139,-4.174876372027689,-4.283012420700016,0.039365001629320676,0.035441202376269035,0.055326113028834674,25,756,0.03306878306878307
2021-08-25,27.219828351078718,22.071657207754804,0.15229268302196447,0.13543069869292476,0.11682614353132878,0.11766220656191682,0.053993918852068445,0.05320274127137077,7.959139034286813,8.21258875887118,0.043084656637721666,0.03813249838693304,0.05558569397557778,25,756,0.03306878306878307
2021-09-24,27.398278163833798,22.216759783180642,0.15563925004621285,0.13795833187764728,0.1343637965092973,0.12857831649955867,0.03647330380656269,0.04242727197639473,4.025281463898555,4.0538195743143355,0.028382914735178753,0.024890315189071508,0.055163133970153086,25,756,0.03306878306878307
2021-10-26,27.402007520088926,21.997073577665265,0.14967523194779725,0.13276433391050327,0.15137482626032386,0.1497419893904266,0.019314912181476768,0.020918911016377856,3.56482311476657,3.2765721893914574,0.032111493436730976,0.02930979166254288,0.05699799821934571,25,756,0.03306878306878307
2021-11-26,27.38531679271007,21.760118089809243,0.1494872541833871,0.13185472820468,0.14495283165241768,0.14775409261974778,0.023605630157724877,0.020827463359908482,-0.8162599143643099,-0.8089097514255928,0.0406923578086711,0.03688373093307998,0.0591322376429335,25,756,0.03306878306878307
2021-12-27,28.404495953078985,22.59580936241277,0.15568209723932028,0.13701680068788272,0.14181993124158473,0.14168728507649364,0.02616114219022944,0.026586976510404148,-0.7780721627621461,-0.7905682597986998,0.04076063656407327,0.03672617095575791,0.057291586985467755,25,756,0.03306878306878307
2022-01-25,28.3987740540922,22.561790932177903,0.1610895499060835,0.14087704386406666,0.1321048253283632,0.13484101265671625,0.0342424014847158,0.03206142318181204,-0.44541205132311296,-0.38687948025625735,0.039236680479618875,0.03413086019813995,0.05762139167562563,25,756,0.03306878306878307
2022-02-24,29.11831150765014,23.157894350017216,0.1638557710136209,0.143398979615637,0.27060509717151066,0.26886857963559524,0.10419129472797889,0.10177584150483096,-1.8929360196715435,-1.7212807694063734,0.03199664926209163,0.029180783386317057,0.05618804045568642,25,756,0.03306878306878307
2022-03-29,28.80065340943388,23.20198057095164,0.16633722489293384,0.14525015781935263,0.18424794496104646,0.1814590579841359,0.014233620322669033,0.010932067978536492,5.914346032259068,5.998221963868941,0.05659895847721072,0.04983883633241751,0.05449969631544295,25,756,0.03306878306878307
2022-04-29,28.693755359041404,23.0990365836174,0.16725161870970068,0.14547077188474147,0.21892842799241954,0.22022193523357317,0.04854309398071266,0.049302596344482946,-1.6897915325634656,-1.8940437613202838,0.03798880815375668,0.033096432859573165,0.05464221707056464,25,756,0.03306878306878307
2022-05-31,29.82808103227663,24.12122724746757,0.16953798572935797,0.14830209613465628,0.15356186164226224,0.14969037182580622,0.019869681147230006,0.02424484052216802,-6.05102271972893,-6.0116691067799835,0.043678910141975585,0.04009852668636406,0.052127260437937126,25,756,0.03306878306878307
2022-06-29,29.17752057988956,23.653253467044504,0.16539989792276433,0.14503379683734427,0.11409044901256267,0.1106577093510985,0.06056817932665308,0.06430685826365798,12.157541575615127,12.368345045935524,0.03035368774543767,0.02670869810866661,0.05237327360262275,25,756,0.03306878306878307
2022-07-28,28.531263124130664,23.102988774800753,0.16158944746845838,0.14198805711048673,0.11062361091408815,0.10722736740352977,0.06401234501236111,0.06758658658072574,10.15448674192378,10.360779135771967,0.027606891693975028,0.024386895645981607,0.05353248240318715,25,756,0.03306878306878307
2022-08-30,28.460176981187267,22.99165082142597,0.15834573692230375,0.13941505474893215,0.1674779161090769,0.16343203349248892,0.006886640422118145,0.0110087618015422,0.33541159956714467,0.29652704943627495,0.03662596458400947,0.03287778485070228,0.054207356890814413,25,756,0.03306878306878307
2022-09-29,28.659111111894042,23.11572166799494,0.1544473526221227,0.136572159422205,0.11343754626437264,0.10950444587415281,0.06133057601439684,0.06516661513938829,5.251607650165302,5.5533770131887,0.04434233625746306,0.039902736815834984,0.05442427621582964,25,756,0.03306878306878307
2022-11-01,29.159728528257684,23.931603951291848,0.15790438306356072,0.14110808490152488,0.12523893876208406,0.12204340580884736,0.04750640292231345,0.0506907968000823,3.3620905970460035,3.5986637572613196,0.05844901830753014,0.049345210044560925,0.04922731319543949,25,756,0.03306878306878307
2022-12-01,29.309950459438205,23.89107555712238,0.15554214880707298,0.13872180356383096,0.1301411082990806,0.13700816639783583,0.04263313847411529,0.03568725635381784,-1.1562335980190073,-1.0489676280340539,0.03280613700330893,0.029421127830012016,0.05024385102860802,25,756,0.03306878306878307
2022-12-30,30.316402082741718,24.92385510010935,0.15961999012543604,0.14318461822219647,0.09131184619203798,0.0884335970251083,0.08186174329948238,0.08480602670502442,-0.3431800119889114,-1.0704809180072132,0.03357467423057412,0.032597786817769925,0.047501575810112086,25,756,0.03306878306878307
2023-01-31,29.97827576402695,24.720527378196596,0.1600306945134154,0.14382494052800202,0.10135724519756366,0.10410724243883918,0.07162807847904872,0.06896999435070902,9.656027340513907,8.800316026913576,0.01925025605759551,0.016760154972885872,0.04729893053940472,25,756,0.03306878306878307
2023-03-01,29.89838219560194,24.673186905896234,0.1586070255885801,0.1428911858735784,0.14525943628720406,0.144951549758901,0.027302260506011505,0.02769063669430505,-0.84486971922812,-0.7665455335911894,0.03512563369252726,0.03347601823641944,0.04727661890902181,25,756,0.03306878306878307
2023-04-03,27.552138928040314,22.598576255182483,0.14219288949682912,0.1282510439629395,0.0790921423922643,0.07935727229778461,0.0870098694024929,0.08652137665787804,6.5863609042042315,6.9359263351782685,0.10025115113688836,0.09613758742391915,0.05030017813563567,25,756,0.03306878306878307
2023-05-08,24.621184045846594,21.10226815799453,0.12492682698878406,0.11672182536635328,0.09631764232382858,0.09542153812007034,0.04724755486894597,0.048191658792174824,6.411136043028657,6.623732575028189,0.226608734349877,0.21146115646313787,0.04137037504093518,25,756,0.03306878306878307
2023-06-06,24.348398765617855,20.765255281829578,0.12060348700185543,0.11243510067288558,0.08947812673882856,0.08875016590549654,0.052088974127213125,0.052758372786374255,8.601433494030264,8.709197174862224,0.051877570434641945,0.051050515144016845,0.04250177292397192,25,756,0.03306878306878307
2023-07-06,23.797365449463022,20.285483977298064,0.11778881001923329,0.11010226856399398,0.10839217148627016,0.10745961909953346,0.03202905456123405,0.032786190617664815,3.8498646291285348,3.9404409156841194,0.044950063081549065,0.04164650006642782,0.04320147335230777,25,756,0.03306878306878307
2023-08-04,23.238256076522582,19.812477662403182,0.11787654368006395,0.10987839020780811,0.10795965868132568,0.10596327333900774,0.031682568210777584,0.03348475999768838,4.302245534072482,4.2938363436780564,0.051930301255082634,0.046664944385300375,0.044152127420706934,25,756,0.03306878306878307
2023-09-05,23.2885517690109,19.949287171183066,0.1186810156283745,0.11080696023388877,0.14209671821752004,0.14237186072329536,0.003473836040515099,0.003918528502850849,2.357523042961665,2.361643998743277,0.049523520832313546,0.044465999054299876,0.043060335800528614,25,756,0.03306878306878307
2023-10-06,24.21292457131044,20.860141727565956,0.11438972433383245,0.1079586796858984,0.1588446854573252,0.15885132934129872,0.022927173204691287,0.023079049611531705,1.416598777262317,1.37308171949684,0.09501387064544566,0.0890757215909011,0.040743272126426464,25,756,0.03306878306878307
2023-11-07,24.27371556998873,20.94954098988193,0.11356934217495533,0.1071912385925665,0.09854088711802322,0.09612345720320102,0.03640055014611987,0.038676544417184225,6.06652495085477,6.533372361529996,0.04246111469768766,0.039174584341483965,0.04032903523644632,25,756,0.03306878306878307
2023-12-08,24.457147845043572,21.116180722945824,0.11406533618465765,0.10785212605899971,0.11837384641777975,0.11634809503540447,0.014821058738285917,0.016801301219261183,2.2380202107258858,2.2643207899418876,0.028928254629128073,0.026857391754381954,0.04003795795820755,25,756,0.03306878306878307
2024-01-09,24.85095215700187,21.466727925764353,0.11515024872653021,0.10886456003617927,0.15467712096798855,0.1530752841859148,0.021935161811776793,0.02038357637310509,-1.385521781292844,-1.2423676265678498,0.03717082675504759,0.034398347055965645,0.03973450153883564,25,756,0.03306878306878307
2024-02-09,24.709531600798638,21.22870639462323,0.11069198757730123,0.10468558099543229,0.1235641077449549,0.12430798034061857,0.010039706243804666,0.009143365001130388,1.6947248599448215,1.675701577838152,0.043994526220552416,0.04065947230562985,0.04084232132678427,25,756,0.03306878306878307
2024-03-12,26.350041607156914,22.555168680680797,0.11330556825996897,0.10698158526654902,0.13357499626717018,0.13593917372794057,0.0009586888015493122,0.003415323364838879,1.0141541431440433,1.178613394076387,0.036063861438841924,0.03380136845084232,0.03956117624234073,25,756,0.03306878306878307
2024-04-15,27.36342233481406,23.461244618590555,0.11416192788580133,0.10775540732864766,0.1169080241257867,0.1167121495372949,0.01582808559131489,0.015891459868773924,2.840999213635857,2.9315855978569405,0.03889622874773729,0.037087261204956284,0.038385928691460285,25,756,0.03306878306878307
2024-05-16,28.30071749326256,24.07157507394544,0.11796107271158614,0.11062605372875116,0.2220390363860289,0.22308516951921248,0.09379914683608659,0.09477306631321128,9.128240941562703,8.884655687041858,0.055557932414266334,0.04975811630219628,0.038637744634388606,25,756,0.03306878306878307
2024-06-18,31.63444080099309,26.413357776444222,0.11828561358176502,0.11098831000649251,0.18591697875261662,0.18268903179684914,0.05412141141641447,0.050858943936858025,2.2409454124110764,2.3179285858081946,0.09155042507712946,0.08589862166238324,0.04119273825515768,25,756,0.03306878306878307
2024-07-18,31.991901959338065,26.569074069876056,0.11564806858431448,0.10833202554863502,0.19034927509071523,0.19049883617462546,0.05625759640092948,0.056573577250310536,1.618415051961514,1.6726083001542846,0.043025696462126686,0.03772176487574576,0.04184594413748563,25,756,0.03306878306878307
2024-08-19,33.07244513566938,27.616612778279297,0.11530211853321966,0.10856973600778762,0.09627458311902018,0.0962648493840038,0.04024694563131337,0.04001455468809391,3.5362796986963896,3.6014098150574942,0.03813720126338003,0.034923081748299736,0.039994549703440935,25,756,0.03306878306878307
2024-09-17,33.18690271878771,27.61110903636579,0.11502148814032505,0.10834870795243767,0.15043093856928186,0.14989100366055574,0.015394156245516266,0.015095901837039516,-0.07660929409661052,-0.00919309721788847,0.045153118016209304,0.041121259587802904,0.040679580207546764,25,756,0.03306878306878307
2024-10-17,33.20649393188043,27.692513736890813,0.11521399388656685,0.10878954158149222,0.14977106605497956,0.15025467383788194,0.01460221171996548,0.015314136349797086,-6.268661946994107,-6.253715215543953,0.044130310299643684,0.040393322325646144,0.040229116872109824,25,756,0.03306878306878307
2024-11-18,34.289564818492224,28.668217509694777,0.1158754472291082,0.10950091828436244,0.15136515392707367,0.14812594792702485,0.014597214380489804,0.011612179855497756,1.1258919320172156,1.1900001684336883,0.04329982231518531,0.040544509512708084,0.03895655437585228,25,756,0.03306878306878307
2024-12-18,34.20617186205933,28.52644706182851,0.11150395884698144,0.10564370977649758,0.1853978193046996,0.18608668290384134,0.048320119160391806,0.04937078223493824,-3.505155640143968,-3.563366612265917,0.04884221846121781,0.04462895134595711,0.03949040098409345,25,756,0.03306878306878307
2025-01-17,34.849420717833965,29.186193114644308,0.11233830212276691,0.10669954615108662,0.24592836773874355,0.2452158692161804,0.10779144072182748,0.10742688655347868,-0.7715038717744406,-0.8581813127370252,0.04656368528991327,0.04266122079583153,0.03853158618924935,25,756,0.03306878306878307
2025-02-14,36.39055243465902,30.34906206273314,0.11306249276529737,0.10707187945268468,0.17907945703628303,0.17864337056026033,0.03817457271923275,0.0381404752969578,-2.043180431911966,-2.0314246109679175,0.07754318824243649,0.07103465202161985,0.037900913415210014,25,756,0.03306878306878307
2025-03-19,36.83911813955742,30.723185274345983,0.11185296517368595,0.10618857804028098,0.21711006646376235,0.219060277883775,0.07538165879715814,0.07777841403717994,4.542958404306535,4.479206003192358,0.049945356308108584,0.04548160011928422,0.037585001630736914,25,756,0.03306878306878307
2025-04-23,38.79337314101749,32.33326488321674,0.11819442285506541,0.11169230242184362,0.17054940454451537,0.171716576526329,0.031243534865846384,0.03263867787624805,2.045818442506685,2.073867932219059,0.10869842255829931,0.09795953674377952,0.036261084038848194,25,756,0.03306878306878307
2025-05-23,39.59908057216489,33.02525607599219,0.1219983700832234,0.11494877678451403,0.11111343883503647,0.11045664683518508,0.02828973562528872,0.02881345034923985,-1.1796712471282926,-1.0930708689609872,0.05100053835092896,0.04636560045156277,0.035709266308271675,25,756,0.03306878306878307
2025-06-23,40.296230459152675,33.25414324848789,0.121263459076492,0.11412821895183148,0.09282094250790959,0.09209233434785818,0.041929625216297506,0.04262935032933776,10.134181168369649,10.088941392883257,0.09134211387771256,0.0829809595471839,0.03687650566254318,25,756,0.03306878306878307
2025-07-22,41.576464773216316,33.849269596806494,0.12146079013242278,0.11347365618125417,0.1458692119307303,0.144962816340573,0.012429208481944287,0.011538604284505427,1.7288225605248635,1.627040112371871,0.03597472907080647,0.03272406439778558,0.038078724561113275,25,756,0.03306878306878307
2025-08-21,43.29259170564401,35.050646839022654,0.12284885921956898,0.11445388737987988,0.11429584266414997,0.11481035458606066,0.019484212648115146,0.018954446826121893,-2.2658314364065566,-2.0686802059967864,0.030840248510498304,0.028381403551284875,0.03786182168800499,25,756,0.03306878306878307
2025-09-22,43.33013203988281,35.122999359328844,0.12237585283003861,0.11404504035948994,0.12598832220916473,0.12549479997370164,0.008294192124859712,0.008714935113789096,-0.4126173083979072,-0.4463036909724138,0.027558842317463667,0.025168043560928267,0.03785748121566862,25,756,0.03306878306878307
2025-10-23,44.37800284123693,35.84045982677509,0.1241496334174404,0.11511973969990093,0.07758233464829811,0.07877138283353158,0.05576455776777062,0.05453031934891639,-3.0252865820363075,-2.747754684427067,0.041789880427391554,0.036993125191061814,0.037920499228910345,25,756,0.03306878306878307
2025-11-24,45.449952491083344,36.56407497868498,0.12733022054495127,0.11765463832649982,0.1329278607803974,0.13292635557185223,0.0005360262804512128,0.0004969001189151778,0.2854931456339914,0.38023698790010724,0.031205313853782137,0.027854551532354253,0.03791239958505218,25,756,0.03306878306878307
2015-07-08,150.5810772862491,44.50871299657518,0.26426054565482676,0.11792280361701875,0.13910508324883672,0.12050385350780023,0.06206943915084698,0.028051038716431026,4.762178082523901,3.895053472529207,,,0.16321322232648666,50,126,0.3968253968253968
2015-08-06,182.08357165691177,44.6123581074494,0.2546124685488902,0.10329560755269657,0.321980988103602,0.2955688589919906,0.24447645610568525,0.2042270615517628,-1.5506310213565488,-2.504639985138468,0.5005757149037997,0.32543593698587897,0.16826142332726554,50,126,0.3968253968253968
2015-09-04,282.9085342930509,57.333374682225745,0.2903185312861744,0.12653470358249194,0.16909618081552388,0.1321830276908136,0.07199766477418446,0.01801914809055856,-1.4586834299393518,0.19473026036584315,1.0422345700136153,0.5930963876296431,0.19019371133650417,50,126,0.3968253968253968
2015-10-08,263.338692200253,59.98184064506278,0.23341686243352522,0.12867161978809086,0.10692252175545588,0.08667009330909729,0.005026730410540636,0.029110849401051686,-2.64871263512895,-4.1460408216150375,0.6049752926808403,0.28801949300852436,0.18096216069448548,50,126,0.3968253968253968
2015-11-09,248.6754659846699,45.79303994153372,0.2337483498416485,0.10986410928175996,0.1145557060981826,0.08797868461653215,0.019137543338732382,0.023015971841105154,3.113811860851416,1.372590291087381,0.4800452554997274,0.2965725722132109,0.22193709517903482,50,126,0.3968253968253968
2015-12-11,208.31513461750862,42.02623146744884,0.21964291894816293,0.10464266594193185,0.13396494039809592,0.11334624205309733,0.044975244895377936,0.007909265071971525,-0.9797650085210216,-0.9592449420053516,0.6134559538821427,0.27377596324995546,0.2336290135550567,50,126,0.3968253968253968
2016-01-12,238.16852076764985,47.00135370655428,0.2214638477533928,0.10691696512412606,0.18868674749084063,0.15581704312612873,0.10622278712119018,0.055878235853493885,2.7369057734706255,0.10064991850813505,0.6418735408621787,0.2632441277155142,0.22217112480332163,50,126,0.3968253968253968
2016-02-11,298.373036141081,75.19636446325734,0.22689753651165392,0.11947901181103715,0.15115678791808468,0.13577799936920507,0.06589219596267924,0.036696844768796824,-1.4601736228132904,-0.9476894289677704,0.9033919386986723,0.4200237746749167,0.15882765725376968,50,126,0.3968253968253968
2016-03-14,211.60383133229715,78.56503371386485,0.17090587297371496,0.10687037543385011,0.13159499946526618,0.11222490248784144,0.05075469286133606,0.02355163816343403,3.416403655395079,5.134563593020736,0.7284454960385774,0.4743726080371361,0.11901024442730175,50,126,0.3968253968253968
2016-04-18,238.2466823558977,77.63976108590721,0.16044831492900627,0.10200355522421227,0.13149644625386334,0.11228235448714444,0.053055917261723914,0.026086662007493128,1.0354174052101333,1.8575112324941998,0.6740620023099976,0.389859893281562,0.1258939397272463,50,126,0.3968253968253968
2016-05-18,244.08172316897597,82.16277892914282,0.1431876026677586,0.10328919061701888,0.08166749624244414,0.0648139019428142,0.0033343081616847847,0.02046815739470821,1.963604497331419,1.6332167492630862,0.5636069798775344,0.3416467965489012,0.12093646961449264,50,126,0.3968253968253968
2016-06-16,200.4534804400071,71.71871177198587,0.14757494076269115,0.10377540634864324,0.09906636333028325,0.08185778928026992,0.02449395227719088,0.0012130642204562087,5.145806016319003,7.349043177038297,0.3969071287185034,0.1894622409260172,0.12837767130422273,50,126,0.3968253968253968
2016-07-18,192.79275909240525,67.85584654065724,0.14613687192189706,0.10235252391140665,0.1288045815037358,0.10977162166800447,0.06092885868726719,0.031667719132008276,6.124607781754115,5.81179719581646,0.5349118240193516,0.2778034339728205,0.13327534440744945,50,126,0.3968253968253968
2016-08-17,149.05880645473553,42.003002306875075,0.13170143634412923,0.08254513404385178,0.10022870224206581,0.10499125327511302,0.030329276690947204,0.026055179320825114,-0.9879386363616205,-0.3317989353942351,0.5762046550704665,0.3100961143781798,0.18923315986521977,50,126,0.3968253968253968
2016-09-19,115.69395212876209,24.539179620342143,0.1378403957372696,0.0666236655260968,0.11161794052491862,0.12282371093405302,0.04502972092491793,0.04854546948082421,-0.34683889276511454,0.5756729120968085,0.46803356582129907,0.3169193803135245,0.23880412125406364,50,126,0.3968253968253968
2016-10-20,119.85404624627252,31.70200161372069,0.15329310530534546,0.07722753091845888,0.17224956993092524,0.15411853552301738,0.10421573367763412,0.07855435269144988,-6.19903966246215,-7.984550807115305,0.4437282642084635,0.29256785294776155,0.20593732548538393,50,126,0.3968253968253968
2016-11-22,168.843711851751,50.442780958944304,0.1730713852313932,0.09578159977241718,0.10651033083617698,0.08534606795278973,0.029313648769812337,0.0007173599588045226,-3.2270894220803488,-3.8647373923672825,0.6598588511440333,0.4145286940656582,0.16124605255446783,50,126,0.3968253968253968
2016-12-21,182.71497689212902,56.01942471838921,0.2012794160463617,0.10763301672928419,0.09014392405326617,0.07450459913612179,0.017998643762466654,0.007896497013988327,1.4109324009433422,4.123253511041733,0.5619711749895024,0.30344525630941455,0.15014166460269796,50,126,0.3968253968253968
2017-01-19,218.76918355017165,59.445037233742624,0.2557156393390733,0.11540298914666494,0.06123198782978576,0.07445887476816695,0.0032342710759587293,0.004328295432571516,7.583374999953094,6.84995269031584,0.6121693710355823,0.26863064578745943,0.14956162646586962,50,126,0.3968253968253968
2017-02-20,335.37364815486916,70.91893275862024,0.3494737644340021,0.12798319169669992,0.2128932636360803,0.13976346234147455,0.15750843914200835,0.06427790522902008,1.8081828937242164,3.57768217208953,0.5304888807314972,0.28163840199640783,0.14132002307142552,50,126,0.3968253968253968
2017-03-23,217.21807083091645,57.83135736188676,0.2524400794725395,0.11753478113350346,0.1521189293407584,0.11131789764645146,0.08943043327144051,0.033091491428094616,7.945634486643113,8.39504801574754,0.8376010437761207,0.3528169017021893,0.15458290638232275,50,126,0.3968253968253968
2017-04-25,179.46132047833493,38.52577035030745,0.21313141539635533,0.08886030858276295,0.1283608191562277,0.09563874407634623,0.06148693958610449,0.01585904369770258,-3.096711281835177,-3.8580897482166696,0.8143542401366202,0.3508029250962698,0.20007391755359757,50,126,0.3968253968253968
2017-05-25,143.51918029263246,24.602829145427847,0.1557248733190543,0.06942172712713396,0.13674833235483091,0.09791863273305995,0.07593679597587843,0.0264813228381635,1.7986432853793468,1.795002078580725,0.9801669783824413,0.4391448933665228,0.24926940542240356,50,126,0.3968253968253968
2017-06-23,138.65273182296238,24.096874872799773,0.1261683011360768,0.06713778722784433,0.09334236088730295,0.07896247409200159,0.032564189917544124,0.008996856017785534,1.9311863993376703,2.1909230133243898,0.5200167667491823,0.21791077851899798,0.2551415639111036,50,126,0.3968253968253968
2017-07-25,112.84164319600623,21.355158294969847,0.12613587993239397,0.06336729358224487,0.09983017948550664,0.09035456882167581,0.038866697785163204,0.02057799233034295,-1.2142085292076286,-1.0743854476232475,0.4752558037182428,0.18211422560563345,0.26462727669041974,50,126,0.3968253968253968
2017-08-24,117.7961055668003,23.481773368736942,0.1493574621012771,0.07084399584112624,0.1164964423142709,0.11528124109815278,0.062246365696420856,0.04725297653552528,5.612465218444762,4.090328474195528,0.5499225120860843,0.24157969190240397,0.2547867667988181,50,126,0.3968253968253968
2017-09-25,134.03672414461997,28.419088397977916,0.1676864483999966,0.07554974864248004,0.17050264601478912,0.1213715879537727,0.11007601385173565,0.04886575330011739,0.4267295110838426,2.7499915936333537,0.4259872706450178,0.23926412732842273,0.2279279250293322,50,126,0.3968253968253968
2017-10-26,185.40573186238748,22.816557746100667,0.17359329976191581,0.06367287146409709,0.10101911913124943,0.07200857138668236,0.0338400071688664,0.006841728463472932,5.794764978196101,4.561259767603922,0.5239177743476714,0.24328994302749046,0.29801510410896404,50,126,0.3968253968253968
2017-11-24,176.8356143847495,22.005960387043388,0.14933040667227693,0.05963192217735513,0.09735576875451056,0.07851728802547454,0.029425359682863472,0.00032780049299098446,2.638137030588313,4.437482178186624,0.43931450062603616,0.14829705522940934,0.29542306295830556,50,126,0.3968253968253968
2017-12-26,175.81266581991193,22.108456843415535,0.18452771375858731,0.056877795016282186,0.08716557843694382,0.06746954116835424,0.021490074605903006,0.009407158166939114,2.0446818688521873,2.0484492093520683,0.5419000248403099,0.19278836141340217,0.2961465696357756,50,126,0.3968253968253968
2018-01-24,174.36378319817817,23.247660603381348,0.17170703776794352,0.05571535869239844,0.15164184211120574,0.13397550376314873,0.0867754995161889,0.058414089837234354,-1.6954788811820352,-4.677440449966524,0.4722299218144365,0.13626749410011782,0.28784851239610143,50,126,0.3968253968253968
2018-02-26,236.66423896243205,31.274999018701013,0.1856532304654352,0.061505986004287125,0.11482180970956882,0.08971381117894187,0.043022043718665526,0.00877093792600693,-6.359157565281,-8.163072291707484,0.7009076807672262,0.23379813623758075,0.248557804586266,50,126,0.3968253968253968
2018-03-28,170.90322869013912,31.3942619424262,0.13664097845451248,0.06061011779330776,0.09191605713633814,0.08820985769345786,0.020430519868046754,0.009655893071211924,6.843268395473283,6.9407444977127986,0.8152544393387314,0.29240619396236833,0.2421888725609495,50,126,0.3968253968253968
2018-04-30,178.27626798408696,46.76529839250814,0.15359068755302568,0.07823351003010919,0.09815950208398774,0.09288571789683284,0.034082992658545516,0.0206050191837997,0.18221727949656735,-0.29554803457281426,0.5680935834082979,0.30220304973838985,0.16969376326383598,50,126,0.3968253968253968
2018-05-30,191.69813490659652,51.119157363286284,0.18923183721418435,0.08764991090541947,0.07345052711545748,0.0590812749193344,0.01156931045403723,0.012483338079142453,4.5274196926440915,3.5441470938415685,0.444036672277486,0.2522437376038504,0.16269732007094756,50,126,0.3968253968253968
2018-06-28,213.2042305128261,59.64970037650613,0.20455657846295222,0.09704949313810739,0.15460226704400587,0.11279574350325605,0.09854354359282069,0.044572960042435716,-2.9503109904472304,-1.9288486512783893,0.44931530491628774,0.22712793992026742,0.1450148749578146,50,126,0.3968253968253968
2018-07-27,151.69026607420972,58.14174152431895,0.14284194136500997,0.09295894658393375,0.12245370860127877,0.10230080718529969,0.058092334860202155,0.030207265901709565,5.711493075472705,6.720359191959771,0.7109115623438432,0.35336709223126805,0.1343978779194362,50,126,0.3968253968253968
2018-08-29,120.02430852832747,43.113580638714545,0.13191568628175165,0.08374272392878188,0.10975611831884495,0.10344247710292626,0.04813081355345431,0.0337054343804615,-0.27149570210724155,-3.4540974386131995,0.6499985084617219,0.3850592232287884,0.15967030634513574,50,126,0.3968253968253968
2018-10-01,154.41116646641288,52.87727318369191,0.12742455555731647,0.08993838552634698,0.18902031246475576,0.17704530694543438,0.13033287326759457,0.10849162300528509,-3.6889786722251023,-3.542912628414511,0.5615480177896472,0.3388257817676692,0.14659072436141518,50,126,0.3968253968253968
2018-11-01,165.12709468883142,59.04851181362055,0.16109645428640196,0.09745018377384707,0.14460585934705825,0.13366716761166683,0.06931895949210999,0.04881261713848284,3.974427487896144,5.029702045739504,0.6367944983535199,0.3942288979909687,0.13519261520074619,50,126,0.3968253968253968
2018-12-04,164.49553475907504,54.76777000666097,0.18922212100763686,0.10099159927181792,0.1625687028476123,0.14267739940861496,0.08263851443600782,0.052320627757125926,4.563643936035872,3.5826620118978383,0.6274359813249052,0.3303824337896121,0.14450084886180986,50,126,0.3968253968253968
2019-01-03,178.2137288517343,60.18086036082799,0.2297205249751881,0.1165377216792523,0.11088175573078106,0.09894761966520413,0.024334965637798286,0.0014044377649980871,2.782731073768219,0.9935089969586711,0.6445503225595391,0.3186754344690628,0.13520056039474418,50,126,0.3968253968253968
2019-02-01,185.21517563949416,55.94945163369769,0.21442708793120882,0.11341043568284782,0.15121741349127482,0.11884628377323228,0.06594527293352605,0.022754001911024196,-5.156926699849846,-3.4212879098971403,0.4565990983919992,0.270149426179661,0.14735638130131745,50,126,0.3968253968253968
2019-03-06,205.08719793166202,65.66215768306282,0.20395299100305656,0.11546559777808445,0.12961468293429734,0.1145719079293308,0.043138216622189945,0.017853974018317065,4.298165160961718,4.17938394098916,0.8020745949108,0.3805621297954311,0.13110934435253188,50,126,0.3968253968253968
2019-04-08,158.29628067701407,50.896401346327906,0.1988335146077745,0.1188190082536734,0.1109000200674302,0.09751225197522746,0.027237611633594852,0.0022006217213614704,-2.09025799267527,-3.097682792402297,0.558711667355216,0.33520826660357106,0.15155288733053776,50,126,0.3968253968253968
2019-05-13,126.65725833931553,40.177342003811646,0.18244788582939026,0.0963069465177587,0.12839446284930406,0.1134696450323865,0.05462632909156562,0.02997049779892115,6.194640247158123,5.955639372667642,0.6026939017564563,0.4244174984447225,0.17317117285402756,50,126,0.3968253968253968
2019-06-12,183.89743397650784,55.90307444588454,0.17671961841922937,0.10304678965172272,0.13028977271895092,0.11217301304150454,0.06107089717564396,0.031278405002397855,-3.953781885738951,-4.580186570173234,0.5925699387585961,0.3773463657965572,0.1568245439133691,50,126,0.3968253968253968
2019-07-11,170.46488877520758,50.286657543766594,0.18106626622430225,0.09019207518316863,0.1765849273281928,0.13549867038538305,0.11195116519317087,0.05841215592756893,-0.9667883033163518,-0.8209954120773191,0.6865801416293994,0.36559337334289893,0.16883449214899507,50,126,0.3968253968253968
2019-08-09,230.09696114650947,58.847760661483676,0.20522412216099972,0.09816108692042631,0.12059998995531823,0.10170147836538118,0.05550658876275526,0.022221358830439533,0.5192148995560015,0.18802467030321593,0.8815047009348205,0.4062210846536035,0.15610323920464075,50,126,0.3968253968253968
2019-09-13,241.14201267762485,56.779486102399964,0.24232495647779714,0.10489089456917895,0.2988391942659337,0.20108893950252799,0.24003225817244345,0.12287031340827718,4.5307600043214045,3.8205369900363975,0.6741641850293747,0.32333596757238997,0.16003718305582,50,126,0.3968253968253968
2019-10-16,248.07957126641946,39.01309007488311,0.23015777502031826,0.09091659497364153,0.12290679851053676,0.11180490905438101,0.05724421258038917,0.020810706967386364,-0.587567080536815,1.1605982615419401,0.9006644521502041,0.4705035886108712,0.22807769340371148,50,126,0.3968253968253968
2019-11-18,266.87755681298546,40.65866311137653,0.22500457946946173,0.090733424799089,0.06668691876607617,0.0713860271920599,0.0019567514548244347,0.022187744411180363,4.927302233742043,3.9061509806480794,0.38089631558250553,0.18920454869044384,0.21551058690687905,50,126,0.3968253968253968
2019-12-17,404.8029606730878,35.078189942092216,0.3700757330774732,0.08334213993773223,0.1433064779950796,0.09185158779177675,0.0851385667853872,0.0003212643554577621,5.19738301676027,7.718429296144362,0.5410580407307153,0.1699507221783506,0.23369657418591128,50,126,0.3968253968253968
2020-01-16,294.6441704042342,31.989877718496693,0.2485376419912805,0.07727405059610801,0.11907874302241499,0.10499931134044273,0.05703785661605039,0.016200954327705172,8.499396178006435,5.746599991779761,0.6400702443263682,0.211160491479399,0.24478622841948972,50,126,0.3968253968253968
2020-02-14,301.00780270177404,30.810176697503604,0.2064720577915722,0.07231829643480683,0.28378258920959126,0.30566127320646935,0.21676898173478673,0.2160142733701806,-4.477243922294584,-6.3825386578694605,0.46420066254228537,0.2072692509687494,0.2515024043019328,50,126,0.3968253968253968
2020-03-18,372.66835727175226,53.26278665861277,0.34493272407299314,0.1189451683024979,0.39139298602442196,0.4359017855126996,0.3052394360301155,0.31868533534783494,-1.768623808808121,-0.5215328402124825,0.8588597634620592,0.5361998029359629,0.20213745799009297,50,126,0.3968253968253968
2020-04-22,508.0042842234131,79.07689245234687,0.47916391031934763,0.1950155777795538,0.3137784498137471,0.19041413871198132,0.21835683922252475,0.04100818429338954,-0.4629001695401151,-1.6744494372830654,1.031062883617037,0.6571286676164736,0.17068787155958456,50,126,0.3968253968253968
2020-05-22,416.52019566180246,89.80814058207783,0.35268633256611764,0.1821142910969281,0.24807521517560585,0.2195540918000783,0.13004869999547597,0.06719874691354899,1.125317036000676,2.424460594077594,0.9540864119539189,0.3198021648820263,0.14918429768174005,50,126,0.3968253968253968
2020-06-23,388.61158225708897,94.38914156804222,0.35573395065356717,0.17923295341595433,0.15179308889474047,0.12051524728210974,0.019939927705807742,0.04131389730170676,0.8959443596712043,1.788032297047079,0.6481463876371049,0.3110716169792053,0.13759628011930966,50,126,0.3968253968253968
2020-07-22,359.6368097101958,91.43019440019029,0.36994299739093656,0.18715239386204235,0.17244764049454656,0.14673134876094635,0.0440600310488497,0.015490122514032978,6.4000789568458645,8.765374025312996,0.45122958147033043,0.18810980701196908,0.13593116735701194,50,126,0.3968253968253968
2020-08-20,488.8636850324761,93.19775031116153,0.4260453722345068,0.18546001886753002,0.3547403427374917,0.2886788868984444,0.22253799830295598,0.1210477743259796,-1.792546063541739,1.0069250910225134,0.5594783568290922,0.2398949681305947,0.14099432893463953,50,126,0.3968253968253968
2020-09-18,346.93746398044925,57.766391045869256,0.2982301642119762,0.12996608002904791,0.19718261407849355,0.17520391930970597,0.04452330525560094,0.0011904023224481863,-3.380168883241667,-3.0070194255172145,0.8951721212246554,0.4967637660511237,0.19331673655830756,50,126,0.3968253968253968
2020-10-20,200.99523787577988,48.3889033382079,0.187940177916532,0.09780936577517133,0.14821889527736057,0.12733189594921088,0.04845350549739061,0.013764369692890396,5.73979507474883,7.889258464566886,1.1086299742071772,0.7035389187603834,0.16839448792875547,50,126,0.3968253968253968
2020-11-18,169.02830528977339,30.48613301270029,0.2038968274942925,0.0768574740636347,0.15835246233765704,0.1258784914965944,0.057516357023378956,0.01282213879033596,3.0187111164102687,4.705979525222972,0.5856500073647892,0.25030807416141504,0.2260259520723025,50,126,0.3968253968253968
2020-12-18,121.78943755332652,23.24936272221319,0.2339082055685328,0.07072905061280808,0.1725916914475255,0.14678924120914896,0.07834419848902514,0.03883226212708284,0.760418126566216,1.9572604660373027,0.6288432516669026,0.2557230776155826,0.2567351401586615,50,126,0.3968253968253968
2021-01-19,163.57096625016933,32.237974842940616,0.23612975488997281,0.09028949692085396,0.17549373337075988,0.14126098180449656,0.08206580421755824,0.03232413502795492,6.472107628923757,9.270665932071834,0.7769509844301478,0.2741669131551208,0.21999029236451942,50,126,0.3968253968253968
2021-02-18,178.26360295300108,38.73896030174055,0.2577078211135255,0.10165052598011397,0.10779906728135681,0.11527019916550693,0.015245712143245327,0.005263182768725755,3.1765604946299946,3.099641394567324,0.8283585687310462,0.369524342817274,0.1943739131977687,50,126,0.3968253968253968
2021-03-22,188.13373659745562,46.801596143688855,0.2202856903276419,0.0990735925376347,0.1745280503522067,0.174418371580305,0.08942391524470726,0.07335359237317349,1.0749688399655262,1.2883142961585452,0.4430477955353617,0.37009639571023306,0.16646092306505822,50,126,0.3968253968253968
2021-04-26,201.95110356659998,52.62781828921003,0.23777985973358937,0.10954532216983073,0.09484023428851711,0.09546059584820182,0.006753711506649537,0.009537645112423734,4.3814859115207705,6.784616313292775,0.5907661942783486,0.2824243160595351,0.15702996590834997,50,126,0.3968253968253968
2021-05-26,259.07608408402604,56.68496225804794,0.2735777305884555,0.11328632956734433,0.16103018429437863,0.13068947452268112,0.07829310552209284,0.028039745433569754,6.980579062523564,6.0710405840708574,0.3637043144186284,0.1971713164227636,0.154351421649752,50,126,0.3968253968253968
2021-06-24,389.49267077047733,63.70960841787259,0.3529018801943292,0.11687855598075005,0.12618809965346084,0.10594632395175653,0.04197899543236085,0.0014551532993886535,2.584940300007975,3.8299127245276128,0.607253626214046,0.27633734040413876,0.15025665734001833,50,126,0.3968253968253968
2021-07-26,267.11571082635,47.61615746879562,0.30431475705849975,0.10403514472080516,0.23013386359697033,0.1374416843013677,0.14852525054436355,0.035446613035323024,1.9582165070738466,0.2121242864052861,0.6083869651723675,0.2820285489434975,0.17540071141448266,50,126,0.3968253968253968
2021-08-25,168.69863222912366,43.37193813282241,0.1792594033828374,0.09264298988706395,0.11211652505502148,0.08993526693740903,0.021126636674271226,0.012223387050080775,8.605986662945723,9.72264434737549,0.6653379965155508,0.3007944708042509,0.17584847520410307,50,126,0.3968253968253968
2021-09-24,173.46967680563176,36.94955058599516,0.14279892115094064,0.08154892153361841,0.143143617674105,0.1252198899475019,0.05241049755243739,0.02671700164092812,-0.6428696698141814,-0.708371203517169,0.5307049972842051,0.27361087953964647,0.20009874612150932,50,126,0.3968253968253968
2021-10-26,103.56775336708941,20.287587856897176,0.12944372334437687,0.05876203626226583,0.10051241411124669,0.11309991767913266,0.0259966666972309,0.028990375488220366,0.5415428747115446,0.5262713781133708,0.5512645318700387,0.32939838805760946,0.26385613590401064,50,126,0.3968253968253968
2021-11-26,117.314189719547,27.092042022931683,0.15048691680265272,0.07108489888363037,0.1318739271687119,0.13876280213298903,0.06309368317470268,0.057214685943523996,-2.6082480318914714,-2.125373929710283,0.4722880588794742,0.22792978989457638,0.22280759540875775,50,126,0.3968253968253968
2021-12-27,136.6312193743097,37.41115081865996,0.1747707603428045,0.09271026137545962,0.161340842466577,0.14423634215317724,0.08959378209859128,0.05892579642415169,-0.8738251643260824,-0.5580093502356923,0.4219558337181558,0.2752732821459737,0.1818726099571005,50,126,0.3968253968253968
2022-01-25,149.48461106120052,46.28089269698363,0.17301871899266585,0.10248500920803034,0.14250803211626256,0.13538786300254796,0.061048539264106375,0.04333916012072542,-0.699495779785518,-0.8367298439810702,0.6629876162303591,0.3090106489092064,0.15826600282844813,50,126,0.3968253968253968
2022-02-24,189.92666814529457,57.57408282858919,0.2322496052803386,0.1210082588098718,0.21841770664625323,0.20269081591452226,0.1354480591038024,0.10723174138045163,-3.3114748328400694,-2.6324325736483676,0.5668324288489476,0.33072167489519805,0.14016486136078118,50,126,0.3968253968253968
2022-03-29,230.52341581971012,76.85429829751682,0.23382448326977276,0.14490323613671766,0.12176524212638111,0.1074760618164626,0.028694331399406386,0.002997350043950228,-0.38439029365594773,2.340764633034069,0.9802252918641874,0.5428907269540653,0.12038931973744636,50,126,0.3968253968253968
2022-04-29,374.3379789913648,94.69473726592577,0.2535167428862322,0.15942550905766206,0.1333881394118578,0.13210912932812874,0.046585542297985894,0.03201177813289924,-3.1618847556777117,-1.5843876855156467,0.6510690051758269,0.32350715897975313,0.11398799716890703,50,126,0.3968253968253968
2022-05-31,364.4043746543691,108.07737701708486,0.28953787273063275,0.18719953812766457,0.18432889763542165,0.15305953584337406,0.1002041129766001,0.05208535505208711,-4.0730413110363015,-4.3899408928148205,0.6076682987820898,0.3661493038540621,0.10011195890846346,50,126,0.3968253968253968
2022-06-29,375.4453357159653,109.78193079177485,0.28308686907145675,0.18514747329895204,0.1359849872099502,0.13239843946534985,0.04830491272171826,0.02889194822197151,10.80391372148466,10.4105230393622,0.7462485821803442,0.40488323554904443,0.09917383870877432,50,126,0.3968253968253968
2022-07-28,314.62436936720354,93.70179451581413,0.34105507020405174,0.18606094411822924,0.14201257831982053,0.10477732746582359,0.053636336250781,0.002100615115162824,3.4310563406975003,4.554276045439684,0.6702256927151794,0.38377796755124716,0.10846538765834454,50,126,0.3968253968253968
2022-08-30,241.94191069807505,75.51953624813764,0.25961029252377077,0.16031967577358439,0.17960532052555753,0.1563236421680985,0.09082000489572266,0.05193831628800173,1.529363974553209,1.835945099463748,0.579427784469127,0.3166751313834059,0.12371368533966655,50,126,0.3968253968253968
2022-09-29,245.7318757604085,68.0744788515227,0.239426486321112,0.1306272824312242,0.1290540544998428,0.11294375586414569,0.0429784586972637,0.014482392880865863,2.8456845011001137,3.6574904783388726,0.9243092013527626,0.5434870191689302,0.13028167658684187,50,126,0.3968253968253968
2022-11-01,216.58925036086947,64.84085242467299,0.236795228744926,0.12910081213923377,0.13853152344781383,0.10161319840189824,0.05660732810248979,0.006804811615906695,7.665844710002785,7.665311025689706,0.5814263354969899,0.33784832159337214,0.13374198107753196,50,126,0.3968253968253968
2022-12-01,156.7737797298214,33.70931930377976,0.18153096888085524,0.08033060104981293,0.15441570162529403,0.1424318552773232,0.08131379822545626,0.05828391443961904,-0.9477639988309922,-0.6864016250810749,0.7620420475751518,0.5118127019204833,0.20603268044549608,50,126,0.3968253968253968
2022-12-30,185.25826620443038,40.37900401216042,0.16020937948142566,0.07785181856214345,0.091998020928197,0.05978325768189132,0.018090842743313795,0.023000219936205164,-2.0147164046379515,-2.7985358126660196,0.6431212610484343,0.3613042847494288,0.18976731404574085,50,126,0.3968253968253968
2023-01-31,161.99191848094162,42.28345639020594,0.15271758080305192,0.07924608659171073,0.09498721433514186,0.07800138685724965,0.029583491904947468,0.0020067461679076776,4.878288574299198,6.1162752044566595,0.5856945717042663,0.2805385968523034,0.18065288427883727,50,126,0.3968253968253968
2023-03-01,223.40225797900473,49.85008870982915,0.1513928244421546,0.07958874948579253,0.11426812810258066,0.09390391737075025,0.05030774677701634,0.019482651589192032,0.7159846880916725,1.4562389095997874,0.45902084170312957,0.21627361037190873,0.16940611411593892,50,126,0.3968253968253968
2023-04-03,245.64466035567173,59.12626368730098,0.12000868988652237,0.07542301234032395,0.09301483786865121,0.07145022176040379,0.03456662047999541,0.003869298518004924,5.035962251592434,7.326986122604864,0.6459416151493499,0.2753205042110727,0.15150360875845137,50,126,0.3968253968253968
2023-05-08,271.2374797750946,54.204656458755224,0.11870337964912618,0.07019537542786679,0.08929239209189162,0.07416868751067217,0.0351097128714231,0.0094655458181781,3.3852908442564815,6.473706728273724,0.47669701415576177,0.2595627097522763,0.165244844594126,50,126,0.3968253968253968
2023-06-06,241.94775665353353,52.90505700942811,0.11337316048912477,0.06903616796305738,0.0823918861044943,0.08229353461259023,0.028863910638995426,0.01886618921197873,8.018278660470605,7.714853155220116,0.4574647665069426,0.20603344227686476,0.1652849496998923,50,126,0.3968253968253968
2023-07-06,185.92081670037203,30.385853046630512,0.11309090096632493,0.05947198117308817,0.11451302377023329,0.09531946597365025,0.059579010830364675,0.03127562913718504,1.7420803205187196,2.849009604020438,0.40221347727393947,0.22076521910353036,0.22076130382425393,50,126,0.3968253968253968
2023-08-04,174.19724626537803,24.172564464238924,0.11144044829707817,0.0553715963232029,0.06061845853452753,0.05486338283567248,0.0028206830106597483,0.01167176486534749,-0.24457880828702586,0.9329654713453546,0.6117793726490902,0.1891112805579399,0.24708817719924567,50,126,0.3968253968253968
2023-09-05,97.05456984139677,15.576341044045089,0.12325653222930837,0.04856003397374365,0.11069589787265166,0.11519210507691842,0.05700516751064536,0.050818552499412306,3.1312909626408296,1.9738247508068645,0.3605366519074063,0.18118990872879545,0.2931118358547639,50,126,0.3968253968253968
2023-10-06,128.3517415971652,17.189542468493887,0.1424099265069536,0.047859159284710025,0.13474110889685686,0.1341786027324048,0.07935841622026382,0.06670769563348121,-0.15453750468405633,0.7716480665821439,0.5084691552085577,0.23209379846136471,0.2963306861163646,50,126,0.3968253968253968
2023-11-07,170.1928961517827,28.930007019892425,0.15645621950540578,0.0614734087863718,0.10932738503935645,0.08484936086999632,0.04376694050780601,0.009195234117921947,7.599521917272748,11.636945008610638,0.4747097392959054,0.22528801686172634,0.230405134862003,50,126,0.3968253968253968
2023-12-08,212.85335005939132,31.863139272161792,0.143112000741497,0.058468023286017454,0.10093234797026696,0.09647877643442204,0.030244909247864937,0.01857388624974067,1.5380726733400558,2.9276673105454063,0.40919522308944506,0.1725109087524444,0.22338147758348706,50,126,0.3968253968253968
2024-01-09,225.9721886617731,38.40010242427345,0.15351550704902375,0.06693062793213946,0.15898651098701183,0.13677354457270943,0.0895972930014733,0.05822981135385,3.209323622653455,2.190875144075525,0.5660790663600368,0.23279059207141317,0.20403393469637748,50,126,0.3968253968253968
2024-02-09,232.31567008986758,38.89727293016962,0.1941684498865096,0.07272574048498628,0.09966695618071288,0.0775058810589308,0.02828391526159056,0.006380397201951632,7.207662335502153,7.55304925847725,0.8148818040611667,0.2914523019256814,0.20231401102857222,50,126,0.3968253968253968
2024-03-12,334.53891637325074,61.29745394757998,0.17855108399180386,0.08206260428982431,0.1418347811027277,0.11887239679779016,0.07008660251557033,0.03564132790189305,-2.4589023565366097,0.7273987015261266,0.4045743735952634,0.1653062081832956,0.15427039501432135,50,126,0.3968253968253968
2024-04-15,324.3296477061964,68.72761997610313,0.18201622042480609,0.0836255685459108,0.11384270633567832,0.08332795702831657,0.04140451144039255,0.0005809636431420573,3.8558954088055133,6.421464869047418,0.7694192964638319,0.34581891477083443,0.1477704874689135,50,126,0.3968253968253968
2024-05-16,264.03796191501584,59.48566661491143,0.17090929512936748,0.0742378698599185,0.23814498432502523,0.19510084524788224,0.16923113676350954,0.11473951037689863,4.6072748431485335,6.152626892603434,0.5296723719979739,0.25844034094481017,0.15787040820238038,50,126,0.3968253968253968
2024-06-18,384.61282402048886,69.0144190459514,0.13006155542586934,0.07605467025344112,0.1392853682751043,0.12748611789927583,0.05549862630725749,0.03410355590392673,2.86561487685757,4.483079401451377,0.8329447673596473,0.4048043126345834,0.17196820926265194,50,126,0.3968253968253968
2024-07-18,345.5608066808279,57.662556507982906,0.17516207035648038,0.07484604701410665,0.16029693990541805,0.16025312966438304,0.07618120641744337,0.06405434924758872,2.325568105179491,3.3317111680218434,0.6495538781633468,0.24113537580449868,0.19152195882505751,50,126,0.3968253968253968
2024-08-19,496.49746548834395,77.53423687854269,0.21083771327378079,0.08614162911633855,0.11644020753766451,0.08254786482470776,0.029330826643546873,0.016044050562305928,5.361928795190291,7.262842122255169,0.7422166385621816,0.3345008219697934,0.16367676384391355,50,126,0.3968253968253968
2024-09-17,472.9470062641446,66.0970869059199,0.20365459632949234,0.08704921316644908,0.16110809174441465,0.1452883832489657,0.0760816973880131,0.047865129084884134,2.2027206289253867,2.205740771669694,0.5349327436832226,0.19545898554103314,0.1886265119999498,50,126,0.3968253968253968
2024-10-17,532.6560838076259,48.806625583591526,0.3241964405980456,0.08774796675387753,0.1803262462847526,0.12766546040632382,0.09728022118422587,0.026864816497596783,-3.1512971124686677,-5.925180662114728,0.7990304838169416,0.2772791587115516,0.2301748156029894,50,126,0.3968253968253968
2024-11-18,380.7575343820568,59.948173215974215,0.2749905892786617,0.10879879089387513,0.1618394835576491,0.11756222830012766,0.0701618666253128,0.010501982969583878,2.2518645159748565,3.758797072273758,0.7342682902288965,0.2649428514066344,0.1933491194941764,50,126,0.3968253968253968
2024-12-18,197.6167958632259,53.61627080508616,0.21645046340674454,0.1124245364062951,0.11245235091387487,0.11655021337463377,0.025331208865262925,0.020691935892206803,-0.45328941803188233,-1.9425835749553342,0.7386337328745036,0.41538731180500027,0.1517280059507028,50,126,0.3968253968253968
2025-01-17,315.15767867856005,88.30624366807483,0.260866306199467,0.13694509838992946,0.18959261338526684,0.1650412110535009,0.10448796592289195,0.06929851962526419,0.3343148186361667,0.6770516238408957,0.5551010842262051,0.33924795634610216,0.11392639108859866,50,126,0.3968253968253968
2025-02-14,358.8891215251171,88.99594036757762,0.23301150303576576,0.116321213657054,0.14630535478581955,0.14568424817352799,0.058039423573059926,0.048964315242224096,0.4895264984242799,-0.5931237834430781,0.8343380348571605,0.46338544659797665,0.11629592794777371,50,126,0.3968253968253968
2025-03-19,393.89651759825693,108.86519354081685,0.290920831860332,0.13936494039967987,0.18431257338328627,0.17025077314679818,0.09558571060249234,0.0708232072617615,6.904443317459807,6.220196795480803,0.6937530880718001,0.3987340549862104,0.09881668680959453,50,126,0.3968253968253968
2025-04-23,360.1872324381102,134.716300098509,0.2967251675766744,0.16571279104302614,0.16366531388688405,0.13885347793047062,0.06595531317054763,0.031154729525539562,0.05150977775383502,0.2903369552018996,0.8059279580167029,0.49387564567627185,0.08053818717726996,50,126,0.3968253968253968
2025-05-23,309.8468994109759,123.77298962830714,0.34107836664615854,0.17172092840895808,0.18318108167805439,0.1411519548648337,0.0889248630853566,0.03480689723418412,1.3814538424944154,0.6904927641444265,0.7762766269197031,0.45295673486391486,0.08366489139983965,50,126,0.3968253968253968
2025-06-23,362.9178742019031,132.8077623811192,0.2886036814195931,0.15671558774265973,0.14476200305786405,0.12108514496828157,0.05257097028143126,0.018680684619814023,1.9814964830996806,2.570864376100514,0.8222165560925804,0.48856822183011234,0.08320973469149165,50,126,0.3968253968253968
2025-07-22,306.6981775313585,99.68797032892944,0.2616898430515365,0.13436804809909467,0.14976792543916628,0.12625768989944636,0.05761164424506013,0.024804658810899008,1.5438024657903329,1.651087230086893,0.5510960762614774,0.35418093279230106,0.1038569032089861,50,126,0.3968253968253968
2025-08-21,284.53089177002573,84.11642762434758,0.27474180435038087,0.12277272365942753,0.12996279347616693,0.11808348226951243,0.040896686260997794,0.019879762785411995,-5.278834955142893,-5.155156327362601,0.7207746668006214,0.37290859133920856,0.12055626042731994,50,126,0.3968253968253968
2025-09-22,261.92496079838133,65.68911848797394,0.3498781962952716,0.12209432602756763,0.1171790859220589,0.09876981569170624,0.03716342932656487,0.004912436153474531,1.239584289575116,0.8707929465815434,0.9819948699951477,0.4934446092735098,0.14762461349392514,50,126,0.3968253968253968
2025-10-23,190.498631888929,35.97167428759519,0.23535814297514993,0.0784145950659053,0.12299067999648582,0.11266176161493552,0.04940233036337158,0.03092278826518595,1.7066689137837245,1.8056524965661358,0.8205695194465727,0.4742274244321944,0.2067612763835242,50,126,0.3968253968253968
2025-11-24,138.04936227325555,21.892054181852053,0.17569835686460697,0.05709261315650266,0.12144632259772,0.10791533271337281,0.049870996621489985,0.03209477526055443,-1.8709965620429911,-0.10140115051809952,0.7218331097717617,0.42865781531202807,0.2561409159266931,50,126,0.3968253968253968
2016-01-12,97.00760466225069,50.9965159470304,0.16836088425765247,0.11647652770231577,0.17101028306658697,0.15376496609439927,0.06875901748881245,0.04663538269829724,0.3856041830677845,-0.7301473286319635,,,0.11660077550330661,50,252,0.1984126984126984
2016-02-11,106.1704496952299,60.65650297455762,0.14613982813832982,0.11498732707034201,0.10679400336889572,0.1119225386989679,0.0025760848763900224,0.004261873871204636,1.9425773950659837,1.0111374947769252,0.33944117107378863,0.23185815720802322,0.09705908843121729,50,252,0.1984126984126984
2016-03-14,117.365738379013,70.04551001210011,0.15953511205998264,0.126443992336205,0.12211806025467244,0.11603886913829911,0.018962328324210243,0.008683787618102193,5.1601882425711185,5.161664149698424,0.21437425543812783,0.17514377260925099,0.08651174957185571,50,252,0.1984126984126984
2016-04-18,118.53317243955027,70.51913697878236,0.15576933878804788,0.12455432182767809,0.12454030413083995,0.11573185751344399,0.019466499713854696,0.006846648274520431,1.826503244436529,1.9917178732121268,0.1831646454296223,0.1382049588327136,0.08653349498344423,50,252,0.1984126984126984
2016-05-18,104.26323866810668,62.17124216439354,0.15240203272613562,0.11673284218502314,0.1068817644939011,0.09310796950103602,0.004619039748336315,0.013008596918333712,3.8634521962995554,3.9909382041168344,0.2949602938495354,0.22431185518506966,0.09477189835803274,50,252,0.1984126984126984
2016-06-16,103.19969822540122,59.8735520150755,0.1420894095070941,0.10854765501062298,0.09272653178285412,0.08326429417914667,0.006848574660654735,0.019979050572212845,6.451716136342158,7.247482877508389,0.261389210399771,0.20260229710179742,0.10009362207349116,50,252,0.1984126984126984
2016-07-18,112.58615203238257,63.273888266117446,0.13828625814654102,0.10824314981551952,0.13565088312376972,0.12123469373116716,0.04160344824672495,0.02301203971613433,3.1998548146556245,3.7091870695009823,0.27609137207282464,0.18937097139201287,0.09992104126786559,50,252,0.1984126984126984
2016-08-17,118.1148710241088,66.65600468186643,0.12617919893929386,0.1041864608997893,0.12735544261706092,0.12395633379083551,0.034506150120378776,0.027609936258802967,-2.32917350234204,-1.873829871733911,0.35190914540827656,0.2484727670835821,0.09705399198990435,50,252,0.1984126984126984
2016-09-19,87.93769393806109,54.87277729963119,0.10378911392953706,0.08807524199995892,0.11634207264042948,0.11630162172621443,0.029471042088614938,0.027654233009051732,-0.04626383491030177,0.16581578062929292,0.40557946697031866,0.338416206131389,0.08589800069296653,50,252,0.1984126984126984
2016-10-20,91.56579398126567,57.293957522308,0.11134253086707539,0.09253919739772265,0.1612300978682805,0.1562867530110373,0.07757761385333586,0.07036928501933615,-6.427142465130155,-6.954066185612792,0.33256144991523745,0.24586701765372665,0.08454116798336463,50,252,0.1984126984126984
2016-11-22,101.28303232551308,65.79615431607401,0.11621341608596529,0.09948640579451465,0.09944875979197251,0.0957818952513459,0.010604656598161066,0.0048826790376303025,-5.127085999048922,-5.2075077838121615,0.31617170690334584,0.2612082005265652,0.07494869375979528,50,252,0.1984126984126984
2016-12-21,86.27961674449341,58.50767826810723,0.1159822168638284,0.09987792681272908,0.08954856945007315,0.0867321935221044,0.0006040552890736184,0.005475038016630365,5.3025982105583,5.758613472452279,0.15549743930393792,0.1236816786087823,0.07635526052722764,50,252,0.1984126984126984
2017-01-19,84.47586696776182,56.75266522348886,0.11607179335273417,0.09951433846390143,0.10810893144314125,0.10701369965441657,0.019018665861156275,0.015727161501329093,5.952628258979458,5.82251282855446,0.184052217167202,0.14779740669848282,0.07893337046307648,50,252,0.1984126984126984
2017-02-20,82.75702402448397,51.03400942503491,0.11582951536177408,0.09598737264057529,0.08787318927217022,0.08547631069585054,0.00026674764964058906,0.004933397434596004,0.4296842425841336,0.5309062805270309,0.22618096203300797,0.18745107167663438,0.0932041398768313,50,252,0.1984126984126984
2017-03-23,68.15578298685716,40.42908564358635,0.10912394610968602,0.08681989457383797,0.10165794597548419,0.09555149017641337,0.017563413699375377,0.00950276871900857,6.973810556942678,7.381223333016299,0.25878598987820334,0.2212729978578704,0.10672250633092382,50,252,0.1984126984126984
2017-04-25,74.41329403476487,40.30623771207608,0.1078975493056336,0.08427910999428723,0.09556332498039768,0.09337402294827275,0.014471396333445477,0.00999169035704335,-1.3240126411044462,-1.4580250333996434,0.25497165345566947,0.1947777368329431,0.1151462791473629,50,252,0.1984126984126984
2017-05-25,75.64734282463584,42.299223905779975,0.11024042374463311,0.08666593512925964,0.10251782017463364,0.09714911906964516,0.021650012569754976,0.013911147356458806,-1.9275175637393134,-1.3412364381941413,0.21431835403238386,0.17026536686777904,0.10920908391243325,50,252,0.1984126984126984
2017-06-23,81.05431259695267,45.01116827848998,0.11664311757682826,0.09143119694728381,0.07888475007205623,0.07833800150912117,0.001301546528285208,0.004645420121639099,-0.7871261537311067,-0.480249677590647,0.22707882349985703,0.16447190070268364,0.1062097731712098,50,252,0.1984126984126984
2017-07-25,77.69853978582044,43.00105877235581,0.12510213165979062,0.09319118462798828,0.11501533392965128,0.10639561904588378,0.03559337666482715,0.023708175632806916,-0.18599571969541598,-0.9626761343705489,0.1805472467882473,0.12438136569089694,0.10920704217830819,50,252,0.1984126984126984
2017-08-24,73.81068200074645,43.34889347698142,0.12809008743303443,0.09589789593784004,0.106251950307202,0.10141243687196375,0.027793092714078815,0.019436624501273217,0.4738917847488702,0.7942787479146508,0.2944490678082889,0.22077848190401927,0.104212623266573,50,252,0.1984126984126984
2017-09-25,75.99557544942799,44.537114346704605,0.12397221351900842,0.09453665736558221,0.12229895445406007,0.1160530627708424,0.04284065471635229,0.03334877948812354,3.3956018686455374,3.5713415807736633,0.19084943188021766,0.13604655087154127,0.1025700319112169,50,252,0.1984126984126984
2017-10-26,67.31391937582733,34.19221764784569,0.11943778603569825,0.0830451549220776,0.07389258840243237,0.07114088533809163,0.005819486037128452,0.012453359894812138,5.30056793025142,4.847582476986039,0.22897040280502026,0.1696144144816829,0.13941049164153055,50,252,0.1984126984126984
2017-11-24,61.05590578229677,27.603837177806184,0.10140738148325495,0.0705367368830064,0.08279590402324175,0.07633333304744593,0.009440926333818642,0.0008607482053201443,3.8950059247852127,4.277226719654827,0.28566129693764253,0.24011418782775734,0.1641448317542755,50,252,0.1984126984126984
2017-12-26,66.37985712636542,28.259298347689434,0.10324137076247682,0.06881101049137812,0.07802824701267773,0.07146573143646086,0.006105366558203568,0.004395456605997217,1.4903632728268061,1.6379759631674875,0.1702039299849315,0.10229499798787427,0.1677942449765846,50,252,0.1984126984126984
2018-01-24,72.71253913026045,29.51675238871099,0.10367190864641476,0.06741052220334989,0.13722922593737744,0.13221189950291523,0.0663023776758418,0.057183080704520536,-3.497505709092275,-4.311170914624841,0.14432586232472758,0.09214748900910977,0.16569238065747272,50,252,0.1984126984126984
2018-02-26,83.71428625813921,35.329818523211536,0.10685323612311527,0.0716559207641768,0.08531331851092801,0.08613049922132535,0.01084308601381638,0.008012430934840387,-7.945612711928619,-8.245221015711959,0.27910802016725444,0.1934971665364181,0.1490263251831998,50,252,0.1984126984126984
2018-03-28,89.0746595195861,39.00640537308936,0.11387973491419501,0.07365522438215082,0.08986886152236122,0.08637776544356607,0.013362049640059048,0.006461070405412897,6.782531554173597,7.092589973861889,0.16458226298275427,0.10999817142730083,0.1381143918467152,50,252,0.1984126984126984
2018-04-30,93.8983933723075,42.406221729964365,0.11607668115373249,0.07524186571798352,0.1051792207309439,0.0970142617256552,0.028193753056132975,0.016858053600169204,-2.852723101842367,-2.529146836038185,0.18404597683629495,0.136229366324015,0.13015583661465638,50,252,0.1984126984126984
2018-05-30,88.68865210627965,41.70867934367715,0.10844928915192822,0.07296660397907452,0.10530286917950078,0.07856331690724985,0.026628430648295315,0.002632479862242451,2.217200882324435,1.9589392132524326,0.2521630019701873,0.16484916792895515,0.12872025883572683,50,252,0.1984126984126984
2018-06-28,84.0753961331575,42.83938000315206,0.09196080508161791,0.07111233899177646,0.09684876550282101,0.09279578022009558,0.018680276775050922,0.012668991938992721,-1.5292499058065456,-0.9969612551734937,0.2156094124964206,0.14195084559943175,0.12084356101008449,50,252,0.1984126984126984
2018-07-27,85.43616391452866,45.92315894880996,0.09317505807757752,0.07350000749422761,0.08499163918529626,0.07892637045462378,0.007278683425541443,0.0009912439589005728,6.564618065794257,7.507791109322892,0.24152527473544405,0.1643799807990257,0.11152281780993972,50,252,0.1984126984126984
2018-08-29,77.64255698418756,41.380196932728786,0.09404579516568307,0.07303535443918636,0.10350077545837509,0.10340120209972904,0.027163930651357054,0.024568048936678924,-4.6284489397753115,-5.70657618482997,0.2373633813711355,0.15989479635012438,0.11935505768253672,50,252,0.1984126984126984
2018-10-01,78.53103918435703,44.79274100907317,0.09092753704409415,0.07474168994394256,0.1736949889376803,0.17395960532976745,0.09699408960476581,0.09478875945113847,-2.6438220891389212,-2.647116970844738,0.19348624833225014,0.1566476572230228,0.10873895636051936,50,252,0.1984126984126984
2018-11-01,80.91627464099894,52.18151861529175,0.10343733245798752,0.08767126236565205,0.1244670862781939,0.12283967165123835,0.043149371302259584,0.038973992262340856,6.121794655803754,6.016090869577002,0.2956479594179795,0.2409273407765371,0.08373704610976793,50,252,0.1984126984126984
2018-12-04,78.16960439022185,50.767217180115644,0.1127446925947003,0.0925779457641092,0.1319142161703499,0.13149564223763682,0.04788733275535191,0.04489143720882713,2.969953684908144,2.9068828348277145,0.24683283698456132,0.1979490801409845,0.08507167153001098,50,252,0.1984126984126984
2019-01-03,84.87395574527152,55.804542801140116,0.11766639839718776,0.09833459006022496,0.10178904065839946,0.09871717138405482,0.013388883452090772,0.007965589838864154,2.208753478205136,1.6555611390937155,0.18706346549629996,0.15478215527031156,0.07816470420345666,50,252,0.1984126984126984
2019-02-01,77.71124276178627,52.10201678344123,0.11817983244211079,0.09944203984358399,0.12086068045850311,0.11689316061611515,0.03146296838072851,0.02520729124991178,-2.5572043457363924,-2.166947036111622,0.1786183236433692,0.15095544748196624,0.08000779221741237,50,252,0.1984126984126984
2019-03-06,74.22576015786414,49.75163662897824,0.11050991532288226,0.09423037438810845,0.10335591179028354,0.10204607041001748,0.014586448705767432,0.011078858400000599,4.198626862771372,4.167393716737775,0.23983197129609354,0.20269926957394552,0.08195628900900864,50,252,0.1984126984126984
2019-04-08,72.83418699839815,48.86601940791248,0.11654714501080302,0.09861996721032573,0.08746713056908474,0.0838471133179341,0.00019560878594142295,0.006500231124906233,-1.011375770375037,-1.4488914287518604,0.23782880474468407,0.1851686533943262,0.08262649846597821,50,252,0.1984126984126984
2019-05-13,72.687637001505,48.464504775957195,0.11784244376312725,0.0973715405675483,0.12463552878534095,0.12280628482163691,0.0360086232996996,0.03156055780045175,6.677401370245772,6.388875836771112,0.15554105575140237,0.12701158590850797,0.08348656226945862,50,252,0.1984126984126984
2019-06-12,81.91353959769631,53.8494044504895,0.12482627520923319,0.1019668163793775,0.0949272001813641,0.09349783603526413,0.005621669112451738,0.0010993759718646856,-4.1413578281227785,-4.386688516603528,0.25169007073683697,0.20035358731819622,0.0822426167061189,50,252,0.1984126984126984
2019-07-11,93.55045572008115,58.442686358966114,0.1279106606629755,0.10325792798820692,0.11590290920727579,0.11263298421768324,0.02422340712407707,0.017961677061175754,-3.7486362081483926,-3.3952381149743935,0.1703354711751552,0.13670303165019165,0.08234392917833339,50,252,0.1984126984126984
2019-08-09,104.09251270295722,61.920856560556686,0.12615542351356623,0.1013716889831565,0.08477420331069414,0.0830702557091854,0.008095261253062161,0.01267217515619154,4.604244254302849,4.324716552872721,0.23598304244600624,0.1849326433589818,0.08320858568933819,50,252,0.1984126984126984
2019-09-13,110.4675586555987,66.49948889076504,0.12988925627721035,0.10455650010357913,0.2635347301572926,0.2228534800192317,0.17174536402088136,0.12774210235877365,4.904008384708363,5.083776011509925,0.19236264607251335,0.15134106550868387,0.07780351261796113,50,252,0.1984126984126984
2019-10-16,80.71164672345587,46.23025782503356,0.14167832710784686,0.10590585619024778,0.12148581513238639,0.11125303225121495,0.024938535861106392,0.009515208679123477,-2.155830441898827,-1.7331532697586245,0.3733255996821992,0.2569398892947166,0.10994208617707314,50,252,0.1984126984126984
2019-11-18,85.28391694069155,43.27840483497858,0.13131486011224672,0.09451719211844854,0.07375677065921962,0.06798591195919483,0.016905136902285192,0.02812030722343173,3.353172330836817,3.38864532640186,0.3560952393073077,0.26346868774571086,0.12497692609962659,50,252,0.1984126984126984
2019-12-17,86.70705264729887,44.47497624420656,0.136312885198366,0.09783160602228852,0.09294240813399056,0.08571589428321662,0.006820244824144325,0.007126579053042953,4.550627508363274,5.602870700348509,0.2421041209424613,0.16589660603755652,0.12097510879214197,50,252,0.1984126984126984
2020-01-16,94.95228540152893,44.30044436035681,0.13326907038351213,0.0934407631532107,0.11259997291043435,0.10370175796792444,0.03196375466596631,0.015458957335967513,8.495559193920343,7.50071627437114,0.22714827847503505,0.14498408516714006,0.12862265760234096,50,252,0.1984126984126984
2020-02-14,97.40166525804953,46.32524955739676,0.13729782195294923,0.09452552947517959,0.288410531989858,0.2878780155674345,0.2067758693620057,0.1984968532710022,-5.694498687672791,-6.374499955044004,0.23823346137294418,0.1474303408732749,0.12278135115258816,50,252,0.1984126984126984
2020-03-18,189.01932775270438,69.79615095019527,0.23092207446343682,0.12818383490250582,0.43405985843064476,0.45921950164597275,0.34161511982551773,0.35477307163291855,-0.620333378508738,-0.14434727980585899,0.5946512926680211,0.4171013257152017,0.11645288792829189,50,252,0.1984126984126984
2020-04-22,239.5475564910901,82.3505670673048,0.33267324518652797,0.18315292730179733,0.21332953031657925,0.1484427607897924,0.09931180083099936,0.013905290218074545,1.0106629082259766,-0.43398995536311546,0.6727265564496645,0.537129981774578,0.11725274146433666,50,252,0.1984126984126984
2020-05-22,181.8131411138271,80.07834111961682,0.2586901594235843,0.17790554768332248,0.21977508020965422,0.20550479163181734,0.10043183031765678,0.06989125424127432,1.342345171288124,2.2675835894252603,0.3708990394979424,0.18833214310798357,0.10577211021396073,50,252,0.1984126984126984
2020-06-23,180.51429904884114,79.7818354376325,0.2661775772199718,0.1708657470543658,0.10921350239547221,0.10025803930850725,0.01677820027310771,0.040876759706942725,-1.149746845003789,-0.0898098183754067,0.3368809243024377,0.22327863550787194,0.10353545862921767,50,252,0.1984126984126984
2020-07-22,181.97610779726583,79.10982285843804,0.2663343007686182,0.16840239948325836,0.11071663033110983,0.1180020006504447,0.014926463867553766,0.02311161159442024,9.421091541533826,10.155506812809667,0.12063543888531465,0.07887303722709135,0.10410008697556676,50,252,0.1984126984126984
2020-08-20,180.92365540860538,75.32621494272531,0.28396082757917257,0.1681607357865076,0.307636090284724,0.2753578853737379,0.180877610910766,0.13191116779908674,0.341136335214891,1.6507863665983848,0.17196239406029584,0.1294398754938033,0.10940963755101163,50,252,0.1984126984126984
2020-09-18,133.95754290800195,65.4169470641459,0.23766468796274207,0.15747235053885808,0.18816830468158038,0.168157456663457,0.044387525739103206,0.012863012854152228,-2.4980669195879206,-2.3886071038260037,0.3520978088777405,0.2569657735307048,0.11014390725515309,50,252,0.1984126984126984
2020-10-20,137.95290255239675,68.51927912611185,0.23069926557026255,0.16068993750847896,0.1762222956794539,0.1474913428305015,0.03281647920339856,0.0063859647802606,5.1614259845397985,6.6701598315547,0.39547119741017134,0.2588628581732679,0.10637670340137878,50,252,0.1984126984126984
2020-11-18,135.4779444435671,67.13813830871175,0.2048643941013,0.1510659028613261,0.1584526845469681,0.14348600644376802,0.011377234151750265,0.0120169156965107,1.6199971627830563,2.4118834546077283,0.21005407140394608,0.1331863850155505,0.10888784280979018,50,252,0.1984126984126984
2020-12-18,128.0337376695169,65.3234227725112,0.19599192365174406,0.1445541163391653,0.13835908420985973,0.1319121593889392,0.011192768146015913,0.025119360500143573,-0.23262152552388476,0.5592767702694231,0.22904271087736452,0.14896822991896058,0.10861087662934442,50,252,0.1984126984126984
2021-01-19,130.85608606284868,68.70491284286123,0.20070931764495684,0.14968988166146086,0.12722844613872175,0.11988244412035506,0.023642560281993186,0.03857394471657111,5.3368206768520405,7.48118952133915,0.1533145631200139,0.10459146777625,0.10233670174313493,50,252,0.1984126984126984
2021-02-18,136.43817429543643,70.02604193924837,0.20123461863732822,0.15020479324797925,0.1575137047459862,0.15678290028303593,0.004851693417293218,0.0034978308040538586,3.225918824799635,3.18286099424039,0.1437374860383755,0.10438494621764006,0.10199173963949791,50,252,0.1984126984126984
2021-03-22,119.48694369347811,55.112307343213416,0.20803061329433797,0.13656956045364121,0.2448700592020111,0.23919419568655015,0.09981951767870836,0.08522221993798898,0.5563346998132193,0.824944825040068,0.4296896730230249,0.30260361919680867,0.12432186862083898,50,252,0.1984126984126984
2021-04-26,93.4698144944861,53.85519209376243,0.14939061678931528,0.10753200430869576,0.09678866530593049,0.09700309731512426,0.01950773008826731,0.023755660243777316,6.120145763627111,7.262113209697252,0.6621602672290634,0.5471387143259867,0.09080051651141058,50,252,0.1984126984126984
2021-05-26,89.58817825468321,47.398873425956765,0.1507384283860211,0.10251052210328122,0.11642042034762955,0.11187658045340661,0.0031079207842863166,0.006229295696629403,7.373963440491888,6.675806184854656,0.21506876899414135,0.16159788313265844,0.10398682576138184,50,252,0.1984126984126984
2021-06-24,91.76363742781658,46.39619713451544,0.17649501102034193,0.10806466081685834,0.08621841814035973,0.0843001869545874,0.021110934158793976,0.02932084408243596,4.405233888581445,4.782639409119549,0.33455480408489796,0.22113120239132983,0.10787201418072409,50,252,0.1984126984126984
2021-07-26,90.38913705655492,45.33932611918789,0.1846128191647088,0.11141885278317701,0.16834721628601948,0.1355529703273497,0.06287792120112232,0.02324990559814795,3.675872310691883,2.7073414468373516,0.1991752382594995,0.12054584112534264,0.1113218770798819,50,252,0.1984126984126984
2021-08-25,95.78804762828645,50.13660989993927,0.1687479569625531,0.1152283475019285,0.09481909099897692,0.08287335929768684,0.009463551197286285,0.027630688776134088,9.900538336367129,11.169534015746752,0.3757255756368691,0.2314429898426389,0.10165995621206027,50,252,0.1984126984126984
2021-09-24,94.80475325807116,50.207960451728866,0.14016225119458797,0.10202767534807895,0.17717373558982868,0.15252507203884813,0.07834523921323025,0.04878249699943675,0.30485006861417024,0.3330478847629439,0.3030920359728215,0.2622517279355726,0.10008648142014381,50,252,0.1984126984126984
2021-10-26,74.58211871653714,40.14769517734662,0.1133758901150579,0.08602977862951366,0.10620831230763123,0.10516722635269293,0.0067880604179504644,0.002283625519432106,0.11688603228920029,0.7459513312642141,0.2602262788380272,0.1960245506571825,0.11303275572678452,50,252,0.1984126984126984
2021-11-26,74.69261047623311,43.205332360246224,0.11519571647086944,0.09043933502364386,0.10658849308122878,0.11374911077893735,0.009168967168581912,0.01259630829844434,-2.875077229952343,-2.3879074299405816,0.2214079048485694,0.160487303676676,0.1023281076715911,50,252,0.1984126984126984
2021-12-27,87.19057065642467,50.72992039147207,0.1370556437469435,0.10492037427294541,0.14371709744462918,0.14167221840338792,0.04638682687139829,0.03974931492836986,-2.156966302289105,-2.078154114847416,0.2202779850922687,0.15683848421408125,0.0924765407405882,50,252,0.1984126984126984
2022-01-25,83.95966992907327,48.15247450412399,0.13919363547916594,0.10500436354175599,0.13839938421147444,0.13527719080787592,0.03795741226464247,0.03058034440342089,-1.505088849231065,-1.2119224329919414,0.17330288426773738,0.1333107215629359,0.09663963869529053,50,252,0.1984126984126984
2022-02-24,92.03506186462096,53.4741566535073,0.13458754093967798,0.10691451098901568,0.18781599946988223,0.193923087864791,0.08630029155408109,0.08886603414129535,-2.6399108018303066,-2.154892664787294,0.1960574824645253,0.1570419542169022,0.0893007955863993,50,252,0.1984126984126984
2022-03-29,90.11037653014489,55.47193881743876,0.14787887788362977,0.11761229316646785,0.13299442751151758,0.12821393460036967,0.02365066584270692,0.015822028922154147,4.007354878612785,4.49391394197633,0.29369010242381677,0.247185124377063,0.084975791732615,50,252,0.1984126984126984
2022-04-29,80.95743634162734,48.35488722878426,0.13678309921053441,0.11021135536002749,0.11949637596828347,0.1283254079704164,0.016684105012062828,0.022250815047855907,-0.08491802301208488,-0.5327387231172955,0.33707995979979444,0.2691976348532525,0.09353882924163681,50,252,0.1984126984126984
2022-05-31,98.33918488337481,60.71303470342838,0.15831592579243375,0.1286685081664833,0.15269243751602102,0.1437575078528624,0.05330521925725587,0.03976199003182623,-4.872331655541878,-4.5109660453612115,0.2579542087198247,0.2042849096393991,0.07854023711080506,50,252,0.1984126984126984
2022-06-29,104.83168400428121,66.94050133364708,0.1670841561853896,0.1369660625051264,0.13334335094682911,0.12735290268655367,0.03251795392956246,0.021976102392488595,10.956366980665788,11.052725710959574,0.30997250006858995,0.22477010682113335,0.07122301241875299,50,252,0.1984126984126984
2022-07-28,117.15022025428253,72.31622962159106,0.16119004495821546,0.1333713181344361,0.10588724723923718,0.09682465117107322,0.0004295262491197799,0.012372638771581623,5.057116658675896,5.527678611257374,0.24856782190268087,0.19482870572141375,0.07023207192425347,50,252,0.1984126984126984
2022-08-30,111.96775228372626,69.53085423773996,0.16911693621347162,0.13611370245190696,0.16117726046277275,0.1501047605331523,0.05658977066764605,0.04151094715924693,1.1445590613167806,1.2042196586368468,0.24551071727207174,0.1847463302693767,0.07203785067088005,50,252,0.1984126984126984
2022-09-29,126.96848689396171,77.07720886121267,0.16580179111974525,0.1369876542061922,0.09959303443181335,0.09533809847388403,0.00668030850251658,0.014508200325765927,3.142929203688082,3.5350615973240687,0.340096614777341,0.23902534668001618,0.06897684144716554,50,252,0.1984126984126984
2022-11-01,165.40966187466026,92.3824938791403,0.18207925337068917,0.1460012834619078,0.15144467437539688,0.12971999749128707,0.048917922092948124,0.023024561303884417,6.183483868568628,6.032688215551663,0.22322076833704158,0.16850283600521965,0.0666422956716437,50,252,0.1984126984126984
2022-12-01,98.14959290194273,63.21488544528854,0.17205722972352086,0.13706954601567817,0.09584708214265007,0.09335597180457043,0.007520420108308584,0.014115668020843769,-1.180382327359108,-1.1029848508438782,0.30764650025522233,0.22243200663555301,0.07455441422661813,50,252,0.1984126984126984
2022-12-30,102.32867733451918,65.4161954017563,0.1784138082892014,0.14024690655404423,0.0974052795475131,0.08129606488154083,0.004367089909796201,0.02510986188421542,1.9727653571786783,1.5031353662149185,0.16906628308560184,0.1351322228115609,0.07428942860365878,50,252,0.1984126984126984
2023-01-31,107.73175120531394,65.29955085222758,0.16778967809551495,0.12986577638594787,0.1255901522282006,0.10164274328021285,0.026731578769418327,0.0017271890872108953,-0.516952755369397,0.5657529997583579,0.19006983831079036,0.14432551615110842,0.07862350779707683,50,252,0.1984126984126984
2023-03-01,104.5881330831971,61.747481195205296,0.14576930249566084,0.11693309931677151,0.09420796656629607,0.08769290704576023,0.0011899637800289187,0.011761347095974387,1.6187396461442558,1.7928465063438592,0.3332846218993796,0.24106663868322556,0.08391914339283174,50,252,0.1984126984126984
2023-04-03,100.02433791963848,59.30853479915009,0.12706192058727708,0.09897018254395225,0.0806731696003236,0.07539923051221675,0.007246156436826731,0.01585046354569615,6.2832538231453645,7.208938688429808,0.29570790925842283,0.24659300220166447,0.08345246271792527,50,252,0.1984126984126984
2023-05-08,97.11191014165621,55.924226833438816,0.12316872227177184,0.09697887513750258,0.09175934913244681,0.08327541584122415,0.007798311702629249,0.004490751379926328,4.693559990926696,5.936116475338708,0.22095321212302496,0.16728942867844945,0.08960573531078156,50,252,0.1984126984126984
2023-06-06,86.1572949691046,45.21809646581118,0.09405340109600964,0.07616914901540692,0.10844514510759702,0.10082648281545856,0.030225288690811397,0.019828907823341083,4.9323660361842245,5.771193421436477,0.3535997155279397,0.28578081702874847,0.10838183366657364,50,252,0.1984126984126984
2023-07-06,78.88226165753252,39.790952822329665,0.08924067483908132,0.07164961674318959,0.09038069213034508,0.088329540540453,0.014887713633892588,0.010172586644554338,0.13533547079743055,0.9843698854960748,0.32414265663558184,0.2207787311452655,0.1193829692500944,50,252,0.1984126984126984
2023-08-04,86.43677526519022,40.50262016140367,0.09387448287533869,0.0729921274659674,0.05878619921990785,0.056930485903428536,0.013845443688657519,0.019174353764467293,-0.9453161461031404,-0.3480839137462571,0.26958380077848104,0.17511202105750107,0.12256689902795416,50,252,0.1984126984126984
2023-09-05,92.6439702606405,39.80244521613268,0.09424519855721702,0.07180614915170348,0.08483369518128038,0.08867315637243584,0.014847567130804512,0.014661500037568526,2.136640928997524,2.3423390063685487,0.14817046985851634,0.10607493386140403,0.1286970035278496,50,252,0.1984126984126984
2023-10-06,107.06977602827608,45.64744690382662,0.09473087744120065,0.07261493988433891,0.10554387011968595,0.11122351511645212,0.0408128545005145,0.04150361335151319,1.2496745099190525,1.23162061640459,0.2089323036914269,0.15623458216187636,0.11980695598716043,50,252,0.1984126984126984
2023-11-07,111.46821470683128,51.26725215939544,0.10366123064017642,0.07755079337953047,0.09105752367460344,0.08391257380693125,0.025285649740277,0.01292789029891983,8.389493494482043,9.473089815937845,0.1959882989962712,0.1467065062971182,0.10847133688080426,50,252,0.1984126984126984
2023-12-08,109.4075046718211,52.00897367781643,0.1003342472093574,0.07582002571043585,0.0901599391103727,0.08920102475294218,0.0227521335026349,0.01730931402893278,2.2257770163528767,2.7551595078942976,0.14663675022345485,0.1077467062068746,0.10594631949216585,50,252,0.1984126984126984
2024-01-09,96.81225787204173,42.82551496640267,0.09775601665458632,0.07096738919369174,0.15364429110458433,0.1447240490567881,0.0848765344030345,0.071938098687059,1.2401619427636814,1.1402956466243586,0.18917189514441066,0.14146308810354416,0.12205251506067917,50,252,0.1984126984126984
2024-02-09,96.83820983480628,39.677090999977715,0.10010107878374905,0.06914739636491121,0.08969793739130419,0.0783811693441391,0.014790777176117986,0.00033109734674306723,4.67711484865918,5.331357613269998,0.3428660396887919,0.20900027600928725,0.1324452216238532,50,252,0.1984126984126984
2024-03-12,102.91040971759654,44.84774782621494,0.09314518455581176,0.06786646208744801,0.11533553128613695,0.11433676418217445,0.0399343907462663,0.03566614015315869,0.13969823990672195,1.4426723604625349,0.1941245858887666,0.1252915644858524,0.12007887593084238,50,252,0.1984126984126984
2024-04-15,109.75856396314117,49.698673796965906,0.09369593067756662,0.06893353556902727,0.08998644950084686,0.08360185673678347,0.012324349172632879,0.002674715288813259,7.026138844733371,7.475653966125013,0.2501163132845617,0.1715396575459797,0.11498008219120774,50,252,0.1984126984126984
2024-05-16,109.4137442254561,53.35213326148299,0.08791627954545213,0.06871430835046745,0.15964003228253992,0.16467976355891037,0.08064124906621062,0.08290909271751885,7.989461674176529,7.7227379364862365,0.1794266655040276,0.1292675404767255,0.10517323287059442,50,252,0.1984126984126984
2024-06-18,138.16783444196463,61.01213895595061,0.09049602614354951,0.072713612148263,0.13184836367430924,0.12712650213985563,0.04563816418768961,0.03776775421310233,3.377179015910083,4.1143572114344495,0.29450934811618956,0.21830022039412442,0.11588228734439128,50,252,0.1984126984126984
2024-07-18,136.19359454890224,59.283325456470436,0.09385106686309892,0.07195205918602159,0.15254131540614393,0.15746675721225983,0.06323474841352963,0.06531177994527869,2.7952577801540093,2.965555768750322,0.23433698339927173,0.15066373118528606,0.11854573500168798,50,252,0.1984126984126984
2024-08-19,146.78567175381275,68.29272890050107,0.11237492515246637,0.08248878059063322,0.07846009403998477,0.07618559658433412,0.015589552245746749,0.021069842429072616,8.623464739827558,8.413698694593757,0.23100905554244122,0.1663625475238988,0.10418075550623151,50,252,0.1984126984126984
2024-09-17,149.0196593561149,70.96315667811082,0.11747035721382623,0.0849783433241648,0.13395549350709102,0.12807496936272444,0.039908900171796186,0.030773722854047336,1.974805468417539,2.1317799154072397,0.15691264223776713,0.10139007905652121,0.10115391831889238,50,252,0.1984126984126984
2024-10-17,156.47222364338853,69.86301047529489,0.11681168824762642,0.08388467060430485,0.11542376167949647,0.11642947472729938,0.01858724682562682,0.016824395781737694,-6.372769342214632,-6.660549777429128,0.2573035274623629,0.1759213704038532,0.10608358047177617,50,252,0.1984126984126984
2024-11-18,149.84049937937854,71.7457035671177,0.12604019860739188,0.09122387004100746,0.10171742499113574,0.1030431764451038,0.004401070450954878,0.002433173588046275,3.17980201713674,3.3426408684516518,0.283570383869919,0.1890756896005995,0.09956771200020911,50,252,0.1984126984126984
2024-12-18,155.5794391457249,74.52577644731088,0.13425317205488238,0.09608110120119184,0.14228609184220756,0.13785833439973105,0.04541727545680664,0.037256624386942855,-1.2502245324735715,-2.2516777984605625,0.23196027439568243,0.16089309509874414,0.09720190957436906,50,252,0.1984126984126984
2025-01-17,159.1611550590644,81.44454857266626,0.14480801560629247,0.10338664774070737,0.17420144294813164,0.17238456479661488,0.0743125616362014,0.06861335423774445,0.17975007065349305,0.08092880324733238,0.30832829809509404,0.20963361672126327,0.08694162506163307,50,252,0.1984126984126984
2025-02-14,218.666648186007,102.38894668371698,0.13594683992144543,0.10235359582498525,0.13740874741318745,0.13639975429404294,0.032346197689916256,0.02871873572615441,-2.240360900108746,-2.3822884180878767,0.24427215852692524,0.19517954368184107,0.07915657460438369,50,252,0.1984126984126984
2025-03-19,222.4109974289853,106.31787572277251,0.17299074235569523,0.12014443323237227,0.1616413552079727,0.16224054687979203,0.05555603071745541,0.052377205193830434,8.012922222249223,7.564403259741006,0.3121933586128789,0.21079823137393372,0.07644638870798903,50,252,0.1984126984126984
2025-04-23,197.87577168242842,103.64620624754104,0.2099014663026822,0.13988555130503483,0.1244308349997559,0.1129414490287937,0.014856793671326127,0.001285909513145056,0.8477274130311351,1.4460285085454463,0.33893384928866654,0.23322359293936185,0.07264983395167275,50,252,0.1984126984126984
2025-05-23,186.4279190126794,104.18031522828342,0.2055902550146848,0.14514389272636813,0.0956863307800171,0.08493243854620251,0.01473053328606648,0.029983081373040676,3.656854044191782,3.2046017105322355,0.2721839293395431,0.19214436237206212,0.06920612431560277,50,252,0.1984126984126984
2025-06-23,163.02601347736876,101.29295112287421,0.17078517782124192,0.1334282854000904,0.09833111500904727,0.09615903095436824,0.0068169712494113854,0.011627849289974554,2.556827889497876,3.231370326011548,0.3201525150390489,0.2489806589470403,0.057303078519609696,50,252,0.1984126984126984
2025-07-22,156.1550166950309,98.23040184588588,0.17251611598545663,0.1340181334562331,0.1294752487792943,0.12307898839358528,0.025391769219147584,0.016195828917988597,2.915741658696927,2.7141385609422923,0.1893885235494429,0.16190655842323742,0.05778489172813347,50,252,0.1984126984126984
2025-08-21,147.31327954891597,90.97077799001045,0.15774460530366477,0.12193980605629522,0.11164081790529011,0.10994690417767805,0.010244159953351581,0.006051953153060563,-3.9830945154465374,-4.004925997914847,0.2589467537907348,0.21358376345581465,0.06228613551964431,50,252,0.1984126984126984
2025-09-22,145.90283676268325,90.99093172911466,0.15817207003113648,0.12107522321526115,0.11219755181629874,0.10596724147759712,0.008540683847482855,5.921183280568898e-05,2.779045975334284,2.71031544542801,0.17015088238395915,0.1409453833124992,0.061712673514807595,50,252,0.1984126984126984
2025-10-23,145.05790352370502,90.18052274472642,0.15578729135441416,0.11887823449489145,0.11073288480616679,0.106919328296297,0.007171131348599896,0.001345921916495782,1.4946437737715232,1.887953181549654,0.2081022491744647,0.163201769800895,0.06284828311966989,50,252,0.1984126984126984
2025-11-24,135.4291523243862,79.67241734535459,0.15185543376576294,0.11204970791120358,0.08922065755037266,0.08812234574045162,0.013290265067361182,0.016309160608946438,-0.5261781927703664,-0.3082139796500142,0.23375680618200548,0.18231099227617042,0.07230628803054588,50,252,0.1984126984126984
2017-01-19,63.08027164481007,50.71006583702468,0.10847066524953593,0.09866791783751065,0.12875477284115341,0.1245897291458172,0.020594872761239155,0.016027483739307763,4.970396401835995,5.1637444264250165,,,0.05241664216755876,50,504,0.0992063492063492
2017-02-20,65.08568556917322,52.2530156372216,0.10479374448712696,0.09626601002230482,0.09025080350780366,0.08817538483185249,0.01715813831608838,0.01955821104480389,-0.41743671166153906,-0.19512335197801248,0.15703868547564756,0.1365151675234115,0.05159324392127724,50,504,0.0992063492063492
2017-03-23,65.43283034311688,52.21270764034741,0.10384942239910007,0.09574952007134292,0.10196950928852733,0.09996831347282101,0.004111431246081265,0.006431689877885963,5.340238630299658,5.58418249423813,0.11247841007548544,0.09965394888614995,0.052856463148042446,50,504,0.0992063492063492
2017-04-25,68.39060667583757,53.53069674332118,0.10213475565125114,0.09379975444608063,0.09843991231221566,0.09656871130225306,0.008100313767265013,0.010196879345606064,1.10146572477374,0.9209965820942018,0.09330845144610822,0.07999298130991614,0.054669779487450984,50,504,0.0992063492063492
2017-05-25,67.41338961561726,52.34505257871757,0.09935369412035104,0.09087428657521864,0.12095721428122497,0.11858637379131964,0.017338072732406618,0.014713807059875447,0.7045636384174593,0.8533595812690964,0.15628594927334455,0.14057388809778573,0.0567890793656202,50,504,0.0992063492063492
2017-06-23,68.97569546926881,52.85848333720756,0.09852938390027072,0.08960572233912908,0.090924290021931,0.09029739751138778,0.01151482000512423,0.012412947994579857,0.4917311562011212,0.42862507555330065,0.14990054998828956,0.1303795743870523,0.05825742674983671,50,504,0.0992063492063492
2017-07-25,68.90947034830323,52.61626419772659,0.10147660907895228,0.09210997481976516,0.11307553301592337,0.11267182342524454,0.013738293262230805,0.012793632721104523,-2.1700131072041455,-2.0431889005288713,0.11388830776111047,0.1008200875372482,0.059041117785853095,50,504,0.0992063492063492
2017-08-24,70.39929339235607,54.32889524823493,0.10499809795520909,0.09507243362256,0.09835900549981584,0.09846357035973063,0.0004676065479019692,0.00011500289895846616,-1.7318561501887908,-1.268137697436864,0.133789398650857,0.11442366986478769,0.05669006167125338,50,504,0.0992063492063492
2017-09-25,61.289183459643354,48.70079281643244,0.099172213116092,0.08998924871680809,0.11283473087024176,0.11159071891501296,0.020371002930736418,0.0185845461826383,2.1510288562272586,2.2462228373577275,0.20026950342352456,0.18581781591245594,0.05079360101763396,50,504,0.0992063492063492
2017-10-26,60.160318275298756,46.26218244824174,0.09936817146531719,0.08854052096069426,0.07332543944583614,0.0708799336382047,0.01724873326162489,0.020446393780081534,4.9391414553726865,4.809111035395264,0.14630575765478968,0.1277674191689782,0.05841134171351992,50,504,0.0992063492063492
2017-11-24,57.2783324853696,44.86186003019868,0.0992932146019257,0.08861561702360055,0.08045724919486023,0.07835842933577514,0.009505896069770245,0.012406826687141603,2.480021979003138,2.6024525128085343,0.09069410269289215,0.07598773636928616,0.05701498459509652,50,504,0.0992063492063492
2017-12-26,55.78589494807901,43.69419985222632,0.0990357507972137,0.08784504043245756,0.08315464301673431,0.0811258333345542,0.006839821022208675,0.009658547751835111,1.960469636461154,1.9355295879992331,0.0815502870030747,0.06818835768621313,0.058156862476887,50,504,0.0992063492063492
2018-01-24,55.01532011483624,42.82148152245836,0.09806104602956417,0.08677654488380185,0.14142307121081818,0.1397183192054308,0.05231060407522027,0.04976136508770361,-3.4921656779767254,-3.7271794912967704,0.08647094814426928,0.0745778181680116,0.05969350434608323,50,504,0.0992063492063492
2018-02-26,54.97432905702928,41.95478490736634,0.09651452034098387,0.08512707079532224,0.07683058452701577,0.07686085221284021,0.012698717265796897,0.01341889853547086,-7.962620355348914,-8.023389268201164,0.1404735098132429,0.12741856019283365,0.06329568289195917,50,504,0.0992063492063492
2018-03-28,49.39359571888962,37.68091919328524,0.09032101313155737,0.0795912493953933,0.07235013159837579,0.07077387272515467,0.014597018351059934,0.016751469159323754,7.715732532576929,7.662373499460714,0.1357698323576625,0.12395869499776828,0.06624460406783993,50,504,0.0992063492063492
2018-04-30,50.588099555680465,38.466080542315524,0.08861778065021367,0.07863299006096335,0.10501439922282985,0.10254113118925826,0.02008805666710252,0.01699293043980786,-1.397538406799794,-1.6359685168621576,0.11981075469302806,0.10422522238951021,0.06601538321527663,50,504,0.0992063492063492
2018-05-30,53.4280680473113,40.66433828308144,0.08942763788076423,0.07913852216516414,0.09668230695837969,0.09186583424513563,0.01156085362263537,0.006132482819084684,1.2859973790367447,1.0276761552648321,0.1258605286013275,0.10925864716416331,0.06355218326268414,50,504,0.0992063492063492
2018-06-28,57.43603020537169,43.79866014593077,0.08875436539880231,0.07927502222816972,0.09397612147891878,0.09365185735509288,0.00883353303824505,0.007921842301285523,-0.7680251110004537,-0.6490236814636964,0.11045483789804356,0.09317898862984658,0.06040417587181644,50,504,0.0992063492063492
2018-07-27,57.21347672815998,44.13664073367602,0.08804675448332464,0.07883131733172183,0.08845025923858556,0.08512167060866367,0.003025792547730305,0.0008731582472739502,3.3246990336992632,4.0262778806864,0.08532515531319783,0.0787979554055936,0.05857771366926467,50,504,0.0992063492063492
2018-08-29,56.75240182025249,43.63348491535854,0.08742820414925756,0.07886282383525207,0.10536320081598763,0.10562565173661027,0.021062971450040796,0.02068318139134505,-6.48858604558835,-6.699255041969249,0.12595451004912045,0.10713804346388474,0.05950423803505667,50,504,0.0992063492063492
2018-10-01,62.020359680747994,47.72802722783344,0.08812781825334098,0.0800941326892171,0.17287101349771075,0.17308702593293238,0.08786349010146012,0.08740321015361116,-2.698228800561699,-2.6600233665126987,0.1247210204136823,0.11286765964974495,0.05618848989458223,50,504,0.0992063492063492
2018-11-01,59.69329505633524,46.257370072029225,0.09010685801016884,0.08166179123450351,0.11877780101013648,0.11742915491729627,0.030477792661158506,0.02842757971812916,6.365540508996345,6.23613715860766,0.14904329719808598,0.13209469827807474,0.05634549739746047,50,504,0.0992063492063492
2018-12-04,54.86959591128861,42.07766121274533,0.08453647988451783,0.07672071129166172,0.14724274594920722,0.14528875081907125,0.059945702453169006,0.05745991403497938,2.4309186116727757,2.4622509021720407,0.17286241079987083,0.15362040203483449,0.06101385326368278,50,504,0.0992063492063492
2019-01-03,56.35830416827352,43.56746855821485,0.0840470089270271,0.07745878251057854,0.08802262042008052,0.0882972416196558,0.001622319553925028,0.0017250200334965604,0.7456511598098462,0.4428165651488862,0.1298941495506099,0.10965934608475358,0.05860231248698774,50,504,0.0992063492063492
2019-02-01,55.23735756740456,42.75675402530305,0.08548607419922855,0.0783769848659068,0.1120424041263558,0.11226947642114903,0.02233726995356046,0.02213958903636122,-2.6222278577696425,-2.342387913856513,0.0687061508442692,0.061570731524716746,0.05911682475045916,50,504,0.0992063492063492
2019-03-06,53.98395077535472,42.23243063887038,0.08783172021422157,0.08011778859388662,0.09537474401645743,0.09583590640131155,0.005675334936754151,0.005571734375696316,5.211345021530771,5.144072240795418,0.11546276576003343,0.10339771239489802,0.05830008113836471,50,504,0.0992063492063492
2019-04-08,56.389193247602414,44.00604911074385,0.08941708386380026,0.08165676042273762,0.08969943299497708,0.08730442645888505,0.0008671899485295925,0.0038330541303257526,0.06675418798027356,-0.288045814007839,0.08003328776157445,0.07217555757400493,0.056954703071344655,50,504,0.0992063492063492
2019-05-13,54.68123680178197,43.320934576295755,0.08704749914568302,0.08008046268867208,0.11728404832658566,0.1180767008347833,0.026506356074612283,0.02684046801053859,7.271670829658277,6.972057210829601,0.06406107000221367,0.0558970368062331,0.055550076433258315,50,504,0.0992063492063492
2019-06-12,57.55437272187089,45.64185306241723,0.08816444435723401,0.08089611574632377,0.09981771114113126,0.09807128683170932,0.007621470359069363,0.005410517396985934,-3.6757396730996885,-3.8723951741191556,0.11388363006976313,0.10396519163106129,0.05462553662544658,50,504,0.0992063492063492
2019-07-11,58.645629225314835,46.52577515743366,0.08699174799616921,0.08005040874885373,0.10498628247580252,0.10563956120981766,0.012197085323118362,0.012444999165039744,-4.70621342261339,-4.480853680572834,0.0946633624066039,0.08412306380242231,0.05375128738879044,50,504,0.0992063492063492
2019-08-09,61.12384165969593,48.37379075653974,0.09025857745253082,0.08298759844756623,0.09038816813113984,0.09094170602108066,0.00249697659479009,0.0025091528184097572,3.074386113218652,3.069923230695981,0.09654830474608977,0.0847871587125133,0.05256144746091495,50,504,0.0992063492063492
2019-09-13,63.14561497185064,49.82089933893626,0.09453603393685517,0.08617080383164717,0.22758236315103328,0.2197060912745089,0.1357197808152743,0.1270268406717242,4.92053319588715,4.857679185493541,0.10160040974410095,0.0908377487551101,0.05166407003857489,50,504,0.0992063492063492
2019-10-16,57.17724515440511,43.956194578547645,0.0973612688898321,0.08663928835509256,0.11513002552401312,0.11108599449767233,0.018526282656510393,0.013522809381269651,-2.2446259842357743,-1.8455367242051106,0.23172930593051508,0.20449501812594104,0.06275678222262317,50,504,0.0992063492063492
2019-11-18,57.170070979047736,44.501644358357375,0.09681454337157813,0.08676421782202473,0.07441796716525276,0.0731705157901017,0.021686251192104017,0.02389874933855264,3.1812184105484325,3.167514366385353,0.10131077079479872,0.083365425849587,0.059293123759071274,50,504,0.0992063492063492
2019-12-17,58.440830505814695,45.33517812607308,0.10169719078461494,0.09006293377874124,0.0850087996809501,0.08376612704380179,0.009881353633088855,0.012349921169844708,7.057139396525814,7.146346298946337,0.09176254206850187,0.0776413101074651,0.05899805450634161,50,504,0.0992063492063492
2020-01-16,59.381669566764714,46.09030497511055,0.1017379379450245,0.09036870525455416,0.11629405845167977,0.1125836395429817,0.02125332365010303,0.016324725884712718,7.80327675997786,7.203216323010954,0.08891946089547545,0.07674579299778411,0.05812738229250457,50,504,0.0992063492063492
2020-02-14,57.45816895873148,45.01194722562086,0.0992976092940606,0.0896029813698396,0.2770541066127337,0.2779751256355113,0.1809124253644339,0.18069756423650957,-6.679303128733563,-6.797889944858527,0.11068845401034305,0.09237476335230371,0.05774648657893368,50,504,0.0992063492063492
2020-03-18,63.833295958286634,49.53195851970515,0.10947188876251929,0.09857409497288736,0.5042605021823349,0.5098827634230897,0.3983232595774037,0.4027475445662116,-0.48453085921147915,-0.3104210029375189,0.2705308992124911,0.24426858993152983,0.05936362956829263,50,504,0.0992063492063492
2020-04-22,78.85991345016615,56.746326254498314,0.15921356155918914,0.13449598318150935,0.13351055312205853,0.12937825209319131,0.0059857849417712106,0.000967757761393101,-0.9177838987494382,-1.2596939402085778,0.5169951795338733,0.4559866730528496,0.07024281758450161,50,504,0.0992063492063492
2020-05-22,80.62803922888021,58.851081751610444,0.16055127280745124,0.13718430772142354,0.1811631015565195,0.17564609566445716,0.05263380223596262,0.0441780056122823,2.0997493947440273,2.4757866415321037,0.09141371721488442,0.0790271013545315,0.06600409181403993,50,504,0.0992063492063492
2020-06-23,81.48232959150353,60.055500789561144,0.16619758886606162,0.14094610847077538,0.08161066160689057,0.07939050242088176,0.047578929319320784,0.05306666759703453,-1.613283339199627,-0.4587417875916926,0.1790100534704753,0.14545475727141516,0.0631252774106507,50,504,0.0992063492063492
2020-07-22,82.15831080706715,60.19353545516801,0.16773640307426094,0.14226333511115655,0.12953477949067463,0.12511650764364435,0.0015962438725057315,0.006389361514436365,8.607735395902257,9.046699898632218,0.08325855287293525,0.06519119088803779,0.06326731822999934,50,504,0.0992063492063492
2020-08-20,83.77929461557619,60.28480407292428,0.17015453966718316,0.14180985140641728,0.2908569003552369,0.2808900521706829,0.16140918173421234,0.14780705744772976,1.5216498203315163,1.93270417268496,0.12733172881640997,0.10213198070903794,0.06491308777037764,50,504,0.0992063492063492
2020-09-18,80.00961835984685,58.65996285473997,0.1679347832349124,0.14090245221360506,0.1763739408604311,0.16792323037118692,0.039380533991253935,0.027925322372706063,-2.7398544255371515,-2.5412070626372993,0.20697942283681717,0.18303411291855315,0.06343105535587751,50,504,0.0992063492063492
2020-10-20,78.01236306246518,57.469044412091705,0.1612770135081768,0.13746041195487504,0.1613210590829382,0.14888480470086662,0.02221052320589434,0.0071585050048413035,6.029806186647355,6.736015460851407,0.1447326119051368,0.11166310579418781,0.0637484360265828,50,504,0.0992063492063492
2020-11-18,81.15123429587855,57.57018345152739,0.16008611338890522,0.13510528646613024,0.14293867670432725,0.1334612623793328,0.006317055730638288,0.005935541461110333,1.9407318475549455,2.2648380290829557,0.1928017989751051,0.15365721845458408,0.06844335246891195,50,504,0.0992063492063492
2020-12-18,80.82917427691211,57.55259741024106,0.15883532266186412,0.13425693276383374,0.12397687318827155,0.12207021652125687,0.011783295800491506,0.016566596593180036,-0.26548477979430996,0.2185347750693778,0.11492135632366661,0.09023983173515827,0.06765337421455485,50,504,0.0992063492063492
2021-01-19,80.0000537172802,57.56392430612425,0.159827090760721,0.13535442714528367,0.10299369014809918,0.10002223799482333,0.031426440982016204,0.03744543043184266,7.7338823439951785,8.604432266134896,0.07475737595480643,0.06434244923366175,0.0664245242064017,50,504,0.0992063492063492
2021-02-18,80.81862813927171,58.1786367371518,0.16039383126827486,0.1364658166334671,0.14936439721761632,0.14851720800463247,0.014822833524667733,0.010750255917439527,4.229452442567355,3.9948819279257766,0.0647425728444537,0.05522376003916535,0.06522694937461704,50,504,0.0992063492063492
2021-03-22,80.96808411586233,58.270802257875346,0.1689114679974808,0.14136514927186197,0.25189046576291996,0.24162299439795337,0.11774634186368904,0.1037957064473688,1.0456286064111027,1.0968225071744149,0.14571336259892773,0.11813371880516954,0.06481854460109578,50,504,0.0992063492063492
2021-04-26,81.12280102804274,59.69213303737123,0.1578327658792261,0.13501491930580212,0.13604258341144673,0.13435727621367363,0.004457596689677545,0.00881179543317731,6.683691427300347,7.083668508865788,0.1614856314624351,0.13099087436526574,0.061041471917322426,50,504,0.0992063492063492
2021-05-26,83.90143216473737,60.77527309068455,0.16358759303686066,0.1383005313855999,0.09967963970649792,0.09938124765514426,0.041287554890970316,0.04455013246778568,6.761642651369465,6.756988310602048,0.10383965724435787,0.0852788322905092,0.06170027478776671,50,504,0.0992063492063492
2021-06-24,80.59429339119913,58.03917592634082,0.16548187877315004,0.137817558267875,0.1309193548909494,0.12442027737624833,0.009812069932490397,0.01940907844824158,6.714233379494339,6.933548578359446,0.09344550523254624,0.07894111988867275,0.06399940516602666,50,504,0.0992063492063492
2021-07-26,77.89657555231824,56.222380421207546,0.16090778909169592,0.13358073397432024,0.15203929198322663,0.14705183475814113,0.0105187148835659,0.002697708306052593,1.8919204388684705,1.3863001411314755,0.07111646715369713,0.06231643157866813,0.0653323674418919,50,504,0.0992063492063492
2021-08-25,76.81703374216495,55.3171270702198,0.1589557502961884,0.13182944441134575,0.07754035472507599,0.07600790896569787,0.06563594555672432,0.0698229498611663,10.147892958049692,11.058921509377175,0.10930462924253904,0.08796293761965249,0.06623625314294213,50,504,0.0992063492063492
2021-09-24,77.91727893752075,55.50306446580608,0.16144323550514936,0.13248324453308422,0.15501829148413798,0.14237382757123832,0.012276459784357402,0.003114523632129107,2.199603330035676,2.2870482945340327,0.06347369825424584,0.0520281788838618,0.06763237906826965,50,504,0.0992063492063492
2021-10-26,79.35465794532011,56.046207945356834,0.1591857365456629,0.13149737447771523,0.1527864277745555,0.1470456099001377,0.012040165519361629,0.0036632817744607915,2.762371350930575,3.045103170861125,0.175711650180668,0.14106249621402608,0.06794995590095569,50,504,0.0992063492063492
2021-11-26,79.45390001853588,56.597741001915814,0.15681285949687665,0.13041487673917407,0.11609069336438096,0.11665469390636081,0.025634717638027132,0.02744935547447898,-0.7503852352479581,-0.827504941188626,0.12165536625530203,0.09812649223140765,0.06691824778141264,50,504,0.0992063492063492
2021-12-27,80.83362714646529,58.40010824576837,0.15850256063233573,0.1331831905298074,0.1475765276905368,0.14586260225941022,0.005857880067417859,0.0017575744772444224,-0.9696560134904768,-0.6242919755751323,0.09779291600529437,0.08364815479578817,0.06411107742817458,50,504,0.0992063492063492
2022-01-25,82.54487010484293,59.802579496445425,0.1612856622212724,0.1360493278454391,0.1544361829476756,0.14877071884954526,0.011056063685256745,0.003024825908282597,0.37376305994039155,0.4733865172137294,0.0797969120664538,0.06931185372849313,0.06271545447275609,50,504,0.0992063492063492
2022-02-24,82.76239977734669,60.55025906724109,0.15794502589507298,0.1348539214637012,0.1828854712866666,0.1875669944458078,0.037702551825951475,0.04030166551969361,-3.4772997460475805,-3.042192914419273,0.09265442481082374,0.07572301543639934,0.06104795851683477,50,504,0.0992063492063492
2022-03-29,76.65252475026719,55.4211522467588,0.1537334130500716,0.12872388520949665,0.13909091603258478,0.1360813049924508,0.003787334544126608,0.008664510371376194,3.1523876661973373,3.362392375102197,0.22004052854357023,0.1981308644895023,0.0651614951971007,50,504,0.0992063492063492
2022-04-29,67.22778809983177,52.22857966749897,0.1139626267627639,0.10203086543452697,0.13381462730009114,0.13861391188190203,0.01412184952459225,0.018022066035216458,0.6078469083636052,0.24727618643011112,0.4451688663808243,0.39646714735905164,0.05024910511513927,50,504,0.0992063492063492
2022-05-31,69.14601570515373,53.65656489034473,0.11960247926279749,0.10724293104430281,0.13418503540622778,0.1323028591367949,0.015280622592051235,0.012293826484754036,-3.9778550995670123,-3.982357700750022,0.14509228359001522,0.1292309006342128,0.04918710869634726,50,504,0.0992063492063492
2022-06-29,65.78795109234393,52.154799919084674,0.12407077488318294,0.11124770588160263,0.12033365385579527,0.1162286195363032,0.0030420455221644993,0.0022467233661325192,9.867426234488708,10.174004637452756,0.14331096983285635,0.1272739095090746,0.04748237976707576,50,504,0.0992063492063492
2022-07-28,63.872565287643795,51.006669806020845,0.12322849361420211,0.11088743777339513,0.08552894601698315,0.08459533541017804,0.032415962314495464,0.03439813719589424,4.957959163537406,5.1790385956757135,0.11374940236857445,0.09475989717223655,0.04755814983133021,50,504,0.0992063492063492
2022-08-30,64.63381914424718,51.931895341247646,0.13022783406904404,0.11729094917084218,0.1286199550878736,0.12734439299971895,0.013739688837481306,0.01109544527522742,0.18611583675756233,0.21547009179191245,0.1378377459130266,0.12081149393074542,0.04627981750444308,50,504,0.0992063492063492
2022-09-29,65.55088269119624,53.01373974007566,0.12578089303644024,0.11401455086312086,0.09605313168912433,0.09446113506606572,0.016352086408091118,0.01918614459203974,2.3038821411559147,2.5108560604674937,0.18648877585517099,0.17101211292892254,0.044714647212641,50,504,0.0992063492063492
2022-11-01,63.16546467370659,50.82630878126332,0.12359192509840206,0.11136634879428153,0.10628850203867689,0.10055450063575631,0.004324471341243252,0.011303775107819242,7.302412737202111,7.246597205819095,0.0755739884050774,0.06829236701480165,0.046684555713404234,50,504,0.0992063492063492
2022-12-01,61.64393278914586,49.69385214048054,0.12356573485372574,0.11116813872971786,0.08874090642095793,0.08900926874413267,0.019610042076516523,0.020740677705328378,-0.752070248995143,-0.6708218490030925,0.1477841778099042,0.1260304946926144,0.04716013514549206,50,504,0.0992063492063492
2022-12-30,70.2020580097419,56.434976207888006,0.13088589610691181,0.11734601380468831,0.07712158957148953,0.0729829916070476,0.030311529975472123,0.03601173224453319,-1.0871412820979343,-1.3816198111620412,0.08706640943901275,0.07527322244458722,0.04392722448883171,50,504,0.0992063492063492
2023-01-31,69.9298230056224,55.48500122441305,0.1280763255825553,0.11435163955404627,0.10217551051115434,0.09550852901537664,0.0044844934974689055,0.012660510875377368,-0.29278965929322587,-0.01876937452080455,0.08750853565386602,0.07587704557395775,0.04591742581270771,50,504,0.0992063492063492
2023-03-01,70.62595832502245,56.08940487096162,0.12146061287664503,0.10961536055335236,0.08515830841077579,0.0828976067005915,0.02039757101374924,0.02394020577656404,1.1973327375076586,1.2711247242512198,0.11966422876143418,0.10323674088130147,0.045529500810499245,50,504,0.0992063492063492
2023-04-03,70.28049109283916,56.188634938879424,0.11715506286299113,0.10633796654555218,0.05988654063418142,0.059204780847693955,0.04560950409478115,0.04729917320558638,8.766434715899848,8.985133126352517,0.07887878309811573,0.07203815030058355,0.04478196309519247,50,504,0.0992063492063492
2023-05-08,66.62401938063374,52.288867877830675,0.11267860369441463,0.10258833011416724,0.08527577030852744,0.08247735445558006,0.015006186839249938,0.01898175454218408,5.89392358815286,6.167491303869861,0.13540448102007308,0.12212159309679364,0.04877124129662421,50,504,0.0992063492063492
2023-06-06,68.57053169391105,53.262490852288416,0.11258441907718349,0.10237140098356712,0.09981431864589417,0.0974941669734606,0.0016782573457620048,0.0019185202507327609,4.385394531731273,4.782902367423198,0.10842660580249902,0.09612154939863278,0.04947777218706923,50,504,0.0992063492063492
2023-07-06,68.73411858128144,53.461836875150674,0.11367585558794276,0.10362625059954016,0.1073614458245778,0.10511992494478525,0.009406322045083446,0.005903359978817274,3.9122257989762645,3.9581965435943087,0.09749776402985533,0.08431699114089197,0.04937242456073429,50,504,0.0992063492063492
2023-08-04,67.88348058217363,52.74469124459387,0.11121552684834744,0.1016149719200781,0.0791124807869712,0.07651440426586326,0.01956793807911278,0.02332434898499762,-1.020880604139637,-0.7240427077003238,0.09228023939024933,0.08255767530435429,0.049869416631518254,50,504,0.0992063492063492
2023-09-05,65.31274232422446,50.425470940078846,0.11043138653194928,0.10029089015420649,0.10846330308612728,0.10731337958224497,0.010442570261470774,0.008134125036154488,2.6746812051649953,2.630921685149359,0.09956961543273027,0.08326001948722209,0.05214660863014425,50,504,0.0992063492063492
2023-10-06,68.6771312190487,53.181956555860424,0.11325688270973734,0.10307517717574305,0.11945601040068991,0.11899269428711527,0.021990981515431496,0.020242205884103998,-0.2753376939016315,-0.20859345643769753,0.12190214965067464,0.10475301352915864,0.050128490716675446,50,504,0.0992063492063492
2023-11-07,75.49939179938693,58.36423821634526,0.11874819370351758,0.10787999696196854,0.09663907853110233,0.09326989775373676,0.00039919454201610416,0.0051707046066634815,6.598051216401812,7.054304050032256,0.13484128838290516,0.11538259115604367,0.047526084106563046,50,504,0.0992063492063492
2023-12-08,76.92848906102245,58.40774077777636,0.11590233116231705,0.10490139642659105,0.1105931700800582,0.10744365117308767,0.014233384300712859,0.00970893990296856,1.5069283409089176,1.7520279907098713,0.10365684136844498,0.08996769372889221,0.04936932711859128,50,504,0.0992063492063492
2024-01-09,77.30803354222326,58.043003306477466,0.11192568382475601,0.101234412423767,0.16124228748259697,0.15790000538744975,0.0653382373402376,0.060737318883768404,1.766138217889984,1.7381506837119671,0.1201536236325427,0.10778411306731418,0.050979199090585514,50,504,0.0992063492063492
2024-02-09,75.94197778706064,55.96773424509729,0.10506314650209492,0.09434332431500442,0.09116206600813738,0.08739684836141996,0.0063563860346220885,0.011179413267273092,4.13104758816904,4.2810023202839895,0.13458890405934815,0.11886891975551796,0.05389884840346141,50,504,0.0992063492063492
2024-03-12,77.19456517693584,56.44907161727857,0.10005345376994128,0.09027232541197237,0.1152457028283165,0.11526386814552764,0.019927251893664844,0.01890473243115051,1.9500838958496327,2.0186041032483737,0.12323263250121214,0.10367771054814975,0.054338655824798895,50,504,0.0992063492063492
2024-04-15,77.33429111615543,57.1437942044765,0.08795697623905388,0.08029333294351726,0.09482501214624507,0.09140000599458505,0.0038376341759179533,0.0004348649929363235,5.952190147783192,6.150428197456576,0.22188638075582764,0.19961025034343818,0.05288106711537261,50,504,0.0992063492063492
2024-05-16,76.47192848067861,56.868571213339216,0.08588798403405436,0.07901895175351324,0.14466393485728504,0.14722376003682142,0.05513464818250721,0.05681540295859787,8.627410044974338,8.52744497116664,0.13904679424019864,0.11656244160061213,0.052441192956887414,50,504,0.0992063492063492
2024-06-18,84.53986384844502,58.78102375011529,0.0828290891248947,0.07530560582040381,0.12612917718843297,0.12434226040384673,0.03854020962278398,0.03564720977611095,3.8980309600470093,4.14702513307314,0.24473717345794702,0.22211370830665703,0.06250938903790983,50,504,0.0992063492063492
2024-07-18,82.45258682476583,55.836077493142206,0.0841261626680948,0.07473772565357678,0.1543665433889698,0.1564305176670119,0.06767772569159616,0.06855462257466914,2.0529350558476565,2.2092531565287925,0.14315170796093732,0.11486613211486958,0.06732513403377964,50,504,0.0992063492063492
2024-08-19,87.74473121950732,60.17966184726754,0.090174225355908,0.07977685174677979,0.0734070617902417,0.07309111560935028,0.015163884503904296,0.01676213543695837,8.812996845814343,8.525935349387346,0.1182783853524176,0.10026162545593913,0.06279974808525939,50,504,0.0992063492063492
2024-09-17,98.6951501848213,65.21194024878547,0.09036494554995164,0.07970105965777607,0.1225785034140888,0.12249238695987884,0.034759158134287815,0.03337873399114544,1.3554371662581175,1.451713004425619,0.08153646617187428,0.06673403735055894,0.06287183653468179,50,504,0.0992063492063492
2024-10-17,98.36634940697228,64.86907871661315,0.08928770290448713,0.07859438329669276,0.12366641241760665,0.12592577096875737,0.03583471946586918,0.036841658785676745,-6.306819439822924,-6.426294660242433,0.09218212732755085,0.08067311478878239,0.0631702488348542,50,504,0.0992063492063492
2024-11-18,103.98100243978023,70.03870928626168,0.0947373311008326,0.08308305731760098,0.11089211791752746,0.10971935507236338,0.02080085364906592,0.018336613708464372,3.6253506015260646,3.6920729033931257,0.12218598452603285,0.10423032017712391,0.05814285366643527,50,504,0.0992063492063492
2024-12-18,106.15912116904417,71.97643609643829,0.09768431955840452,0.08482976762493487,0.13827537546523092,0.13817923447147473,0.047316036143814535,0.04595077694820364,-3.394002253703486,-3.6554344420395117,0.11595415783569792,0.08719943077406456,0.05682997758970466,50,504,0.0992063492063492
2025-01-17,108.69418205358852,73.30606859464967,0.10079511737070738,0.08705634000562289,0.1673275916775069,0.16826220503632067,0.07378936518548224,0.073529817051437,1.156221558637964,0.9116781476085488,0.13950475152595282,0.11438620586462812,0.056409219519023286,50,504,0.0992063492063492
2025-02-14,107.36368980652036,74.20571428229674,0.1057643306724254,0.09141794765900704,0.12943681738058427,0.13053026171725693,0.031976043026421416,0.03191409896462015,-1.6974624326468002,-1.7691336050432758,0.14109787521818165,0.11750456808987961,0.053709905177586934,50,504,0.0992063492063492
2025-03-19,109.7189944613984,77.09732498631425,0.1115272116794559,0.09636766741586009,0.1552210176494047,0.15841096154900816,0.056184396734631645,0.05815775002493247,7.6418777889157345,7.351433585182746,0.1486929451419133,0.12156280624423761,0.05101135759441063,50,504,0.0992063492063492
2025-04-23,111.2918199288795,79.97760953376931,0.11910623135211462,0.10304946493369348,0.10690413835462885,0.10779513637703177,0.004252144853223144,0.0038649470389519047,1.4169267520631925,1.5925922631445415,0.13273513346201757,0.11413943481138525,0.04811661129583682,50,504,0.0992063492063492
2025-05-23,111.5765247841745,82.22051453853256,0.1212368161439951,0.1057992168541153,0.07381786337398813,0.07212279377227909,0.02980492235907041,0.0327682090607649,3.478160233868101,3.040080238984131,0.09956822771783842,0.0889479608334107,0.0451468747137905,50,504,0.0992063492063492
2025-06-23,116.43778568994414,85.73663201511957,0.11978207691660717,0.1054205931348634,0.10112392182608158,0.09927519484459267,0.0024094939415388733,0.0054577240103429875,4.319769259161645,4.667324673943325,0.05885636538553132,0.051332966790323405,0.044050880644347756,50,504,0.0992063492063492
2025-07-22,116.48167314762526,85.18415217795159,0.12134036537172598,0.10576864430934355,0.11946652441850092,0.11728703939133484,0.01555861356963166,0.012146455339591439,1.7758382633197356,1.8534166849941438,0.0847632172716443,0.07146904980903561,0.04479535913268267,50,504,0.0992063492063492
2025-08-21,118.6387647877419,87.09156316817635,0.12444534050918735,0.10792603041615251,0.10572218045899023,0.10583815404602244,0.0013434462682221926,0.0002172398121136898,-3.4184999813021517,-3.2980644638632968,0.10797640998212744,0.09130246230079431,0.04391368762300866,50,504,0.0992063492063492
2025-09-22,119.22418323291822,88.13335711090848,0.126338850818436,0.10917892550420406,0.11329692642321097,0.11060693069183064,0.007780821001788299,0.003925212131554848,1.4821854766977551,1.3869154316835668,0.07436182471836772,0.06630459153097729,0.04323283393750466,50,504,0.0992063492063492
2025-10-23,123.62625237267952,89.40469983433253,0.12185954877848407,0.1062781308470784,0.10809242058611902,0.10635542959898957,0.001973074362367863,0.0007335259268910488,1.7062213696850057,1.760143273149332,0.10927665794071431,0.09683340474401499,0.04482082489954712,50,504,0.0992063492063492
2025-11-24,121.21607581074285,86.47790492910389,0.12120172387439734,0.10442583258153534,0.07833903944881355,0.0798506304397761,0.027456170350647027,0.026898469545605805,-0.6037602508647966,-0.5510267293610885,0.10319841809224324,0.08839440759211782,0.04695963315916006,50,504,0.0992063492063492
2018-01-24,49.24744350554239,42.05020122026918,0.08996526360044459,0.08424542488273919,0.14707477505268188,0.14631581732663337,0.042330387969630914,0.041655361281239686,-2.715537862656932,-2.9377734966762232,,,0.04275261062557479,50,756,0.06613756613756613
2018-02-26,51.24879896049489,43.897873432176446,0.0916563953377236,0.08607262631601396,0.0816575685259481,0.0817491532690872,0.022988864072428505,0.02286838368967875,-6.750073744192732,-6.774202978634938,0.09102876976264107,0.08449744866786212,0.041077556163320726,50,756,0.06613756613756613
2018-03-28,51.20929449255603,43.95182146709283,0.09204131070208552,0.08659770112562186,0.07949981719914445,0.07796557243333944,0.02429162893987659,0.025814522642305507,8.37649378552069,8.355634710804212,0.075809908084318,0.07105995666133641,0.04085819652245856,50,756,0.06613756613756613
2018-04-30,53.31662551499839,45.478837747449624,0.09034511891851632,0.08514124577527091,0.09953485433892348,0.09831029835359728,0.004200462346430664,0.005359471515983996,0.008430634499164818,-0.28998046316935616,0.06730042468357256,0.06034998351085677,0.041044363806726714,50,756,0.06613756613756613
2018-05-30,52.34997897387476,44.597798551799926,0.08925241728864648,0.08385421475196435,0.08965437205250024,0.08823871882062781,0.011524500088771011,0.012926573754799803,1.4999700645012952,1.3610716728492478,0.10740132371290509,0.10047583691146707,0.04188692293242119,50,756,0.06613756613756613
2018-06-28,52.590328562919126,44.81302475171638,0.08847294220786434,0.08313254658368381,0.09277508639528138,0.09321595231669712,0.006898567992386306,0.006483730775922958,-0.15193030162704318,-0.10901671270003474,0.10529582902135542,0.09605664612486035,0.04174561175329538,50,756,0.06613756613756613
2018-07-27,55.07754217120251,46.784446043703824,0.09131046089909135,0.08573962943626637,0.09050585696204902,0.08829374302681091,0.007122368261572157,0.00952140880682377,6.321670191303558,6.608114463655931,0.07515636022377088,0.06916613524430834,0.04102990811968744,50,756,0.06613756613756613
2018-08-29,56.229875312512995,47.69545374316208,0.09085411022557074,0.08572591915064452,0.10388287478679527,0.10394747735196308,0.007860823820148438,0.007698822119344695,-6.6639227043684075,-6.816061377559591,0.11022131307751296,0.09929416083486112,0.04083610706769657,50,756,0.06613756613756613
2018-10-01,51.173503509779096,44.3081066829688,0.08557947445476603,0.08120571420952254,0.17630256763341176,0.1754446441969594,0.08397616257882973,0.08294959657019356,-3.6060044669727973,-3.540514446214559,0.14782245817917972,0.13996559891196955,0.036572704698030443,50,756,0.06613756613756613
2018-11-01,51.97319056513282,45.03903202176751,0.08532458008326523,0.0812553094106493,0.10982968317514005,0.1091501690619726,0.016320384309179176,0.015472840014268324,6.331723445330399,6.302842665240315,0.11956706070216794,0.1114457440868615,0.03614937092592119,50,756,0.06613756613756613
2018-12-04,51.26781513100384,44.582300059724375,0.08544881363367449,0.08142201677653087,0.1489937992806946,0.14826411865404016,0.05468272483075075,0.0538163491145764,2.4414034397225595,2.475259468644575,0.07216289548278788,0.0672652587991449,0.03588856813470882,50,756,0.06613756613756613
2019-01-03,52.31882104150626,45.526381419192724,0.08503590649697797,0.08134336981768002,0.08170326682411033,0.08248820128395298,0.014673069936734923,0.013952921158864276,1.2096693929495135,1.0040558036732468,0.08164698780387909,0.07432329598052399,0.03524182365158154,50,756,0.06613756613756613
2019-02-01,50.60901419764715,44.07923330602123,0.08597488826471238,0.08208295423407456,0.12596921619498566,0.12564599725516362,0.030136771787923664,0.02970954808225071,-2.195307292168749,-2.0580236484149443,0.05348312035611898,0.0504746822905916,0.03587224467715603,50,756,0.06613756613756613
2019-03-06,49.116868457766635,42.53921970358239,0.08575832421155323,0.08142207185461298,0.0932172420949129,0.09388035868045767,0.0019140973559954172,0.001377206430354383,4.920562616970539,4.8866126861855,0.11011601147538763,0.1036727054353896,0.037635631910248296,50,756,0.06613756613756613
2019-04-08,46.145313251072594,39.90803609345634,0.08465023349887447,0.0801001581553073,0.09466476379509975,0.09290638283197848,0.0015260790004375246,0.0003650825750629305,-0.4068063515231092,-0.6181361019151209,0.1217943541311696,0.11519504365404941,0.038873471513613395,50,756,0.06613756613756613
2019-05-13,44.96093680062031,38.99144284038378,0.08306153298022786,0.07868711439276595,0.1398257372737953,0.1389780059656637,0.047413287399699786,0.046451501267959425,6.080614066240085,5.954324506620308,0.07017872054077288,0.0636440192171505,0.039065633261576485,50,756,0.06613756613756613
2019-06-12,48.53078423243816,41.97950418517244,0.08320439308905936,0.07898538159847546,0.09879441889856892,0.09783326680686534,0.005247224379305165,0.00418656624006758,-2.9898988219146583,-3.1677222929122353,0.1197934938261223,0.11042778609366374,0.038164326125424815,50,756,0.06613756613756613
2019-07-11,49.20974770949258,42.65959511328678,0.08470364839704247,0.08026144709518775,0.10162902694392002,0.10230164469522578,0.007678828993767262,0.008227111275604423,-5.628464349272557,-5.46040682497858,0.06609022853478679,0.06093461121753713,0.03738523999236234,50,756,0.06613756613756613
2019-08-09,49.608940579944665,42.99491865082409,0.08618938428430942,0.08165471534974209,0.09634571534227483,0.09565167128759477,0.00234816512976789,0.001469389396075188,3.8367749181020963,3.8533599670726715,0.07054132810143346,0.06675636643354085,0.03718151733698371,50,756,0.06613756613756613
2019-09-13,51.658547664139874,44.72672103998983,0.08725383846558031,0.0827156183628349,0.21323179019869803,0.21266672266454706,0.11989451469102327,0.11906310130858117,4.7339396263298585,4.676230714012798,0.08308454524721445,0.07707725513992895,0.036295423638394275,50,756,0.06613756613756613
2019-10-16,52.53672489580152,44.27591031251185,0.08968849260822145,0.08386843106096468,0.11073211824253126,0.10935576446434582,0.0135343985436433,0.011860513588315011,-1.2007782876991686,-1.084081253886345,0.15933126416903315,0.1482934919613324,0.0423628406388393,50,756,0.06613756613756613
2019-11-18,51.79780032843446,43.213938582958505,0.08841416630631913,0.0824258606493733,0.0732473486854853,0.0724195473540657,0.02374689132471329,0.024903237259110367,4.688500430765262,4.500701164339745,0.06967844240065393,0.06362485428894078,0.04426498973749212,50,756,0.06613756613756613
2019-12-17,50.573801629092785,41.79970946427303,0.08651596353162395,0.0804918966281867,0.08520067836755149,0.08460040648611633,0.00919915821243672,0.010198847812200582,6.806859562811417,6.976933797992649,0.10166660245799838,0.09276311762154482,0.04646517652745724,50,756,0.06613756613756613
2020-01-16,50.697959359133385,41.9256846916222,0.08678526673908439,0.0806403815408672,0.10897779641925791,0.10762341411636198,0.014843749933457925,0.013079851208968443,6.193302113702436,5.885391152574696,0.060389667809474495,0.05475304201608293,0.04633623473404471,50,756,0.06613756613756613
2020-02-14,48.52083092513325,40.45456981618302,0.08519026165605913,0.07944319310378013,0.2718472403882029,0.27301886782340096,0.17702895344930072,0.1778304432489527,-6.92004740954103,-6.997531776313613,0.05782394395625519,0.052567165559215256,0.04615798406520871,50,756,0.06613756613756613
2020-03-18,56.29886163801569,46.401356053490424,0.09204744622108703,0.08623161698263489,0.5231316188050533,0.5259620644814391,0.42041915504909977,0.4228940732798524,-0.16373366659118455,-0.08777347304243634,0.17835356756115098,0.16719908431180702,0.04649588921353199,50,756,0.06613756613756613
2020-04-22,63.03883058648574,49.95618782985215,0.12044823939586474,0.10892377364243744,0.12957542735949915,0.1308907063423422,0.006768146376044545,0.007409772293199723,-1.640255809513094,-1.6537925628625625,0.38470629300213166,0.3555569136164866,0.05524909133613687,50,756,0.06613756613756613
2020-05-22,64.92486864752527,51.992891031144126,0.12355154328703061,0.11227563705972643,0.1656743653427257,0.1617821716851231,0.04239577462703431,0.03768175585468379,2.8924960182365727,3.094047870711147,0.08448390907533941,0.07533940146373608,0.05196497879521494,50,756,0.06613756613756613
2020-06-23,64.54025829282072,52.15509526994026,0.12244875112222553,0.11160474634748688,0.08475577981902604,0.08362367521549585,0.03993243578070638,0.04187556498460496,1.4874343072341043,2.0093397064528817,0.09881303278724772,0.08680663554243437,0.050122756042255634,50,756,0.06613756613756613
2020-07-22,65.3889723550384,52.693881859731825,0.12205542861184847,0.111529416081087,0.1253232664539396,0.12208100762977066,0.0009761538614232179,0.0031360832261698307,8.883485150675352,9.14486514079606,0.06103918858921127,0.053826335380372806,0.04984597984178559,50,756,0.06613756613756613
2020-08-20,64.48406670809746,51.993853736906885,0.12187151804190813,0.11115534168336434,0.2686784990473029,0.2661408240219876,0.1433782178134476,0.13997578492491458,2.3948176426357968,2.550677719735495,0.07656286862467118,0.06819814310137089,0.04992484262209438,50,756,0.06613756613756613
2020-09-18,64.68301860002262,52.0585932355365,0.12140089910314049,0.11035222364002552,0.15460143977371626,0.15343192832575517,0.02401054779728276,0.022232583145431334,-2.2659345459175158,-2.1362732323014084,0.1529408752374275,0.13918928919017362,0.04988644634335319,50,756,0.06613756613756613
2020-10-20,64.62182239410635,52.38835661156504,0.12221022618842625,0.11147973575578922,0.1366597133787017,0.13201900003532605,0.00513697057543569,0.00011010398023661438,7.694979371119683,8.06259205813286,0.07266812341111271,0.06348450979587136,0.048544205417356996,50,756,0.06613756613756613
2020-11-18,64.43520778629579,52.310298621087355,0.12183509176438467,0.1113642034913874,0.12829193415704915,0.12321644671834409,0.0037833633836880376,0.009416263395312957,2.44410934233225,2.620467052501426,0.06956788540340753,0.06035378071610513,0.04821338512466682,50,756,0.06613756613756613
2020-12-18,64.32410154941932,52.333381955544134,0.12059157769453414,0.1104188458810765,0.1220038038520302,0.12162874685666733,0.010502178681989507,0.01139835151220428,0.8845946469290766,1.091413834996738,0.06943513424762049,0.05896151661931026,0.047807156536256154,50,756,0.06613756613756613
2021-01-19,65.96520439454808,53.92283802955061,0.12279716148289134,0.1128021350234746,0.09866458418660944,0.09932178726686365,0.03393640159610874,0.033888469099175075,9.02061475499984,9.32471331311529,0.06206568656159514,0.056128579929075724,0.04605818518501221,50,756,0.06613756613756613
2021-02-18,64.66302743095746,53.148707453092634,0.12810734414815647,0.11735095251110862,0.13868395733836097,0.13879372073622886,0.006465747374001851,0.005728920262498466,3.245390376472189,3.1677604233113232,0.06141511952026833,0.05673773690030101,0.04544776036248691,50,756,0.06613756613756613
2021-03-22,63.6491223711702,52.36606329735507,0.129050160946347,0.11791721488921034,0.22318830551267865,0.22014631707536603,0.09093165030801495,0.08695845767158855,1.359675162988193,1.3940679955881567,0.07602986043241945,0.06784019012157282,0.045465144634733216,50,756,0.06613756613756613
2021-04-26,63.71088914319526,52.93775576125359,0.12767676364935704,0.11714109972318956,0.13995751724852407,0.13813179670255166,0.00429295948707889,0.0017198993261429707,6.309208020443417,6.556388430969307,0.09585556136442727,0.08405601683326869,0.04357843741540052,50,756,0.06613756613756613
2021-05-26,63.66171113454959,52.750211580490195,0.12914819286512036,0.11786063863429226,0.09588956296988002,0.09600221676766217,0.04108511569196552,0.04173563776297039,4.975021058866155,4.996011374114295,0.06383859551794031,0.05567907361721558,0.04383336035454342,50,756,0.06613756613756613
2021-06-24,64.35540542054765,53.1194082021126,0.13095985789086462,0.11918365309651595,0.1221029860026708,0.11862132129728911,0.014264752951515802,0.018617006058301244,6.792334221488208,6.835007946909966,0.052114760895189904,0.04698529198270883,0.04403010564204487,50,756,0.06613756613756613
2021-07-26,63.99683462978573,52.68833431632281,0.13080156949369356,0.11863163196773235,0.14953336499101852,0.14718938161719905,0.013015716575751235,0.009814192624221535,1.2997278058069177,1.0526162399139292,0.07175978257035114,0.06282468253492371,0.04466970531695728,50,756,0.06613756613756613
2021-08-25,64.27402543638364,52.78080879247929,0.12937579318058529,0.11728695648770952,0.07592368192200463,0.07610270153460773,0.06208124749203828,0.0626658114692696,11.524220868812312,11.716992981007058,0.06354317362288067,0.05647751378069599,0.044845277607896174,50,756,0.06613756613756613
2021-09-24,64.78529731438525,53.24731945023822,0.13456289950860614,0.1212067707598557,0.14140400241903206,0.13508409618330802,0.004118415254695973,0.0031536752615150265,2.2004454568327785,2.194933262542977,0.059212954137087166,0.050917601346089775,0.04436517367389156,50,756,0.06613756613756613
2021-10-26,63.27806970824341,51.66290863141015,0.13130295386716315,0.11820871434150063,0.15713391968179002,0.1539008915181936,0.019369169395418717,0.015282705435965993,2.4798087698661346,2.5886509078123288,0.0687700236694549,0.059853738874509496,0.04616948913734161,50,756,0.06613756613756613
2021-11-26,65.50971338300019,52.71888568934502,0.13360823290247278,0.11899993445119479,0.1254485459511501,0.12543769191726764,0.010360024169161985,0.011348699543528656,-0.8526032730513348,-0.9328571988738089,0.10258435079045775,0.08990652100288601,0.04769012980920667,50,756,0.06613756613756613
2021-12-27,67.79492569520704,54.7268446296708,0.13592678237722464,0.12156323477593009,0.15201932909023066,0.15215347144979344,0.016832232729065616,0.015887461497062383,0.8981572667264999,0.958458310407833,0.06156247884288166,0.05657294752476416,0.04602152264483636,50,756,0.06613756613756613
2022-01-25,66.91682365309701,54.12890980773763,0.13690643976235417,0.12245111544484102,0.1482453629995701,0.14675607448273253,0.013151250238808504,0.010545934790241657,1.2404150130932001,1.2091469274300988,0.07051674729010465,0.06463743067550755,0.04615210730269212,50,756,0.06613756613756613
2022-02-24,69.13482906727394,55.93197912780015,0.1365939580070835,0.1227052004346199,0.18120160479767583,0.18535803436795706,0.0450218349197094,0.048102756018465115,-2.378915111191369,-2.1631179044706945,0.06256489640014118,0.056240640214448134,0.04490568362707205,50,756,0.06613756613756613
2022-03-29,68.18547759375276,55.79942372226967,0.14650877387848704,0.1306203934093547,0.14085685458043726,0.13944436319372477,0.003690176241845783,0.000987980501767044,3.3725112825196195,3.516017525379077,0.10610355964808414,0.09622747017114595,0.04361453265603789,50,756,0.06613756613756613
2022-04-29,69.23141610083934,56.51960511337281,0.14509532310157564,0.12956521386440165,0.17411115206947791,0.17501433896625956,0.03651538077765845,0.03617638557970976,0.7908168138604036,0.4528321146460215,0.07007164860901857,0.06351102726760799,0.043451831791399685,50,756,0.06613756613756613
2022-05-31,71.69046991677668,58.69346034773099,0.14838918186637345,0.13324573434384113,0.1538464940887096,0.15149913266449785,0.014691962968333416,0.011040162967170725,-3.3762252425584003,-3.480604800986461,0.07221136871834533,0.06815719894562208,0.04171081393766147,50,756,0.06613756613756613
2022-06-29,70.4651499443176,57.79860803703195,0.14756650273220576,0.13213227683354653,0.1295043286103769,0.12578668853709016,0.010868749397428656,0.015800309323408562,9.421382489122152,9.705841948946723,0.0705409177251588,0.06272413766167403,0.04177519788546113,50,756,0.06613756613756613
2022-07-28,68.98927593612174,56.662448631107885,0.1445260991718271,0.12960465128324453,0.10218376936289107,0.09920758645116401,0.03876910280184971,0.04284653019854642,6.595401366299576,6.867478571370687,0.057589442746947966,0.05124287259634043,0.042268711068031935,50,756,0.06613756613756613
2022-08-30,69.08119093692066,56.4720520961718,0.14318307043075812,0.1281844285331708,0.1300443171247167,0.12803783544058037,0.011072624090528588,0.014132547507364784,0.6729417722853364,0.6663561385705296,0.04884593059168887,0.044062807050166464,0.04306734186121153,50,756,0.06613756613756613
2022-09-29,69.91555709688863,57.06945293122719,0.14181526890762705,0.12710987895388495,0.09068905211117151,0.0878839740032535,0.05114615737440861,0.05489655500134315,3.789755996860897,3.9876793452808994,0.057393019271570006,0.05224591512577833,0.04311514584463163,50,756,0.06613756613756613
2022-11-01,70.21055542141093,57.46855931855235,0.14270519395632286,0.12828847465432022,0.09486489114072584,0.09003970595450624,0.044419778054825707,0.050218472595002325,6.432870878323125,6.577937594520743,0.11087587258204121,0.09865144307505994,0.04251967673449584,50,756,0.06613756613756613
2022-12-01,70.61150705575423,57.546781645475534,0.14116962624822466,0.12707554885483885,0.08459717128134592,0.08510483455436901,0.05406708426151488,0.05451781568491579,1.9250290724821606,1.6450196533483739,0.05142118178161273,0.04523409351036687,0.043128964905936214,50,756,0.06613756613756613
2022-12-30,71.97292983342595,59.126239479643495,0.14230435100323421,0.12878443186196195,0.07451089991097283,0.07017605267579567,0.06352766311495221,0.06886655440245244,-1.1089880685265254,-1.719009652218133,0.05915413256508409,0.053644486241259434,0.04136040893319256,50,756,0.06613756613756613
2023-01-31,71.36702460022069,58.70063762762251,0.14295579985976076,0.12941257509278375,0.07913208121777013,0.07561550882645526,0.058758613204500904,0.06330207140105526,4.249733907975902,4.478775345904927,0.029056506683943495,0.025933537358265694,0.04140072019128884,50,756,0.06613756613756613
2023-03-01,71.01270513114996,58.461773255148294,0.14186545853037355,0.12870509235690217,0.1114936616382485,0.10999313779908419,0.026090993614162644,0.028593415698557653,0.5768021184588523,0.5930177225218581,0.04009921882642338,0.034486207018017724,0.041446444044840644,50,756,0.06613756613756613
2023-04-03,68.25169769239731,55.385133989353946,0.13214672601317584,0.11936788137428214,0.05861606631468702,0.05667881501521769,0.07526242744093967,0.07798650625713485,7.398543162965926,7.909011974725204,0.14335602486647744,0.13786578113579603,0.04416755131620911,50,756,0.06613756613756613
2023-05-08,60.02073350717637,51.25140415312944,0.10713578682802685,0.10022175994747248,0.07748542701105145,0.07604334602144835,0.03481955032893212,0.03685485248618571,5.219692044965995,5.512894685501598,0.3323503467483171,0.3116248628620614,0.034235941887397425,50,756,0.06613756613756613
2023-06-06,58.90954386153872,49.81923287468822,0.10560064220496237,0.09834970590442299,0.09789704087057463,0.09645974331987754,0.01276811933749665,0.014787492895066562,3.9972900019652324,4.265924698417455,0.07311903170941082,0.0666461619204209,0.03601614011727138,50,756,0.06613756613756613
2023-07-06,57.70759641847139,48.834332634465234,0.10713557873587098,0.09974419143919482,0.10303801695491313,0.10184644941416295,0.0056485480476854005,0.007453343084457317,4.020444945784053,3.9356481331950657,0.09456085752934773,0.08613269013255663,0.036302815625263454,50,756,0.06613756613756613
2023-08-04,57.065627187227896,48.25402377015039,0.10643838266616461,0.0991932567394822,0.06611621547458127,0.06569200640985307,0.04264062174411734,0.04363289392766405,0.002414349691560642,0.22526366043367407,0.06288689226825038,0.05742903794310564,0.03681144471540448,50,756,0.06613756613756613
2023-09-05,57.790152231779985,48.817089491422664,0.1099703366648724,0.10219893420385052,0.1084314874956641,0.10782484265243311,0.0016091024027798384,0.0002961462819955074,2.447712861130907,2.4445638263660308,0.09201456340132683,0.0834068586458966,0.036648247831268695,50,756,0.06613756613756613
2023-10-06,58.45389277275411,49.67007195788322,0.10680524916949796,0.09971416817670035,0.1236349965690585,0.12348916790060435,0.019382940652050137,0.018543627131266976,-0.2213603226733844,-0.17624551266819777,0.1372049953521378,0.12927124596313166,0.035333023673442224,50,756,0.06613756613756613
2023-11-07,56.993465576438034,48.52687148555984,0.10538042399812293,0.09837148701432556,0.08625804451068111,0.08400418651238971,0.01744278234746334,0.02036978363598385,7.59374629028705,8.023510397460527,0.07730796324307133,0.07215746490411452,0.035626411779654206,50,756,0.06613756613756613
2023-12-08,58.436484606951225,49.646558533579096,0.10540941545619502,0.09853119330830451,0.11338526684284528,0.1115868556940959,0.011284491726480037,0.008753969251158414,2.0203497515216426,2.1179968903270043,0.08091767283154382,0.07212349739603893,0.03539572855586695,50,756,0.06613756613756613
2024-01-09,60.715678341667605,51.566067462721854,0.10577888113614951,0.09900947280932576,0.15931547662015488,0.15706997856290014,0.056969451844475646,0.05404497110189345,1.8060570439947514,1.8145589496261303,0.0708945625587792,0.06420050773736719,0.03472514118777565,50,756,0.06613756613756613
2024-02-09,59.952435309851566,50.4178040789881,0.10247419071079403,0.09559294155927132,0.0863122690384381,0.08457050721648159,0.017738470538678608,0.02005262958775396,2.653065221774023,2.7594681619736448,0.09846154443544478,0.08938030190041601,0.03639322381133983,50,756,0.06613756613756613
2024-03-12,61.165587108702574,51.59114355027382,0.10023967622254108,0.09396822556965648,0.1037564643656764,0.10415907171471217,0.0011005252125795006,0.0009600183677878765,2.204032007529932,2.2183787037856044,0.07018855512111463,0.06438317557082746,0.035421178433314784,50,756,0.06613756613756613
2024-04-15,62.548718539210824,52.99242924546405,0.10003142558906075,0.09387699229211081,0.11327999608017031,0.11056009455988548,0.010757397338155436,0.007529805228603317,5.820511340717208,5.9386584780535925,0.0647605716069901,0.060811539157781876,0.034604199165793506,50,756,0.06613756613756613
2024-05-16,60.10675998955848,50.74315399105105,0.0952005541849569,0.08974509667667652,0.15335367389898852,0.1541849105654796,0.05337563963391359,0.053716699066024026,9.283002805862019,9.249535552293878,0.11026173086657842,0.10053297957627533,0.03576046905253369,50,756,0.06613756613756613
2024-06-18,67.02324468888717,55.53459920167618,0.0985700982815723,0.09229402846035216,0.1351940569224693,0.1339854595481385,0.03437436921140083,0.03252649543909182,3.219243301419782,3.330521305444147,0.12332643793806625,0.11389004022535909,0.03803446891881762,50,756,0.06613756613756613
2024-07-18,68.23132080961935,56.18536312518791,0.09858230316462528,0.0920202660992663,0.15033431399061445,0.15145091689762785,0.048326249973864935,0.04887844032822232,2.385600890953916,2.4446418626301276,0.06087759733972943,0.05615562510340344,0.03859039734927865,50,756,0.06613756613756613
2024-08-19,70.98854961076506,58.72085268538276,0.09988549732323301,0.0934522334423328,0.07191836343712403,0.07181043422538806,0.03206117996314256,0.03267785324472654,8.420796146272874,8.230751412419597,0.06888936704079765,0.06500455429163338,0.036888146987333295,50,756,0.06613756613756613
2024-09-17,74.7431199213322,61.027112240431386,0.10012559281118767,0.09336441780022518,0.12038897890177877,0.12048923277216457,0.016972383290010926,0.016570021109297853,0.3182013877250613,0.4354085222696792,0.07077383553132618,0.06328952127163939,0.03758014863968557,50,756,0.06613756613756613
2024-10-17,75.55118579889877,61.8187122951335,0.10113873099675157,0.09445811236683084,0.12591172664917208,0.12630037680760198,0.021927941998276662,0.021820163476416715,-5.996866387892258,-6.12223921794936,0.07058400968768216,0.06461171884647482,0.03702402929903576,50,756,0.06613756613756613
2024-11-18,81.75032589930812,66.9886399317196,0.10439777196309491,0.09759550408192606,0.11483738981720397,0.11487943608789161,0.009957074011453834,0.009485404524010685,1.6695402123745489,1.7800291231912053,0.0759430336348178,0.07029786120512262,0.034940054543274784,50,756,0.06613756613756613
2024-12-18,82.55439644147025,67.26467063268788,0.10600927889618482,0.0983876265391259,0.12371884135362,0.12544265756265652,0.019265781834571574,0.02043312708778057,-3.051106679629739,-3.229625370385367,0.08278209211439622,0.07398461041241224,0.0354909689068177,50,756,0.06613756613756613
2025-01-17,85.8418487182455,69.96132756585567,0.10890416940867402,0.10085002176851462,0.1765376351479182,0.1765622686957766,0.07205464046664359,0.07146036748590019,1.4862245681811237,1.3298744996245464,0.08131446548952649,0.07620605032143817,0.03459413920161695,50,756,0.06613756613756613
2025-02-14,86.30737565547011,70.49513287912144,0.10673497442505842,0.09899475986604608,0.1274196812759573,0.12879829903855686,0.02103179467840123,0.021898697467075387,-0.34092395688168364,-0.48579149781045805,0.0899202696729214,0.08156367265820394,0.034068719478736534,50,756,0.06613756613756613
2025-03-19,88.79072340523707,72.36540889440506,0.10956232705825632,0.1014087935247093,0.16203234929837104,0.16348728416049743,0.056588616467417266,0.057447643453700584,6.2862503612287375,6.198234629543044,0.11450332955045263,0.10375190606249286,0.033725083689676104,50,756,0.06613756613756613
2025-04-23,90.6168830653008,74.22377522864852,0.10604214540260055,0.09850741614745616,0.10047929136246807,0.10125426063450016,0.0036771432819798916,0.003455488973709009,0.29357305403220635,0.49040477847049313,0.16496839348580855,0.1520539887164017,0.03256382450339386,50,756,0.06613756613756613
2025-05-23,90.1111427730962,74.40058329983363,0.10781958373598734,0.10033351470517415,0.0772496519232382,0.07645764270365149,0.02592425683693665,0.027342855388261214,1.7074379084781939,1.5774283042062054,0.07597602545340251,0.07020033291583089,0.0318012054512947,50,756,0.06613756613756613
2025-06-23,89.77733899521932,73.430827465235,0.10358739369045711,0.09609324998055982,0.10029801423950552,0.09933651983511266,0.0004468927895134589,0.0011374097554119472,4.557772472647173,4.740311473879748,0.1326077247509995,0.124104708338105,0.03311831690973615,50,756,0.06613756613756613
2025-07-22,88.8722241955624,71.9615262390512,0.10473381810671986,0.09645376215715783,0.11893131945779468,0.11773390423225266,0.02022526740158545,0.01834349910961819,1.3857160147473482,1.4233595548232836,0.08744390636769449,0.07782955649813474,0.03464094427727002,50,756,0.06613756613756613
2025-08-21,89.89153144581067,72.79846884108865,0.10449962101866128,0.09641808569789771,0.10043432329429192,0.10085953532970722,0.0015948198596867913,0.0013555084078040042,-3.547056008466286,-3.411706445968346,0.068203377759661,0.061957412618823746,0.03436994986922471,50,756,0.06613756613756613
2025-09-22,95.3210125781022,76.36003891275666,0.10690090166277832,0.09805897387434989,0.106055306035185,0.10499590962008838,0.0071972291141206984,0.005447787750060662,0.8786631971958277,0.8080676376987861,0.061484791965828844,0.05544724187393039,0.03441199325386016,50,756,0.06613756613756613
2025-10-23,94.4810315364197,75.55663422567228,0.10506165566532183,0.09646110973074387,0.10706977337193521,0.10602998502123552,0.008646516245505845,0.006953876968564185,0.6071230467636195,0.6549949393851677,0.061974951514645486,0.05591724100860383,0.03491773906547131,50,756,0.06613756613756613
2025-11-24,94.12539112763463,75.14093716233396,0.10459122974768079,0.09574521969064662,0.0757096452062057,0.07641720647473892,0.02305938614895374,0.02298393814461032,-0.5784585959166498,-0.5353400075132665,0.0656264915931205,0.05961881217970916,0.035199046312288804,50,756,0.06613756613756613
2015-07-08,3152.939518314806,97.80985642176918,0.33804172765519014,0.07834222771717482,0.14664107373112487,0.09296312857923779,0.10591043478553833,0.02080744705171475,1.5051077246770617,1.4142694751842402,,,0.17514186891718722,100,126,0.7936507936507936
2015-08-06,4685.813017372588,99.4043956416983,0.5227862825254439,0.08112938861113692,0.29216139876136593,0.23503888303555828,0.2671724072344027,0.16455722022674352,0.6722120970126619,-1.8555938798164617,1.847330382631111,0.39459299716075524,0.17557854117865526,100,126,0.7936507936507936
2015-09-04,7664.352478085461,142.079976575101,0.49413990444837924,0.09187511639974695,0.18013854774298885,0.10477412401359855,0.1391240577009821,0.022429328212770563,-2.6155341342316913,1.0266716432482097,2.4170007269936415,0.6885002143075422,0.17896764001411278,100,126,0.7936507936507936
2015-10-08,6723.778048356409,146.6162451532473,0.8644373505240849,0.08903991069927782,0.3134343118445938,0.08644306215847038,0.27164069349152886,0.004927374884073271,-4.312176249170944,-6.361180575901556,2.750083470256469,0.3836258071566222,0.17734872283276737,100,126,0.7936507936507936
2015-11-09,4290.388174322036,97.7971258531885,0.4091706741841114,0.07302853596110624,0.19944649449577256,0.0929634000981996,0.15473911000568016,0.014442783399487125,-0.2781056903041608,-1.117712195213402,3.2569949993708476,0.46664338786416104,0.22800002388608231,100,126,0.7936507936507936
2015-12-11,2941.5283668642196,90.41306715608665,0.42535577406237085,0.0698910410615432,0.17682809342514916,0.09936480149081767,0.1365531229628474,0.021707508530171157,0.5983092915533228,0.5149962125701523,2.1796164030700504,0.35849825206434055,0.23752818163090048,100,126,0.7936507936507936
2016-01-12,5645.608314867709,105.36356201157369,0.43676307109164103,0.06793854393262898,0.2231254668232292,0.1117323235854562,0.18830619235627571,0.041497164972975564,2.0812860480050634,0.6692324472857395,2.8190635073812826,0.5115397332273028,0.22157944287131767,100,126,0.7936507936507936
2016-02-11,5674.199061037203,182.41944290712027,0.4053079182687578,0.07991601142631523,0.20034661101464368,0.09917382707132189,0.15901172980342326,0.029844614683751367,2.2396038449197855,-0.26927790273091673,2.6249216533586,0.43032413737282876,0.15752961902798668,100,126,0.7936507936507936
2016-03-14,6158.541372186178,222.37219478696932,0.2624286620398248,0.0830391271042195,0.14306203185983937,0.10699473194804025,0.10152972806089047,0.04625532063640419,6.399144716303439,7.569277081414963,1.8995013904886269,0.549738787580526,0.11753605617914609,100,126,0.7936507936507936
2016-04-18,6365.654624570887,203.7041514793464,0.3423921777169804,0.08024190885390049,0.1338012863510843,0.09780136490219336,0.09497934558506552,0.03705173120098911,-0.5147910549388758,2.9604175109974213,1.7044557121411008,0.6489861660832011,0.1245935114064291,100,126,0.7936507936507936
2016-05-18,6976.834425877462,229.4124488153706,0.35622102572505093,0.08651639466602208,0.1849170848100151,0.09522791662461508,0.14981778289853387,0.03602166351293886,-1.685526201971196,0.38861291771861095,2.0011609487004662,0.509276062985218,0.11695861141795343,100,126,0.7936507936507936
2016-06-16,8000.235832872633,204.89484230138194,0.685340637708414,0.08170096481782554,0.1815668987186725,0.05634140345127133,0.1517843144080906,0.004905398246029917,5.5251230253340315,13.462742160900309,2.430728756013807,0.4730570060416062,0.12690345082746893,100,126,0.7936507936507936
2016-07-18,3812.5449986947906,172.03652963403124,0.2657070656000378,0.07325785712413828,0.1821267896647045,0.1064232169106118,0.14685106068762557,0.04907674799941145,4.435207177067044,6.174752435097051,2.5383760646170983,0.4900346705448427,0.1386258167212818,100,126,0.7936507936507936
2016-08-17,2620.3457037691064,90.00845861475874,0.2918880878971208,0.06283768281698768,0.15489974967856532,0.08862753977564822,0.12279147070308682,0.02917710649528822,1.7750137058523243,2.547203888937818,2.1562628549772156,0.5235445016322223,0.20271970093025962,100,126,0.7936507936507936
2016-09-19,2436.2047652789443,46.66212760642031,0.2910068405587019,0.052620336880945084,0.12192100532643414,0.10002114273366744,0.08597809164344977,0.04059757058060568,-3.0950105448226615,1.5335759068330068,1.7281889462102455,0.41297688348086725,0.2639243326480383,100,126,0.7936507936507936
2016-10-20,2958.259438815214,65.26714095740608,0.3780709736624925,0.06159426731827871,0.23849471516497503,0.14390234607747168,0.212227620706253,0.08790148533391777,-0.7224362045531786,-4.220979047814395,2.088808540751249,0.49519459909280766,0.22751525513607831,100,126,0.7936507936507936
2016-11-22,3727.354085839631,121.25917427527096,0.5078303866286636,0.07437498269703251,0.19665699947867762,0.09754330838260264,0.16479474122714624,0.03745130949049925,1.8018687530607356,0.34189712004569606,2.7738441859817393,0.5664650864440658,0.16681407451872987,100,126,0.7936507936507936
2016-12-21,3671.360665179562,136.34042248490314,0.31415974949828,0.0762099138738487,0.10889787505770936,0.07159294332957085,0.07335688007851698,0.013247561634340627,3.692054445204817,3.237303840525266,1.982036537528662,0.525706883347603,0.15604618778908827,100,126,0.7936507936507936
2017-01-19,4342.708988644277,147.38578755715523,0.45456501543413885,0.08089521746179137,0.1748473472121653,0.09512066445192478,0.1446433339649269,0.03817466712047677,-0.3614802082086312,3.9373820202415266,1.878556410202213,0.4169449409805212,0.15061201821213605,100,126,0.7936507936507936
2017-02-20,4337.144710818521,148.26032056870267,0.4670029423269606,0.08079556518855376,0.2281168830069422,0.10967151941419906,0.19967801976310695,0.05150236827458247,1.7431006090185992,4.114522740152584,2.1360329026194576,0.4578054010137433,0.14983405632669555,100,126,0.7936507936507936
2017-03-23,4449.540051811764,134.00534363552637,0.5030212253743054,0.07813236241910258,0.21424641329641542,0.08119954480618222,0.18120924833163649,0.021830639342078587,0.39098020393906785,6.289040065721996,3.1546740898074708,0.5067281779257548,0.15989706329460251,100,126,0.7936507936507936
2017-04-25,5251.974730926184,90.68788551150283,0.39533566169933776,0.06672264883953717,0.15327230941495543,0.08161960704247893,0.11903683653335964,0.02248971200148729,-0.42401357303010306,-4.717291427081662,2.0822627867184322,0.4658298433438789,0.1981797455875323,100,126,0.7936507936507936
2017-05-25,4013.2087252238694,54.15905651863834,0.39216490387621344,0.05253542600094136,0.1887006274816612,0.07398088971615056,0.15436550939181504,0.017671184164357888,0.7930589413381842,0.5156963920568253,2.5370393757978498,0.4894711161838015,0.2473277043021936,100,126,0.7936507936507936
2017-06-23,2292.458190977172,49.28115734533054,0.35572714551663653,0.04750496810377944,0.19775002975206593,0.06930614770452115,0.16703752727184357,0.016607062939299734,-1.7737925645627803,1.67856907550228,2.1181702969420266,0.3502837667750336,0.2578513145518041,100,126,0.7936507936507936
2017-07-25,2588.406905758274,40.224035232562024,0.3732962408719852,0.04255391011277439,0.1441793769042718,0.08198655895343278,0.11164437899479088,0.02871990707316322,-0.10554234676190602,-1.5112091065108955,2.3509430074886297,0.2687442312116727,0.2837196854244991,100,126,0.7936507936507936
2017-08-24,3773.403217040918,52.815655089394596,0.27343921540861876,0.04735798166322958,0.15320911593628903,0.08945912035148708,0.1282475331715468,0.03849338529050279,2.2324830059734007,3.409296139193362,2.3158511281299115,0.3461744129315794,0.25405400115058524,100,126,0.7936507936507936
2017-09-25,2585.2851619954536,61.43191593803082,0.2382025940897036,0.047154291497766065,0.14323799632418932,0.0949856048396424,0.11143740817878295,0.04253515390484351,0.11904440153028628,3.990841615330868,2.05905004437954,0.32488593542102456,0.23188638547952256,100,126,0.7936507936507936
2017-10-26,3282.839719315433,56.43701022143502,0.2680608726226552,0.04643008908523981,0.13351546201455053,0.06989624050938878,0.10299136721478648,0.015044642396078285,1.9503978245248978,4.9118630577230284,1.7447500498266064,0.3486825037375101,0.2529194011355569,100,126,0.7936507936507936
2017-11-24,2076.717335191962,42.978506843632914,0.2262654582731792,0.039900285431187336,0.1048630853318803,0.07535195985322554,0.07300916622195319,0.01966282247747772,-0.6465920085515017,1.950572913945031,1.258660546582469,0.2903724315600544,0.2863011271104249,100,126,0.7936507936507936
2017-12-26,2299.327826805843,46.91996112959206,0.3582056847385739,0.040688366416085524,0.15270929467328767,0.06230221705765226,0.12480397233109476,0.007019943657205777,3.701370417815483,4.116768006747968,1.7589662968481012,0.26544844541986834,0.2734604387363197,100,126,0.7936507936507936
2018-01-24,3830.5874239486243,52.88031687408744,0.4053183725405102,0.03967649759397625,0.1393294461293912,0.09665667181821831,0.10948077028766426,0.04210425907189182,-1.9549524063299657,-5.32208415625735,2.203292427533194,0.2369165046307977,0.25956241244386197,100,126,0.7936507936507936
2018-02-26,4333.725937638213,74.48267324571256,0.4333644227241744,0.04867296868252043,0.15793307970890763,0.07361218523135299,0.13003950114902982,0.018008046498153157,-2.805806655174337,-4.809464759922258,2.3028247894776053,0.37826752938060576,0.22154572640163248,100,126,0.7936507936507936
2018-03-28,4287.688202151189,91.35975957510449,0.3961046384623757,0.048177282603076604,0.19477168719985463,0.09650260125192531,0.16259633019241346,0.043311042117709586,4.19070646840408,5.757558522993714,1.959231797340659,0.3657771494445308,0.1988995051809606,100,126,0.7936507936507936
2018-04-30,7306.773049573532,121.60453936500325,0.6520779489411359,0.05477134100239999,0.18651987824901944,0.07563415385769189,0.163159082428086,0.025525089396501735,3.4618090985747516,3.4449444967948155,3.4317278433131904,0.5466866145717816,0.16575870569077486,100,126,0.7936507936507936
2018-05-30,4715.724989474837,144.0542241407045,0.41243160370739085,0.060697857154522146,0.19337823031637608,0.0716882477850702,0.16813201865418917,0.023379098069000202,-4.084499699500645,0.027835758818496478,2.324676606627159,0.4285153280508605,0.14998810466653345,100,126,0.7936507936507936
2018-06-28,3507.537192250315,177.89226187667208,0.2260145342667997,0.06798869444944577,0.10326502215736444,0.07790273611521928,0.07676345424235241,0.030930656465957176,-4.606697928604533,-2.2398813591092557,1.9969065126524614,0.41381760415969615,0.13023094593316012,100,126,0.7936507936507936
2018-07-27,2974.1284884606653,192.96734932655153,0.24665513267011951,0.07267800804890262,0.14380664381248237,0.10397813420825508,0.117008906658386,0.055510782233112246,4.015817472943042,7.420933431400273,1.1712213164790102,0.392328116962119,0.12388157694149159,100,126,0.7936507936507936
2018-08-29,3515.6359488067683,121.06179406034762,0.2561946781841185,0.06198050687891357,0.1352818942094601,0.08453128745853555,0.10618365913138855,0.0342480782379604,3.6792566784502565,-1.7755262337857634,1.9495732149105711,0.5780563404604991,0.16130831113837235,100,126,0.7936507936507936
2018-10-01,4737.200615028565,138.00836415622248,0.26200729478079476,0.0648665257317565,0.22182288376972578,0.1356522440963737,0.1983276665278459,0.08631296009838144,-4.4235935715345995,-5.421799801195191,1.950767813873673,0.43965226927311446,0.151590670580535,100,126,0.7936507936507936
2018-11-01,3166.4430514609903,170.6775881813196,0.3197605788426996,0.07306850495949384,0.1952868445458301,0.11774283521876053,0.16618990593351943,0.06093444801049298,6.070568324658795,4.034195697660147,1.9257270442725642,0.5974901999878398,0.13428526584808462,100,126,0.7936507936507936
2018-12-04,3522.209537285939,150.28175626977804,0.3185012140305707,0.07407846212302567,0.14384711788345186,0.1201319024048635,0.10750590940767796,0.057782945753931,6.858153216744656,4.063217002800977,2.0361967525651976,0.47527705380670776,0.14498379097494984,100,126,0.7936507936507936
2019-01-03,3188.8012756444577,152.2504368262344,0.3913231651636669,0.0831461921270806,0.16473603081267005,0.08878384142904017,0.1236954459668424,0.0203923370857705,0.27981565905436145,1.4088768142175725,2.0375903661474757,0.44178674128644346,0.14273312587645703,100,126,0.7936507936507936
2019-02-01,4384.859925776431,130.73969639233252,0.457366941654154,0.07635838614080614,0.2510127474891369,0.1279472258869522,0.214586080129031,0.06168483902443461,-3.286931274512138,-0.6494080433775918,2.339940513888456,0.4329587871053859,0.1595175816331808,100,126,0.7936507936507936
2019-03-06,5568.567679353262,161.67360318203208,0.6332675380327127,0.08465209277858649,0.22293203964442446,0.0881374382906483,0.18991236480064555,0.02052689965447385,0.258434704320921,3.9008564441947184,2.636922405660468,0.4950719163308433,0.14034131776384065,100,126,0.7936507936507936
2019-04-08,3447.219648942911,119.31220104613892,0.36087313380132097,0.07746310799941107,0.21956664535826698,0.09562838331572154,0.1786024519745762,0.027054696906658696,-2.5375632571003233,-6.280754361606886,2.367221825050844,0.40289517774744443,0.16665031423040624,100,126,0.7936507936507936
2019-05-13,2366.911521295568,81.40066596598687,0.37818148659098577,0.0634767339404444,0.13415125627246932,0.08236104625298066,0.09228173656950911,0.017553560100391538,9.525914845511776,5.987972015667964,2.51450059704882,0.5563343573940442,0.2027752303923249,100,126,0.7936507936507936
2019-06-12,3046.815969152255,140.05956429032605,0.3543228070173566,0.07035459207406945,0.13795962149187477,0.0837288834608709,0.10315666656441315,0.024935345181174524,-0.7381397668089493,-5.363909115891686,2.3560896372886613,0.4828789555360037,0.15650356383689204,100,126,0.7936507936507936
2019-07-11,5538.580564421214,137.87605864922028,0.33568141798290596,0.06287426464277253,0.18687001933733016,0.12271763044934346,0.1589325798801601,0.06854641707329338,-0.08040911963332623,0.6107936845959725,2.09386249233886,0.5723856928818731,0.1593911338682728,100,126,0.7936507936507936
2019-08-09,4666.994565988207,145.68596266215562,0.3911539319112708,0.07079871724420791,0.1512372291315955,0.08736001253571067,0.12061330573305465,0.028484554102554176,-5.530539715572778,-1.3966017642266748,2.1048465611521467,0.5178348825324207,0.1511918667961748,100,126,0.7936507936507936
2019-09-13,4152.738129239538,131.9005441893792,0.33506596940362243,0.0713562472962088,0.26521425323669506,0.15896957186569347,0.23659244782896885,0.1005694335726076,2.7199969495853358,2.6087965269812696,1.7188658149206681,0.42605181252448004,0.15872474890268856,100,126,0.7936507936507936
2019-10-16,6248.616724036029,125.15847050730967,0.5300975318427894,0.06674745221502158,0.29222552370404165,0.11052540701601463,0.2679072019950515,0.04761786447455231,3.5205651955607946,0.34020755126027696,2.0787667148517293,0.5193907753533679,0.1714388150954718,100,126,0.7936507936507936
2019-11-18,4710.19141533473,117.52833814352701,0.4142144790867843,0.06697695683643459,0.15436867022448103,0.07569303858222945,0.12355261277641176,0.00939395452793565,1.5233325242381566,3.0146155195571027,2.0430183223191323,0.38750526565435006,0.17080048712861856,100,126,0.7936507936507936
2019-12-17,5046.7315726604875,81.65770573373162,0.6412760771835385,0.05828622564344369,0.11519035357559478,0.07469137716522795,0.0879006081662991,0.006465334107998724,0.4067065924301231,5.9774493614827025,1.860602946902608,0.2933970899688604,0.20280423786243965,100,126,0.7936507936507936
2020-01-16,6277.845120885427,78.27694173200243,0.5474494918542158,0.05607658743273837,0.2133228259643432,0.09806559882029708,0.19233090427034344,0.03295215830874311,4.50914833853278,5.6948519170813166,1.6570974978651798,0.3054602904622266,0.20723824148219952,100,126,0.7936507936507936
2020-02-14,4039.7907601111738,72.27030069170415,0.38318875306387884,0.05414479445029416,0.3313916739558709,0.278698845011492,0.2997944874622656,0.21360513103578502,-4.9240180625746275,-6.509501877002561,2.1443282555117134,0.38878721889833934,0.2178904111107485,100,126,0.7936507936507936
2020-03-18,6106.558280078433,123.83706082379953,0.43705101778699257,0.08969654458637719,0.463583545403343,0.4328952369097189,0.42694257509242384,0.34925111648836554,1.5356038938470518,0.4976237986076876,2.2253301188139165,0.6832728083866741,0.18913159177197594,100,126,0.7936507936507936
2020-04-22,7738.519206690466,181.04613076017569,0.5876672678838366,0.1443267286676931,0.3732984510754464,0.18311932490208793,0.3267135622869769,0.06688088652382998,0.9293821784825158,-1.3510018842720888,2.765879982018678,0.9950291822825403,0.16458221621894972,100,126,0.7936507936507936
2020-05-22,7344.283229432659,221.95230784580943,0.9597960555739551,0.14246134411370417,0.44932649491441784,0.22252216964560656,0.39063703786490156,0.10406164389802999,-0.02169768526469957,4.288090939742265,3.7926269627135105,0.5363297609197016,0.14328321404477365,100,126,0.7936507936507936
2020-06-23,16270.10396578936,252.83194398499737,0.8781135415208645,0.1498531113924757,0.3020294328963857,0.14706266835559184,0.22847800135083113,0.021755898047941202,-1.6802255037121119,2.882000838532635,4.258787425340505,0.6347974235762943,0.12982239292379802,100,126,0.7936507936507936
2020-07-22,8212.10789642358,246.93925554483386,0.7073122409768829,0.15643406764909984,0.2980563721145603,0.1293287374600937,0.22097874894461528,0.0007434700178526876,4.001184604801033,4.416525642447995,3.470685788639352,0.42808410317573403,0.1292155250394149,100,126,0.7936507936507936
2020-08-20,12202.407796662786,237.48174360576957,1.1943638529083362,0.15784954715285685,0.4737098183171827,0.2493805167150345,0.40091065753178373,0.11853541208028684,-1.9074364487761937,1.070412429534239,3.17338343970856,0.3764659146365966,0.1329016172225782,100,126,0.7936507936507936
2020-09-18,5577.397897315957,152.20083109178776,1.1441871206032739,0.12707912961938111,0.34696096537844584,0.1948241044237256,0.28207256457665275,0.061780414264016814,-3.339257685562084,-3.3646792668697767,3.672843818059657,0.9087512903986521,0.1742354086316657,100,126,0.7936507936507936
2020-10-20,3433.5288480132176,134.73762245742466,0.44235158137787606,0.09079738959450658,0.1763363748116155,0.11672397075045085,0.11915383295507412,0.027796106749522265,2.868233361028244,7.36140546289119,3.2029957113870413,1.0844534193748208,0.15297435655331174,100,126,0.7936507936507936
2020-11-18,4481.465943489673,87.21582932500836,0.7836666923843308,0.07724283563667075,0.32699799503695537,0.1176397936055637,0.27616032448048256,0.02873575368012092,-0.6434754201345055,3.406750660850252,2.3771275974206776,0.48660032452694185,0.19698571866920125,100,126,0.7936507936507936
2020-12-18,1941.399392984197,58.34843099637153,0.5055139773275575,0.0661299488483309,0.18902890512679338,0.13265672945847723,0.13643932616354895,0.04598055353402121,-1.2813318690127433,1.2474429496515018,2.9805550583067912,0.4813732324822357,0.23962742767342532,100,126,0.7936507936507936
2021-01-19,3438.8039172031663,85.49224355343505,0.5324464114172247,0.08233082248448591,0.3630495481528551,0.12328307954501257,0.3180445945252968,0.03884075610843006,0.4519461272459054,4.197565077847136,1.9567278690809171,0.4861716409905717,0.200835959668427,100,126,0.7936507936507936
2021-02-18,2796.4198072423715,90.49335068606169,0.361994018482074,0.08830622335807745,0.20736629604323065,0.13968969092718891,0.15956778174173458,0.05532281929999543,1.9228637457876987,2.761889982781182,2.5135022492816224,0.4762152106139229,0.1931313222606964,100,126,0.7936507936507936
2021-03-22,3584.278087354574,92.19615025813728,0.3104645011362395,0.08686322337283672,0.17929777476620012,0.1521554479824859,0.1337409791664232,0.07082888426411507,3.2054255483970233,1.393249138206373,1.6525731344775438,0.5086193167990928,0.1871559481691552,100,126,0.7936507936507936
2021-04-26,3885.246388509036,102.97872711021809,0.5761734115329264,0.08914900412046381,0.28006530878264463,0.11044731574502765,0.240371435540556,0.029189184076300348,3.0555027483142814,8.136350243944419,2.758384638688126,0.5185615849201156,0.1799688399830189,100,126,0.7936507936507936
2021-05-26,4473.491570903984,103.02334896654189,0.40456298941024754,0.08390960635595626,0.1578259048470873,0.1028229001415608,0.11288633997490455,0.02226692358484672,9.283348965458073,8.689371523235547,2.2023477955151254,0.4655479891434827,0.17851684600505424,100,126,0.7936507936507936
2021-06-24,4819.097835921447,115.05701741060699,0.5796843366610835,0.0876013034285595,0.15935242831267435,0.09002898268315912,0.12211322903667872,0.010319418370776587,-0.1555721487841205,4.132662659689145,2.243381932321401,0.4358359581111056,0.1674445650439302,100,126,0.7936507936507936
2021-07-26,4065.925022617678,83.47160306391415,0.5698632330864017,0.07046444739685517,0.22033827571302453,0.09785699248779645,0.18427418705233095,0.020111257921201914,-0.11618511364339426,-0.032842699181782994,2.250516002804247,0.43892947442419566,0.1989026573871999,100,126,0.7936507936507936
2021-08-25,3911.6911081999715,100.2794340524928,0.4280362295571208,0.070729063833094,0.14506213498615128,0.0910503684444028,0.10275020011515884,0.016846109238764076,5.7742652171928786,7.981749470840866,1.9886669670855601,0.4485428228548756,0.18031365311345932,100,126,0.7936507936507936
2021-09-24,3702.2566017266467,83.70433201049433,0.4136999379430852,0.06251520047232947,0.20655243045125,0.11684507757115405,0.16954048688330126,0.04812795481415502,-3.441727099445294,-2.4609125986398523,2.276834069806443,0.47663666945058486,0.2020484480235375,100,126,0.7936507936507936
2021-10-26,2749.5629593277777,46.86509703057282,0.2751605431467113,0.04361022182280197,0.12488167988690602,0.09681135515691727,0.08816189836930763,0.0336100289297859,-0.6830450326241565,-0.8394634119679282,2.298886748080644,0.5246961520766551,0.260055491341799,100,126,0.7936507936507936
2021-11-26,2259.210876008146,67.95622031379641,0.3615702688179071,0.05404894026989183,0.17152181992280918,0.12467769463393054,0.14050775318251385,0.06367348937855308,-5.3065690676582395,-3.3822259711509,1.45547015770314,0.3311614877311026,0.21402191553163394,100,126,0.7936507936507936
2021-12-27,3281.951585781521,106.3356454526938,0.37433204795770986,0.07235758768270763,0.15880383963391018,0.1388988011447762,0.1209020986169077,0.07424887401779669,0.8545932795526008,-0.5750918248189772,2.3171860529746056,0.44658059803626415,0.1681531510176596,100,126,0.7936507936507936
2022-01-25,5109.695390199058,141.51801120240623,0.5564742377318627,0.09295881436205224,0.16729581904608926,0.11380027587336052,0.13130337845758097,0.04563244763249995,-8.072740168019545,-5.222283370579253,1.831177658882658,0.5484787213536632,0.14430693011232495,100,126,0.7936507936507936
2022-02-24,9264.556002976697,173.7929998104301,1.2893720686648735,0.10713660891223853,0.5072045203233456,0.1887138848209033,0.4706751611987003,0.11791188810763678,0.36113377197644175,-1.7674109764510986,3.8988272851516643,0.540405626585572,0.13045694181847795,100,126,0.7936507936507936
2022-03-29,5432.010580267621,247.06531456377385,0.5684670657400918,0.12578281973948502,0.18084964990004607,0.10278011129137683,0.13648438860920337,0.029209764686563874,2.7047356903341666,1.6724598578361105,4.511085279968328,0.8502012478162422,0.11163204693225781,100,126,0.7936507936507936
2022-04-29,6086.921346905919,266.1263015167128,0.7293625575905388,0.12890793326524677,0.2873685926631052,0.16155314740684887,0.24475891553422213,0.08781312211901494,-3.1944721420016067,-1.642274274098879,2.578191052339008,0.5531517772382715,0.10706087791105583,100,126,0.7936507936507936
2022-05-31,7192.414632549803,329.9313353623265,0.6097972928562905,0.14506306351771564,0.24378529058362775,0.1353385257197385,0.19690198748266524,0.05942524425003501,-6.579835959973327,-5.46709077560484,2.7864241295157925,0.7623310994806658,0.0918407848340746,100,126,0.7936507936507936
2022-06-29,6331.896086076989,325.0749691527409,0.4488540997262699,0.14102440881833203,0.17832434351887558,0.10930502921615072,0.12638863146498908,0.032785369021007885,9.92615034577318,11.21954782067334,2.5395335622731907,0.6763774436478887,0.09230965929538458,100,126,0.7936507936507936
2022-07-28,7345.223007658965,287.66168244960545,0.5455706418088712,0.1514133167488759,0.21545239722946644,0.13585320128002173,0.17965285369232828,0.0623101463844503,3.064012910858599,3.8617875158328405,2.945123512150045,0.7521665440952681,0.10110926726379761,100,126,0.7936507936507936
2022-08-30,5554.5921541203115,217.75765239412402,0.6316676025276499,0.13942650399593254,0.3141266656573276,0.18700315442514345,0.2721550564987506,0.10854635609237556,1.5515006908857276,1.5499714646912945,2.504012928438247,0.6458036146289964,0.12071953339877363,100,126,0.7936507936507936
2022-09-29,3790.691975124392,179.89580003636524,0.6102169164115353,0.11941549386022747,0.17564335305764134,0.10936219813277463,0.12962549355591976,0.032763183909248886,3.0302817802264244,5.68503041427544,3.3530842582055373,0.921837182400879,0.1252786668027521,100,126,0.7936507936507936
2022-11-01,5548.284432808672,178.64953891424534,0.6566338329698316,0.10859966108098043,0.20390948149074795,0.09681320925610286,0.1530444643738478,0.020056609865427275,7.422652840224109,7.513222059829542,2.4435525404061327,0.5334113707634037,0.12851692457110217,100,126,0.7936507936507936
2022-12-01,2973.191315509695,79.97360313191257,0.6822793079551017,0.06864348692571279,0.19157853220850435,0.12811671947924946,0.14391938968820076,0.05588726239470909,-0.07232172856861756,-0.1232050861319373,2.755019549891353,0.6697826013089081,0.2027056791725064,100,126,0.7936507936507936
2022-12-30,3175.3734573926104,90.51487079574035,0.49784277134733806,0.06828252936917899,0.1477621028281195,0.05386961056266784,0.10601242745443583,0.015420121997697878,-1.5855257050603109,-1.8685319267267146,2.636076415712789,0.5691261787896761,0.1946974297170185,100,126,0.7936507936507936
2023-01-31,5074.92550884697,102.31656762176448,0.6246208193749985,0.06684533048309621,0.18851294584487754,0.06238862896506595,0.14946342613552113,0.0019468613067682786,3.529682026003376,7.37808906048162,2.3262037332839016,0.3629680089085705,0.18458730665123838,100,126,0.7936507936507936
2023-03-01,4329.3340065058455,115.08425148595303,0.5076861265929018,0.06931384435822809,0.13536201656234975,0.07536098538821384,0.0999452122367536,0.014390808595190298,3.0441814868041646,0.1893014058673569,2.819036601947779,0.35119384332182496,0.17276853294390165,100,126,0.7936507936507936
2023-04-03,4996.509275628857,132.3129149750631,0.5044081443109362,0.06173496949107915,0.17930843364979893,0.06844092751376005,0.15241235407391293,0.015871773750981567,7.174743469871636,9.560322722570083,2.6338219953784368,0.44741918866672964,0.160107508064946,100,126,0.7936507936507936
2023-05-08,5060.964737897843,119.61030847213658,0.21727831777518805,0.052506749673337176,0.12660210648173853,0.07079154305753947,0.09667376413307327,0.02122496090607949,7.602602138271487,9.658115415379735,2.1245278995519707,0.42739942052059116,0.16996890695228728,100,126,0.7936507936507936
2023-06-06,9950.21902533957,120.36766314605026,0.5083186262212828,0.05440779379871661,0.19612812282427777,0.06940370166084175,0.1710610270620664,0.020931662743487386,1.169145307841437,10.055891077639151,2.285736285702806,0.4037964181333839,0.17125739693898961,100,126,0.7936507936507936
2023-07-06,2392.1290598974033,55.268981884625966,0.30765231190372433,0.04575823976547049,0.12444028892769929,0.0921347371538099,0.10188471653000003,0.042837051451859155,-0.40462968403850186,2.150105942852166,2.5552469861132305,0.38436486833623523,0.24515259264638758,100,126,0.7936507936507936
2023-08-04,3411.1806984080717,40.36108541483798,0.3390995058651834,0.040886508224501676,0.1459842821171642,0.05637278252591292,0.11805982794297934,0.0026587405367135275,-2.840041363043102,1.0709479407708944,1.7394695325860239,0.2935615655243123,0.2821262209326164,100,126,0.7936507936507936
2023-09-05,1921.5157080651172,24.530774756179984,0.36853954758535595,0.03432918956716914,0.12398318987258126,0.0963521743102669,0.10114539484455931,0.04361624246037175,1.7022666138763505,0.2910842310968514,1.9089487266017877,0.26816551565242075,0.34537630798907404,100,126,0.7936507936507936
2023-10-06,1908.6695578096862,19.79231181024581,0.38035035405902184,0.029648817903073204,0.20583213227267566,0.13370690783798697,0.17889226550426662,0.07903803145385795,0.10721570915523788,0.011079387109442161,1.687324451761442,0.3143794816244136,0.38992543258377627,100,126,0.7936507936507936
2023-11-07,3076.659561641952,43.2339517971445,0.5203030242190535,0.044115772829614715,0.12165887869092472,0.06104945069815863,0.08193120765485998,0.0016204074906093213,7.543940727161314,13.9418520737877,2.980576992257413,0.376295426105461,0.2825367860090721,100,126,0.7936507936507936
2023-12-08,2905.925366612223,48.62008457016797,0.38575951530482916,0.044856337744764475,0.1603253227067239,0.09740660490264647,0.11838973981379466,0.03472709747203015,3.8652046659968677,3.937226325297597,1.5956298910281084,0.24808722732841265,0.2668081272153994,100,126,0.7936507936507936
2024-01-09,3890.03013720201,30.80583511083688,0.30235365225622884,0.03665706940361576,0.2270136510751365,0.14643481682323567,0.18424980436881666,0.07967513241898186,1.3672648135356853,0.0222045053948014,1.8623442970088389,0.3352604414133415,0.3781408095713089,100,126,0.7936507936507936
2024-02-09,4170.747565248917,35.47857035562542,0.3261496232570618,0.04103761122736186,0.18215425942455749,0.08701127195285367,0.13627257945811452,0.01447608494861273,1.177995264570326,3.0996889565546475,2.110136574555148,0.3713075529439165,0.3481043040456352,100,126,0.7936507936507936
2024-03-12,5138.29655820614,64.96444221188743,0.4030760264908206,0.05239137861138195,0.15860579496104807,0.11671149107114745,0.11607057735086587,0.04431020214390416,0.3452811604309001,0.8141299623597683,2.0112618754748235,0.27880610593278243,0.257824386487113,100,126,0.7936507936507936
2024-04-15,8162.901888574286,94.72715442100912,0.8639200957245969,0.06134966895864681,0.3467774108364036,0.09107709822188524,0.31302887456153977,0.01923105637031887,0.1985533152551981,3.659294012442714,2.6910626510041564,0.3934803556022034,0.214763938634486,100,126,0.7936507936507936
2024-05-16,4734.889708521486,78.89121343847332,0.4753985741136133,0.05115496539175154,0.2314339119787452,0.1902868894033938,0.19124001136464497,0.12155268479677041,3.4882860170349703,5.177418798546671,3.285765043859077,0.4182513906793972,0.23471967093593493,100,126,0.7936507936507936
2024-06-18,5696.944388545321,120.97360828876005,0.6653333246632844,0.0629652768249366,0.2391375166482605,0.12094308727637558,0.20215412155631152,0.045239350404235074,6.134280735322398,4.720602431875455,1.848970420916301,0.5294402101765417,0.20460099547180047,100,126,0.7936507936507936
2024-07-18,6848.896458628382,129.84536602126596,0.6920659559758701,0.06167180072343127,0.2525123996251923,0.14095178463180527,0.20615232725861277,0.06523800017805738,-0.7369667489714726,2.837347674518024,3.0061955521627888,0.4397049383823235,0.19279963033285713,100,126,0.7936507936507936
2024-08-19,9440.539486108039,182.33911397199856,0.5442851906571846,0.08220097895266384,0.12182596463153476,0.06949896112254843,0.08384852356020053,0.003600874474316243,0.6125048617140536,8.162710254968637,2.5116041901745643,0.5936607795155866,0.15859095061806733,100,126,0.7936507936507936
2024-09-17,8695.543863161207,150.1406277129043,0.5477000395325151,0.07756717526300734,0.2286061799980743,0.15645554662033156,0.193337351844456,0.0840859713879047,0.813242398601713,-0.644481405736292,2.450688321101331,0.3536903888644651,0.18377573623544127,100,126,0.7936507936507936
2024-10-17,4795.130144737098,108.0268971380657,0.6683886296776574,0.07412206221952877,0.25682271756169406,0.10412091742168057,0.21582096510834414,0.024676729122005456,-3.6308360727739335,-9.178620687966497,2.4186231684734776,0.4864144743759374,0.22081313190819718,100,126,0.7936507936507936
2024-11-18,7678.284606539959,156.04704692444113,0.5210862251957299,0.0977363556884717,0.1711079067469274,0.1212459599244983,0.12687463609529337,0.041414946131951236,3.555849392397986,3.0505476817647907,2.7061669294854673,0.5113617844803676,0.176622247256638,100,126,0.7936507936507936
2024-12-18,4289.440256444609,151.4249107241767,0.5450601961021063,0.11143493706070653,0.1862564496829647,0.11054128233774611,0.14736307002624804,0.04083142128253406,3.034579993354014,-0.34079036076952196,2.3943901131246172,0.7108172800564402,0.14165934834326638,100,126,0.7936507936507936
2025-01-17,7251.590878484541,256.95530386281797,0.7759358044572249,0.11943653161700557,0.28330235557184213,0.14561931242788495,0.2410083622791128,0.07672155854265174,1.302092871053328,-3.865460453067223,2.4267484194614837,0.6319729173966602,0.10507705712783075,100,126,0.7936507936507936
2025-02-14,9807.400868943028,253.7164400491544,0.649339860273994,0.10782581784047293,0.21569752953740717,0.11536902593373169,0.16126863089692012,0.041666830778498254,1.0310093730683796,-1.273773730382539,2.7597777455454655,0.7509398700401552,0.10638699463879699,100,126,0.7936507936507936
2025-03-19,7493.918836849206,318.68368777962667,0.8891821523684575,0.128790481612609,0.23360021961855365,0.16073690835412116,0.18796417842858476,0.09015851314615,7.8798547115884805,6.58813898453089,3.840186979846674,0.6370448884579217,0.09046335971873677,100,126,0.7936507936507936
2025-04-23,8274.71226010056,434.4241638257712,0.9221773520297512,0.15888874095640765,0.20292558847157785,0.10850134787719128,0.1574814892121756,0.034095647715178354,-3.161817116848543,-0.06262185230615239,4.255038993077248,0.9592358321589761,0.07570252347673255,100,126,0.7936507936507936
2025-05-23,8048.449964205408,407.0666317356961,0.7652300410576479,0.16910441296562645,0.2125431444740733,0.12694537051851176,0.17733054913849042,0.05645106760046546,4.103053527744885,2.0267354771185673,2.3444158724181925,0.6392395622002216,0.07987610862767043,100,126,0.7936507936507936
2025-06-23,8015.210050853151,412.91793409831183,0.40813239388840455,0.12950036684506702,0.16258805023258613,0.12133995528973708,0.11176409319753422,0.05134904397409577,4.77310907872981,5.566885696179668,2.5329347083635687,0.7538294863370872,0.07974007289020843,100,126,0.7936507936507936
2025-07-22,6671.120518143914,313.41291141839685,0.7574301688139236,0.1180031762258632,0.19528993688879334,0.12104647369870093,0.150904123550628,0.05174927973141934,7.525176936255791,3.6431984129986015,2.8848826919127313,0.7507725556439806,0.09580322321397819,100,126,0.7936507936507936
2025-08-21,6990.396399738152,263.3157539998917,0.6791144380653562,0.10520571917587054,0.20197607397725262,0.11834564888992354,0.1546059881931699,0.04945115695626491,-4.289507734206376,-5.518278217650516,3.211105757834466,0.7034241462656413,0.1088052463723708,100,126,0.7936507936507936
2025-09-22,8166.9501535401905,200.44901980180734,0.9773907812741477,0.09570901706744603,0.13133134011163577,0.07809189096088608,0.08871832084965137,0.010855207418467502,-1.5133167695476233,-1.4205175887244232,3.200981097687449,0.8127487592350254,0.13124449036250554,100,126,0.7936507936507936
2025-10-23,5332.997542316978,105.41475662878848,0.9233835881224243,0.07516888596273236,0.2799600030786386,0.08372672637604445,0.2427256618959666,0.02212389556194856,-1.6984258879218954,1.1377603341349796,3.046027738133936,0.6704300147897726,0.18189861683353317,100,126,0.7936507936507936
2025-11-24,2415.4121046681607,54.283094573099476,0.45838807178346686,0.05953421924633173,0.13639260279683718,0.0925306302731343,0.10374033290059988,0.036306931187797445,4.117722077847105,1.106046717205588,3.971972334214329,0.5891031756406185,0.2397946458842384,100,126,0.7936507936507936
2016-01-12,466.3845467086548,136.5765151692272,0.16036197775126876,0.08570424381388386,0.15895459688391128,0.1276402138170878,0.08840256486658758,0.04661143663361601,-0.8274101393733218,-1.1849827019411314,,,0.11549103759439426,100,252,0.3968253968253968
2016-02-11,522.4975751426771,176.46276156837402,0.14420703016042252,0.08657924487400197,0.09640994567252324,0.0897762164626878,0.023679942407556526,0.009018351801628896,2.1413884682395397,0.9397877283364295,0.557630114760563,0.30959172545220137,0.09464625425609031,100,252,0.3968253968253968
2016-03-14,539.6092341587595,207.25749731031132,0.1364889138773483,0.08871296559171314,0.10637416038954109,0.10093575845227303,0.03361930155260387,0.021064664994560445,9.790220772544602,8.86054614214193,0.4751330942599585,0.2688552886210483,0.08305409918598303,100,252,0.3968253968253968
2016-04-18,526.1685662727751,203.46795066507892,0.13504084291292087,0.08745429440489608,0.10239571748716424,0.09841174625761914,0.027942298999202406,0.017313706637827497,2.812284030087187,3.5494749821899854,0.456511858467607,0.3046495785130676,0.08429582915548854,100,252,0.3968253968253968
2016-05-18,512.3870195326683,184.43207521394265,0.14477823815453736,0.08669909879227654,0.12000245376770888,0.10498605647574484,0.05104866976549492,0.027898393380553305,4.0276598296629675,5.328561724000425,0.5699818025203883,0.3691497472669566,0.09362672931352556,100,252,0.3968253968253968
2016-06-16,501.75336941749134,172.91251060475352,0.13749715443337768,0.08202339156093137,0.06063814565416009,0.05366911056050028,0.009327085057998091,0.024002784659901286,16.966083313251218,15.031436293171023,0.4567791091355445,0.2775926447035683,0.09948446597077135,100,252,0.3968253968253968
2016-07-18,490.5238190581843,170.75895820477902,0.12204468128813914,0.07862859682415378,0.1351256351441626,0.11765968013995722,0.07036139801476146,0.04496221089593984,2.5499481646429927,3.465434368626482,0.5662595502963261,0.32791256108930816,0.10021714095979509,100,252,0.3968253968253968
2016-08-17,521.6940212445857,177.8665035929684,0.11767030118059402,0.0766953010554405,0.10458345567071067,0.09599623698720149,0.03646276790516098,0.021334975991644967,-2.188874912898677,-1.8200490044934956,0.48893309940893925,0.2936787115998388,0.09936659018024359,100,252,0.3968253968253968
2016-09-19,419.0753306748945,155.68236649660633,0.09433794419775555,0.06872282429894148,0.10212165262194604,0.09813275341853235,0.03658617603845825,0.028357997763964235,0.5952922308173183,1.1956742810531267,0.6448368863104661,0.44034390882137714,0.09022640598527013,100,252,0.3968253968253968
2016-10-20,448.2387422809892,163.64815371956337,0.1072467953105355,0.07224478514576817,0.13281775661890502,0.12462703168880321,0.07100309496020596,0.05757169893126625,-4.256234559256227,-4.868638664981839,0.6295617627767556,0.4279060061310501,0.08897721226275304,100,252,0.3968253968253968
2016-11-22,493.4944201645607,200.56236081324525,0.11646107319485743,0.07982890218428394,0.11089043579394814,0.09943180974985705,0.047199191261481935,0.030595429980048022,-3.5615618103749123,-3.890433677520797,0.6186064730253259,0.391015753669758,0.07579806462336336,100,252,0.3968253968253968
2016-12-21,526.2627604157329,202.39460345500967,0.10525138267605745,0.07715854097413774,0.09358357954517822,0.08524838438966557,0.028171245152766672,0.01528209940462133,3.5870279938636065,4.4374992777906,0.4306068749040235,0.2967139100958582,0.07742093769827905,100,252,0.3968253968253968
2017-01-19,531.5750969900638,196.26955952038145,0.10675493686339398,0.07779383718010813,0.10106586128366635,0.09380637206478441,0.03733268892651152,0.02507757097147538,6.4770960683704395,6.3937279343042945,0.5173848953145118,0.3292902576141115,0.0803130058776846,100,252,0.3968253968253968
2017-02-20,498.905684768567,155.9518769037084,0.11634577373236166,0.07406973443948686,0.10127091808905163,0.08331897160681652,0.03791904455340425,0.014315414246104996,-0.2944558994761788,1.1658482188708614,0.48197922736832394,0.3008136282683474,0.09749205895164342,100,252,0.3968253968253968
2017-03-23,328.3165379825924,110.99261035365535,0.11014868924705526,0.06776482188638516,0.08554800651236193,0.07883145798067237,0.02347138583060094,0.011452527471667778,7.557516438730556,6.968690451333235,0.5308766437522057,0.3088887413514348,0.11295363382106967,100,252,0.3968253968253968
2017-04-25,325.3198200530655,103.78491080932946,0.11509800674470008,0.06695353166432692,0.08380130365098118,0.07883819155139052,0.025727984716500972,0.014444537998806017,0.3574572581478347,-1.3345730174431385,0.5417220780914125,0.327172040665495,0.119677260501177,100,252,0.3968253968253968
2017-05-25,359.5076543722251,116.09582776179386,0.10734271958304586,0.06715984994570821,0.09926156160184522,0.08284837812981165,0.0416362876997672,0.019433279468150183,-3.8226603617316566,-2.1751065615531266,0.36080454440436416,0.2560164670810626,0.1113342290004328,100,252,0.3968253968253968
2017-06-23,359.40871765278706,118.45028872215413,0.10611789651451278,0.06722556481848578,0.07657520226343416,0.07225819489176258,0.02113599913773523,0.010740067411033984,3.9691657868685795,3.763027629087709,0.5979213867096205,0.3201486052116986,0.10964297072214196,100,252,0.3968253968253968
2017-07-25,383.55899753687976,117.06864061438202,0.11877121710088355,0.06830560352281187,0.09358228548143059,0.08360435722373193,0.03843790492783804,0.021805358075230825,0.7143973895169206,-1.1729006928444874,0.36327910325725665,0.21082321934255638,0.11286076833091002,100,252,0.3968253968253968
2017-08-24,365.5833534434374,122.78216461267718,0.10910529458124131,0.06848470509650652,0.11010889166980115,0.09485079655124547,0.05447291078890411,0.03295882055631388,2.038318168087706,1.5467775449663517,0.41932785176723514,0.2600176811140805,0.10725654303143632,100,252,0.3968253968253968
2017-09-25,362.9489682043021,121.48993946261362,0.09762874634628459,0.06511774852311893,0.09842749536098132,0.09026653124951332,0.041063133059889685,0.027439897187493414,6.007529541088378,6.824785545890108,0.4062414725550099,0.23958143600288528,0.1076176141992404,100,252,0.3968253968253968
2017-10-26,311.2305012828364,95.81031183472763,0.09468289648201794,0.06162655682717969,0.0803496460156798,0.06907923565023229,0.024833427705756715,0.0069505486702403085,2.4889128958923252,3.25983044529105,0.5132503913669074,0.32815308709606256,0.1281186117241605,100,252,0.3968253968253968
2017-11-24,282.64107892739196,68.62141610045049,0.0950541992253597,0.05247211096176407,0.08355461005381064,0.0695808373863641,0.032985379388078134,0.011223912126690702,4.325592554234774,4.354169400448255,0.5810860256238081,0.37532300835968513,0.1593594434026115,100,252,0.3968253968253968
2017-12-26,274.77569717884955,68.23376147711565,0.09399983715886344,0.05057268405113133,0.07232019016989244,0.05747643527897858,0.02383693373885836,0.001032106266786327,5.73871753586615,6.702129743394349,0.41275349644344783,0.21111896240057212,0.1589181174018634,100,252,0.3968253968253968
2018-01-24,255.51962660840002,66.65204676122998,0.08891678400163158,0.048895757156672846,0.09219719101843267,0.09428146640295985,0.044281587510826115,0.03848955364366415,-3.470221336313475,-4.839698324358421,0.3326638311198234,0.16556540283309293,0.15892430372878136,100,252,0.3968253968253968
2018-02-26,277.44460046826424,86.23306896718537,0.10103064285745225,0.055645938681839514,0.07592836848546647,0.06690532228125753,0.028198100835650483,0.010741031331938648,-4.52684550122106,-4.653656848364001,0.44872762862995386,0.28308495534010475,0.13479935122296902,100,252,0.3968253968253968
2018-03-28,317.18219037043735,101.02273954827311,0.09733525527597768,0.05654952696997552,0.09211581455650635,0.08475305111750232,0.0437884859513144,0.028897612021915653,7.813704151715713,8.209239677499196,0.33692552136106635,0.19719292821829668,0.1216620811332619,100,252,0.3968253968253968
2018-04-30,360.3979278799821,111.66620278838683,0.10625070972671218,0.05869867679670487,0.0836513651779185,0.07181001886889511,0.0345651863040605,0.015315439840993407,0.6851602525316246,0.016216402043730205,0.5155530734960888,0.2891604991427462,0.11595961104000464,100,252,0.3968253968253968
2018-05-30,374.5895866641961,112.31168251066013,0.1138492709968954,0.057770762146210866,0.07248487269650404,0.055760020379367774,0.023295730759053036,0.001035869904214226,0.7580847842325275,1.0461150359427966,0.4338760803858137,0.2079430859699486,0.11650121786273852,100,252,0.3968253968253968
2018-06-28,404.8575109589217,132.3159303852243,0.107533605394072,0.05813801560400229,0.07693427143272974,0.07143108182931307,0.027739320010398354,0.015565393840624685,-7.164388511211156,-5.5425212380940705,0.3228534961768262,0.18604433161971112,0.10310454901387409,100,252,0.3968253968253968
2018-07-27,386.21450726195246,141.58310496426984,0.10072598651196744,0.05907433186658456,0.08923958521982212,0.08061926247106334,0.040269929783676,0.02524412474086117,7.774394829002038,8.53823946494801,0.380052018925815,0.26186216499046655,0.09564406109359742,100,252,0.3968253968253968
2018-08-29,323.7681483468399,119.55711113985969,0.09843726707514533,0.05899259976066433,0.08973871571510281,0.07997603311023344,0.040388772032818966,0.02381652138739336,0.6172419063173649,-1.8239274357680832,0.44551879422726165,0.26448727399788685,0.10543614552740298,100,252,0.3968253968253968
2018-10-01,387.2903355250916,142.6804790949276,0.10521447414393081,0.06358405747094795,0.1141735112226096,0.11719237761665033,0.06546539323328533,0.061254037696942154,-5.158529150357918,-5.177966789461303,0.3870985517079451,0.2586037623360924,0.09531099425998645,100,252,0.3968253968253968
2018-11-01,402.8706924780731,169.2711570287637,0.11053698936865149,0.07125816494505821,0.11848475643211369,0.11044252526420777,0.06830330199216328,0.0529284533739045,3.3592931471019583,3.1777129067316423,0.439884445506558,0.3645886422423146,0.08147528916974214,100,252,0.3968253968253968
2018-12-04,410.82309835052314,168.37769263935067,0.11156881038030832,0.07307898932002464,0.11031323805132802,0.11279463906309811,0.05675896824572205,0.052357871223769406,3.3470522533834326,3.4465289358315547,0.4072488318371534,0.27892210506814985,0.08277600484759534,100,252,0.3968253968253968
2019-01-03,428.7139832357463,181.62265986309026,0.12009275923401667,0.08138632295251196,0.09723382759955829,0.08494711782056487,0.04000629852206323,0.021011258510642686,1.5792509879622567,2.6068874132307847,0.4214556436044318,0.2918803956533826,0.07745938982842208,100,252,0.3968253968253968
2019-02-01,447.0935360603537,180.63532234971117,0.11353308919558412,0.0784920452303713,0.1345561346650233,0.1260175842201326,0.07466759297428388,0.060152074994065,0.7582755250565116,0.8789594045791995,0.36218246982460145,0.2340111386641443,0.07976742472644589,100,252,0.3968253968253968
2019-03-06,441.26437420333474,168.48709208162913,0.11030393863123124,0.0743542834025049,0.07995830338676205,0.07903665488886026,0.019187983468287935,0.012198144212057324,4.5273762775947715,4.082354811207332,0.48372059749763185,0.31806960321669875,0.08471501937902545,100,252,0.3968253968253968
2019-04-08,446.0390854144127,161.18867584899016,0.11106573579448958,0.07610108320972067,0.09884598220332082,0.0835660039940827,0.039568232829393125,0.01745548319727387,-4.605520486895829,-4.908354402083302,0.35842173264835214,0.2467957648021067,0.08855571632985026,100,252,0.3968253968253968
2019-05-13,414.7486027239017,154.54641577264024,0.11002141801942253,0.0743764028282894,0.10278763530594472,0.09338480299367029,0.04209432929175197,0.02619145124280385,7.836324498521941,6.933121887098002,0.44062300148094863,0.26009326573198055,0.09003338098900211,100,252,0.3968253968253968
2019-06-12,406.27991453623184,166.929405076109,0.11367548192786839,0.07631562098829626,0.09372986622449792,0.08529729806307942,0.03249174492388354,0.017626026301208367,-4.638940258433648,-5.7118409504640155,0.4386936441090879,0.2789889252337566,0.08407346830898033,100,252,0.3968253968253968
2019-07-11,433.31435620417966,167.78808067786824,0.12992066418707424,0.0774659251579117,0.12673788042747863,0.11397226077384759,0.06360225344813815,0.04404202033452853,2.474240907969004,1.1386363579346424,0.4264004162010143,0.24514197178643274,0.08536567942414064,100,252,0.3968253968253968
2019-08-09,439.08835928050723,162.35619201220476,0.12239326253700847,0.07663729292748664,0.10029258372532449,0.09052097142142668,0.035919804372325434,0.019515276216082622,-1.3599347326425093,-0.5547778618463444,0.5261145260990412,0.334273997391175,0.08844266976973249,100,252,0.3968253968253968
2019-09-13,442.8031852062783,175.81054447391554,0.13267683118427484,0.07772780864602155,0.25318427214958533,0.19062878482286952,0.18847218238295002,0.11922961575657093,4.388069907100963,4.662809085850868,0.4624647609432222,0.26847185703264326,0.08140693040507964,100,252,0.3968253968253968
2019-10-16,479.3535192046768,162.78128231005343,0.13299958786881372,0.08057355351133084,0.11229112450987917,0.10976479593241169,0.04588211167893978,0.03542073141671513,0.2057314379108866,-0.5302048535849442,0.6631998291669178,0.42322328137570514,0.0923161760826857,100,252,0.3968253968253968
2019-11-18,445.9823942656985,135.42232734038848,0.1344922724208766,0.0753431051315638,0.10625475490611598,0.08257983662854887,0.042986405013787254,0.010395353651096811,1.2014969176583505,1.3762320654840696,0.5299875255596643,0.36297049170275986,0.10540618836498175,100,252,0.3968253968253968
2019-12-17,482.8745725445462,140.8714344705631,0.11495772249582015,0.07083419634430704,0.07689959939473157,0.0735631648534296,0.014831918621036742,0.0034828845654001905,2.8463075572144785,4.2360848972514145,0.5158562051932987,0.2839243928693304,0.10351743406361119,100,252,0.3968253968253968
2020-01-16,491.9067227786226,132.074886021611,0.13305658206940993,0.06967201199052214,0.11554923890310234,0.09327472202720596,0.05990637293060634,0.027089550038571455,3.994230577315334,4.094719627189157,0.5409276169645385,0.29395043310290897,0.10891002580020204,100,252,0.3968253968253968
2020-02-14,501.2349734057856,136.12060343843243,0.13740339584869224,0.07077826515778803,0.29622082424354806,0.28265611132413776,0.23932039081671116,0.21517749744686077,-4.553715637587006,-5.830360767661203,0.48299681442574127,0.25398332840087323,0.1062838151111976,100,252,0.3968253968253968
2020-03-18,657.0059695976215,164.16575261858898,0.17883159069638585,0.08980638151316259,0.4444949020110041,0.44866718435255604,0.3771361159864916,0.36836270479043126,0.7512356734097698,0.7493045946180431,1.0729480034771033,0.6395087358873139,0.10988021747305109,100,252,0.3968253968253968
2020-04-22,970.4195418345352,204.63765840571662,0.2965622657076407,0.14068740040245928,0.24985300540580316,0.16823404604237174,0.16757173500656652,0.06270472347993154,0.6408876504871428,-1.132444555758667,1.1952279352783077,0.8347584850216984,0.10920989352226255,100,252,0.3968253968253968
2020-05-22,827.2360735998226,216.59364159434648,0.2434947925040519,0.13667397104401066,0.22535743500035108,0.19881582639455672,0.13612436740794354,0.09081480786824653,3.5306294633511306,3.9664974970009688,0.7450880855176915,0.31987619129647116,0.09881522054542388,100,252,0.3968253968253968
2020-06-23,948.2068081122738,224.91044658677203,0.251195764693455,0.13351092560621916,0.12883245867522256,0.11925407826184632,0.03251814971105958,0.005479190562141981,1.9822725885530732,3.1579785890512793,0.6438066883530004,0.3909388541670412,0.09661166716095393,100,252,0.3968253968253968
2020-07-22,814.2467765235626,213.11336112303533,0.2542991610229345,0.13507587160318912,0.11691960529899166,0.11585452186000283,0.020906146745258855,0.001548681228248236,1.7838556461599293,5.210951913789065,0.44374092239624,0.2334773373384349,0.0974596073553559,100,252,0.3968253968253968
2020-08-20,789.9541401192229,202.29626701051583,0.25195081554169024,0.1387891057278155,0.2563201320370541,0.22425080649798984,0.16073285225974268,0.10901621995673709,0.05608331512442022,1.1909331210094698,0.49139439030157483,0.25230183933793043,0.10124254671987255,100,252,0.3968253968253968
2020-09-18,774.188859308616,202.7071481635041,0.2442306040291811,0.13955396012905183,0.23563031560384212,0.1920766780635186,0.13086216496790792,0.07001201797872403,-2.4965691145996316,-2.6206954174515125,0.6445347132556036,0.3745467595326015,0.10065121264572742,100,252,0.3968253968253968
2020-10-20,797.5931673461448,208.5221760417352,0.22632589490897045,0.135575991341777,0.14992252483739918,0.11901772649120512,0.03987231597739238,0.005565976065434866,4.634711834930727,6.383178808745396,0.8477164428763249,0.47272460438865077,0.09974730660168452,100,252,0.3968253968253968
2020-11-18,727.3761166180287,203.17506139596688,0.2408798117938329,0.13688920895554335,0.1474780670190306,0.12839319196411406,0.03817187346992884,0.004186635911255371,1.5684980668156596,2.5411676882607264,0.6028925773702967,0.27740258411094826,0.10092764359683448,100,252,0.3968253968253968
2020-12-18,658.2214994149593,196.6428284390892,0.23462126948554043,0.13441697472310668,0.14127246867833862,0.11567875740562941,0.030045799787732322,0.010040799336193257,-3.0711098536862855,-2.3427305575502544,0.4259874947106822,0.23032258069125755,0.10083281465829272,100,252,0.3968253968253968
2021-01-19,605.7593856324677,204.25469357265936,0.22973452358554033,0.13842253612664907,0.1630871736166377,0.1358995702942216,0.05088622233098146,0.009837952304938724,2.7002113947724897,4.049353910113503,0.5303751928883819,0.23988533706674373,0.09453520144549098,100,252,0.3968253968253968
2021-02-18,619.87786649115,202.76565305428892,0.24953167219848701,0.1407962741318745,0.2552308395038061,0.21481133674719152,0.14232936024444756,0.08694271490575625,3.3040968791151633,2.9919493473336725,0.5701217205277685,0.2655163079890835,0.09505859701209789,100,252,0.3968253968253968
2021-03-22,599.5572454045973,158.43024560209,0.2523344562573043,0.13070576307407658,0.20883969945394307,0.19147819066379973,0.09832071640686953,0.0645982768668755,-2.7097808256857006,-1.566461593543291,1.2205132610009197,0.6319821540663673,0.1148375689003195,100,252,0.3968253968253968
2021-04-26,537.7520185478357,164.8648612638253,0.17715171788543144,0.10420612792852975,0.09802573037547231,0.09559479530343486,0.013767359653470687,0.000613790080335852,0.04307689101815466,4.116045963537792,1.1625528297969485,0.8539076545722173,0.09067472700204014,100,252,0.3968253968253968
2021-05-26,437.83615887842456,130.72069161206528,0.1686682399661436,0.0962643699319419,0.1038382071446152,0.09380515045570374,0.022245678409146846,0.0008632127726739824,9.203101556091127,8.989901885041487,0.3895794729858825,0.2700338940020302,0.10451417192068398,100,252,0.3968253968253968
2021-06-24,410.96226100651427,118.58712209115008,0.16625375687377844,0.09244976869628024,0.10125301238330435,0.08499802652467603,0.023089704105059117,0.004675887831426362,3.8735175205301253,4.340072779608955,0.491358264513142,0.3163269022050149,0.11113975053148599,100,252,0.3968253968253968
2021-07-26,410.19321151980773,114.18789455238675,0.16308285123882216,0.0916043676289988,0.15492807665188468,0.12226856565692525,0.07836971918352978,0.03396240266116518,1.942445983329567,1.863450629578121,0.46683570415242687,0.2318341714046203,0.11556174620721893,100,252,0.3968253968253968
2021-08-25,449.4630781890262,130.95252939261576,0.16901221320194243,0.09442640411534733,0.1038860174557738,0.08455381418494225,0.02739131765434559,0.003068430278156939,5.463252872478341,8.191257748055921,0.6533014362498355,0.3500497430152168,0.10514560929417184,100,252,0.3968253968253968
2021-09-24,388.4707678789888,118.4505807078535,0.1608005363153408,0.08704295744108928,0.15737805396878632,0.1335531526085082,0.08400814066243849,0.0493882084209749,-1.835332798354336,-1.4213896711036678,0.5315680365795784,0.28408173662196917,0.10979845523501747,100,252,0.3968253968253968
2021-10-26,372.6001221218332,101.54818162156086,0.13543459697692115,0.07516823579741493,0.09436070541935515,0.10061904924990323,0.021173801706320786,0.017782666334163866,-1.2260890414488161,-0.5204062958509548,0.5999955718038777,0.3702084472862087,0.12320558608345854,100,252,0.3968253968253968
2021-11-26,412.7871514867639,118.37731733597262,0.14675448966384982,0.07858062049512485,0.12218498131955328,0.1110843773487342,0.05065742787155217,0.029763254294764535,-2.2508710115442785,-2.3090357562681203,0.4588322398789514,0.29090775354901177,0.11100163157434209,100,252,0.3968253968253968
2021-12-27,493.20345324119717,149.4611514458791,0.1758224807742014,0.09395285638279405,0.12076299139544931,0.11599316817792397,0.052612691842726586,0.0365765747840089,-1.311715785651563,-1.9572281782800443,0.6811572014392373,0.3395348069731543,0.09542939058438218,100,252,0.3968253968253968
2022-01-25,448.3866337267198,138.771014644575,0.16483665740953918,0.0913630968813,0.14963212793931002,0.12363640246762969,0.08019614049205623,0.04364326920859027,-1.2220884748065082,-1.3247692401530624,0.51903531379789,0.3379422247388883,0.09871938342281157,100,252,0.3968253968253968
2022-02-24,519.667375350493,168.53346896250343,0.14870391397329938,0.09259099738070961,0.19272391491005036,0.1874888076546841,0.12079038475966582,0.1073939085562164,-1.5579256557225474,-1.4153047583934715,0.6330627738003737,0.36510910978096217,0.08688281651386348,100,252,0.3968253968253968
2022-03-29,562.649335896009,195.81286335567873,0.19527484128161313,0.10947322756665948,0.1330268386058864,0.11440471818778734,0.05751602958423152,0.02979105617472129,4.4873897206508175,5.079410542676822,0.8173924544273445,0.4925811565224069,0.08071568673692919,100,252,0.3968253968253968
2022-04-29,560.2833912370269,174.19971877694252,0.1631858036286684,0.1000425241195329,0.14752518629784608,0.1346140846647978,0.07396995800033646,0.05273176814660015,0.7390342712089475,-0.8117658359440524,0.7050980128413258,0.4522638452730901,0.08831089442037851,100,252,0.3968253968253968
2022-05-31,666.7488956654313,225.97591303448453,0.18240123985738252,0.11075078132569097,0.13196416996712582,0.1193276413594066,0.057561770713078164,0.036877922065272975,-6.092482743942762,-4.943601828904519,0.6426249535872609,0.3786113011044402,0.07302756762605592,100,252,0.3968253968253968
2022-06-29,649.3766455751083,249.69420057132996,0.19106518773811976,0.12720308951883916,0.11461658141270911,0.1055480278128739,0.042245869965402416,0.024445622545964385,11.248005740106969,11.395396326747738,0.8378089296038084,0.44861828550362925,0.06567037178935563,100,252,0.3968253968253968
2022-07-28,619.8342400772162,249.98843879515493,0.1819641665202517,0.12457167685163618,0.11399743291246967,0.11035850121630643,0.038387414393010966,0.02706795558747087,3.9058828498446374,4.138002653980752,0.4733111404651542,0.321783757909086,0.06443402681674511,100,252,0.3968253968253968
2022-08-30,697.2305088460213,250.30887428408312,0.21945757822197282,0.13493964950148002,0.18939466449114215,0.16178270651585602,0.11413850037751017,0.07734696756797647,-0.18701683194024182,-0.003500406886516593,0.5642921357311657,0.33115766251237017,0.06780979365445715,100,252,0.3968253968253968
2022-09-29,611.9485208651291,251.63825320323718,0.19172767958388245,0.12801511353907075,0.09892931347104163,0.09125900219761142,0.020061468551448164,0.0051126266475718385,4.950464080578741,5.977515646517949,0.7758516451965589,0.4898661179447617,0.06395897532052885,100,252,0.3968253968253968
2022-11-01,696.6656946477112,270.9982859368514,0.20505010546491165,0.13188000616333967,0.15544316507725425,0.11968030347476237,0.07672618018161494,0.033601876150990195,3.0383914921857125,4.076479222410081,0.46580621702933933,0.27884196294889735,0.06295351816966405,100,252,0.3968253968253968
2022-12-01,542.3790990327351,224.87745231866583,0.18444166129767642,0.12470666828415738,0.09617068811272152,0.08816824863411063,0.01615379207473555,0.0010039543447462745,3.259705219793917,2.1579471177334657,0.6449901071806523,0.37499191545612415,0.06924453426510215,100,252,0.3968253968253968
2022-12-30,578.0219034337944,233.0424150645908,0.17846442814563077,0.12075238194335478,0.07744727373128661,0.0725048877526021,0.0012376616002676144,0.013314263940621907,2.351547307451324,2.2128951299817903,0.47537720255681626,0.3119637550381048,0.06922210752201292,100,252,0.3968253968253968
2023-01-31,632.0096278111853,230.67864588642286,0.2010426140727205,0.11874388660022489,0.16587801400768082,0.1164231550669713,0.09128907455778823,0.03362338731319536,2.038518880455923,2.896581227222148,0.4963610762112617,0.2840033862351432,0.07285663326242978,100,252,0.3968253968253968
2023-03-01,552.3398559482282,200.99408770851025,0.1596121629103338,0.1039697495210343,0.09315578127648527,0.08266431809744322,0.017884556569117915,0.0005485114399795543,-0.4706426009957679,-0.7887102589490811,0.7782854668947313,0.44024903922561454,0.07958184950570173,100,252,0.3968253968253968
2023-04-03,563.6076588411985,192.80116427288186,0.18138731377397116,0.09385844883125034,0.10343176658120225,0.07992459892784932,0.03714700147635806,0.006034528243575227,7.981728278189056,8.016267326696875,0.8593657877594326,0.5461479229822322,0.07984859210610648,100,252,0.3968253968253968
2023-05-08,524.5106979379104,178.30762111847625,0.1415207147823105,0.08369857566159107,0.08403324645786174,0.07637213116915632,0.018190348424114988,0.004239126625019282,3.9424431459660987,5.203756529276246,0.5151068944186811,0.3147035411836979,0.08460244766640286,100,252,0.3968253968253968
2023-06-06,448.52295950934683,130.4837998181289,0.11548574715996336,0.06618283734716572,0.10125088097052867,0.09246332562224378,0.038802757711137816,0.02446073978493528,5.459511300007942,7.356983809911872,0.5982097014091957,0.41537230221385685,0.10648496343537621,100,252,0.3968253968253968
2023-07-06,377.61244536034013,103.33280766193198,0.12820465208141577,0.06371605220068566,0.11196111069130252,0.09082122076862266,0.05423285768477728,0.025953737362931065,0.41236028205864617,2.0108389796818327,0.7543506811388275,0.40630525893602004,0.12342723381971811,100,252,0.3968253968253968
2023-08-04,362.3334492726515,98.443074219313,0.11828107314689663,0.06323446084510878,0.05676892012948188,0.05041272806797069,0.00021050369986273798,0.01345162197382116,-0.449430751929413,2.946654285014657,0.5619124935096451,0.30960307625808564,0.12707174324728865,100,252,0.3968253968253968
2023-09-05,379.10591858783965,95.51958723164934,0.11583444675661488,0.06095183010014464,0.07768382596691406,0.07792985931346115,0.02347016834454653,0.01601314010229224,-0.8949808389076663,0.31343179111773944,0.37908047000167877,0.20120653140046754,0.13139395231068596,100,252,0.3968253968253968
2023-10-06,414.2992734753765,96.0952245344845,0.10946785533738529,0.05762802356963211,0.14696159186575466,0.12646622943524125,0.09869906894176378,0.06941445301223989,0.9238969726260521,0.5998601390797003,0.49309087724866607,0.3013027220327734,0.13338637694389613,100,252,0.3968253968253968
2023-11-07,507.1091152569012,117.54478369005098,0.09018128135526321,0.05478495211879405,0.07707092615744494,0.060947769082166973,0.023079849721005283,0.001120923746241495,11.573067701471397,13.688427609585416,0.6751736422177403,0.33354526649936433,0.11932325450794357,100,252,0.3968253968253968
2023-12-08,454.45238620057495,119.21699677563824,0.0955831560600517,0.055539248101452436,0.07576040692512705,0.07886799591617963,0.022775087489230975,0.019913815450687933,1.9292889336633905,3.0956290189369278,0.49689589810462226,0.2324851624128408,0.11591319215902823,100,252,0.3968253968253968
2024-01-09,384.0415553388545,59.97086476062279,0.107472757310394,0.047939179309758786,0.19956018493653402,0.15582159089677322,0.1467911827079984,0.09370580616429611,0.7715009305385165,0.18148913062815739,0.41723022881847827,0.2216891963921512,0.20086704440689596,100,252,0.3968253968253968
2024-02-09,377.2072437988311,54.472915419897625,0.099373223493551,0.046322501140950274,0.10705360502013615,0.08610132723172746,0.045583784607264956,0.017486555411211746,0.37440791146672564,1.9107282036817184,0.836789347411523,0.32228824564723313,0.21058162968802438,100,252,0.3968253968253968
2024-03-12,393.69915392022347,65.5074138715217,0.09270787320209857,0.04711100415759002,0.10342843880799005,0.10999058242947501,0.040868689039349815,0.04119888981152668,1.6306418839648376,1.8232719682453336,0.4204776714733732,0.18386030012825239,0.18825721759212763,100,252,0.3968253968253968
2024-04-15,437.5613574593339,80.66409870231318,0.1163669326501137,0.052757790756091404,0.10315499973196389,0.08116611353270278,0.041403057374997325,0.011284297894956163,7.8814765352562866,7.7372323053455245,0.6136686299877161,0.2850237299312189,0.16831219965499586,100,252,0.3968253968253968
2024-05-16,431.6371544948338,90.85838573203182,0.11490934852946513,0.05491173921094911,0.16761545506034234,0.1694793084306503,0.1046463169252305,0.0988658025221463,6.065261829062581,6.974470482183002,0.5277682282500715,0.21949533923301534,0.153495044529841,100,252,0.3968253968253968
2024-06-18,640.2726536717772,124.3398454301072,0.13902411314647864,0.06289073925767208,0.15711112094339638,0.12436112606987204,0.08926921610791322,0.04747124866764674,3.814993459342182,3.3373427168309844,0.571407893796883,0.3286744809399744,0.14349353790999725,100,252,0.3968253968253968
2024-07-18,577.1572029271266,117.85204919108367,0.12048220414920217,0.058641101343721025,0.13029235835223718,0.14090200310512888,0.05819675753501251,0.06167471036753079,5.311383422059544,4.12116215900353,0.6135730141999581,0.27343658828851997,0.14643266522982346,100,252,0.3968253968253968
2024-08-19,631.8110189232412,144.5839195980658,0.15134567072562735,0.0699465986735833,0.060239171305652706,0.05763976815089308,0.012883901533164877,0.02401313820052616,11.224889007635682,12.543060076401332,0.5561692552169701,0.31386185568522557,0.1257172983785114,100,252,0.3968253968253968
2024-09-17,667.065798688788,154.11137367781365,0.17747354706794333,0.0752132653064404,0.1569134543381919,0.13973923186954418,0.08597970247784816,0.058924922998303736,0.22633520862902617,-0.16720641370053946,0.4075899353650412,0.1729239401781377,0.12156277991752419,100,252,0.3968253968253968
2024-10-17,649.2785592504092,152.627262137371,0.17476945354579104,0.07252734096236366,0.10793558943042758,0.09354548884829232,0.03132517736583326,0.00879359387617909,-12.215328458741626,-11.22693892414034,0.4715786106192174,0.24561112017357387,0.12217196051355858,100,252,0.3968253968253968
2024-11-18,593.5455675137937,163.31324107065666,0.1666995116809684,0.07831547094833823,0.12666191489080342,0.10860142369519442,0.05102414518103264,0.024681240837418725,2.485042450941862,2.3755376523896725,0.674829670725854,0.3359367150013906,0.11243364662149846,100,252,0.3968253968253968
2024-12-18,587.7378631936933,167.41662220463877,0.16630281517967516,0.0830814121470301,0.1403916675310459,0.11911709711439501,0.06655060313515582,0.036371111284565716,0.14332972559469362,-1.2677835306697594,0.6159242128388555,0.3180372367802277,0.10981747129066179,100,252,0.3968253968253968
2025-01-17,629.4038803650332,220.73940127407297,0.18082077009301825,0.09813640755828902,0.14838449435996462,0.15145912801162745,0.0750228914320646,0.06980419636931678,-4.124741699751547,-3.3275296820082287,0.6794462054349036,0.39386680440166305,0.08375225613964672,100,252,0.3968253968253968
2025-02-14,816.0005345673892,270.7698002741588,0.23046341177962465,0.10910688988396848,0.13044799428375872,0.1303672096339485,0.05528884198267224,0.04643650954632257,-4.013735206837304,-4.604337296270468,0.6875932749333628,0.4367654247898345,0.07467510891936531,100,252,0.3968253968253968
2025-03-19,913.0669321599446,290.97858490660957,0.2648672073898994,0.12362686123329125,0.1995784390133155,0.17351662677679155,0.1236048800764582,0.08773561539896144,5.424685119509042,6.550082496839999,0.6438761644430692,0.42810794013662523,0.07232409942997489,100,252,0.3968253968253968
2025-04-23,818.6998335867995,289.5853470300294,0.27165521766627065,0.13415086144503469,0.12172652619260112,0.10441325979323317,0.04150371360912479,0.014552616969372559,-1.8316464487236193,-0.26833098299101427,0.9903322609603966,0.5776355883432411,0.0698613320664499,100,252,0.3968253968253968
2025-05-23,837.2902203687382,313.19340368584477,0.2524823565834181,0.13967838808323738,0.09769995043553391,0.08311797276607921,0.018245501429899516,0.00552299579629803,3.165341270119754,3.3552728427440135,0.6422449261962048,0.4061174638275083,0.06519727080577414,100,252,0.3968253968253968
2025-06-23,719.9698970230337,314.48286737289084,0.2058061906101488,0.12982692338888355,0.12034928340624743,0.10417356789534774,0.04317023602146246,0.021084949953934895,4.063720049356864,4.378406201229904,0.5760779710322155,0.42678264213161676,0.05418869524766459,100,252,0.3968253968253968
2025-07-22,745.5459313587357,325.37917816380235,0.18108524160412032,0.12246454767910092,0.1132013778493684,0.1046345720579058,0.03667015512583724,0.02299950539911308,2.687149876522632,2.5771867779259425,0.704133667159777,0.49375516499429073,0.053363805499448046,100,252,0.3968253968253968
2025-08-21,691.5435925016717,298.8522469775344,0.16409520330535587,0.11114371191647793,0.10813426370871206,0.10277884384757986,0.03253523857114768,0.022594343838074987,-3.6395334750551984,-3.837951794146622,0.5440547291371535,0.39022035875852934,0.056928876264172076,100,252,0.3968253968253968
2025-09-22,697.5991469996451,302.438529133432,0.17415644636065034,0.11555821117996096,0.0945071889041236,0.08834001555274185,0.01852962581915596,0.007557127646292808,0.7075996788491582,0.551360986128214,0.6024395975981743,0.37774765475514643,0.056479327297181255,100,252,0.3968253968253968
2025-10-23,679.2662610974706,294.97551036558656,0.18274424538930073,0.12021580041954728,0.14346360757206383,0.11920544048247607,0.06935678736131878,0.03987689613626756,0.6334996522115192,1.0189373627373186,0.5347824778066225,0.35587549493866955,0.057666941870206795,100,252,0.3968253968253968
2025-11-24,621.1844419459998,249.07519229891025,0.15979691435252716,0.1062850264848005,0.09820800315111043,0.09363995884670742,0.023527690425351813,0.01428809684311462,0.044415676678393655,-0.01168436848569028,0.6661478681509384,0.411800101617934,0.06702798855029007,100,252,0.3968253968253968
2017-01-19,252.608238842825,163.2999149728847,0.09106958749487004,0.0765054013006752,0.10451416244031786,0.09992376214584316,0.02115785583498997,0.01479850019088716,7.353792508370764,7.501262030278997,,,0.052801330219396946,100,504,0.1984126984126984
2017-02-20,248.81937450498313,162.8872526016962,0.08561602298548128,0.0735085640683166,0.09643848679326918,0.09001391078313424,0.012643684625153737,0.004740126256989677,0.4217651073101631,0.683634536447799,0.21207192989196727,0.1796476696135785,0.05233756684344407,100,504,0.1984126984126984
2017-03-23,253.38728308869494,165.2477199141877,0.08006012507579652,0.07067645502498503,0.08531831462038718,0.082517512926665,0.0019439777477504028,0.002073565662402077,5.144332932815558,5.315523387948547,0.22610833727908092,0.17884020501796966,0.05260987690983718,100,504,0.1984126984126984
2017-04-25,257.99614946993916,164.2733766927385,0.07901100144385295,0.06974197633003981,0.07775869865237686,0.07632098338539652,0.0052126667895242285,0.007836890353664722,-2.238131695194681,-2.215603723545868,0.17792335130741466,0.1448968101823278,0.054585540288093516,100,504,0.1984126984126984
2017-05-25,260.1637401884918,161.86897916399516,0.08296581653569089,0.07147896386865818,0.0870132905092753,0.08412971931032649,0.00787446602983198,0.0034265777964770233,2.756531649413377,2.7334893508268117,0.26246350659534945,0.21815303292855034,0.05686292218938355,100,504,0.1984126984126984
2017-06-23,238.11674628526052,150.43288078143948,0.0817623523714479,0.06964592160856128,0.07410932444891631,0.07076872708891702,0.0037474943361425345,0.008700512469832777,3.5009211144419643,3.3022785178750067,0.21518065795484437,0.17986271345298768,0.0587915462738154,100,504,0.1984126984126984
2017-07-25,223.54651363485172,143.2271603669356,0.08103722930656562,0.06932362711205793,0.08675345055527597,0.0838155519605412,0.01151431643276686,0.006783235282570049,-1.4220124841858932,-1.5626431951553177,0.19622557222693482,0.1637173926156121,0.05989415596442238,100,504,0.1984126984126984
2017-08-24,227.29652918274726,148.18516075967122,0.08115559231678661,0.06970132042482034,0.08363805124879825,0.08183739054494864,0.008751428609524742,0.005224529738340811,-2.04418742330166,-1.603988279533072,0.21281334502239047,0.17233717168869836,0.057545407701016266,100,504,0.1984126984126984
2017-09-25,191.63235022059442,130.5425823382249,0.07401720187596834,0.06459015989027352,0.07757473364503945,0.07713192229159799,0.005571020229521953,0.003821098498940176,7.1322809523776645,7.091259423909423,0.3026731647115408,0.2664434858291789,0.05284724770617303,100,504,0.1984126984126984
2017-10-26,185.0900083820013,123.55547005115322,0.07315188519390288,0.06352040112934991,0.05694461929486856,0.05622798031264067,0.01264119418150507,0.014911632072991891,5.10269840997977,4.844922779547008,0.29835671626385374,0.25209536605518174,0.05681474839675415,100,504,0.1984126984126984
2017-11-24,186.10560253952474,125.29138903139821,0.07686277625043736,0.06570888905801017,0.06406234720122053,0.06298013921001333,0.00454694446338004,0.007384796340268188,-0.4842654413415087,-0.2565921971345195,0.1903771739869183,0.15351979642235042,0.05569582149117022,100,504,0.1984126984126984
2017-12-26,183.871665190543,123.33994515743898,0.0752696402579495,0.0643478546443766,0.07979073302858809,0.07506099920187342,0.011738294457191642,0.005276757985419503,2.767617515725842,3.268771582859915,0.1522804989752202,0.13014795077537814,0.05667857977069799,100,504,0.1984126984126984
2018-01-24,179.55982548129307,119.23245233010262,0.07557244761132305,0.06415645559542647,0.08867739186027147,0.08954752497907321,0.021675426455740623,0.02065655423494729,-5.505051589234839,-5.58165497159256,0.1685864723089858,0.13457647387115887,0.05859330601230301,100,504,0.1984126984126984
2018-02-26,172.91897262882284,113.1278451665486,0.0764560904412824,0.06367337336359434,0.06029053158297634,0.05777088832081787,0.007239743805794688,0.011654273900995722,-6.062491772035383,-5.92961263901309,0.17059298397940212,0.15273966980879072,0.06181814834222649,100,504,0.1984126984126984
2018-03-28,165.9176850830101,106.7976734530067,0.07336129867421134,0.06079581255039414,0.09093125191375231,0.08645500412213059,0.02473864696013861,0.01851802869851321,6.5477897475682685,6.776785711328205,0.19948974187804125,0.1666624632733885,0.06387750119255996,100,504,0.1984126984126984
2018-04-30,170.34694808975158,108.71756748547631,0.06929951141271827,0.05790861130620031,0.08616887096953696,0.08195757450924372,0.02046519326495519,0.014726267198474724,1.179572536871738,0.5627427508903926,0.21956146477365376,0.18261058219294302,0.06389869414297984,100,504,0.1984126984126984
2018-05-30,169.89316844805475,110.73921290233193,0.06827818932162952,0.05707015059340915,0.07123472711820389,0.06960318500201933,0.005834316890489313,0.0027364155554395336,1.7750087601446807,1.3712654467332877,0.2111101359520904,0.17162301117577933,0.06161006251077299,100,504,0.1984126984126984
2018-06-28,177.97896757288038,118.74945248952064,0.06774624906391657,0.05784271856105333,0.08917984509009289,0.08550225297319011,0.024805085852612138,0.01965231583705984,-2.9775759267806983,-2.932303234661109,0.18027925017608623,0.14962066808443703,0.05733770986476456,100,504,0.1984126984126984
2018-07-27,175.19597505563019,119.75661901367042,0.0673827934161203,0.057895555636001315,0.09066534742512136,0.08871423627326087,0.025784837645442732,0.02242412397111951,6.077938375370235,6.387456768536389,0.18838667318353494,0.15367666516710554,0.05535912864542999,100,504,0.1984126984126984
2018-08-29,172.39078848631226,116.93618925221926,0.06815215053546952,0.05775235810829985,0.09118194435765085,0.08964091481395889,0.026029898226746825,0.023029680988704587,-2.8390932081737317,-3.3099230166992895,0.20209785845674488,0.1725132361819074,0.056811173526671824,100,504,0.1984126984126984
2018-10-01,193.52753338952436,130.3642219785431,0.07074214055646647,0.05984429169682707,0.12285720292370807,0.12359810347002417,0.057830764513869856,0.05697914981337701,-4.333873961338944,-4.581722981781356,0.19089919199065952,0.16509830077039606,0.053570072086568235,100,504,0.1984126984126984
2018-11-01,198.32287784767882,133.6445409338706,0.07628214126412361,0.06344418014628195,0.10057577530442549,0.09872029457247293,0.03548988601552057,0.031657311483297576,4.274946159346331,4.100834740516473,0.28708883726072787,0.2550286514025828,0.0530959971414807,100,504,0.1984126984126984
2018-12-04,193.80666228261305,124.86359156580619,0.07971726568516285,0.06335924993648924,0.13201531126528476,0.12928976238991777,0.06899522647976641,0.063937986548033,2.3409825605095245,2.4374937135858543,0.28219546685147306,0.23456245706937282,0.05817087051425703,100,504,0.1984126984126984
2019-01-03,202.65891098286264,131.38476592451846,0.07742090431481373,0.06300702816188433,0.07647097283327946,0.07103904541182236,0.011104938263091543,0.0036936344129878673,1.9828166487090462,2.4420035683840196,0.20422379372724056,0.17201197263725168,0.05580883214034388,100,504,0.1984126984126984
2019-02-01,197.51026265990586,128.1620207279976,0.07399391818470127,0.06136714439967329,0.1171784049658826,0.11221636336686737,0.05184185239941842,0.04498851075448489,-1.1742438815389449,-1.1628735088369293,0.13509655893649217,0.10883212576547815,0.05664793044668426,100,504,0.1984126984126984
2019-03-06,207.6288985259691,133.8434037838866,0.07135171111915782,0.05997689129874355,0.07866206345866696,0.07819054452104814,0.012712481381738985,0.010436551738199698,4.332093712031818,4.246870460126417,0.25280519864522877,0.20838668503104818,0.05574495649330517,100,504,0.1984126984126984
2019-04-08,203.3337301107317,132.56421769257372,0.07337043636110621,0.061574212017051,0.07091179179674588,0.0686085275528207,0.00486593362961496,0.0006534197126368407,-4.650661819779518,-4.710479791533028,0.1506248319984179,0.12316729530847008,0.05522161738022502,100,504,0.1984126984126984
2019-05-13,199.63454973180004,132.32847157461012,0.07584147420544712,0.06311683396810952,0.09943329949489632,0.09690471102693493,0.03431064926123721,0.02975201965435098,7.782627934952278,7.4324956840115295,0.15932714199677864,0.12895603826074373,0.05428771436725753,100,504,0.1984126984126984
2019-06-12,207.35832098670585,138.9055116672801,0.07741715090733187,0.06430626468464332,0.09212923367478268,0.08841638344465962,0.026100503615085827,0.020358028869422118,-7.624670961430399,-7.665204400390534,0.21110952243017184,0.17554046585907138,0.05254578287049893,100,504,0.1984126984126984
2019-07-11,214.09397422872254,143.75309359266944,0.07637104535146917,0.06392392076326729,0.10817432237561292,0.10518535905429714,0.04089352128514291,0.03603454826535245,0.04077394312851684,-0.28964975390105924,0.1959468143880892,0.1599242477629954,0.051121256984261315,100,504,0.1984126984126984
2019-08-09,217.54388785244214,146.54462029105753,0.07562454394943424,0.06442420764029236,0.09613161276607131,0.09528907282218498,0.02791150255363356,0.025232802426380818,-0.41106764508804433,-0.08790199429982548,0.2043370496498394,0.16764464600826298,0.05019308927182268,100,504,0.1984126984126984
2019-09-13,227.84832695544156,151.99157988448172,0.07714744135780936,0.06568490263408709,0.19718053095666155,0.18670429730531832,0.12921026986562972,0.1167862128110945,5.730226025205845,5.593070773190785,0.18412014068926263,0.15933057340095877,0.04947732495923849,100,504,0.1984126984126984
2019-10-16,238.02326298658195,154.28911825724032,0.08286469969691916,0.06930959702904523,0.1122300437291698,0.10721663446369713,0.04091967441992454,0.033741986720981484,-2.2860416939035533,-2.0420757746372318,0.347843496181611,0.2967869109554145,0.0517254876384467,100,504,0.1984126984126984
2019-11-18,230.73463034450327,151.2172075787997,0.07920545420337098,0.06693426151482533,0.07911043926920994,0.07734190497006847,0.006685057144333664,0.0029560654630392535,-2.661443064412211,-2.077368918293888,0.19009107349167026,0.15613718324028233,0.05119797465010942,100,504,0.1984126984126984
2019-12-17,238.97785793531787,154.44310990310953,0.08120722736539181,0.06806513525024784,0.07231673102190057,0.0697584392368671,0.0001199321608733317,0.004512952306710047,6.239332641730269,6.237236953236145,0.14759613673997823,0.12096953208812214,0.05133745092687323,100,504,0.1984126984126984
2020-01-16,239.05586917533236,154.6511256533509,0.0820467882870573,0.06893390515748374,0.09282502259695516,0.08982204006867872,0.020542915718728363,0.01539559487429372,4.640876946300371,4.45525144845753,0.1307409120362074,0.108664159422506,0.05101021628482241,100,504,0.1984126984126984
2020-02-14,254.13444311832134,160.44242330261946,0.08199192837956511,0.06869508096598517,0.2610339957616252,0.26111917174900723,0.18791421008692116,0.18587001877270193,-5.732375630945812,-5.908039759679885,0.20238436498779575,0.1615789694001528,0.05127435951654275,100,504,0.1984126984126984
2020-03-18,290.0962145758275,174.69602579700992,0.09534929309991676,0.07767016763010583,0.4622685065994739,0.47546275943842736,0.38017018236177047,0.39090733148410095,-0.06568745803320925,0.0971719362497605,0.46817758876214377,0.39494754485401384,0.05549606325975266,100,504,0.1984126984126984
2020-04-22,347.4709373584883,187.98199322327022,0.16553776188032632,0.12020745909891899,0.17405169094992723,0.14757948262476203,0.07608261476168754,0.04388495901788968,0.11984707569493167,-0.401066000920056,0.7730078602583629,0.6747178711022187,0.06489212640104251,100,504,0.1984126984126984
2020-05-22,323.38224084312145,185.89476651823054,0.15157986752301747,0.11588668099628333,0.16146901877247413,0.15787232480631233,0.06087558845177053,0.05233226294022368,3.9149048625798226,4.094595498297504,0.29215086821456343,0.1870147220175349,0.06142672207114239,100,504,0.1984126984126984
2020-06-23,340.58537782923906,196.0645182482935,0.15912671433192732,0.12114863027113391,0.11208920656449745,0.10933529276330035,0.011169889500751054,0.0030396528670319917,1.8465256931374663,2.441561875236487,0.32131573272249137,0.2581239574965426,0.058606515421889105,100,504,0.1984126984126984
2020-07-22,334.56223793004034,191.72631067241062,0.16105478126860887,0.12218692109506799,0.13445137413135574,0.12875347167499346,0.03333508243831239,0.022028519756258164,5.029328886996684,5.655915191510848,0.1922151009266556,0.15273221961907701,0.05937909716986493,100,504,0.1984126984126984
2020-08-20,330.85061524333923,186.92113693873097,0.16823649206025185,0.1245085632385652,0.22978641415543644,0.22138935882705174,0.1281382104085465,0.11372135078981263,1.4269745377945733,1.7125815902711412,0.25186730355276565,0.19560870825523985,0.060880271888456586,100,504,0.1984126984126984
2020-09-18,330.1439743035479,190.54981400347097,0.16847108483548623,0.12642499222708495,0.21136145560863906,0.19337314812374204,0.10511951240327536,0.08160302403096174,-3.269967002682553,-2.944349503206788,0.3520970354897175,0.2829300818966909,0.05875272760184686,100,504,0.1984126984126984
2020-10-20,316.1373853897303,185.87606485997804,0.14945074815764958,0.11904054847988498,0.1150080464736663,0.10773972660131231,0.004143713530620319,0.007492861844157747,5.404169348094871,6.0319680199910115,0.3601517719207068,0.25583519207824423,0.058778907823246865,100,504,0.1984126984126984
2020-11-18,315.84233439843223,178.2188727897042,0.1462388075037452,0.11565698931576898,0.12691554709523614,0.11991661539183543,0.01681641106339221,0.005453622619332049,3.218368397814601,3.4906743013021035,0.2571238521817219,0.20138657115546899,0.06310019650541895,100,504,0.1984126984126984
2020-12-18,313.44821826509934,178.13330043266154,0.14155738396419987,0.11300949527142545,0.11569979282373624,0.11519970861378358,0.006110301031927556,0.0013399897023278207,-1.7467070409591172,-1.2987057677032086,0.21967224021028164,0.1746384759102528,0.06238971395549273,100,504,0.1984126984126984
2021-01-19,326.5637529578358,184.56492330752982,0.1483574434486475,0.11730202752646653,0.11759722907733076,0.11366981148148216,0.009378383573887553,0.0007190961780515204,5.10822659947908,5.480778691884756,0.2024893062590049,0.15627198017672428,0.06107380490835649,100,504,0.1984126984126984
2021-02-18,333.4653612162346,186.70928507461193,0.15099898812625093,0.11862830620352852,0.20002357941608265,0.19008696028825678,0.09100191448409584,0.076131228217927,3.7102778332513533,3.370258432505953,0.1708179504389395,0.13169588092147672,0.06049840117653325,100,504,0.1984126984126984
2021-03-22,332.9717758243033,186.49801144545555,0.15245684935129358,0.12001209474491605,0.21641065516962366,0.20539522479766026,0.10551055566058652,0.08962160503408421,-0.6357122007408887,-0.48123996368842326,0.3570186866987245,0.2664725423265709,0.060407647123613184,100,504,0.1984126984126984
2021-04-26,341.95717087751774,197.04409301883348,0.14973737838768608,0.11906885285260467,0.11845551735430465,0.11486506467468033,0.0032468071223069467,0.00456374928429383,4.101511211997872,5.494475550720742,0.27867052741924775,0.2205785847614198,0.05661088777766575,100,504,0.1984126984126984
2021-05-26,358.86265271347355,200.46228850182226,0.15723404665257404,0.1233428980859615,0.10854235913625883,0.10143798943521463,0.006192926140101543,0.018057903410797466,7.168127553246792,7.481523840495449,0.21539833468451625,0.15995748074797153,0.05708187370199888,100,504,0.1984126984126984
2021-06-24,359.163264033106,194.86777861469946,0.1568374442699583,0.12115737630967388,0.12141914562568856,0.11336085095818808,0.006224911089309629,0.006650998523409016,6.51458756121455,6.778061605458971,0.15971232325030135,0.11791434570777037,0.059251499877291704,100,504,0.1984126984126984
2021-07-26,355.9019026171037,190.9138743886668,0.15237476781977116,0.11696472957182938,0.15111900783451265,0.1423099749514648,0.035168850323125,0.021801401453256403,-1.6622965976881883,-1.5212281657393247,0.1801752637328932,0.13607972468405227,0.06074171076766097,100,504,0.1984126984126984
2021-08-25,349.4235414132083,188.39375311349667,0.14614838248085976,0.11404924825623104,0.09842932121620464,0.09330137556738587,0.019561917681545554,0.028823708398258124,4.715012264654835,5.806438515808617,0.22085720207074605,0.16745164994783285,0.061041408029767305,100,504,0.1984126984126984
2021-09-24,341.3016650032698,183.2017623934755,0.15016614483854362,0.11505834949781729,0.13855887137118136,0.1274859467836063,0.020862333337654235,0.005466374977018226,1.7384217399884119,1.6205772842267845,0.17030302053702748,0.11509660959658835,0.06265979116852566,100,504,0.1984126984126984
2021-10-26,333.3624757032484,176.96436676232136,0.1464649586792434,0.11295924864879806,0.11854237619089,0.11899007062548946,0.002245227395824223,0.001582649162608113,2.4938745497792385,2.7895764087229784,0.3027898392973,0.2308378643394303,0.0648066976513829,100,504,0.1984126984126984
2021-11-26,332.36207198656774,180.03640495445717,0.15353773099104223,0.1175786019538315,0.1278952370485064,0.12507256326080662,0.01202779650122944,0.004714228563252071,-0.35964792288631686,0.06412685157637116,0.23349695321475092,0.17462335134365428,0.0634546734316445,100,504,0.1984126984126984
2021-12-27,338.32529876771207,188.52470070273114,0.15230627489365622,0.11849162572275126,0.10672249989949384,0.10765202514414754,0.010223872090833738,0.013471762726476919,-2.2698479455333804,-1.5576004704180453,0.15151170533136207,0.12303699699851717,0.060238370983138834,100,504,0.1984126984126984
2022-01-25,347.6729179798414,194.4258992817535,0.15773622753386737,0.12294914994178721,0.13704537502925598,0.12855682254447418,0.019771422172856906,0.006951217603504922,-1.3004061461446004,-1.396288055063539,0.15838595489746216,0.12020795205764777,0.0588466997933543,100,504,0.1984126984126984
2022-02-24,366.9800824725998,205.03964313840126,0.16142961043986506,0.1259503822697048,0.168885589321132,0.1702317729008466,0.05093730461737722,0.047972226485404654,-3.2226152795454475,-2.8899783282281235,0.21941411211145553,0.1557879425783213,0.05685005335855136,100,504,0.1984126984126984
2022-03-29,345.57459438610005,190.8796651360395,0.16293254665404858,0.12475165316666867,0.13124783062657547,0.12500788602694415,0.014975996535952524,0.004428037797443746,5.081707764530582,4.928944515180113,0.41813917206239737,0.3440123148099564,0.05909493316025058,100,504,0.1984126984126984
2022-04-29,279.6761400289822,174.5770930052519,0.12024054294030884,0.09953847812574543,0.1361393401091501,0.13735671580486822,0.041763064656364646,0.04003324844175363,-0.9074118249625653,-1.097164516679485,0.7747663671008868,0.6583607915476182,0.048440307892327235,100,504,0.1984126984126984
2022-05-31,276.19854100394866,176.16264820910658,0.11852089508508976,0.09999902871975724,0.12876568551624082,0.1247649971171255,0.034524638246031,0.02771335821398957,-2.707107491998926,-2.983838584274747,0.23394716795816856,0.20818367639746818,0.046791469297689646,100,504,0.1984126984126984
2022-06-29,289.03008289873776,184.5233716382407,0.12440450519899252,0.10425837356551337,0.12097838784402135,0.1142180856646024,0.0288809422479311,0.01916830420807336,6.569104468422236,6.936908923152448,0.312900764363539,0.257885308432814,0.04523860662704958,100,504,0.1984126984126984
2022-07-28,297.10885100914766,187.73466209697483,0.12401910671020755,0.10339855106289775,0.10673518275811322,0.10535762063704374,0.014278861150986685,0.010074082863466588,3.907078362277067,4.21898283333832,0.24353277179320493,0.1915823806912813,0.04547175158721473,100,504,0.1984126984126984
2022-08-30,300.63162007689755,190.5159692338149,0.12550980627833058,0.10513350856476801,0.1398220859974096,0.1348112886621059,0.04796923865438056,0.04011055517159598,-1.3469532632472963,-1.1568008340089653,0.23123422401053326,0.19764694693950788,0.044959691616669184,100,504,0.1984126984126984
2022-09-29,301.43445657354465,192.23254782610135,0.11854151502085429,0.09984053079366861,0.10266710420331604,0.09755157404167764,0.010379361960596994,0.0028221646682489027,6.091486001043589,5.7263058278558585,0.27453561384260416,0.23127565479127016,0.044263249436888114,100,504,0.1984126984126984
2022-11-01,298.25642938136946,185.9040042652964,0.11050228713789,0.09492858400262721,0.1012978372234539,0.09531460146124547,0.010006421250958672,0.0017316051294358065,5.380710112435054,5.51551612249548,0.20662248136763162,0.16616453924306374,0.04649232158648847,100,504,0.1984126984126984
2022-12-01,291.77712916588087,182.60734156705306,0.1059384587371135,0.09208731096477472,0.0760651083986571,0.07282171293850982,0.014132263132451015,0.019605870563696157,0.5362126523552234,0.5431908760572771,0.2742285675101075,0.2182983181490441,0.04682890400767545,100,504,0.1984126984126984
2022-12-30,307.1543362063399,198.71942847469813,0.11574042192523847,0.09938814072769746,0.07160895665080279,0.06854810350191881,0.015907046840633904,0.021522167062070344,-1.768255604289915,-1.522382337360678,0.23712833989222817,0.19267065083209056,0.042960966757896485,100,504,0.1984126984126984
2023-01-31,294.59200175743916,189.15618060595367,0.11221361414427941,0.09614422973210887,0.09631951425448826,0.0890234968215346,0.009875475364919603,8.848925882358472e-05,0.4916400386980345,0.6771288069023167,0.23866042780704638,0.19314587617408943,0.04474663226770834,100,504,0.1984126984126984
2023-03-01,288.88439160475036,189.0016772003296,0.1100598272071986,0.09474537434655701,0.08252812832452859,0.07877767810041143,0.0032223532783242775,0.009274162315798917,-2.1351718823308143,-1.8744203649542193,0.23318376014246622,0.19444038603796426,0.0438598019635872,100,504,0.1984126984126984
2023-04-03,290.9883536168185,192.58676911252454,0.1095906595073167,0.09404227728509669,0.06869817514780241,0.06522231651888478,0.016495496287584677,0.022100620859894254,4.998882252776752,5.204500980009061,0.20042549495995096,0.16452293841307586,0.042859295716088756,100,504,0.1984126984126984
2023-05-08,276.9485496124368,178.50438084065388,0.10418752264938819,0.08987399033248811,0.07965318120262761,0.07746878121012726,0.0021819284225896712,0.006568299412640741,4.446761863432045,4.814801428444477,0.24821255178080948,0.21164264076692563,0.046145467970431155,100,504,0.1984126984126984
2023-06-06,282.87868396480013,180.40943892901942,0.10429287961147042,0.08947760304090299,0.08882061688418053,0.08316728840338114,0.007703342376233116,0.00013413361549304004,7.645175656157509,8.17853064040937,0.20757456327610743,0.17206411278927713,0.046546638144360664,100,504,0.1984126984126984
2023-07-06,287.78524024703233,182.71271881699843,0.10805696890883919,0.09278788455628659,0.10059523068656522,0.09694751337287193,0.02008679468622028,0.01414583571758267,6.970448622042643,6.618711748418659,0.21386656097726978,0.16726429104870646,0.046560796762214675,100,504,0.1984126984126984
2023-08-04,285.34472044517037,181.42144744467595,0.10463834362413296,0.09066921067775931,0.0810300064041004,0.07633054245787131,0.0004832331485437463,0.007287752724251903,0.6079791325662497,0.8126378021216073,0.16633711647058336,0.1392977556987205,0.04673373682592819,100,504,0.1984126984126984
2023-09-05,274.59893171862757,172.15435445004962,0.10392450136861955,0.08891581523217994,0.11634645153356796,0.11040569794644998,0.03468099919822537,0.026662500725250934,1.0143011651196305,1.1831353376638256,0.15600092700243015,0.12379615887724083,0.04920857655698126,100,504,0.1984126984126984
2023-10-06,275.8417258463978,175.12249040815175,0.10248720108830847,0.08908076151813529,0.11817922538114768,0.11541738994948701,0.03737771601620303,0.032517859397539914,0.004668552153141652,-0.1467891661787035,0.2834717222361558,0.23327724502848038,0.048075495625984066,100,504,0.1984126984126984
2023-11-07,288.11494953005183,185.31518161840287,0.10011775298229611,0.08853527391207451,0.0804866548527752,0.07715052964337159,0.0018205216402035623,0.0069787303466482264,9.971149850236943,10.415011666522462,0.2128957274838797,0.1723423521037567,0.04586564652302181,100,504,0.1984126984126984
2023-12-08,291.48180513780454,182.58875752015894,0.0987968576039802,0.08678655087727605,0.11692125935349067,0.11414789341255636,0.03502180991104599,0.030418180755607205,2.794268245414898,2.9424544387367835,0.22604134138375606,0.1794967991481201,0.0477917464074471,100,504,0.1984126984126984
2024-01-09,291.3366889825189,164.81436944150494,0.09719379386907283,0.08328607494621426,0.17939491870068944,0.17317564396577262,0.09833085397249043,0.08987096439088899,0.8990647367985176,0.7222564099062041,0.26084167423238336,0.21622853803123473,0.05859498270115264,100,504,0.1984126984126984
2024-02-09,296.43540185754676,159.77559245935362,0.09389734636691077,0.07897125987346384,0.10654534664722516,0.10383341766844754,0.02276145374615246,0.018080029298577188,1.5228463879235854,1.742941202560953,0.31959415409067377,0.25375485665786923,0.061896472263715,100,504,0.1984126984126984
2024-03-12,279.52100543903333,152.1469444958523,0.0915034777115276,0.07626611556694372,0.12679021426470607,0.12493986511532304,0.0438356809612023,0.040054874014080644,1.624392485444983,1.745018655670903,0.25756782716035453,0.2007576239208946,0.06333370448166928,100,504,0.1984126984126984
2024-04-15,285.7087214719458,153.6766937715428,0.08219314326784931,0.06746626010354083,0.07654671575605249,0.07490707210280387,0.003247058202672057,0.006508739938760749,5.990928581311206,6.046478618521023,0.447431192176467,0.35817706515134545,0.06263337490213385,100,504,0.1984126984126984
2024-05-16,265.61592363454264,148.01593783484256,0.07881608963829415,0.06521083988648048,0.1660035064221939,0.16484739182398567,0.08732403569948251,0.08462014138551155,7.8270163719916575,7.89700292099519,0.19519112521426923,0.15723462541083716,0.0625242988990202,100,504,0.1984126984126984
2024-06-18,289.0267340880068,147.79134864572728,0.07339490499147402,0.0599995146244336,0.12144778063047791,0.11635215453019394,0.042474804327059454,0.035885731035850174,3.774490355072618,4.053726070957556,0.4071962931682187,0.3432112574337401,0.07235199189540391,100,504,0.1984126984126984
2024-07-18,269.2077192605082,132.0554176667685,0.07402261761155683,0.058718230036535764,0.1407219262370096,0.1446786438294449,0.0633272982546949,0.0655937662092294,3.193937192728061,3.4459989597524086,0.31419325386680774,0.2286249541079778,0.079968875679098,100,504,0.1984126984126984
2024-08-19,266.0490116897482,139.66260296449528,0.0871331740357246,0.06606008830085539,0.07396861757077138,0.07000827567488792,0.0037982354615646724,0.010004336442352255,11.496682784632778,11.675665135796702,0.3149688415716664,0.24398330545462726,0.07355525404216298,100,504,0.1984126984126984
2024-09-17,279.7115894686079,144.68776416583324,0.08799647854511614,0.0660498693749286,0.14251985430697783,0.13559683571462597,0.06539486304978616,0.056222503671549545,-1.2456757313463527,-1.090465539253403,0.1824594674059383,0.1336659591769373,0.07301323871004976,100,504,0.1984126984126984
2024-10-17,277.9253728657497,143.27894487244458,0.08090625213715164,0.06197962814118755,0.1050011161078897,0.10782092941067804,0.027102222340428223,0.028093412856695893,-10.526589319655777,-9.622558406756571,0.22480998984079603,0.1709459976252444,0.07371404780922038,100,504,0.1984126984126984
2024-11-18,294.3072625665535,158.91861107306005,0.08558274268302912,0.06552113163273685,0.11137028115537967,0.11046469231943559,0.03217805263463493,0.029417783540676798,2.895738151253316,3.0922815832680577,0.24990684426507684,0.1945508033702817,0.06645573505744581,100,504,0.1984126984126984
2024-12-18,308.9261365045048,166.23793878593506,0.09474531631634026,0.07008261655531339,0.12678470696849242,0.12364927012556307,0.047714838479781,0.04241406259646327,-3.0137470965498565,-3.447556948637336,0.23586453474773272,0.17215162298833833,0.06495861843478405,100,504,0.1984126984126984
2025-01-17,294.71506619948366,161.85225168637783,0.0964254245172428,0.07139948689249347,0.1459888971301659,0.1482711809933418,0.06482537894688678,0.06505612244558429,-1.7157898272025156,-1.4122386588836626,0.22570764672824237,0.17698287379212774,0.06487107021309808,100,504,0.1984126984126984
2025-02-14,309.7997378738822,172.8513330977075,0.10378122876841742,0.07678635422842685,0.12113168062411891,0.11953492335482091,0.03718382654434485,0.033449201497974035,-3.5557847575913466,-3.964925941027157,0.25691079496538965,0.20079171853175717,0.060914966004600245,100,504,0.1984126984126984
2025-03-19,319.292527318669,182.96269226983355,0.10734390016445029,0.0802659969924741,0.1503346489248496,0.15305526374022146,0.06481692827030072,0.0654605138131235,8.78049670869166,8.182405979560555,0.2542930360503593,0.20221020588072203,0.0574121668910843,100,504,0.1984126984126984
2025-04-23,334.71736227020267,195.9603621920972,0.12621438174841212,0.09053183123609387,0.08968822187615676,0.09299061764217768,0.002168586395365199,0.00292824862890749,0.3995956410543517,0.6349843601336588,0.39049064548774487,0.29478519375551276,0.05391781312976564,100,504,0.1984126984126984
2025-05-23,355.4733994039167,212.98644524450495,0.13305462889478004,0.09569163964985186,0.07354086122001346,0.069274020886326,0.014494004535399369,0.021406119051026337,2.200743287181314,2.1935786428452086,0.16939447719506745,0.13863059776037678,0.049859660457368685,100,504,0.1984126984126984
2025-06-23,353.42504679629633,216.04839385057136,0.1331599981641168,0.09642439162651258,0.0979617031517369,0.09002203776728092,0.010041901546447157,0.0004770757601857689,7.195416809586182,7.696395311088315,0.14396744778284606,0.10976744563337361,0.048534264430151366,100,504,0.1984126984126984
2025-07-22,349.7737473529007,213.78791837763794,0.12696893922497685,0.09331083236554735,0.10610195967081441,0.10010111817744367,0.01797480708455329,0.009595471975981054,1.4513775287807476,2.1732206869902866,0.23579223262296722,0.17862784507870083,0.04898017510240343,100,504,0.1984126984126984
2025-08-21,357.5634462097404,220.3238325484892,0.13079361045982973,0.09583827294258185,0.09755687113482445,0.0939847449386403,0.009861317519034019,0.0038258806347536423,-2.0626228232972377,-2.340467674102566,0.22773588887562327,0.1719888221257489,0.04762573959596966,100,504,0.1984126984126984
2025-09-22,358.9206924583639,223.66357144118905,0.12917371189887894,0.09638755861544344,0.10191150102985869,0.09864318903639509,0.013459248673902524,0.007885834612094314,0.600957122623598,0.32845865659394147,0.1864976953631417,0.14993450827350333,0.04684243973172382,100,504,0.1984126984126984
2025-10-23,358.69039992583987,221.71743344097644,0.12529369802476928,0.09507706659649698,0.09623266418844087,0.09263207625510848,0.007410614936764218,0.0016660349883722975,0.8535321030554435,1.1520039284075372,0.16562579993852394,0.13897716567641488,0.04779107766937611,100,504,0.1984126984126984
2025-11-24,352.5367535970462,213.51332227716821,0.12180477702175581,0.09287207296189164,0.07625450889820687,0.07395077552236705,0.011773283593508863,0.016225901139819365,-0.19633799757563997,0.0358797833096481,0.22662538062434648,0.17442310894984164,0.050121990108954406,100,504,0.1984126984126984
2018-01-24,178.87167699857008,132.9233388434206,0.06993440987557523,0.0636319382403963,0.10461247680584305,0.10344462948072114,0.023228844898584733,0.021350755743700156,-3.5834086458424577,-3.8556292126708405,,,0.042555127942081765,100,756,0.13227513227513227
2018-02-26,183.3607381310463,138.54110061508763,0.0698441052434463,0.06378572987210844,0.06292602976741214,0.06142341122072599,0.01839126427886975,0.020564412654850234,-3.13236767298664,-3.0927988086467106,0.1533659598621606,0.134200711792007,0.04028267727202275,100,756,0.13227513227513227
2018-03-28,187.38182066796526,142.443624915461,0.06908259357691676,0.06349567314356923,0.08363599049548229,0.08211168071084841,0.003274539384586786,0.0011152598810880016,7.727668537098765,7.705062680452256,0.12679070920566213,0.11340940645234619,0.039246004231471475,100,756,0.13227513227513227
2018-04-30,188.06755972113456,142.4598289853998,0.0690244614704887,0.06321340133679587,0.07240612764732177,0.07039522826402275,0.007698964967538857,0.010321978388081188,3.749088005343849,3.3880416323945375,0.12655570383115092,0.10948334383604355,0.03970149639220438,100,756,0.13227513227513227
2018-05-30,184.31370366810827,138.96754166083807,0.06956163300017411,0.06318739598465022,0.07182770360327796,0.07104082817329208,0.005439619651926242,0.006974133542548902,0.991826944277675,0.9785844984426179,0.15414031979273446,0.13832316520468224,0.04084198911457914,100,756,0.13227513227513227
2018-06-28,183.46389338590862,139.2044081310036,0.0680570694974314,0.06181262183265217,0.0925871475177982,0.09084471409280954,0.016179953524750587,0.013712035605972867,-3.3883927817515316,-3.2349099341056147,0.13696805339343077,0.12386890033855706,0.04030302261773876,100,756,0.13227513227513227
2018-07-27,176.36286040572242,135.9300759717689,0.0678081796082838,0.06188409635098558,0.0991004367491312,0.09805689654880263,0.024174619567501623,0.022340655296193918,6.25935342229949,6.387246773817613,0.14391529901608346,0.12853062860103645,0.039629424212005354,100,756,0.13227513227513227
2018-08-29,174.51820943061963,134.6372375337008,0.06849689789703929,0.062337606075047736,0.10308416528769244,0.10000541146848589,0.028043382686341406,0.024177972393902014,-2.303168935530025,-2.602472993985968,0.15751478193153645,0.14061386827862926,0.03986224572599513,100,756,0.13227513227513227
2018-10-01,160.62739255621574,127.5002988456215,0.06279197007589622,0.057962766597305704,0.1241541418467407,0.1255757716475883,0.05116585493192152,0.05200803608261473,-4.963509163977523,-4.979547779664681,0.2395151650219961,0.21833173927727872,0.03566582598626589,100,756,0.13227513227513227
2018-11-01,167.46271056135419,132.74282623522933,0.06904658884703901,0.0626794705679138,0.09191059199687221,0.09152803645662419,0.01987301350141188,0.018646788187953067,3.0618077817211353,3.051053824375182,0.23264017002930376,0.20990488297162707,0.03513727945366336,100,756,0.13227513227513227
2018-12-04,167.6518216762121,133.24778067282182,0.07086456507610861,0.0642043082386729,0.1338615535323609,0.1324919413797238,0.06158471935886614,0.059338105200235455,2.23866543990823,2.242419322137605,0.11800418302758503,0.10494085942013932,0.03483282325063883,100,756,0.13227513227513227
2019-01-03,168.81955111854577,134.72486085359324,0.06945283540858578,0.06347700177480235,0.0625089506987751,0.062381933903013824,0.011304179669364131,0.012190347887178828,4.912891757351473,4.898760581086378,0.15316218743766752,0.13911590493928214,0.034244662798984485,100,756,0.13227513227513227
2019-02-01,168.83618299553083,133.71161645131914,0.07082637536005786,0.06450860536706898,0.1155904345168285,0.11379775771475112,0.04256454048018235,0.039920847826179745,-2.943129076120678,-2.8435522694977826,0.0858348324410252,0.07781651178973573,0.0350971752908641,100,756,0.13227513227513227
2019-03-06,164.79091429442832,128.37564540413283,0.0682545206432613,0.06179621619283891,0.09512482910606024,0.09368435262503648,0.021357792714346305,0.01913185690788613,3.0797808013956187,3.032325407524229,0.13352725220676298,0.12250427012680197,0.03745963495911072,100,756,0.13227513227513227
2019-04-08,158.7237896056101,122.28072536089131,0.06526429683536146,0.059402166543510604,0.0700378746222699,0.06935302319076153,0.0030427135565599117,0.004440499393992325,-3.6685809320055323,-3.8821758206773556,0.18791311859756063,0.17301234008554592,0.03911908332472756,100,756,0.13227513227513227
2019-05-13,154.23845468638257,119.46480424618098,0.06460494694307602,0.05864701817312195,0.10870764010810681,0.1071254412431955,0.036396948834423834,0.034109201244080734,6.53718558914994,6.347051103685835,0.11022047598999124,0.09987709554897974,0.03931195456606148,100,756,0.13227513227513227
2019-06-12,165.1412340661532,128.13355625721027,0.06469958483073004,0.05888236928018634,0.08539255690640761,0.0834446389682461,0.012783027566984143,0.01013945674241476,-6.109911473623023,-6.341876949010947,0.1890044415197065,0.16709975553305143,0.03774540505491089,100,756,0.13227513227513227
2019-07-11,171.2865658605351,132.8728202283167,0.06431217065475245,0.05881266553634983,0.09841880314934569,0.09889312004034989,0.02557292795088051,0.02537317175837711,-0.5562937878865274,-0.5770889146946553,0.1255053556409869,0.11101738985595647,0.03683209701819652,100,756,0.13227513227513227
2019-08-09,172.67728378225357,134.12134728442072,0.06643388043653323,0.060672831328638994,0.09935188149656315,0.0977494539290505,0.026548747316361282,0.024187679253968405,0.4183934558587488,0.5988544333189776,0.12303611738291911,0.11297436865435141,0.03648515171809043,100,756,0.13227513227513227
2019-09-13,177.37568798364717,138.08966212015304,0.06545541501101902,0.05995305190384538,0.15635653305949646,0.15694383767681966,0.08338220908543667,0.08323247226556338,5.459957370656833,5.257847323133544,0.12404952585174074,0.11215345395930533,0.035558246165798786,100,756,0.13227513227513227
2019-10-16,187.01921918680245,142.84752334101913,0.06950075199183338,0.06329664938355202,0.10441219783527607,0.10336996986968601,0.029693669020326427,0.027771020765167062,-1.8432203487513719,-1.755770224857139,0.20985434869709887,0.194245011834866,0.03677068957546461,100,756,0.13227513227513227
2019-11-18,182.17276449760485,137.4033921281303,0.07032518976565284,0.0635575545851701,0.08064304209811064,0.0799953737702026,0.006268569881558356,0.004620444521242911,-0.8005139299616923,-0.6909146166629582,0.15825719893093276,0.13924936196838275,0.03851512830398882,100,756,0.13227513227513227
2019-12-17,177.99048674111347,131.9261007106321,0.07051702222801903,0.06287408599212721,0.07487960381767876,0.07406916356183024,0.002491015906606775,0.0005505115943625905,5.285937707756741,5.3824113408469145,0.18192052170065362,0.16223710383480716,0.04070989969301663,100,756,0.13227513227513227
2020-01-16,178.0181240947137,131.84206402639322,0.06943319302233664,0.06203741148087841,0.08157425613589683,0.08120796070630674,0.009462394527350648,0.007974789900144844,3.626363725434139,3.6710341114205,0.09941591201094424,0.08931438853287238,0.04069811416343209,100,756,0.13227513227513227
2020-02-14,179.1131302304427,132.007832984927,0.07163489566702755,0.06341608057653111,0.26458463523596437,0.26377471967559796,0.19284925834886396,0.1907792847853716,-6.584252407890526,-6.671406569550366,0.11093920043395027,0.09814434868257432,0.041049429025483364,100,756,0.13227513227513227
2020-03-18,208.12774615766116,150.07121613068506,0.07576125292996518,0.06714493432948476,0.47950481048570737,0.48977040730236615,0.39914123930177997,0.40828462835773566,0.46201533238110715,0.45496876371287154,0.3301427327935491,0.29824957317483025,0.04241168052655429,100,756,0.13227513227513227
2020-04-22,247.9080266041118,165.31226657193793,0.12661725662312548,0.10328871553739445,0.1525393690873409,0.14152200004829338,0.05685170635514289,0.04313919143982435,-0.7242410691556309,-0.9356005718666883,0.6266583324713124,0.5653077868703758,0.04996875425543568,100,756,0.13227513227513227
2020-05-22,234.29781907071856,162.56366578967993,0.12207204579794116,0.10158152630451496,0.16127489712590345,0.1565673230820337,0.06415631178281506,0.05700140158691201,3.8222638337603523,3.9636150176282587,0.16987002095033835,0.13779164943935776,0.047498082818005286,100,756,0.13227513227513227
2020-06-23,242.84530696990154,168.72607250716885,0.12262745724337472,0.10211957075139853,0.12414517250907453,0.11998770994958607,0.025207118024568875,0.01863643323528212,3.217461559507477,3.651111223680089,0.19014575300511205,0.16317959837345702,0.04590345998249443,100,756,0.13227513227513227
2020-07-22,244.16172814682113,169.55290857559012,0.12213030489331053,0.10211921092571714,0.12769255003380459,0.1252623400842463,0.0278792337684841,0.023072927059734724,5.68164547895961,6.031423990865662,0.1489613300685949,0.12503332425340863,0.045572822731290936,100,756,0.13227513227513227
2020-08-20,240.66317561508615,167.64985775194603,0.123476953192274,0.10304473829728435,0.20463971509271728,0.20383173447500733,0.1038921127609682,0.10066967747164136,2.034790197462806,2.1762627321437735,0.16589405363314547,0.14213985314442015,0.045475529292024745,100,756,0.13227513227513227
2020-09-18,239.4711297460108,167.50460156960074,0.12396128527812246,0.10357973985378724,0.18124441250795673,0.17428462324535282,0.07702105838922384,0.06783166242555036,-2.168545562721059,-2.134224716009078,0.20597089060248672,0.18383722940088856,0.04512119791886754,100,756,0.13227513227513227
2020-10-20,242.01299486459322,170.9436527611335,0.12047767853629125,0.10251601250973749,0.11520014661279573,0.10883756668820456,0.008794439701149334,0.0004597841535035896,5.510495252471793,5.941380087124609,0.18830404926587452,0.15906577957819582,0.04374643290632356,100,756,0.13227513227513227
2020-11-18,237.03316716071654,168.4045934050888,0.11637100441805417,0.10068047930487538,0.1171870038201577,0.11410357905684533,0.010453118360476701,0.0055309583656815015,4.255940785930276,4.2803790277347575,0.15168491087363353,0.12573117709980242,0.04370422061142433,100,756,0.13227513227513227
2020-12-18,243.09860204178474,171.72270097677278,0.11526431180452203,0.09970101959132889,0.12331365749308607,0.12236188095427498,0.015937322358051675,0.013199017482001293,-0.6578341804910255,-0.4298472309272457,0.13194471732335175,0.11382324429267482,0.04340073152347369,100,756,0.13227513227513227
2021-01-19,252.56557909940693,179.1228894593035,0.11765850384340797,0.10209088614478842,0.1185353279026449,0.11556647442033816,0.010579934880654548,0.005785527054317494,4.564836379595077,4.926881590996124,0.1317939157005322,0.11258832412609135,0.04181032772014399,100,756,0.13227513227513227
2021-02-18,248.84367176718513,177.12206298290704,0.12039899643347417,0.10405840430947251,0.18057802468435147,0.17570237720038082,0.07253065663324762,0.0656781883551199,2.2338563071213056,2.1250511435157637,0.15927778620004468,0.13569753979101495,0.04162315295018551,100,756,0.13227513227513227
2021-03-22,238.71282667599738,170.48727355997653,0.11960550019774949,0.10338051871110478,0.19071014259666444,0.18845024499962135,0.08111554676593062,0.07692294612528279,-0.30265139025736404,-0.21602081551377897,0.19797283755544925,0.16631141371053104,0.04224172751710349,100,756,0.13227513227513227
2021-04-26,238.1235998878166,172.75115737479467,0.12184256459595824,0.10508453297158094,0.11390033551839149,0.11391832611747289,0.0019101595418445777,6.463905879659781e-05,5.870428839281224,6.41578567054916,0.18665137115127636,0.16258662649695504,0.04063879435776552,100,756,0.13227513227513227
2021-05-26,237.20243701210921,171.5067068204212,0.12784228990041854,0.10847343417031155,0.1020102818011284,0.09821204031197835,0.010469722765817813,0.016337509458491342,5.5215405636964485,5.719406265177634,0.12368081048544098,0.10589063591137128,0.04082865660668297,100,756,0.13227513227513227
2021-06-24,242.25649097313996,173.55927682919858,0.12746278701761007,0.10790257571580847,0.10552310658168788,0.10309205952466483,0.0066909789567350525,0.011231890061524571,7.147186985303249,7.20115675003657,0.11638781246329566,0.0988428105468969,0.04100819048160846,100,756,0.13227513227513227
2021-07-26,237.78686779429094,169.50871792114637,0.12709128837019365,0.10695292858176342,0.13486595828241843,0.13128506837144333,0.022135306508194952,0.016454311732812033,-2.995205315572577,-2.684135105560049,0.10799973532041784,0.09348810715682757,0.04200421803424035,100,756,0.13227513227513227
2021-08-25,241.87816311472662,171.32127052470943,0.12591032700396362,0.10596500846870599,0.08831292990110216,0.0853196667963868,0.025614642815483174,0.03061514054575984,7.173603495079155,7.827137964737246,0.12167790587145809,0.10218054621200777,0.04205079540462416,100,756,0.13227513227513227
2021-09-24,246.69060566735973,174.4297094042316,0.12786675103755554,0.10762207749517884,0.1346769621968405,0.1274436889082424,0.02128315645904455,0.0119583248723939,1.9996496184048522,1.8610946866844693,0.11998584962466383,0.09835496071416924,0.041655178269867796,100,756,0.13227513227513227
2021-10-26,244.77117173582897,170.82462358079144,0.12348343728131324,0.10435744230049848,0.12342153345988137,0.12320667318094228,0.009124400075485428,0.006963514743128715,1.5702415630339654,1.7957166211220021,0.12881740149785423,0.10707301504731229,0.043116600421626745,100,756,0.13227513227513227
2021-11-26,252.58295057400716,172.11760337061656,0.12264884023040612,0.10318740409976751,0.13284037126649015,0.1312035573270656,0.019092020165479784,0.015527100554325879,-0.21747677992807585,-0.037813856526115706,0.1549742305820609,0.13602797725739144,0.04459918910432585,100,756,0.13227513227513227
2021-12-27,265.2960806260401,181.66328917205064,0.12318251138999155,0.10455935968465811,0.11382472461365793,0.11563073303215808,0.0005255590360578738,0.0004025814249442733,-0.9092002166087498,-0.6560255528909392,0.15342955321446042,0.12911182498218657,0.04268930831177783,100,756,0.13227513227513227
2022-01-25,268.59560649011127,183.02360897011727,0.12717019519786954,0.107160188294286,0.12900341781919616,0.12682447342453365,0.016263164688263956,0.011981153017268306,-1.120683215924722,-1.092927037450017,0.13351450497581643,0.11463325913667419,0.04274009230059128,100,756,0.13227513227513227
2022-02-24,284.3188284206663,193.03189367055782,0.12673744405173387,0.10779999214868265,0.1664542843274526,0.1690811702794711,0.052525886973870825,0.05314039897092754,-2.3337083363510587,-2.135334076736796,0.1101732800431344,0.09424058383413962,0.0413558983578289,100,756,0.13227513227513227
2022-03-29,295.25050504913804,202.53536914711535,0.13412312430854842,0.11430522479398537,0.13555377180081543,0.13196827829725152,0.02095037991019745,0.015214583765956413,4.404177510558669,4.113834010695256,0.1970947730871591,0.1725401016227377,0.03972415187002527,100,756,0.13227513227513227
2022-04-29,290.77413578602847,200.9688908908751,0.13225347471033183,0.11340597320687135,0.1314667372762058,0.13422638161236627,0.01617566154450094,0.016868175048409734,-0.2912607907698646,-0.616318310913593,0.13281110819854752,0.11287644328579095,0.039411354708347966,100,756,0.13227513227513227
2022-05-31,293.1518166675773,205.77674675231594,0.138018425846176,0.1186137418137082,0.11570405503929533,0.11622697275847065,4.086479024421885e-05,0.0017393656244051314,-1.9571389294028838,-2.262436661791012,0.11229132505640191,0.10267976093993182,0.03763151160332271,100,756,0.13227513227513227
2022-06-29,295.45501966026427,207.0374291969082,0.1405025732962114,0.12016361807175302,0.11379064965567917,0.10895929420897868,0.0024844753486084753,0.009570731755517259,6.8482590755801604,7.101709188806276,0.10313204878112578,0.09079013466588931,0.03747760673030524,100,756,0.13227513227513227
2022-07-28,289.3872602664894,203.14972628697888,0.13618197432116758,0.11684970264709776,0.11520871738193057,0.1136034602894841,0.0016040242025387452,0.0053135150047032564,4.754468710524797,4.967351246048358,0.10686120826604495,0.0903828840016159,0.0379486183262731,100,756,0.13227513227513227
2022-08-30,285.51276668225984,199.60979110537363,0.13515087103377751,0.1160374174130322,0.13287040771347547,0.12907738894704668,0.01557602407630096,0.00971945566594179,-1.28011214162686,-1.130739254480361,0.12332437637562661,0.10826180699833113,0.03875791197298157,100,756,0.13227513227513227
2022-09-29,275.3965644072111,194.8688756255787,0.13414962068696437,0.11550905400249503,0.10882355968814605,0.10188885327669346,0.009301937903527749,0.018200026070524317,5.358002091801187,5.5892920936774635,0.1201230370266937,0.10420139816151441,0.038745824375790494,100,756,0.13227513227513227
2022-11-01,267.90366666992196,189.98689913455095,0.1302088368171796,0.11337404898116618,0.09267034415396419,0.08823858839574324,0.023916301383967373,0.030237294815379193,4.273056534590729,4.722486793009665,0.2077242709434558,0.17844062202545147,0.03943330880226183,100,756,0.13227513227513227
2022-12-01,280.514427159846,195.7105052209521,0.133572266488856,0.11546105569537782,0.08006338048766858,0.07400512871158307,0.03557044328133066,0.04364684591866824,3.479334871234984,3.400148574011455,0.15076026419181388,0.1209160686153043,0.03980951985985216,100,756,0.13227513227513227
2022-12-30,290.4431323721067,204.58174256841608,0.1315174065228587,0.11482400134856656,0.0793955150358359,0.07530222132170708,0.03585852815622852,0.041878619888616894,-0.6499080520520004,-0.8966231940794629,0.09007044016221893,0.07647461923225718,0.038104164486599514,100,756,0.13227513227513227
2023-01-31,281.65536776717556,200.48162198111817,0.13284658040969083,0.11600269659940654,0.08839814915283377,0.08354287818475802,0.026508002536677816,0.03332431010899564,5.242491291132467,5.692470429789273,0.08472123774606664,0.07072278960605875,0.038069345222325,100,756,0.13227513227513227
2023-03-01,284.65184103666377,201.76522768607998,0.13538260629167367,0.11732748247641522,0.09919751080240465,0.09606456442094097,0.015375088380213842,0.020539792524382663,-3.147258826751371,-2.931075786256978,0.11913519023421543,0.09575577472398168,0.03820296849098797,100,756,0.13227513227513227
2023-04-03,260.51612449403024,183.46526997324776,0.12927290372152708,0.11117093235230308,0.07985794770154951,0.07597751535350485,0.03244614294538596,0.03818623683177767,0.5253079871458334,0.8950693347329837,0.22763486172052722,0.20648931733069603,0.040266757624112595,100,756,0.13227513227513227
2023-05-08,220.53132634936853,167.5766859165182,0.09538593144886552,0.08676772426779655,0.07998841773010329,0.07870224284178086,0.014343978171418498,0.016799361939626,3.372854203536246,3.7881728342597505,0.5458911630086519,0.4966474913007538,0.03290926331389733,100,756,0.13227513227513227
2023-06-06,221.63737705056676,165.01121450820528,0.0930401934988492,0.0846130060053853,0.07829574086167844,0.07653860962956975,0.01461949266302981,0.017532641655885806,10.386204742231254,10.44307210418805,0.14237210392467525,0.12727640201048457,0.03455605299558125,100,756,0.13227513227513227
2023-07-06,217.6127091299118,161.38972601182638,0.09354779076711754,0.08522435271777432,0.09535442958854769,0.09302034497856458,0.00455583845316225,0.0010188048858922466,4.520893318412477,4.428901299057903,0.15328612336241385,0.13747989098063074,0.03523622341431177,100,756,0.13227513227513227
2023-08-04,214.90464986533246,159.22535112702195,0.09320272578776248,0.08478341152583606,0.06518815726691751,0.06328890292298625,0.025295225565224677,0.028381966452929938,-0.4004279526259591,-0.15540833177062116,0.1406406246192964,0.12558911259556604,0.03572330429676352,100,756,0.13227513227513227
2023-09-05,218.32891651576512,161.12996801199313,0.093091113912347,0.08491688088088398,0.1087763494792486,0.10695363555794479,0.01936202947332835,0.01632984172407108,2.448672352692667,2.380797467939556,0.139978814626393,0.12315114950435352,0.03572793944595631,100,756,0.13227513227513227
2023-10-06,216.6886520889015,160.36460596059322,0.09025366181773502,0.08214225205947936,0.11676650711829314,0.11543262391853584,0.0282950823419839,0.025828094409244995,-1.113586004919423,-1.1233344905409062,0.16560158570356365,0.15060510234822558,0.035557349936370775,100,756,0.13227513227513227
2023-11-07,223.28008342621922,163.36890712472123,0.08798211007570618,0.0805614898630046,0.07215071946663587,0.07023732363347204,0.015829795969774976,0.018832454908745216,10.656268116773633,10.983840493621294,0.15046999910276115,0.13060876860196113,0.035908218075532045,100,756,0.13227513227513227
2023-12-08,222.30991024200583,163.18292497674528,0.08660215612105361,0.07946297323860654,0.13087306750300728,0.12791206101866034,0.04389427905960731,0.03985128005525769,3.6192812712227505,3.6422668114473615,0.15091347614321418,0.13156279454789566,0.03576542870314681,100,756,0.13227513227513227
2024-01-09,230.26080951263137,164.49905048914943,0.09029176794989681,0.08138688278792748,0.1737950912514303,0.16964870478375763,0.08690626123473054,0.08150142867180837,0.68057228448449,0.5816047930975048,0.19791856962529308,0.1662729938765876,0.038268859828546546,100,756,0.13227513227513227
2024-02-09,229.65186561211243,160.41408898268148,0.08837384585915813,0.0790019088830935,0.10354844264095897,0.10228024841179355,0.014737863442957591,0.012332669260597506,1.004748978869133,1.2381393041663329,0.2191004389396373,0.1839554966512468,0.04012240223648552,100,756,0.13227513227513227
2024-03-12,228.93938962612978,162.7991017998885,0.0886896976152539,0.07924059294097262,0.09958204112026686,0.10024786405046315,0.011139112636248769,0.010723387329256498,2.2411616855481475,2.1886212755633307,0.15717107183156456,0.13975062112557002,0.03871190030848848,100,756,0.13227513227513227
2024-04-15,234.64798994117848,168.74123729088626,0.08913415233874876,0.07947288739955596,0.09312622866346325,0.09209076744557959,0.004759456249947613,0.0026915243795695293,5.250823032011469,5.338042270312136,0.12638189336011826,0.11314324269830452,0.037434905443159465,100,756,0.13227513227513227
2024-05-16,229.44578350426065,162.73457325928914,0.08625993791007003,0.07680338229040648,0.1508653935211753,0.15002354197049395,0.06415711712069767,0.062294047016985085,8.507558639428257,8.583667803931023,0.19211860621292348,0.16943909501064716,0.038934780401100724,100,756,0.13227513227513227
2024-06-18,254.73562632270938,177.51384538159382,0.08640245616052092,0.07704053376117437,0.12589055951483485,0.12319041379576914,0.037451772190800384,0.03372595953700164,3.644379594633342,3.803006756655849,0.19815295370262428,0.17703759504309868,0.03992255542571754,100,756,0.13227513227513227
2024-07-18,250.01576293338908,173.95096609993416,0.08871548957818592,0.07840018716792516,0.12073587564693405,0.12404561879636411,0.03139528187567833,0.033675240742578036,4.552616661539208,4.351496060402771,0.14174265364128527,0.11790159927982549,0.0406694112366523,100,756,0.13227513227513227
2024-08-19,240.56434692877508,173.17584296331506,0.09214973330076047,0.08150896203207496,0.07912694363531013,0.07725497061042616,0.011536548947674918,0.014448019512192656,10.401219412670105,10.353996723929411,0.12458399550684175,0.11313661279978397,0.038591816807623525,100,756,0.13227513227513227
2024-09-17,232.23025805175834,167.40943360387575,0.09198257177265594,0.08079145728635623,0.13230716979035517,0.1310001520902035,0.04149629373356105,0.03919652470681177,-1.843204038522268,-1.7651085126169173,0.11879204593386525,0.10243470452487471,0.03958937726795145,100,756,0.13227513227513227
2024-10-17,230.07791643018928,167.7418278744823,0.09308063319004889,0.0821128386682565,0.10283269985496171,0.10247183239350913,0.011370798441646054,0.010028950461959493,-10.952894118881806,-10.651096093529448,0.140958683777167,0.12422914833055158,0.03880001396453834,100,756,0.13227513227513227
2024-11-18,234.1749438062995,174.2970036213118,0.09197863200954418,0.08182814148778149,0.11798754753810411,0.11797415177551551,0.025025685429790667,0.02417764990089849,1.3757009222192653,1.5235001702781692,0.14875939421637074,0.1302096010613324,0.03644611753601296,100,756,0.13227513227513227
2024-12-18,241.96504432086337,177.41132151856633,0.09496853016821447,0.08343947940171821,0.10813264633363881,0.10887485043749585,0.014951223069958386,0.014801162807205503,-3.9287386999886706,-4.113363842870481,0.16515997646946884,0.14104514723576625,0.037122912860707624,100,756,0.13227513227513227
2025-01-17,239.45511951868394,177.217625931791,0.09708049674861703,0.0853344350216604,0.17260506066698558,0.17217491090736156,0.07964434666693807,0.07825706481826795,-0.8247181536180801,-0.7885859985782168,0.13835664292692193,0.1239451945322995,0.03654697850093118,100,756,0.13227513227513227
2025-02-14,245.9766612745816,182.01020609379054,0.09808841597848246,0.0858737657710203,0.12124296120103094,0.12215421553826177,0.026288313364042304,0.026315128472605948,-1.3162179116009114,-1.585298023192735,0.21199317728264006,0.18422981440714542,0.035826133141716836,100,756,0.13227513227513227
2025-03-19,244.89179779791834,181.71006278201645,0.09802879740872911,0.08564658961341616,0.15157847894890353,0.15285528614581795,0.056819697634956395,0.05722550982377009,6.864929046653123,6.54968475204488,0.19391337219184906,0.1728825236254899,0.035693651809281336,100,756,0.13227513227513227
2025-04-23,249.86339098701268,185.45105916886294,0.09113339007505963,0.08061492832231774,0.0920073331608459,0.09321924382998481,0.0018842268665357625,0.0013910733069918274,-1.586861695044965,-1.2469824908232603,0.30634637447306773,0.27694776737043497,0.0349220012577279,100,756,0.13227513227513227
2025-05-23,261.7741995014654,194.6984647136959,0.09401364503715866,0.0826399588508212,0.0688464638740328,0.06731598452332842,0.0237737096813498,0.02612483582000913,0.47474753003659476,0.5457261204629069,0.1706351331632498,0.14863460071366746,0.03377211402615756,100,756,0.13227513227513227
2025-06-23,257.40539735815645,188.60042395271756,0.08845881171668862,0.07727384467852298,0.0994054782170875,0.09579470478234661,0.009052182356782068,0.00469957256716344,5.9445769006842415,6.092469486219759,0.1922194932619609,0.17329791121660873,0.03565792186015683,100,756,0.13227513227513227
2025-07-22,248.29555589332574,179.97492291044264,0.08475836487193966,0.07451168602902236,0.09370868558374328,0.0929803675829198,0.004382890682869636,0.0029622786881409735,1.8801537717648091,2.091102909221277,0.17044592443467763,0.15067948375966753,0.037619734705032486,100,756,0.13227513227513227
2025-08-21,246.6181121505897,180.20094614491572,0.08855500007195571,0.07737699377580304,0.09500475412321617,0.09374269353616221,0.007065247651861992,0.004960884054458964,-3.214388600237912,-3.2149762671108926,0.15098757295844523,0.1313342384652077,0.037058255569448834,100,756,0.13227513227513227
2025-09-22,251.2502652308371,183.35576689562504,0.09189492859107684,0.07933006786739716,0.09871497948173473,0.09730100874414147,0.01096133161107972,0.008649167665607096,1.0044782982902545,0.6486516734800386,0.1380589362857771,0.11663177843502652,0.03686269710465379,100,756,0.13227513227513227
2025-10-23,249.5335325297184,181.19315525972894,0.09010898796512441,0.07789204586610371,0.10117732798384535,0.09880260334866557,0.014406383118711258,0.011145912323297966,1.172375161957753,1.1930895244235777,0.14188685111856053,0.12350697717554622,0.03760540571621578,100,756,0.13227513227513227
2025-11-24,250.66458278587857,181.38803568403742,0.09133050680168228,0.07792572503693503,0.06701878752247148,0.066287434684981,0.019475754359497777,0.021123219629511608,0.1701487348162078,0.2816099534307095,0.13725256111195755,0.11356140504607604,0.0378178758131887,100,756,0.13227513227513227
2015-07-08,inf,148.3970656889995,29.771007944904394,0.06327259472999527,1.3208440090169433,0.10596773903555073,1.3208439889341381,0.04962026907146047,1.6698382397231133,0.9365740398415826,,,0.17702342726102427,150,126,1.1904761904761905
2015-08-06,inf,149.11361372750346,15.382686378098015,0.06381281036963604,1.2775709133754658,0.21108639879983174,1.2775709027306543,0.1545977058012366,-3.1397670314194057,-2.0265249105120393,19.070265670047995,0.5526520092309495,0.1768094675189832,150,126,1.1904761904761905
2015-09-04,inf,216.62742794843751,41.6104985498826,0.07357549021003697,1.7128005291942496,0.10434877823627682,,0.04086290731810996,-6.044467618941941,-1.6507587434326094,40.75778288891233,0.7853880979682997,0.1748839634020682,150,126,1.1904761904761905
2015-10-08,inf,225.40380911973745,2.6305962216360212,0.07735047241603982,0.36504365490131224,0.06555667553706439,,0.0028074269340636476,4.1720155424653464,0.28475658087849287,33.673435541583686,0.5519368409767178,0.17306331713552717,150,126,1.1904761904761905
2015-11-09,inf,145.23607113277896,12.473551646646973,0.06244957093651155,1.260838379934851,0.0832320402020132,,0.020637989213404914,-3.029117108545289,1.8860310700955851,13.088405958393416,0.5171937042514125,0.22617946289607715,150,126,1.1904761904761905
2015-12-11,inf,133.30902553426455,879.408992227191,0.05903359942740611,7.012930799010437,0.08935057831684094,,0.02710820998991896,-4.390247514687461,1.3531249314849843,121.89592558080264,0.45735945762881947,0.23782191837725752,150,126,1.1904761904761905
2016-01-12,inf,152.48003171903673,5.191285466061412,0.055920695607494644,0.7376670557797154,0.09194131743725156,0.7376670448502689,0.03675586311773214,5.529395403896251,0.26394764674893934,131.636567948836,0.6070546609140393,0.22256708313152324,150,126,1.1904761904761905
2016-02-11,inf,264.5266646653166,533.6429844501355,0.06759965716519689,9.506854601468206,0.09891427874838736,,0.047663334488853494,-1.05998850094346,0.5021226742440571,97.4121142678385,0.4852665888227161,0.15994767909554747,150,126,1.1904761904761905
2016-03-14,inf,324.8211004782668,871.8856184339652,0.07220838677173046,6.597587237909422,0.08426496770085586,6.597587136078675,0.03910531228014158,3.2834624860010844,6.095311084907292,130.787685013412,0.6514283389266466,0.12040631778171489,150,126,1.1904761904761905
2016-04-18,inf,298.01841846986576,8.328648698464473,0.06794359892144836,0.5929104066065388,0.09232759959115294,,0.04785553996524356,-0.7015449274146969,4.2382996289568595,142.2316632785084,0.7112352043958385,0.127082020023542,150,126,1.1904761904761905
2016-05-18,inf,336.3004970624849,56.08176926889877,0.07155512570253801,2.7093723982121207,0.09946623054836108,2.7093723527411697,0.05477672672941873,1.790964481112448,4.76210927071573,43.763327461516205,0.6073445750659923,0.11916050992817087,150,126,1.1904761904761905
2016-06-16,inf,296.84418838948596,155.12880725381146,0.07026481172955744,3.1454965986170627,0.0647167376400389,3.1454965247564637,0.017074889863249468,2.69213405462726,10.686201814984043,76.20470264218704,0.6203050043565477,0.1293475821093463,150,126,1.1904761904761905
2016-07-18,inf,255.17309391237572,6.672301009292413,0.06184370465850603,0.6665901594289096,0.11451311717983285,,0.06945254353536151,2.88801650199453,5.650793356107634,62.300805556459345,0.6989558704656961,0.1410995923440358,150,126,1.1904761904761905
2016-08-17,inf,136.70494386856478,24.68240668494677,0.05519926472863411,1.5338077470368758,0.0791360623383419,,0.030092982772301602,-2.092732334060591,2.636686791011204,16.797290611961934,0.6744544455329162,0.20169668097309063,150,126,1.1904761904761905
2016-09-19,inf,62.830711819658326,20.329902449159427,0.04388482490767459,1.31569046520637,0.09732048532110285,1.315690450575702,0.04815824012428808,-2.17690551310141,2.6657122839436647,36.50066621847944,0.5370323443980407,0.27680992321335784,150,126,1.1904761904761905
2016-10-20,inf,92.68962717059995,83.22060383744714,0.04977828461269322,2.2143868346564908,0.14531849066475006,2.2143868191015192,0.09798978244680095,-1.9504223520374944,-4.675302545387334,34.388270427644386,0.5642561179525236,0.23517417496281423,150,126,1.1904761904761905
2016-11-22,inf,192.6841263140089,8.81876008954128,0.06403619673066148,0.7231694324760627,0.08295434655864006,,0.034759040524407474,-1.2954019133726191,-0.015535637403907619,52.00001820044488,0.6731560430167061,0.16430343921779852,150,126,1.1904761904761905
2016-12-21,inf,226.16881067413053,255.77801694424437,0.0642125305436721,4.195935625237015,0.0713500892475249,4.195935580696908,0.024780881942354054,5.695975421383807,1.6434307319434267,66.5470604320783,0.5718136633156976,0.14981155563387893,150,126,1.1904761904761905
2017-01-19,inf,246.27545929962696,4.30118914524752,0.06752624102426033,0.5313231838681102,0.09250940375479798,,0.04809035453339685,0.4083387788156431,4.069118959838673,67.14646744890662,0.5690099921655496,0.14312330772112625,150,126,1.1904761904761905
2017-02-20,inf,249.41530961849304,283.15384249128635,0.0691575350859312,2.8089541550545825,0.06833792566591612,,0.022625618174890276,-0.6849276072236997,6.93423607129128,75.42826103313924,0.5236741792916776,0.1423043484153153,150,126,1.1904761904761905
2017-03-23,inf,229.34660330872404,0.7901753296821821,0.06624149590892067,0.2699131007873791,0.08869813695998363,0.2320701837563307,0.04322524564811572,2.5523262903300674,6.511915931926622,71.23778634181619,0.4834952268752146,0.1500981424920558,150,126,1.1904761904761905
2017-04-25,inf,156.7115802312163,31.12050726265777,0.056126904813191936,1.3884187112453723,0.06847234245988715,1.3884186912584286,0.019671461768552702,4.143250534117977,-1.5295123001408986,23.807472955702572,0.5610366466606758,0.18376797651828403,150,126,1.1904761904761905
2017-05-25,inf,81.76256146463994,22.28842949864855,0.04384887466688537,1.4698783084202702,0.07117187197639281,1.4698783020681419,0.023818745313640824,-4.321404638175283,0.27270219552444525,37.89025944497093,0.5098433142614348,0.24301759663041678,150,126,1.1904761904761905
2017-06-23,inf,72.10552258632818,37.632531798565054,0.040000060269781985,1.2440347491531114,0.06640868909049269,,0.021977714764234456,-0.9001239245145422,2.1191074935502727,24.992269774844544,0.45523032397639784,0.2582538141711317,150,126,1.1904761904761905
2017-07-25,inf,60.773301046144134,1.6690937466168183,0.03627857642214562,0.3561601233664869,0.08177342387856262,,0.037229696895208594,-4.204167620551264,-1.0248115112834735,25.16839093367833,0.3652470256194723,0.27936591713651476,150,126,1.1904761904761905
2017-08-24,inf,83.39222652748467,5.6680086191478525,0.039183542857473885,0.7603069936474752,0.08146745338393796,0.7603069817484338,0.0387313826345953,-0.23589525858395138,2.5896017658758654,9.992258480421839,0.4056219312995149,0.24368378672634564,150,126,1.1904761904761905
2017-09-25,inf,95.46662592910518,41.17789090377363,0.04086831833010608,1.6205196010792282,0.07707358261056534,1.6205195820154146,0.03263081363312201,-3.130276303679289,2.7538477751480492,26.560311899150204,0.37774320312407955,0.22556689186559142,150,126,1.1904761904761905
2017-10-26,inf,86.857657309404,4.555203791006388,0.0391070006567676,0.7428726495863294,0.06288251515740628,,0.018668743177368732,3.9558653901831753,8.256914753813303,31.355720136335435,0.41121055083135644,0.24339941702355475,150,126,1.1904761904761905
2017-11-24,inf,65.75347031879788,1.5420946990767872,0.03449282926234251,0.2813503523061756,0.06048404023338157,,0.01590903554554903,0.4139062661243181,2.4335066453211778,8.91679408127364,0.4120374221956644,0.27895879400210494,150,126,1.1904761904761905
2017-12-26,inf,70.66849584805571,15.03787239473466,0.035264037461112646,0.853591620025842,0.07007616839161565,,0.026670941524662012,2.127481332083518,4.3069051524424,13.697720555006146,0.30518590402471857,0.2693731635753818,150,126,1.1904761904761905
2018-01-24,inf,77.88091352562184,105.48070600362024,0.03410660603297823,1.9179941416763042,0.10268785798586437,1.917994098308456,0.05855983191654173,2.4696883194028145,-3.7418907677489344,35.544992092200516,0.30835936053406365,0.25735532091045304,150,126,1.1904761904761905
2018-02-26,inf,108.44336644613381,620.7513213288906,0.04126482630893456,7.200967642633448,0.05992056686428027,7.200967538692576,0.014384754064103,4.336565891155185,-5.5487737943284445,82.5582237555706,0.48627507413749815,0.22045320215689057,150,126,1.1904761904761905
2018-03-28,inf,130.69969964684827,34566.53656290187,0.04202041699579351,42.40319349137888,0.06821793967602399,42.40319267282727,0.025458631120613757,-5.139784989982472,6.341404007394919,954.1270727409662,0.41126039881821175,0.2001759586026948,150,126,1.1904761904761905
2018-04-30,inf,168.2087376356227,4.0809155603525635,0.04533668454948149,0.5195585431625277,0.08277962390107554,,0.04237924835244603,1.036461689655438,0.2799833340021224,890.4581850559027,0.4854292383021882,0.1715645206087802,150,126,1.1904761904761905
2018-05-30,inf,207.738434987644,12605.744941852918,0.0497589419870311,31.68514710805978,0.05484914075735578,,0.015794339696168752,4.3095934690642705,4.265964358563364,502.0417940436163,0.5205184300859989,0.15252251463371905,150,126,1.1904761904761905
2018-06-28,inf,268.18322929266105,340.7301574378158,0.053692456002300354,5.819066508248986,0.09258126072341685,,0.055718092999885976,4.116019214081245,-0.9005139380551106,457.3815556568362,0.42892978482506244,0.13112893364928407,150,126,1.1904761904761905
2018-07-27,inf,305.0519141400035,5.266371430163309,0.06042940647106752,0.5819828079902412,0.0895280870948169,,0.0525326977958642,1.8498613267974078,7.807870439718599,77.20808082796651,0.5279786827460055,0.12249610739545698,150,126,1.1904761904761905
2018-08-29,inf,197.97503509770291,22.690505916593814,0.04840812986573398,1.7907600454673847,0.06738077855546849,1.7907600230451184,0.02981879052768773,-0.7875488344515593,-7.374115277572384,16.778304955484778,0.6806008935408937,0.1533984170573928,150,126,1.1904761904761905
2018-10-01,inf,227.78368007544032,20.322900692598907,0.05003174056539929,1.3840956394072037,0.12624620762853747,,0.09020073054401245,-1.439291641741542,-6.44835564289786,23.52362938631272,0.5628859637836714,0.1423525272025111,150,126,1.1904761904761905
2018-11-01,inf,278.575111073349,7.5241310339290886,0.059645629427547336,0.7638056704238004,0.13395088377282993,,0.09095278261305371,1.041081742921083,2.4522095333853553,17.294388696618487,0.659357571884016,0.1297954206702968,150,126,1.1904761904761905
2018-12-04,inf,239.4113459227115,0.35775833534027646,0.06289396996781879,0.18355986901549232,0.11624502765159045,0.15358984237985598,0.06586241571484383,-0.4025043625354367,3.3137655949279154,12.459886317508763,0.6490435103650608,0.14142591042027794,150,126,1.1904761904761905
2019-01-03,inf,240.09432853972388,9.621070627961116,0.07479455822948418,0.7922862215993102,0.09554925949075914,0.7922862102817496,0.04033402481016322,0.02029122062264291,-1.0947001883984546,15.661933493762504,0.5966355494898203,0.14106728482401465,150,126,1.1904761904761905
2019-02-01,inf,185.59502332791592,19.81672855242413,0.06478276411909235,1.3698497730958823,0.10294966740343237,1.3698497652230566,0.046222320845886664,-0.6348606494906207,3.2714221471911347,16.72852854427193,0.5810857270180634,0.16556410643861033,150,126,1.1904761904761905
2019-03-06,inf,218.6755002773515,10.30639399558606,0.06766821480877606,0.8005143600866329,0.08081690308513072,0.8005143433992328,0.0250288105771449,-1.2359948280736732,4.356552740150329,21.67728992791691,0.5673279081387714,0.14982444576525758,150,126,1.1904761904761905
2019-04-08,inf,159.9864650629195,1.6846454056223983,0.06242290287425952,0.38859022561325607,0.08318381666354457,0.3885902224578523,0.02681359155748011,-5.258727435703827,-4.003499542849162,15.809804155897671,0.5088029324130783,0.1803637645742677,150,126,1.1904761904761905
2019-05-13,inf,101.3354908094517,2198.591436309343,0.05062269426060167,12.172887890375504,0.10033613373227233,,0.047715668469077946,-1.2232707310743642,8.0549124272435,208.5838644626391,0.6708991576327037,0.22649630366555182,150,126,1.1904761904761905
2019-06-12,inf,176.5413395548294,11.088388226862364,0.05384240796244777,0.8899133089338866,0.08784042177085016,,0.038975317577341365,-5.541741664469382,-8.208473985518012,218.12965103713043,0.6320388357666044,0.17523113757798525,150,126,1.1904761904761905
2019-07-11,inf,171.86647380666133,4.4755494373655935,0.04903019280121863,0.5802131202186889,0.10463850748094629,0.5802131096002646,0.05539661466086144,-0.057118600374964995,1.1289300730387695,20.49305977963015,0.6964972774051552,0.17653627292431553,150,126,1.1904761904761905
2019-08-09,inf,203.28180669825903,8.04438997850421,0.05824554638248075,0.9875894942476393,0.07661563956715023,0.9875894822002403,0.025979000558023428,1.6462161341692136,-4.639214145900971,11.312058445422675,0.5234551571241557,0.15793130917206175,150,126,1.1904761904761905
2019-09-13,inf,205.34968531594825,17.67571283976991,0.06037844182835601,1.430264479800496,0.15439326044388202,,0.10458546705829955,-4.120275446128495,2.330604128153737,15.308394642972768,0.5648345150612462,0.15687798948117168,150,126,1.1904761904761905
2019-10-16,inf,202.69406585376996,12.74014106501589,0.0585460100541879,0.9903388517423428,0.0969543700236969,,0.04370182156874432,-1.554724957393569,2.4794606217531854,16.369330809642,0.6562653596429381,0.1637515192492815,150,126,1.1904761904761905
2019-11-18,inf,191.1894841904474,60.906010483045605,0.05872027023299248,4.076708397594101,0.08830981312773946,4.076708350947651,0.032856513543360506,2.772151409624894,1.3338785901151007,29.588668366902816,0.4871717877856254,0.1635641251425181,150,126,1.1904761904761905
2019-12-17,inf,135.3577416139921,3.865492118579009,0.05114462178277603,0.5362600071193018,0.07810412600750774,0.5362600001477056,0.02153769470264172,6.819572701424261,4.9714013081753965,37.61267453964143,0.5019257773358946,0.19342654969967724,150,126,1.1904761904761905
2020-01-16,inf,129.91444537398604,200.02322695820982,0.04584711104160402,5.4230571625629365,0.13620538760315626,,0.08238568699405557,-4.051746291400183,5.958894937297057,74.34078327436396,0.44363423773295096,0.1983313714986854,150,126,1.1904761904761905
2020-02-14,inf,117.3867091913181,36.31084553715984,0.04405762969285183,2.6567427498144967,0.27231891407731323,2.6567427133755355,0.2164315647770352,-1.7445490524572678,-6.893056329301282,86.43606594698514,0.5269596273610928,0.21151109981221433,150,126,1.1904761904761905
2020-03-18,inf,214.39548913968733,780.9075248395009,0.07257769999776904,24.74583045496009,0.40598498780467895,,0.33673610307551227,1.8798488151259725,0.0695821319438511,123.03394361064022,0.8163275177137224,0.1760734518458077,150,126,1.1904761904761905
2020-04-22,inf,291.2363001026343,21.092484086070883,0.10564544639344767,1.8572252856379632,0.16146597912008293,1.8572252532722522,0.06475740015932129,-1.2586565829022702,-2.2783085417135243,126.35356246550911,1.020207190225547,0.16309413954081584,150,126,1.1904761904761905
2020-05-22,inf,358.08979046638706,20.786848511871938,0.11156411496666231,1.5454813660281832,0.14999770907074883,1.5454813245481256,0.053757523265909074,3.8269043959576146,7.123842159957915,20.113270671044013,0.6617738516726146,0.14204423468563288,150,126,1.1904761904761905
2020-06-23,inf,396.3796428930843,307.31867559223906,0.12238281017154215,7.571946886133722,0.15604678702447647,,0.0601978633727579,0.8684420220428485,2.454273630234047,87.98124970824223,0.6709180363361245,0.12988975225958058,150,126,1.1904761904761905
2020-07-22,inf,394.1133036021387,388.3779265011519,0.12960886411326417,6.298624383124912,0.1554875064383948,,0.056940253053892886,1.9044965881692844,5.75594420304743,90.54723902704909,0.6783091906352845,0.12867563235548576,150,126,1.1904761904761905
2020-08-20,inf,376.9033512836557,13.61033355129441,0.128406029491031,1.3045508372209738,0.2346481383423777,,0.13227398353047903,-3.37883919383305,2.7640777480926473,104.27599067939552,0.6360982022511056,0.1321788177699814,150,126,1.1904761904761905
2020-09-18,inf,227.31497118664677,125.68759599241407,0.09933726058879008,3.125838485086996,0.17050145150897042,,0.06383474901506628,1.1432376559486557,-3.7417143471682963,41.89511835165581,1.0313235968093313,0.18187680738172174,150,126,1.1904761904761905
2020-10-20,inf,222.56175789582318,13.28175693194304,0.08118619485623361,1.1521519095600468,0.12370214902409533,,0.054629965223593674,-1.9030465332474495,4.06296039303696,45.86431840973232,1.3013478959879652,0.14680117204147267,150,126,1.1904761904761905
2020-11-18,inf,140.2182183264814,8.904283964959196,0.07227862052281699,0.9352774637631037,0.113845742370797,0.9352774419944577,0.041706145271604544,1.223733633906837,4.045233366855892,16.8985720235919,0.6260921490612859,0.18780919893700893,150,126,1.1904761904761905
2020-12-18,inf,99.10754343342889,154.130095940579,0.06394374083010645,4.448361273335956,0.12010358023882785,,0.04893734262100537,2.731105944856052,0.11778545398838243,52.27329457028449,0.609661903787124,0.22432752749380258,150,126,1.1904761904761905
2021-01-19,inf,137.74246303709694,242.9029368380593,0.07385660977861627,3.6733031643673444,0.10978302685809271,,0.04258468750144674,-10.062350427818341,4.861387706321029,102.4861765360321,0.6272388847534851,0.19325889247428713,150,126,1.1904761904761905
2021-02-18,inf,148.90954152570202,186.4691470711733,0.0771694196930731,1.8869273167925964,0.13052205662613683,,0.06308784773127098,-2.0664197884889526,2.649531154510312,57.436991511315654,0.5581974728356931,0.1848275288975801,150,126,1.1904761904761905
2021-03-22,inf,145.66436563978718,100.24924047229854,0.07084481116989337,2.759738024164583,0.16130652951903027,2.7597380165850414,0.09420154040070372,6.537683131678875,0.4966283901106832,84.52572181578356,0.6358308994426931,0.1831685248237447,150,126,1.1904761904761905
2021-04-26,inf,154.74363460898576,174.2541260096913,0.07436230041976752,4.929057375585624,0.11348521266655555,4.929057333442743,0.04516589301997659,0.4291251723092249,8.295885297144872,82.43814436255104,0.7416874714954595,0.18195624566667332,150,126,1.1904761904761905
2021-05-26,inf,157.4079458038494,535.8800375181678,0.07048767915715598,6.9271216329283405,0.0874519301355615,6.927121621856878,0.02203380830051735,0.09977831685170352,13.942389694274933,80.79570994850988,0.6295217690523288,0.17956955264145585,150,126,1.1904761904761905
2021-06-24,inf,167.91853764782442,63818.06698400501,0.07033595422928368,71.74883443758064,0.09028708265432624,71.74883251597265,0.02621768621894474,-12.127098716374087,7.607800366595253,1050.9888543789039,0.5367200925657061,0.17292326642653014,150,126,1.1904761904761905
2021-07-26,inf,117.38323947276426,496.9871698094681,0.05715245049025229,7.487703304841616,0.0939205390646634,7.487703228763731,0.030626346363075457,-1.6509582518688735,3.524770553518374,1154.678728290753,0.5640255976407884,0.20879341841089785,150,126,1.1904761904761905
2021-08-25,inf,141.59719302638135,1446.4855228654744,0.05925309275089119,23.80499573204709,0.11349345288922547,23.804995602277,0.0547536514300715,4.414403094645292,5.648439252283473,151.67127948001573,0.5227201668056249,0.1887486964173703,150,126,1.1904761904761905
2021-09-24,inf,115.66426163618087,12.493427374364362,0.051921140771424595,0.9584882434948453,0.09127189146164738,,0.034055185262346216,-5.648325575723219,-3.9239384631061744,172.34107486374023,0.5775852193545914,0.21414931658662087,150,126,1.1904761904761905
2021-10-26,inf,58.19975743777455,7.640820538765199,0.03630492931274977,0.9548793583925783,0.08444579913887179,,0.0293390183986239,-3.8265057456167066,-0.5607824144842997,14.936670356592229,0.6028941165586346,0.2865150166080312,150,126,1.1904761904761905
2021-11-26,inf,84.01928830980978,19.44955780079669,0.04461651896106492,1.2840487765025486,0.1275652374381823,1.2840487610331224,0.07474942188335874,-1.0783191774001502,-2.4579780273686076,19.28054327377101,0.3939849193803815,0.23881496328150484,150,126,1.1904761904761905
2021-12-27,inf,140.1050383077646,26.387108139696664,0.06121141745878363,1.269017959054464,0.1256018741269799,,0.07111128758520371,-2.407945488017888,-0.48847592604560724,21.216762357332797,0.5764626519493758,0.18342054835172478,150,126,1.1904761904761905
2022-01-25,inf,194.78507963989983,95.48151285410412,0.07411635930334823,2.584912314818784,0.12145503316722935,,0.06549478919354676,-2.7209356997759246,-6.28811759222664,34.8059934771899,0.6283493620374698,0.1533463276020108,150,126,1.1904761904761905
2022-02-24,inf,231.38543840221487,4.618450766598443,0.0895863275809442,0.7370215997531887,0.16348939135070828,,0.10550744072805021,-0.1304547093366985,-1.3971487763385404,50.676816486165976,0.7376757937953176,0.1402754456885446,150,126,1.1904761904761905
2022-03-29,inf,350.5070309219193,98.349046587235,0.10175257618493679,2.327764626841966,0.10197642142331141,2.327764584940323,0.045927317302422874,2.224747108735037,4.2899179336339435,36.564722189192366,0.9179978820316274,0.11718277414851562,150,126,1.1904761904761905
2022-04-29,inf,379.37574583484957,18.066950289343474,0.10792867300772348,1.653108812179627,0.16641572132863708,1.6531087970383407,0.10954628273480753,-4.004315206118951,-2.6555632329293,37.469415052206124,0.6452555366923536,0.11195864794489105,150,126,1.1904761904761905
2022-05-31,inf,483.29578667620103,265.76381123800536,0.12218197659921587,5.502762383772122,0.13048614454444743,,0.07316203297378393,-3.877318058753097,-4.110365008181355,60.25289990275721,1.0053200942618155,0.0948147163416682,150,126,1.1904761904761905
2022-06-29,inf,469.94991388676755,6.27669335166274,0.12099279325353587,0.5987530590932343,0.10641017097563525,0.5987530437400179,0.048290759465001,-2.1084862533191875,9.532485091350603,68.48491040705818,0.8820046438141125,0.09660783618322158,150,126,1.1904761904761905
2022-07-28,inf,408.93944838058036,10.759454702635255,0.12070385211232335,1.016655655118629,0.09235122477071651,,0.03296367784244861,4.241753035939682,2.615462384817532,11.259603639932552,0.8540310368922743,0.10598548075404678,150,126,1.1904761904761905
2022-08-30,inf,319.4508995353423,8.27843469111625,0.11585550082742016,0.7408446866676909,0.1700783795031363,,0.10855472718322373,0.38293445577202184,0.5050351803498393,12.13392919321426,0.5453310184848275,0.12435357609127608,150,126,1.1904761904761905
2022-09-29,inf,273.7851398266141,30.22890196693555,0.11094854725170095,1.1402300024915073,0.09782237080579387,1.1402299696152263,0.03632085069062141,-2.091875973983244,4.655035812330305,21.2442411166723,1.1436878670837896,0.1264114980166391,150,126,1.1904761904761905
2022-11-01,inf,271.23731627968306,35.26000414297995,0.1075739215340286,3.1732300894444787,0.11158388317210789,,0.051651800936497315,4.734609226046117,2.095630072978964,25.573282049367357,0.7073565259091859,0.12848193480838166,150,126,1.1904761904761905
2022-12-01,inf,127.12751595490947,7.635006070469489,0.06817828733614142,0.8243040240651589,0.11556571923912466,0.8243040122147794,0.05748793684712513,4.458014909982344,-1.319759521542338,23.64112999231253,0.8910712378707688,0.19761091470568984,150,126,1.1904761904761905
2022-12-30,inf,127.87724591209661,8.318777902089217,0.06409731957568152,0.6520488765200276,0.06586197776239895,,0.007731051526547142,-5.225802049767494,-2.766607150996421,15.000659587993201,0.6878650910600418,0.2004081044675424,150,126,1.1904761904761905
2023-01-31,inf,139.31846582513262,61.75085216180868,0.06094936100029422,2.1272926656902227,0.0840386761090564,,0.030478361973021187,4.4621700930891635,5.13653916966309,32.20756491286891,0.5371921859834803,0.19289976206286663,150,126,1.1904761904761905
2023-03-01,inf,156.41675586156927,170.53129255643626,0.061640899850155625,2.3263492262566836,0.08241367729350545,2.326349192070817,0.02939671018050318,3.9875069347413437,-0.5704386299629598,53.31390703300797,0.5291755012292056,0.18100360792548542,150,126,1.1904761904761905
2023-04-03,inf,175.79578635753774,11.639000896612181,0.05752841357793987,0.9112332210719476,0.06295836055687631,0.9112332044869371,0.018637864091602313,8.015254293085885,10.719011031765644,52.95968476560091,0.7378022294960394,0.16973338112207595,150,126,1.1904761904761905
2023-05-08,inf,150.74109595962688,9.82801425355781,0.044684458492139485,0.9221582051521536,0.08013071126483487,,0.03829821050076674,0.05048060353259589,7.803023697332259,16.660720808361358,0.574710003438599,0.18469004054717006,150,126,1.1904761904761905
2023-06-06,inf,146.89253954628248,0.8657939012505087,0.046850927917015235,0.24061579025036006,0.08762549064416679,0.24061578428176555,0.046674320310599385,1.2340713370576966,9.544748469035081,13.542344408492482,0.5580557325416651,0.1881612079025147,150,126,1.1904761904761905
2023-07-06,inf,69.45233998097625,4.8234740367414615,0.03776139050983526,0.7873871284739703,0.08871087465314162,,0.045741172689218346,-4.797801724595401,1.9005338953442243,8.875390632143226,0.5482003896609874,0.2654368227809435,150,126,1.1904761904761905
2023-08-04,inf,52.17732672429607,2.859891952567632,0.036545997678101745,0.4985119656997845,0.058978144373071834,,0.012349508493276672,-4.180153904713004,-0.6043635832857198,9.876818378984257,0.4071099192267279,0.2997987255055421,150,126,1.1904761904761905
2023-09-05,inf,30.396015800514107,39.39322439520841,0.02815296879300737,1.5039506226554686,0.09950290545126594,1.5039505852341217,0.05312630261157589,-1.123404704620551,0.4269532316786747,25.98316405777117,0.3790436755434211,0.37474642228057997,150,126,1.1904761904761905
2023-10-06,inf,22.473952736933068,1024.3213850777493,0.022634027481802134,6.826413218664101,0.13354633353534381,6.826413114872629,0.08532302543456316,7.923230968979482,1.3587597973055772,135.0079893150666,0.39902687006252724,0.4355241570811057,150,126,1.1904761904761905
2023-11-07,inf,50.73770645358343,66.84009587612852,0.03644524711071939,1.779599478730354,0.07582751453960775,,0.0206724237425136,3.190455676460998,9.05605784182754,164.6001726528765,0.4614751516309097,0.31654041762140095,150,126,1.1904761904761905
2023-12-08,inf,56.049351913667195,72.2384757964484,0.03620142233987379,1.9361116903816322,0.09255869818086697,1.9361116642258773,0.03780722755602397,-1.0817183200221647,2.449207519897463,31.402459495361434,0.38326923718350536,0.3025297228928507,150,126,1.1904761904761905
2024-01-09,inf,28.002346341478265,2432.5911369251885,0.024623347514932836,18.11653911318353,0.13222379075923107,18.11653885181552,0.07335311949322379,1.4063479190163966,-0.3346610480713851,233.67107346681092,0.4188586573730576,0.4785742679149472,150,126,1.1904761904761905
2024-02-09,inf,32.211867967467924,10.031463742713097,0.027518828619940015,1.1064604891455028,0.09352334497493693,1.1064604726778302,0.030514122208074757,-2.801053363265363,2.908883532627195,202.30397184419763,0.3456458783104711,0.4476409129051736,150,126,1.1904761904761905
2024-03-12,inf,58.81644089174538,34.19505838093957,0.03509551151579597,1.2079657725747355,0.11771943502510036,,0.052989573686818364,2.908684877738463,1.6603978255647813,22.18483846139323,0.3069950560069402,0.34249451633665606,150,126,1.1904761904761905
2024-04-15,inf,92.62812883847961,6.674523694799735,0.04293021513000489,0.7183039517289883,0.0966339715768627,0.7183039446150963,0.03232860755616275,-5.006880413951442,4.526554502764684,24.5519283110057,0.4242336350085135,0.2779616128193588,150,126,1.1904761904761905
2024-05-16,inf,79.43189712913839,3.5002431870450526,0.037145028679873786,0.5287803418642013,0.1703726125439265,0.5287803368957678,0.10929737102755,7.020003426444153,6.213920874709844,10.446512165003341,0.4447911812633587,0.2993615210513039,150,126,1.1904761904761905
2024-06-18,inf,142.99082738764827,45.45293773002068,0.04999897401176221,1.484392983274212,0.1005669515307357,1.4843929660916517,0.03640139047480079,2.0856944145685072,2.6878691063516893,26.53174840958569,0.5884233926502151,0.2359621929150048,150,126,1.1904761904761905
2024-07-18,inf,182.61658954049653,16.96866357899443,0.05524432820380005,1.0089660078733065,0.13743778635746584,,0.0758113167168238,-6.14104496945999,1.1871533992845331,40.645877200067005,0.46719076478884647,0.19658385948822496,150,126,1.1904761904761905
2024-08-19,inf,250.27585586836474,3888.9428404554583,0.0700324683494927,11.450657283856039,0.06995812255019193,11.45065657822162,0.009412884564688785,0.9252734781930779,8.141075058927164,232.64793096724426,0.7591813157304788,0.16347844822893537,150,126,1.1904761904761905
2024-09-17,inf,208.57757767523805,132.0849885221064,0.06294543755085275,1.674144927477354,0.13805240054145557,,0.07792415738039846,2.485402177138929,-0.6306952270888353,221.54139292302145,0.470905427083539,0.18705675232622893,150,126,1.1904761904761905
2024-10-17,inf,152.78746368107,0.41646258369234557,0.06303749080996802,0.1478276881658196,0.11836790928769811,0.1114020456909846,0.054784880081465745,-6.881026732096012,-9.609034470719504,40.94065574212803,0.6070887498595114,0.22271686212674704,150,126,1.1904761904761905
2024-11-18,inf,218.88881200887786,256.3486473853966,0.08255904998650995,5.669089648899319,0.10986102851197732,,0.04296521333592661,1.5645149301237444,2.2195741350460887,68.6472873917788,0.6791803309555948,0.17878818364470977,150,126,1.1904761904761905
2024-12-18,inf,193.62494629212688,13.236248589026435,0.0859556700230763,0.7235202685969356,0.113380325235825,0.7235202504484715,0.05579549558833294,3.4129152344026044,0.10078399101889964,64.86656578210653,0.8093304921323804,0.15560380205253524,150,126,1.1904761904761905
2025-01-17,inf,335.0610661655056,10915.87788548735,0.10136634500899563,34.29505370709792,0.11944509959017204,34.295053140236924,0.06289186815689501,-2.1729622468133885,-6.387883536421901,444.3778358128301,0.7556396883224585,0.11424191912295813,150,126,1.1904761904761905
2025-02-14,inf,353.10687593084185,68.9854537019676,0.09989961141426991,1.7644824200677955,0.14136731984092243,1.7644823691833724,0.08415572095384054,5.447521565216297,0.41157938908118946,463.03255639932047,0.8953872341316143,0.11035615117795526,150,126,1.1904761904761905
2025-03-19,inf,447.49441502348805,18.065753144878816,0.11793291282094845,1.5112311734989774,0.153663287086714,1.511231150996694,0.09834892171792028,0.7492466323681212,5.589392381094129,26.75037871112166,0.9062986246978838,0.09473300417431346,150,126,1.1904761904761905
2025-04-23,inf,642.8714327496059,163.06439667759466,0.1463423732017402,2.768003877891648,0.10744264121139288,2.7680038207499864,0.050861527715105034,5.82451732430309,0.5189858445370241,45.68219996228038,1.0416343914835657,0.07708316813979375,150,126,1.1904761904761905
2025-05-23,inf,617.2014469055705,1255.2858839947246,0.1448040003904919,7.699224250320989,0.11721481068613011,7.699224061949974,0.06102763851037284,-6.799683204825515,-0.30002787116921115,132.55667504126308,0.9004621959564869,0.08007923573912715,150,126,1.1904761904761905
2025-06-23,inf,625.5749117132899,34.78754704022782,0.11928464051526035,1.6833455077348698,0.12412591482201919,1.6833454777679797,0.07069991154162211,-2.396326387067419,4.823530883011652,166.07773084394768,1.0863424239797923,0.08011350874002685,150,126,1.1904761904761905
2025-07-22,inf,483.1125783545512,8.00388796558368,0.11225456101589674,0.4953255022807251,0.10571441522523148,0.49532548385131947,0.05366095610722779,0.2955563613674811,2.6777771459811563,23.34142979194986,1.0142807855580793,0.09515975942689386,150,126,1.1904761904761905
2025-08-21,inf,392.82456865365737,43.9252911851065,0.10756684981697669,1.404053769620507,0.12521783268130782,1.404053755439119,0.07196203381892277,1.7456350162806495,-4.7876395164486905,23.060095905309772,0.8926775677874218,0.10949209761847066,150,126,1.1904761904761905
2025-09-22,inf,304.0965599961354,20.981584467555525,0.0910328513851927,0.6615519962977982,0.09217952988260394,0.6615519766122586,0.03967395971148258,0.10292840580763482,0.6858898953173289,41.36797665447004,1.1180302633546733,0.12975541423938658,150,126,1.1904761904761905
2025-10-23,inf,136.69102373446654,852.7494749436038,0.060305998030617494,5.974879133417999,0.07795714725839642,,0.027216703301253566,-0.6490837817945331,0.9090390464106918,109.83986623844592,0.8564388045071331,0.1978315917417378,150,126,1.1904761904761905
2025-11-24,inf,65.23725387761299,176.90109192907988,0.048721997663474924,2.573726408744811,0.07216899844846736,,0.023478435819313075,-1.290437754857196,0.8515175556490825,98.72989685529527,0.6111734453564759,0.27370887620809675,150,126,1.1904761904761905
2016-01-12,1372.0241884700235,234.57686689432776,0.15774810900329994,0.07630484731475153,0.12849645823758565,0.09979356440076709,0.07842816684338343,0.03578797874882053,-1.3944244487661839,-1.6944813136079186,,,0.11469277170070517,150,252,0.5952380952380952
2016-02-11,1867.2885908923247,318.24861225633913,0.16732106238054878,0.08202170179509291,0.10474210410739325,0.08896720439593374,0.055143506035598706,0.026395841442289292,4.697212136683553,2.634239765802634,0.8946572516773788,0.4192952475143034,0.09498871824521939,150,252,0.5952380952380952
2016-03-14,2291.3876629381857,407.2776715126795,0.1620457395489316,0.08607987778171661,0.108826511706514,0.08133201639385952,0.06031766079344376,0.02072772656877752,5.1273046174197185,7.400077180627224,0.8385039026186956,0.44995624431502584,0.08200932480912142,150,252,0.5952380952380952
2016-04-18,2108.496743030907,396.74770002666094,0.1800852365153984,0.08706098949079519,0.13691327647758927,0.1059687486198487,0.08869535324092934,0.04513225998232277,3.6050407056436864,4.595803004822086,0.9600083349100395,0.39705408041468265,0.0832620133761038,150,252,0.5952380952380952
2016-05-18,1915.4323681038081,343.04705237943585,0.1597914891146369,0.0795405677532548,0.13995642703647418,0.11393196929197741,0.09231290827123377,0.054130903967801854,6.685222984542758,6.702603288484355,1.1612590864085357,0.5538103305937043,0.09313417600893373,150,252,0.5952380952380952
2016-06-16,1936.720824908195,317.378468026978,0.16401049598779308,0.07625900538676433,0.0993087870167943,0.07363709111184706,0.04924254863791189,0.011738054678145302,7.670113009673658,8.988834275080482,1.0156548309243463,0.48024967322271306,0.09936489057701009,150,252,0.5952380952380952
2016-07-18,1645.5269334349641,305.08014567329724,0.1551694595401106,0.0717386643842144,0.17634169401100586,0.13203635991335103,0.13092858024682247,0.07429387136607617,2.5437016091664884,3.066715821526836,1.0197284843497858,0.5064684768677343,0.10054666158775906,150,252,0.5952380952380952
2016-08-17,1960.081575378353,322.7513372353869,0.13906459506866053,0.06885981322591515,0.12403229345225472,0.10388489367249605,0.07222224961287146,0.0426480471954562,-1.7085368131655272,-0.7350836932652187,1.0353260127227344,0.4364681653380291,0.09944108405910362,150,252,0.5952380952380952
2016-09-19,1603.9901576497346,280.5933577385944,0.19683189228418588,0.07135424230157686,0.11910301556366715,0.09274823355096948,0.0726856917060062,0.03584606605964958,-0.06115970875373387,1.5501795073425897,1.4612694775693416,0.6633739904814839,0.09357501408801426,150,252,0.5952380952380952
2016-10-20,1317.457209978009,283.0427961497321,0.15480160844891222,0.06921624235972511,0.09620502446310303,0.08805549701638368,0.0490407772424781,0.031789198354404156,-4.655696630928642,-5.760645072831573,0.9217527667909261,0.4678565778555749,0.0913101468587596,150,252,0.5952380952380952
2016-11-22,1737.6908007838729,383.1855084973944,0.1535365505643572,0.07838666736371763,0.09861567080476101,0.07605224689759649,0.05179182045545777,0.020204255178162343,-3.3763446931546035,-3.2553213809088914,0.7674429576125119,0.43376601736807807,0.07629420092687156,150,252,0.5952380952380952
2016-12-21,1661.6460708578913,377.5612760514564,0.15516851156619593,0.08086260905789686,0.10354148569357428,0.0839910299256789,0.05826305810762271,0.028929655866162647,-1.488961426252796,-0.1278946961799541,0.7951930897930328,0.3891612018877587,0.07678548066520666,150,252,0.5952380952380952
2017-01-19,1689.205922762759,366.06114361811393,0.15738486703725135,0.08069050527864433,0.128041430748604,0.10278724771737707,0.08581331942070355,0.04988081769933812,5.062137293423998,6.577883778955884,0.9196347953406342,0.47476746296160177,0.07897954379135881,150,252,0.5952380952380952
2017-02-20,1553.0981626047535,289.8984123985137,0.17685358481294888,0.0790499953707468,0.0846141625688927,0.05431363686252676,0.043213097532118744,0.00032383605723648734,2.4249859914768868,4.267235904216298,1.030428533894464,0.4931294272978106,0.09354991244640845,150,252,0.5952380952380952
2017-03-23,1165.4334455947073,209.50326156992065,0.15754886756852132,0.06995529120421945,0.12047075727449445,0.09452666840917287,0.0795217263535703,0.041515867762834835,5.874926164490101,5.817439188829217,0.732137468776838,0.3405072110740038,0.11112919677390162,150,252,0.5952380952380952
2017-04-25,1241.071375519971,198.1302772429162,0.15741245603616416,0.06622351131768174,0.085991121007548,0.060486221939769436,0.044644736524888574,0.007209126156719661,2.308734369977825,1.8796088547081782,1.066938961317864,0.4659453664592925,0.11669713404692499,150,252,0.5952380952380952
2017-05-25,1345.0046626230055,216.9910354518363,0.13280415209333363,0.06473859339245204,0.11124855046832254,0.08824622569960375,0.0699308203181443,0.036375628418935754,-0.49778267226365064,-0.9222194014874773,0.6992512095275893,0.31910161268656134,0.10996409686425451,150,252,0.5952380952380952
2017-06-23,1490.9468228960332,227.0376577457094,0.16048401348533795,0.062165407068223946,0.07772484604968277,0.0668018732874702,0.037504255330891426,0.01568614366731811,6.754040986083729,4.502522502294131,1.087040173233147,0.41481570955122604,0.10776767280004548,150,252,0.5952380952380952
2017-07-25,1588.1874818784293,224.70862419246149,0.18352152851329262,0.06386682693844979,0.13119163021080957,0.08461253282322612,0.09324220839691941,0.034250941614836466,-0.16719583126880358,-0.9438485354036156,0.8885577064978118,0.34937342222926715,0.10920936691278141,150,252,0.5952380952380952
2017-08-24,1349.8417037198183,240.8327411621611,0.15492320913446783,0.06494945917460922,0.14689134754606675,0.10153963988525751,0.10828678364473625,0.0515333368340739,0.34330213740508414,-0.15242087997910056,0.9086191606084337,0.38345840431043754,0.10247036324315993,150,252,0.5952380952380952
2017-09-25,1370.1667875870771,240.12567470513224,0.1384477465044145,0.059605471296444126,0.08596109132968875,0.06501507810277928,0.043981291276900404,0.013603781513313339,1.448121975187963,5.319227979031761,1.0036282424066876,0.425934102991454,0.10249073509652346,150,252,0.5952380952380952
2017-10-26,1503.09349806795,194.29340671969,0.1130433166473562,0.05493747677162057,0.09803169954184082,0.06908525361274971,0.057787898760847015,0.018737171521432942,2.81389889837986,5.798139529704744,0.7814168915868113,0.38982811181400656,0.12014213459136654,150,252,0.5952380952380952
2017-11-24,1131.2693745619506,122.1596465828885,0.1070107945703901,0.045629219256355776,0.07865039311537399,0.06095546922011405,0.04104592244789645,0.012300825691919773,1.9377073481975866,3.198642758871021,0.9140863053398678,0.45703307837596535,0.15423667283637152,150,252,0.5952380952380952
2017-12-26,955.8162728285391,117.24863571859268,0.11003801954068239,0.04478982608871973,0.08865021599518297,0.0650316687299679,0.05330465779468368,0.01779450046638164,7.586601951492265,6.417715958217218,0.7950908285930379,0.2556396828560805,0.15627486423242726,150,252,0.5952380952380952
2018-01-24,950.2001763788392,116.17274666546213,0.11268323764054164,0.04200657228410887,0.11551828897434055,0.0931432028679314,0.07989997836349821,0.046145719287419,-3.7958700279013264,-4.689752916518933,0.7075462448546725,0.2655158540454237,0.1566956914354308,150,252,0.5952380952380952
2018-02-26,1106.7821743205657,157.39810569182623,0.11529785448680838,0.04935495552428324,0.08486237022909976,0.06334220939074874,0.04990233181734224,0.016240707468499198,-3.1313946658283065,-4.998337044330226,0.9649602614837549,0.40649910706573306,0.13254300354240628,150,252,0.5952380952380952
2018-03-28,1137.1697970212865,181.45662084878387,0.11532978645675206,0.050693784403631134,0.06730444013522975,0.05457353410379297,0.03161215456966133,0.0076451242158134675,7.812458579467421,10.983343152974957,0.7491882889277706,0.29482852851696584,0.12021454798562271,150,252,0.5952380952380952
2018-04-30,1254.6709804892967,196.3927206912933,0.13304940526903605,0.051170533642435914,0.12238036249824732,0.0869172735896507,0.0878446432514173,0.04088660272855085,-2.1210121618051643,-1.8283319813247914,0.7124203403713447,0.29688824818250126,0.11547036179703614,150,252,0.5952380952380952
2018-05-30,1293.8200401030324,199.5597649660012,0.11741818954660672,0.04952393679914512,0.08281730195561983,0.04379382717122222,0.04610874507735858,0.0029132895145599635,1.107557286699706,3.3848654551818154,0.9815985602011407,0.38039438723379443,0.11465130744152388,150,252,0.5952380952380952
2018-06-28,1435.5512501442622,242.66446929262494,0.10767782521951695,0.05076036856470437,0.08334857309844426,0.07300397571731401,0.04740621520350136,0.028024849531777883,-5.239158427737135,-3.9273198918592627,0.6966101756618517,0.26653455533027615,0.10102259826549212,150,252,0.5952380952380952
2018-07-27,1215.2581328698725,263.32725434346673,0.11354525932812262,0.054347509923999456,0.09068466521789738,0.0715182107580132,0.05657209139153111,0.027373859335591867,5.8358829721421746,6.677628464497616,0.7806589620084354,0.37723173507641494,0.0929742735438859,150,252,0.5952380952380952
2018-08-29,1346.9391574474625,233.5524270556725,0.11185820275225772,0.05365000103943146,0.08201592888427706,0.07009356671295644,0.04806975333775134,0.025418038223205777,1.0327167498416063,-1.790304695896502,0.8421998709149443,0.3609154758525475,0.10285470765701059,150,252,0.5952380952380952
2018-10-01,1226.0687978753206,265.69736084957736,0.1131147103389229,0.05748189815680598,0.11195591366621095,0.10642636831335685,0.07923809394338838,0.06275447493759692,-7.100435367979104,-7.841449367359305,0.6040622196733962,0.3326245634672731,0.09243337743736185,150,252,0.5952380952380952
2018-11-01,1657.3801683402285,342.4072701493386,0.1251388775717955,0.06669910380089653,0.1735948719028104,0.13450989913456415,0.13876465630193152,0.08847629546338157,2.588249926066264,2.7887959379914418,0.8171840592466342,0.4818665830277551,0.08053880625737336,150,252,0.5952380952380952
2018-12-04,1670.1869454241314,338.0330840992042,0.12223474005574242,0.06575174002844825,0.10487364131210163,0.10170850744793307,0.06363016489907361,0.05119815219248599,3.0179409685572147,3.442380176799892,1.0201468718383553,0.5260237341533514,0.08152196496459566,150,252,0.5952380952380952
2019-01-03,1768.4854103754358,370.35097815514774,0.15556786915563506,0.07738722968809002,0.12150138840426807,0.09392245126137823,0.08002056015393767,0.041617264044972575,-0.1021436770360214,0.2708415755035143,0.7956607814759904,0.42306987775303195,0.07645652283464832,150,252,0.5952380952380952
2019-02-01,1375.2337013344159,330.2947156199996,0.16217680348710128,0.0748969290885404,0.16686281639646436,0.12471592868467991,0.12330145934139133,0.07056900862426453,2.571135375097761,2.262271910311965,0.8923597474576728,0.3826006017072149,0.08063858313628255,150,252,0.5952380952380952
2019-03-06,1622.2550327178542,307.7126909079774,0.13533294319501835,0.0667271255686266,0.08893192117376805,0.07354869041075279,0.043336191461993405,0.018335704777542094,5.846234270016903,5.35242263514166,0.9762141731213126,0.49430912498069196,0.08731640384992614,150,252,0.5952380952380952
2019-04-08,1722.0113185153702,293.43888392038764,0.128803513595028,0.06726896257726,0.08120949202096987,0.072208623202917,0.03651660374712378,0.0173992379078231,-3.257236333634429,-3.075623956987676,0.8723575848390666,0.3848119521258214,0.09115958981172723,150,252,0.5952380952380952
2019-05-13,1572.7862394168271,281.7758367038724,0.16951827280284223,0.07147452601508858,0.11136851599246218,0.08486251882067887,0.06894312433321266,0.02990903495403869,11.641936641131807,13.172297554251186,0.9415663938875702,0.34649935290184897,0.09284208662019056,150,252,0.5952380952380952
2019-06-12,1435.3395608628314,304.2519132828561,0.16472386414073648,0.07027882570522719,0.1036196790856081,0.08815444395261628,0.05869586715522974,0.032002935956398776,-6.804923723920601,-7.361176855299983,0.7609959517012728,0.3932995294507087,0.08796402297180966,150,252,0.5952380952380952
2019-07-11,1554.2656427898253,298.59562199072843,0.1864380704522849,0.07151168348570623,0.12380965873449806,0.1044281763979413,0.07604722933163353,0.04514345898030407,3.9866058839365035,0.12616107213749225,0.9290869914342994,0.3574648481846554,0.08991466483097603,150,252,0.5952380952380952
2019-08-09,1525.8393402262438,285.8403839710149,0.17927963961422244,0.07409792803526744,0.09124932895035046,0.07966575209769965,0.04324493600693887,0.019641143425606376,-3.4378306682250623,-2.662516466143374,0.9958976433110932,0.4485242019784632,0.0924542487122602,150,252,0.5952380952380952
2019-09-13,1749.8729112434273,329.083951162889,0.23788250603113859,0.08371670410619006,0.3003481075655005,0.20985074649920232,0.2567324661544175,0.15077950260991455,2.4724667712187074,2.9720852655015855,0.9767649037083914,0.4207140032604721,0.08433184322485744,150,252,0.5952380952380952
2019-10-16,1784.1874795060592,295.10592016643545,0.24002473643482053,0.08018610369207296,0.15642080309974937,0.12355827693325197,0.10764273741308794,0.059482889500584626,1.0069663844228334,-0.3760656298209747,1.134349453571809,0.6258899472082926,0.09373537078245892,150,252,0.5952380952380952
2019-11-18,1505.3950845832167,235.1254256143291,0.1844380659407084,0.06827369756997345,0.1393832279755752,0.09757765372416599,0.09040487271673328,0.0349308405267216,-0.5370230089308796,1.269683780372557,1.2808460718525796,0.626322052034364,0.10683461580455829,150,252,0.5952380952380952
2019-12-17,1823.6755556315682,248.07197599148375,0.1711483442676635,0.06442247249270203,0.0926805656856631,0.07941663110033255,0.04451140430519023,0.018517264711787412,0.20913418256668373,3.0649902969786806,1.0236219367944352,0.4444214944369178,0.1045955882066267,150,252,0.5952380952380952
2020-01-16,1717.8407274293843,227.96426008767398,0.16249950358392823,0.05936318390246694,0.16779368923467308,0.12195703399539481,0.12186097210793415,0.06299616823271051,4.285665221040247,4.458453598812417,0.8115358168170141,0.4123267419373565,0.10976040059897804,150,252,0.5952380952380952
2020-02-14,1685.0894012385502,239.1432967010622,0.1547468746153902,0.061218459871198054,0.26945861840987706,0.26962914957639383,0.22275345833524557,0.21019238188657402,-5.105180829368075,-6.343101796501109,1.2179327897861885,0.4689640385300894,0.10570769073922928,150,252,0.5952380952380952
2020-03-18,2157.220171182473,304.7073474011828,0.25318051567138494,0.08616252483737266,0.4345028875631492,0.40824528547246675,0.3853605360950545,0.3398259104307887,1.8229651070905333,0.9665390091106859,1.6656038715360637,0.7829614779233434,0.10398777333492261,150,252,0.5952380952380952
2020-04-22,2942.5635523038995,358.1985944097995,0.3400998010396301,0.11069188331931454,0.2260074437830507,0.15479566729153074,0.16596298733533657,0.06727842333395197,0.3077041005281911,-1.3019881581802004,1.7754894671786816,0.8686452900655875,0.1074319248268294,150,252,0.5952380952380952
2020-05-22,3482.2459723756383,406.0864863597718,0.31019387537233534,0.11442188246229765,0.16985504489049508,0.16879483283196045,0.10489497520671727,0.07909504229075377,6.781238221733362,5.751143963620224,1.3248586226362056,0.46822915633071793,0.09752037600413974,150,252,0.5952380952380952
2020-06-23,3674.1490805285594,410.53152901889166,0.35309097126039835,0.11615664554957644,0.15510022287117972,0.12135856813525696,0.08660467025890375,0.02732003838398364,0.2743235893435064,2.260150148811891,1.2077878970265905,0.5003858973314084,0.09567732241942613,150,252,0.5952380952380952
2020-07-22,2952.4342998177485,395.017569646451,0.3024789116914297,0.11497095047555113,0.1544743017571934,0.12458411243968283,0.08303481014287989,0.02934804026761771,1.7333877234313175,5.099560534263826,0.9902842837756225,0.3399608312910162,0.096143465102529,150,252,0.5952380952380952
2020-08-20,3007.239832673821,375.72143638733934,0.32522183108358615,0.11799531509358055,0.2533088871534714,0.19433299241178342,0.1836005656516033,0.09824546957089716,1.1879786853668435,2.6815542928789746,1.1149308433927427,0.3971120145060451,0.09990578740381145,150,252,0.5952380952380952
2020-09-18,2881.7924431367737,372.36263295303297,0.35341656157555446,0.12251216672154289,0.27969354712782696,0.17932706716930596,0.20603081960120384,0.07917118368908789,-3.3845267261537355,-4.768464084236508,1.4052430221265149,0.4896814018189268,0.1001227870991843,150,252,0.5952380952380952
2020-10-20,2640.8526133171135,375.8766876571998,0.29844779646938124,0.11870725360370807,0.20483906148334913,0.1393044507753464,0.12293266606957372,0.03634874429248883,3.217288029051818,6.069305135093586,1.5452985230611775,0.5737618354569398,0.09948782287159116,150,252,0.5952380952380952
2020-11-18,3251.5993481637474,385.73484766820263,0.29672630492316926,0.12337745052981704,0.18858059719856143,0.13416905459502523,0.10742073066573116,0.03109853404500837,2.2372574136191314,3.850051388883474,1.5023401682194168,0.5261121198398548,0.10032077674920752,150,252,0.5952380952380952
2020-12-18,3171.4087928120307,382.8362686477382,0.29310653389881547,0.12233066779533032,0.16344721933773365,0.1099024919218873,0.08068400484439214,0.005687135784808478,-3.915701228064483,-2.9829310398926525,1.1099246808782757,0.4006267863504527,0.10032210498910425,150,252,0.5952380952380952
2021-01-19,3002.3779244553693,408.73142128904254,0.28931460408069,0.12299532736425528,0.2464736049130077,0.1711456767055817,0.16280012527456847,0.06728963983294428,1.4513149406400694,2.906888472126696,1.1010401002469,0.36576821841652163,0.09455199615399179,150,252,0.5952380952380952
2021-02-18,2715.454655898633,398.1817776215233,0.2915896303039551,0.12249778799304166,0.20567770477286246,0.16891830114438056,0.11845972380669924,0.06159130657428835,0.7201194384369924,1.7903685787241024,1.4139397347717755,0.48147855989753446,0.09461110981127849,150,252,0.5952380952380952
2021-03-22,1994.8510596362928,274.6367626245661,0.29097322361866046,0.10982835389167256,0.20800407692799475,0.18706712381508722,0.1269845536028742,0.08349245247599364,-0.2651612748980476,-0.0007520407158066278,1.6481881142632857,0.7263130976522638,0.1184444132414443,150,252,0.5952380952380952
2021-04-26,1584.0198615686854,295.99110011435835,0.2580237951097816,0.09660156597205438,0.15323760183221108,0.1087691325590275,0.09298768896299378,0.0315317579290359,4.305090794362522,6.758606226382629,2.104719009357729,1.1792045676387528,0.08898417993871814,150,252,0.5952380952380952
2021-05-26,1431.984511837217,238.8383522229507,0.23368358790688248,0.09087017147560104,0.13470661117225483,0.09208175255984744,0.07523503283975884,0.015138298804887776,6.734656958571201,9.738143458448667,1.0933933639968045,0.4629397254140213,0.10206989574610252,150,252,0.5952380952380952
2021-06-24,1369.6878695863625,214.37198022762018,0.19854432608784076,0.08294604408099357,0.11363596779497638,0.09007401908437637,0.053479360669982,0.014620968540342047,4.658856240004045,6.468723903331165,0.8173740622386729,0.41984612079080524,0.10929054880671439,150,252,0.5952380952380952
2021-07-26,1374.253287083343,203.57282561591788,0.19924221677495957,0.08043142787430799,0.14070387358669398,0.11000310001815093,0.08100230649008347,0.03514675792443729,3.3189931064594034,3.5612967319724707,0.9231743831435546,0.3604115584542621,0.11425113995955657,150,252,0.5952380952380952
2021-08-25,1453.9736847838326,231.57843661571258,0.20520840142883867,0.08373343158632643,0.13972124905779867,0.11383944176675814,0.08077682242022524,0.040264850734242144,1.4978112261400238,5.184390054022985,1.0122211824702965,0.45983144813355936,0.10488251302791216,150,252,0.5952380952380952
2021-09-24,1362.0892929249655,208.8192274372578,0.21723211340565676,0.07899627602657328,0.13739191089382038,0.11171692206958861,0.08104549723850651,0.03962577902051653,-1.8916148119165346,-2.004147056211444,0.9415173340170564,0.43859661102296865,0.11181937722086605,150,252,0.5952380952380952
2021-10-26,1263.6011071127862,167.39994454948976,0.19964785963900325,0.06919922703451019,0.14692043764587262,0.10069398981884305,0.09088026172213753,0.02896368697097966,-2.2507285554772545,-1.5746022505802837,1.0475941778457136,0.45619339560524697,0.12890902459915898,150,252,0.5952380952380952
2021-11-26,1351.0061291263933,195.08198335852674,0.19171155946434704,0.07085714916269284,0.12118462263792838,0.09749160570260199,0.0679467187503981,0.029203379563196186,0.043066729609918385,-0.2602158586903298,1.0061961238445805,0.46644160539467217,0.11694176216979926,150,252,0.5952380952380952
2021-12-27,1636.6368818361898,249.40944425751738,0.17192906906432365,0.08096640313802678,0.10516379991659378,0.1007101123035258,0.05482964618273785,0.03563536577099134,2.3363870012640877,0.3550487705232935,1.0731213343744266,0.4515374554304173,0.10061559060330076,150,252,0.5952380952380952
2022-01-25,1503.9237893444736,234.06261004474683,0.16443679138743042,0.07997155464126589,0.11638875080020031,0.10475475094050152,0.06501241621798041,0.03917236095737163,-4.150959454541885,-4.146023360542149,0.7904115929061943,0.42277652851971337,0.10357893958063302,150,252,0.5952380952380952
2022-02-24,1577.3836772672219,280.0493894643364,0.20793769317929284,0.08612552174549318,0.1483880575887541,0.15377777388650965,0.0983576186832992,0.0896506953964559,-3.002837833714629,-1.8785794759115455,1.1529926070125427,0.5300218650734341,0.09138416577268797,150,252,0.5952380952380952
2022-03-29,1955.4791032075211,341.0083747368666,0.3258401767794805,0.10448663004482527,0.1948110338979468,0.11260504652289893,0.14588716506231253,0.045547593771685185,5.599306747067704,7.696673296509935,1.2931061887240332,0.6039369464060929,0.08450248120768128,150,252,0.5952380952380952
2022-04-29,1611.7783326529939,280.61484840701627,0.23433397490661442,0.09236913535845992,0.1860880903567717,0.15007104289479264,0.1343101358506209,0.0837462908648157,-1.2000679804544478,-2.750844486034098,1.5900295356572736,0.583703717415673,0.09354529480650149,150,252,0.5952380952380952
2022-05-31,1887.5496055236829,370.90191185078135,0.2628373376714227,0.10643684084175736,0.13473284698852606,0.12012810653671484,0.08174144324824378,0.053114369742801565,-3.8376887038579475,-2.917063596377974,1.3852061839109497,0.6317253327010831,0.07709812159965093,150,252,0.5952380952380952
2022-06-29,2109.9161563673606,433.89530375105556,0.2700083532457008,0.11783181536602164,0.11044950552718653,0.0943821200584407,0.05713318414522832,0.02703473324750072,9.856162617057661,11.008510567359178,1.1502264453956692,0.5914225909493036,0.06953150138355038,150,252,0.5952380952380952
2022-07-28,2502.296967713626,463.0440424660196,0.2864905266080313,0.1179559846059253,0.10996454406110408,0.08016602202411383,0.05487198401554231,0.011641519095737046,-0.01894433190579717,2.5122341729427498,0.8889542698511077,0.4505761255002677,0.067930690364686,150,252,0.5952380952380952
2022-08-30,2435.115980161101,437.49806086259775,0.30033902641990695,0.12815655311096322,0.17329522236790068,0.14679049101068178,0.12234968560400737,0.07976488408345461,-0.3919341084344932,-0.25299655154959894,1.0976647228446899,0.46919813856100023,0.07116600615859833,150,252,0.5952380952380952
2022-09-29,2435.7925419143994,478.7112798354472,0.3330515967992548,0.13087342280886033,0.12682583782483636,0.097766206244213,0.07414302868956626,0.030101543682563764,6.773428495426781,4.674162534647873,1.5592516047097436,0.7182472641583995,0.06617347176360378,150,252,0.5952380952380952
2022-11-01,2738.8189223276822,507.2985657888863,0.27364317259267446,0.13150173081337765,0.1292431994541655,0.10478410635140516,0.07434058873354962,0.036897444523037976,2.182182419472466,2.556743940110501,1.138108023724345,0.48604073623276867,0.06485070890350621,150,252,0.5952380952380952
2022-12-01,2042.8661509972876,436.4638745869187,0.2697217910177162,0.12358171337856526,0.13098944769705248,0.10059009340830775,0.07514574027855062,0.03185893233760148,0.04511982411859147,-2.55191187681535,0.8879491875582717,0.47675459404438203,0.07010777843822137,150,252,0.5952380952380952
2022-12-30,2238.133840615347,438.44305311116926,0.32031078784336775,0.12378046096332941,0.15478911161894898,0.10062772472698878,0.10122971260495536,0.03245554436521114,2.4548269129689544,0.8610638488109886,1.174875502030741,0.5349838923113803,0.0714454540905327,150,252,0.5952380952380952
2023-01-31,2081.621335202283,404.10229516615414,0.24581843570379316,0.11255402255002842,0.1528366434052279,0.11354230973244937,0.09594073127298787,0.04459625331240115,0.8385237331109012,1.251500180470126,1.3461497959471684,0.5059715737168847,0.07570383228936269,150,252,0.5952380952380952
2023-03-01,1991.0619693050612,361.7251742162064,0.2989442594763795,0.10514916130510929,0.09881103088427572,0.08520006540089921,0.04079209904477915,0.014776185244817441,-1.5075124846459256,-0.7329211924751049,1.2195690242061183,0.45491058522040884,0.08197961960251224,150,252,0.5952380952380952
2023-04-03,1880.5741371157383,337.9015858710086,0.2576280800898315,0.10387168363478971,0.1728954272733785,0.10438702143173642,0.1232227758448543,0.04146672226399099,6.407450234643632,7.501504026555608,1.681754524683582,0.7784184154058027,0.08159209414813066,150,252,0.5952380952380952
2023-05-08,1694.666850917056,306.4423512373059,0.18548465274243503,0.08465832623046314,0.11078311348250752,0.08570136932767956,0.05704403591967552,0.022622712068237613,2.2697690483292603,4.526752399765571,1.3432445253892489,0.5774432450636378,0.0870362434359823,150,252,0.5952380952380952
2023-06-06,1431.9753852571992,212.9296701962,0.16676992438733135,0.06677441618007177,0.12079959168722981,0.09705780362970802,0.06994919265313085,0.037103068264166726,6.4843007699304165,8.967514759364875,1.1457936057369404,0.6179205165385815,0.11082509408211777,150,252,0.5952380952380952
2023-07-06,1174.1654348380534,161.27956577511642,0.18335591272085133,0.05958597315673686,0.12252273216824776,0.08917388120421763,0.07379065792818928,0.030345016666660368,-0.2631420458809544,2.3632518504761526,1.2016525816931445,0.575376033219491,0.1301600378174375,150,252,0.5952380952380952
2023-08-04,1273.219223939771,156.42575072894687,0.18167656783653968,0.05902624701869372,0.06594312981618176,0.043482869922838764,0.01840188028628497,0.014668163037918978,-5.808898773832304,-0.3793304701236385,1.0333310478276396,0.426291596658801,0.13363064629682048,150,252,0.5952380952380952
2023-09-05,1465.3565093952152,148.5490462569272,0.167679268175404,0.0545347651611183,0.10264401850492011,0.08230685811891054,0.056567836562355825,0.025819723225976594,-0.6237090462783993,0.817751119296114,0.8406014746073313,0.2789891839538178,0.13952488278428327,150,252,0.5952380952380952
2023-10-06,1578.538960247444,139.41989739512874,0.15710982178234448,0.04862341303348672,0.1643188157966134,0.1221809713938953,0.12280225245749257,0.06957245832136073,0.65483687913804,1.1698662722854372,1.1935606010481137,0.45580111447795457,0.1467133954643044,150,252,0.5952380952380952
2023-11-07,1706.3627676082301,163.8447158701796,0.1837028553842764,0.04826479679963331,0.13807520501070855,0.07930410495967904,0.0934266939824403,0.024911468004546626,4.969337890185979,10.102022484134645,1.6616980428379995,0.48448593482438507,0.1338760836337733,150,252,0.5952380952380952
2023-12-08,1314.6529783893614,164.13880823908548,0.14611856061216003,0.04793617885327939,0.08913891479267405,0.07420215307589663,0.043769098911250116,0.020263166092886892,5.479468713752976,3.851152687586096,1.0739223987517565,0.40108452772393965,0.13159825239842796,150,252,0.5952380952380952
2024-01-09,1065.7867186918013,63.54979471191331,0.15102895925040752,0.034508609642678725,0.19542183213694908,0.14306977146979563,0.1510920995140415,0.085982155556836,-0.5251516021903946,-0.15687388433156316,0.8253854096455315,0.35479788137666635,0.2638954852313019,150,252,0.5952380952380952
2024-02-09,1076.6147835524364,58.95320814144471,0.17382556507019276,0.03461307341600307,0.1469523769613501,0.09054854968255871,0.0970898271579318,0.028449517236108612,1.3082938679259408,2.908576231580031,1.3759185034902268,0.34614628537476866,0.27199249527189284,150,252,0.5952380952380952
2024-03-12,1250.9976199202952,71.25441613455058,0.1627564372419887,0.036074506006305226,0.12162154306379251,0.1134567084789655,0.0710307615980629,0.05149791581164775,4.7988463889000315,2.231084530667542,1.0080629543416553,0.26255101764279287,0.24629172657564113,150,252,0.5952380952380952
2024-04-15,1398.5787194585232,92.79063694763946,0.17526259144901057,0.0408243404564201,0.11116453519442906,0.08976814860780326,0.06237060677003221,0.027372359740042713,6.831650079394202,7.660390659216664,1.095085942695147,0.35783132005070517,0.21533421485788756,150,252,0.5952380952380952
2024-05-16,1271.0077339588922,107.26270481324654,0.2037712584640735,0.044003471489744594,0.18258086835296372,0.16881087513645623,0.13337485114990577,0.10521358921169938,5.688263683897459,6.94549340365621,0.9941945663311142,0.2828573119569773,0.19601062355473578,150,252,0.5952380952380952
2024-06-18,2218.8915189770455,164.14013011665818,0.2553827233171265,0.052447392799769614,0.14582735231379634,0.10093802459424234,0.0943183639667968,0.033004313436974825,4.443901043851157,2.1963888222535046,1.3778359220882543,0.4583551556275266,0.16697878762385893,150,252,0.5952380952380952
2024-07-18,1842.7303728990116,156.9486182456775,0.25218904465752623,0.050789497466340594,0.14572713206308807,0.14554787387229348,0.09176647158780715,0.07608709740140125,1.2537459048090867,1.309415314507293,1.066943951753757,0.28520566640230127,0.16964279845100036,150,252,0.5952380952380952
2024-08-19,2010.8059917238022,193.62296575307982,0.27407792151016763,0.06149155010289243,0.08328918161481966,0.06479473643170328,0.02801969433082526,0.007382137311242001,8.050679577601855,11.687085244435362,0.9728664948190506,0.41514653895501075,0.14759101551064627,150,252,0.5952380952380952
2024-09-17,1820.4478082001779,202.4675213334103,0.3188835161394832,0.06530751444374913,0.17318337324621783,0.1303628162733745,0.12022569974807656,0.05850505133137532,-2.0071456150036,-1.280797058511642,0.9619112975165123,0.25137618574789483,0.14296346294220505,150,252,0.5952380952380952
2024-10-17,2129.324817734732,207.38940615780348,0.32425072020854445,0.06361419049002952,0.15568098500279104,0.1017803184778385,0.09689608359501037,0.02699286344945631,-7.433449997448433,-11.309725637014585,1.222364785890322,0.3529923424094736,0.1425061149076748,150,252,0.5952380952380952
2024-11-18,2231.0498667101215,234.9954961506493,0.24103474600963198,0.0675846437574723,0.10104960670543409,0.09639975954690361,0.04105604288886314,0.022466639485672846,4.125601170906496,3.6559203018698447,1.5202446603893436,0.5146123632603641,0.13066922947170392,150,252,0.5952380952380952
2024-12-18,2216.738815285248,242.17205021532214,0.27481282717738864,0.0749873734220158,0.14719910263672764,0.1210013537800194,0.09306597374516051,0.04944373559275518,3.307309848039798,0.5517514978288401,1.3213065446874515,0.43773517356572633,0.1278855095866671,150,252,0.5952380952380952
2025-01-17,2366.06396800579,378.8628515526191,0.27842532270701636,0.09601336938756372,0.20038236921717553,0.1502592113873292,0.14423150104361773,0.07998524460871972,-2.9374445850498363,-4.102532197077798,1.2123390099930933,0.4921849585411234,0.08768242627161493,150,252,0.5952380952380952
2025-02-14,2354.0994940868436,445.0556892082673,0.2773594538151884,0.10734141577040131,0.14043940343566746,0.12406573067018198,0.08275565909334724,0.053237574548710434,-0.9414034087324183,-1.7916073341765615,1.513475095995049,0.6980041344442744,0.07701779365172763,150,252,0.5952380952380952
2025-03-19,2476.2588749612914,473.32809626744296,0.31306042051094796,0.12329639766137307,0.16398912555580683,0.15307758330844223,0.10703825144816338,0.08113166839150812,3.608708145104269,4.959147401839917,1.2751152444426934,0.5652404166773193,0.07405558697126531,150,252,0.5952380952380952
2025-04-23,2490.545404188935,504.29036007766234,0.37596711730218135,0.1467765834792031,0.1392076743960595,0.11064930942272201,0.08591427796302722,0.03912090145190791,-0.6743951044799231,0.3361499357257713,1.4850211593995502,0.7488686472208392,0.07016055361829385,150,252,0.5952380952380952
2025-05-23,2594.9697875479724,556.0464791523985,0.35867672554229846,0.14946824660135866,0.10882096710255351,0.08203299053766451,0.05424986054014419,0.010524073062983294,-0.6221094140954684,-0.5184463422769587,1.0742282908581924,0.5395949248123784,0.06541346609314111,150,252,0.5952380952380952
2025-06-23,2431.4667188483813,577.4087750962714,0.357169750195468,0.1395586517692385,0.09921036175932142,0.0879401195898072,0.04563635341429333,0.021606172812198135,2.2151334359579686,3.9701152228374714,1.0711022824671979,0.61076131676491,0.05646192739149119,150,252,0.5952380952380952
2025-07-22,2852.250567891688,617.4429460799313,0.3903743562065188,0.14526351663662018,0.13640487426245088,0.10753693054541145,0.08565039910093193,0.043068303818445786,-0.8810657183088206,1.2908999667480834,1.4087950743544164,0.6998936469715942,0.05545113722841515,150,252,0.5952380952380952
2025-08-21,2569.642181978102,568.6872634169034,0.3818893305755882,0.13318178555787152,0.14757156999359697,0.1210453133965762,0.09536806191697181,0.05623551907120726,-2.1505069576975844,-2.84592988979257,1.2315241398694279,0.6060168290371672,0.05846755355754275,150,252,0.5952380952380952
2025-09-22,2413.5532973849595,570.5417314774722,0.383241309462065,0.1364311263910384,0.17559897409778616,0.09962423187365271,0.12259388241457418,0.03416872439477861,0.4003035637179523,2.53609889936581,1.2390835963562457,0.6354086299674703,0.0578326906893518,150,252,0.5952380952380952
2025-10-23,2677.1356458780824,563.178315509732,0.28969670305980866,0.1260802754164274,0.15684934856174282,0.11944798123630804,0.10180882526705959,0.05415035203852736,1.0394731388047949,1.9343085975736674,1.2625876303534156,0.5910109231510281,0.0599251931828629,150,252,0.5952380952380952
2025-11-24,2351.467144433539,465.4643643532445,0.2939875407862172,0.11746611436608333,0.12102994449403283,0.09666679244881081,0.06608353362435371,0.031066933467291474,3.1546843716673045,1.4142566139468817,1.4125259994190715,0.6688360445338042,0.06880655568450489,150,252,0.5952380952380952
2017-01-19,491.74755015838156,287.1328614020652,0.08993094609822405,0.07246949288655624,0.10257299699183793,0.0965698066467171,0.03244380352301021,0.023873996898515562,7.817178194268858,8.099887907525641,,,0.051714435435279336,150,504,0.2976190476190476
2017-02-20,500.3967589212356,292.7355135098658,0.0862219239835327,0.0707361790027782,0.07325998662545752,0.07067228201463902,0.002588625938288222,0.0023063418206835107,3.4312590189097563,3.5753616237683294,0.3317437989630484,0.26740027504175756,0.051193536919054074,150,504,0.2976190476190476
2017-03-23,506.9367529459384,295.44707113183927,0.08555509420249359,0.07089623472783162,0.08925636252737666,0.08429800117794106,0.02026538858418095,0.012973919430583958,3.6434422108551336,4.047537844865394,0.32757524116401315,0.26529260155749945,0.05141180424337185,150,504,0.2976190476190476
2017-04-25,499.8962296769151,287.52926755535515,0.08573507716274517,0.07082376729635961,0.06462036498307829,0.062132687650263356,0.00400176768288725,0.008872366530000002,0.9973429561522049,0.9000801753474046,0.31673230443767086,0.24458961458705974,0.053168682106486315,150,504,0.2976190476190476
2017-05-25,471.2984989479474,270.2479722952688,0.09087309638761835,0.07270464745106126,0.0835746678396121,0.07785698907092911,0.019385798000119886,0.01064815729282255,5.18605875151397,4.929772906435549,0.411185704809662,0.3171018127527088,0.05566374075379292,150,504,0.2976190476190476
2017-06-23,453.39986584124796,258.70916337241266,0.08706728248627466,0.06920710835372695,0.08153421216606098,0.07384769837013351,0.017328910707442594,0.006765300424278142,3.266661277456157,3.384735266319865,0.2552635783145778,0.20562089509912218,0.05759151093578069,150,504,0.2976190476190476
2017-07-25,452.70606426638227,256.1377360304521,0.08511417017354311,0.06842350051423976,0.08043992984447307,0.07435542291078748,0.01889258790289384,0.009726581388348518,1.733050533648761,1.3003877078277961,0.36215142483898954,0.2770215812822285,0.05848402707370223,150,504,0.2976190476190476
2017-08-24,468.16802066829604,269.78620704478186,0.08432529634656483,0.06839435907071242,0.09320270960935348,0.08642929047195283,0.03256316229626792,0.022812631362936944,-1.6607055754941125,-1.5804961862164684,0.3291401925839488,0.2435842835606558,0.055838820831598204,150,504,0.2976190476190476
2017-09-25,400.67012364226593,240.20134774144262,0.07906566275163675,0.06426495895194204,0.06517751060925261,0.06085662921638264,0.007342170929708201,0.0004014936906776498,3.5381407800420157,4.3517542265092235,0.4623864737955347,0.37543552728072815,0.05277498572694723,150,504,0.2976190476190476
2017-10-26,405.2477774164647,233.22344268871956,0.07312457844955347,0.06028417237744583,0.0628651596810754,0.061458534680537164,0.006651582895418222,0.002571178376010473,8.088182361270205,8.237839715804686,0.3473536435257455,0.28229791634049173,0.05617808853880906,150,504,0.2976190476190476
2017-11-24,445.11369876256026,248.45560478409152,0.07825225568362854,0.0630413610421009,0.048079727396968426,0.048886237786749984,0.007364176452955784,0.009515625543865577,0.2034537364797931,0.6599585282588897,0.2849858867010844,0.21928655688786416,0.05533290514076855,150,504,0.2976190476190476
2017-12-26,425.60729528861265,240.3265651013661,0.08006582039049465,0.06309224159660148,0.09656429499520636,0.08581280552519663,0.04177424920507966,0.02793936838184862,1.6161063968023988,2.1318847486974257,0.22156130500842464,0.16550018058707577,0.05610901764662393,150,504,0.2976190476190476
2018-01-24,408.53925164588924,230.12324421702837,0.07921319766020064,0.062410502540177354,0.08650010839001612,0.08563874695142017,0.032745677717327254,0.028622104929375163,-5.36003183443477,-5.65645573973143,0.3471928012422486,0.25251545434797984,0.05765913425800509,150,504,0.2976190476190476
2018-02-26,400.1243920168384,221.89694754019942,0.08327383070145854,0.0632429411373371,0.06772284094028828,0.05926459325220808,0.013735431637240038,0.0018053341098012848,-5.79611680148911,-6.345507489658294,0.3219324729410916,0.24970692926896343,0.059892723172271775,150,504,0.2976190476190476
2018-03-28,374.1213766205483,203.457015735097,0.07414434994579935,0.0574224643951415,0.07878039524061917,0.07218162105787297,0.024400638814105584,0.014901333088781013,9.794188530100353,10.355713974372822,0.23112471158187609,0.1904807182170002,0.06295265236851337,150,504,0.2976190476190476
2018-04-30,374.51105058914993,204.17068889752926,0.07054965690207003,0.054430056031314594,0.0893031207679935,0.084297415028039,0.03466057385474529,0.027067182153697758,-0.48632673112765573,-0.9053780603006316,0.2967806826486139,0.22022381347674455,0.06282706605925688,150,504,0.2976190476190476
2018-05-30,366.1735554881733,206.76421555690013,0.06974972191464654,0.05407014201019409,0.05853587069302899,0.05481987589325835,0.003831595183835093,0.002373281109583826,3.2290561526014296,3.0490957360962514,0.27974539155956013,0.21145953951372412,0.060550571774490705,150,504,0.2976190476190476
2018-06-28,404.3541888986025,230.9200135593009,0.06920832446148027,0.05465407726614471,0.07674427335217761,0.07553562065095015,0.023255969301683513,0.01960059232173547,0.6645106587860179,-0.04140003327424616,0.2921727135367666,0.22283518120928453,0.055955247193962755,150,504,0.2976190476190476
2018-07-27,398.0844020956226,235.67328321532446,0.0736861269691319,0.05717357832202955,0.07292860701315497,0.06993021808203273,0.0200474806370601,0.01439009968102322,4.870919004697136,5.48157351913235,0.2792214238959813,0.22024897292597642,0.05357828629134687,150,504,0.2976190476190476
2018-08-29,385.87270893186866,228.20293487326893,0.07356554032163168,0.05708471048111949,0.09336878638291635,0.08603737439994914,0.040536773333708365,0.030476760974515058,0.026542789809785628,-0.678883640512036,0.2673986941110589,0.21241311495370652,0.05474369004658601,150,504,0.2976190476190476
2018-10-01,399.4057138842805,242.78429230138096,0.0708480723576013,0.0564280464397456,0.14378184438752933,0.13888308807054622,0.09082892728106562,0.08338680993314765,-5.705179343556259,-6.010718143906104,0.3171719593068477,0.2456869856673372,0.05127736669273099,150,504,0.2976190476190476
2018-11-01,410.49819510694107,248.4742970779902,0.07412023849139537,0.058397485145403834,0.11468654789911434,0.10754318875131721,0.060178201679121475,0.05031614576035685,3.658007844648515,3.6932515007684352,0.4975210396317567,0.413542505328355,0.05112810689049389,150,504,0.2976190476190476
2018-12-04,374.22374927229987,219.01480795829085,0.07116144529544341,0.05501795838173408,0.10600723064580234,0.10461216057225127,0.05204903655601297,0.04792679866859629,1.423300077190881,1.6718808249799717,0.43216163438810173,0.3511256848289821,0.056586292667200014,150,504,0.2976190476190476
2019-01-03,380.6710424166536,226.46751261577847,0.07147980200456468,0.05611964592743076,0.0804451368018153,0.07645623579877456,0.0251692963834773,0.018631268923886564,-0.23687574858685276,-0.21434217433477606,0.2714826941955374,0.22191576189656487,0.05457358888318598,150,504,0.2976190476190476
2019-02-01,372.0068298832135,219.55032630431558,0.06965519402102813,0.05501009073057771,0.1133592542755751,0.10119120062126742,0.05830269550650343,0.04354749002812266,0.708766097345262,0.6995632107846246,0.24822661122475648,0.19169184717067636,0.05616664462360767,150,504,0.2976190476190476
2019-03-06,394.0008267947804,228.17339292223465,0.06287693843575945,0.051753932715305095,0.06066095665649547,0.06318946919112509,0.00481862958891998,0.0050369704142367785,7.623332949331404,6.676186789093149,0.37075358599457325,0.2733436337183355,0.05594111624183075,150,504,0.2976190476190476
2019-04-08,403.19648289578845,232.49943319943893,0.06709066248854295,0.054162703521425236,0.06861899121293424,0.06593601856258303,0.013155053216004874,0.0079222435762073,-6.896555412703438,-6.379593217501393,0.22559632969269808,0.1704163119052579,0.055436643020907755,150,504,0.2976190476190476
2019-05-13,393.9526994388892,231.35221258125256,0.0667888491230049,0.05473024199378319,0.08880401379320195,0.08828368769806644,0.03413454382635636,0.031022937713380085,11.972394014695174,11.4353717722301,0.2794995010417357,0.2120343381145166,0.05480153588069517,150,504,0.2976190476190476
2019-06-12,421.3814897130386,247.30227450922763,0.06775693261153574,0.05584143718103554,0.09635190948550058,0.09178738824248849,0.04077892068866496,0.0336444145483375,-7.859579052012697,-7.9489312672688355,0.3087051339353804,0.25914322483736385,0.05319119192828523,150,504,0.2976190476190476
2019-07-11,433.6061412322672,255.48694586826974,0.06950595025364695,0.05684296105640621,0.10212355036826401,0.10034876681777055,0.04501423301165141,0.04076348008969149,-1.0625821960080264,-1.3675319873896106,0.317924970578137,0.24387448457396396,0.05184877820189539,150,504,0.2976190476190476
2019-08-09,425.0169072508118,256.1717815773254,0.07155879891412442,0.05882539101322919,0.09533926010333225,0.09099338152791034,0.037524621923242164,0.030625716847680916,-3.4035926726813384,-2.9841948197570325,0.29483063724594283,0.23996308022728777,0.0505723787535939,150,504,0.2976190476190476
2019-09-13,415.66921482515534,254.53646744269332,0.07129909788260191,0.0585925257030085,0.197249604160535,0.18413922096258767,0.1389690632875293,0.1233484026292273,3.9405862486734184,3.8255692783453408,0.2857963483497491,0.2232870998058809,0.049860704974817684,150,504,0.2976190476190476
2019-10-16,424.785235661412,255.39485813575996,0.0728341138064975,0.059280749077236426,0.1116280516964143,0.10805391686951538,0.05010064709190784,0.04400976284467985,-1.0116123892437563,-0.6884381632386156,0.44982043911714253,0.37746338407343727,0.05162215230395341,150,504,0.2976190476190476
2019-11-18,420.2541208205489,253.2832805181356,0.07592161110124587,0.0603703177383909,0.09661701859176185,0.0924323338992741,0.03418964221730692,0.027405376044232488,-0.2084322593898673,0.1730180501464107,0.29156759672092514,0.23147443160631848,0.05138559940211536,150,504,0.2976190476190476
2019-12-17,435.8765223343601,259.1639848124474,0.07895198382583851,0.06115183916329478,0.07160160879517878,0.06731731250688175,0.008701101478758466,0.0017591028471722059,5.716718853495353,5.860353728403573,0.2685787058725456,0.20760610259042692,0.0512718253251621,150,504,0.2976190476190476
2020-01-16,448.9062318288603,264.21470884261123,0.08127425580898828,0.06227292275504084,0.10735382633907452,0.1022081304991961,0.044365933946086025,0.03645598607835274,4.296103544564558,4.098018125970916,0.2166505539292596,0.16074876969754276,0.05099952670756246,150,504,0.2976190476190476
2020-02-14,514.9324256575416,284.9721669056913,0.08231328089617046,0.0629953804442844,0.2395070580224065,0.24559086707150646,0.17583930282749116,0.17909761274959482,-6.779029980016984,-6.749561617242259,0.33220077848910656,0.2519713938762135,0.0513217122024493,150,504,0.2976190476190476
2020-03-18,594.952572755492,313.8634247067612,0.11001532652473064,0.07798296604542201,0.38879532798969,0.41051313534474154,0.3183490607932913,0.33615306382050547,-0.2772200756606365,-0.037729278224395715,0.6856346886661862,0.5530558784851032,0.05450349731392253,150,504,0.2976190476190476
2020-04-22,758.1681360817095,338.29440231052996,0.15750977840739674,0.10313712926360141,0.1783088352189342,0.15375237902933236,0.09835515309648468,0.06644202396320312,-1.8361218561500217,-1.9907902261477588,0.7769718617035136,0.672917928930837,0.0657426088450914,150,504,0.2976190476190476
2020-05-22,741.9613993185535,346.91153402233147,0.14525129891557403,0.10044199260503966,0.1372940495185374,0.14069424157481483,0.05410198762300153,0.051085706201582676,7.692774766528266,7.2995240396078644,0.4476301155174658,0.2893173541673447,0.06228048942504322,150,504,0.2976190476190476
2020-06-23,746.2421201554251,357.59893776783434,0.1488035675037508,0.1055923642155068,0.1209223961601402,0.11374632151009693,0.03713208935477323,0.02322159544307742,-0.3612040918816017,0.40352714622540103,0.4118485660394502,0.31814855610006787,0.05958551041612365,150,504,0.2976190476190476
2020-07-22,739.9264922912632,351.6504528345083,0.1469642465967183,0.10514815408198785,0.13980830136659195,0.13322601992079977,0.05514206492306599,0.04183619942429875,3.9853117530349675,5.28729888465838,0.2861124034903343,0.20509062351912052,0.06021727748943605,150,504,0.2976190476190476
2020-08-20,726.3307481395036,340.86868865631857,0.15711725558693115,0.10834561569228142,0.2015697590353869,0.19562195093538456,0.11610772395773841,0.1028849175276083,2.4003734793970777,2.72313910796236,0.3840213994461494,0.27857852394837906,0.0616819517810425,150,504,0.2976190476190476
2020-09-18,714.3799512698654,346.21413725839767,0.1633891035060926,0.11288749830382755,0.19011684724715977,0.16648306840710458,0.10099420462362821,0.07029225435844931,-5.927786151647004,-5.327875568680223,0.4813745447209796,0.3626640696909261,0.05961083273691467,150,504,0.2976190476190476
2020-10-20,714.2918821963066,348.64106474449477,0.14826828753070787,0.10675043469196915,0.1456399775374737,0.13488910142009106,0.05295876877140883,0.03628988494033425,5.142123635872024,5.970476390035075,0.5065002089801851,0.3351722316458661,0.05913090086062079,150,504,0.2976190476190476
2020-11-18,676.4313322537554,322.72585332096133,0.14146741961672277,0.10275315659020451,0.1479106545139128,0.13398744760693349,0.05501310886107258,0.03533344372534067,4.659204847435586,5.307085418981591,0.4660037469705274,0.33850607623435797,0.063416499592679,150,504,0.2976190476190476
2020-12-18,710.4822179909627,332.3654321157325,0.135130034184687,0.09997546452461434,0.11341902549837621,0.10686646443090192,0.020487992298409155,0.008457212363319477,-1.7037251793220103,-1.0609812980587388,0.4174463566107957,0.30619762087041436,0.06268602948839948,150,504,0.2976190476190476
2021-01-19,736.3580570132333,342.93134420079514,0.13528415626065712,0.1013230738949128,0.13698070833344209,0.1269937090395331,0.044541437986893306,0.028950841234812646,2.989844791099623,3.9466311178235447,0.31410570575048197,0.2214322310073227,0.061354030448151735,150,504,0.2976190476190476
2021-02-18,777.7144593941287,353.8800069920319,0.13968159300843563,0.10377293118025724,0.17617909721472902,0.16700384020151837,0.08332913954917773,0.06824956577854202,3.089812540196119,2.9583479992315804,0.34138908774724375,0.23661980924416134,0.06037710982294436,150,504,0.2976190476190476
2021-03-22,773.7337583126445,354.15457019289755,0.14662159514785092,0.10640515082720464,0.21202255997648467,0.19677268316988628,0.11844008909282532,0.09708954727573946,0.44556801470568863,0.5956887664570786,0.5056161967852774,0.3540612204656657,0.06012746657241824,150,504,0.2976190476190476
2021-04-26,770.3131902927971,371.0672467857366,0.14252405317642786,0.10601064002400463,0.1088426382781953,0.10663444458793231,0.010883762810873845,0.003378746231866861,5.162187951350847,6.565961151650928,0.40584300125719286,0.30818361592282784,0.056345814879859006,150,504,0.2976190476190476
2021-05-26,787.0979463347134,371.0881017723626,0.15074608186327565,0.10957094423846944,0.10873207084644185,0.0941366102633604,0.01092019716535128,0.009498886412444618,6.755039463351227,8.76868820960199,0.2719823185526117,0.20085137290808966,0.056752971115900545,150,504,0.2976190476190476
2021-06-24,760.883637395507,353.6664881159684,0.1476282172428518,0.10619289847406096,0.11423661420975291,0.10243918414524719,0.016049370873316843,0.0014831683672544699,6.519174150873966,7.3504169915509046,0.2934175045087384,0.21216581322127948,0.0589293046759811,150,504,0.2976190476190476
2021-07-26,759.1018137244885,346.8107162912164,0.14243113874901359,0.10233413494835811,0.1258719879910263,0.11999957364396584,0.02709391889258668,0.015765520799999724,0.957092742326881,1.4297396737044488,0.2711957424255947,0.1943972438499843,0.06048168597772281,150,504,0.2976190476190476
2021-08-25,756.7617619694754,343.6825541782892,0.14408212102876453,0.10288702521571547,0.1121033454124488,0.10793318558894938,0.01287269384108411,0.003184002443947148,3.8585950214966447,5.1918101526296025,0.33737894536486307,0.2383934461911568,0.06109851635702536,150,504,0.2976190476190476
2021-09-24,739.1219134730937,331.81656072355827,0.14980292550582813,0.10423546803015114,0.1353849683210901,0.12420140954368966,0.03636403438351882,0.019311669705369655,-0.9498763999202583,-0.7349028121990369,0.3117853275242292,0.21902502462664863,0.06311963336691627,150,504,0.2976190476190476
2021-10-26,691.1392630231039,311.63919292280156,0.14953026950140935,0.10358053974659309,0.11427638455940074,0.11176275339676255,0.015913393299908943,0.007447253717745475,2.070455115276686,2.889949088981989,0.3775074886706804,0.2792046980755102,0.06588525850304341,150,504,0.2976190476190476
2021-11-26,717.2329501440552,323.56010276133355,0.1591922026727594,0.1088002411189245,0.10747230444486681,0.10721755321237558,0.010069783946195315,0.0034529646008577275,-0.22504987263885556,0.5918053079130065,0.39039878902187064,0.26083510574164853,0.06458685905157102,150,504,0.2976190476190476
2021-12-27,741.1923273379718,341.7766376635509,0.157267936166043,0.11109283476372592,0.09081666952768866,0.09228263389826757,0.007220764138592253,0.01184630068904688,-0.9711845870170985,-0.5793924343877142,0.23008306350532415,0.16911131372064872,0.061568167022902964,150,504,0.2976190476190476
2022-01-25,745.8063850842434,348.5856200784806,0.16048084783901845,0.11518862720968503,0.11806149504907806,0.10913090304430138,0.020657267098552784,0.005404835662674093,-3.3261601885144914,-2.9149206093406246,0.2550638651316132,0.18386262072852336,0.06025154421414733,150,504,0.2976190476190476
2022-02-24,764.0093089105297,360.5741044294348,0.16055692167954805,0.11712268930954682,0.1443932473237929,0.13833692671407724,0.046408845547368086,0.034189072925720904,-3.9123770389296797,-3.5690852954664556,0.29513308108745256,0.20448017515542716,0.05862501839587357,150,504,0.2976190476190476
2022-03-29,687.8532732490406,320.36104103802063,0.1497304619901751,0.11115521176646063,0.1403397831175926,0.1300336182381193,0.045701381265677576,0.02931114348140708,5.99077032208364,6.137768087913083,0.5907520133764186,0.4746417650491397,0.06283191179675642,150,504,0.2976190476190476
2022-04-29,534.2662267513646,297.7224679531961,0.12803111548455487,0.09547901626400902,0.16355506060288363,0.15539340102418778,0.08506339417404413,0.07254577699257958,-1.8074937679349532,-1.9970153931217431,1.065028532199586,0.8598022946356074,0.0491558568882557,150,504,0.2976190476190476
2022-05-31,557.668152221459,310.7115913921149,0.12355002234945164,0.09563258531307475,0.12244096990432557,0.11909795549498112,0.04252251887824625,0.035253067029429985,-1.0392938453143534,-1.5614366973327594,0.4451085093996969,0.3483373567583115,0.04746355451754617,150,504,0.2976190476190476
2022-06-29,565.2046374538803,318.636781369972,0.12665214226366128,0.09808639366543989,0.11407202679063488,0.10525070792121304,0.03531640502534533,0.022572660301654057,5.525051790330582,6.159982275544455,0.46778909497094223,0.3687653709510147,0.046159086031779345,150,504,0.2976190476190476
2022-07-28,554.6663593996835,314.84568894955964,0.12725926500614804,0.09785538617303588,0.10062704087370276,0.09504447923563274,0.021796701049790937,0.012371414414332219,2.8436793668631517,3.5163254703416147,0.40026561063393196,0.2844107261732435,0.04646820710993976,150,504,0.2976190476190476
2022-08-30,561.2243500944359,319.7542395784593,0.12555343715337686,0.09661395913305341,0.13800950791143213,0.1329091026349692,0.059266730318706745,0.050521439330173695,-1.726977893849867,-1.6685818661702494,0.334821751345745,0.2628175921717675,0.04597722508955007,150,504,0.2976190476190476
2022-09-29,557.9536442752981,321.1079230100348,0.12479371919014537,0.09493405398712179,0.09376401314172224,0.09021639393205624,0.014712968009149022,0.007738188793836892,4.734281888659294,4.0114739460635525,0.4546409606983656,0.36305088142497804,0.04535734689573226,150,504,0.2976190476190476
2022-11-01,556.9554369659763,309.14198577442403,0.13033081934423418,0.09580523503743679,0.09908650003336764,0.09390892553636264,0.021580873149075364,0.012606854240901785,5.190517149035189,4.869740283224253,0.3492309297395728,0.24935537195107474,0.04801314129983397,150,504,0.2976190476190476
2022-12-01,593.4844450649013,320.24673753258804,0.12816110207653963,0.09397426231752998,0.09115550741515795,0.08248336984754898,0.015963691521306264,0.0034215794707629227,-4.146902832104769,-4.130179171888139,0.4318401146838595,0.3403039444975898,0.04807989673848328,150,504,0.2976190476190476
2022-12-30,598.1766775145433,338.63550939374073,0.1385753606948814,0.10193699507883365,0.0906736441629099,0.0800786845002923,0.01904621660316018,0.004061311567347167,-5.082700460706161,-4.157169475617999,0.4356080242721315,0.32452490655665767,0.04481535850940037,150,504,0.2976190476190476
2023-01-31,588.2775291608766,325.7556133041198,0.12352906657229266,0.09387347729781606,0.10039545452857349,0.09459351360343139,0.028482354425401285,0.01883689991236011,-1.4055899412719843,-0.8312998592324028,0.3234578448814894,0.24455831292305183,0.04672574517483898,150,504,0.2976190476190476
2023-03-01,604.5381448476346,336.26131985727005,0.12453818090213772,0.09373886300195322,0.09016683076047616,0.08564860519585837,0.018635598670520073,0.0105032239228149,-2.6672996928303894,-2.058205065740273,0.3770700397628117,0.2904113717865719,0.045591814107282795,150,504,0.2976190476190476
2023-04-03,593.3777436960902,338.3116632321284,0.125245489046592,0.09371423984653929,0.07141002028235748,0.06630718707687418,0.0005109249905191349,0.008973892158559663,5.651854055567781,5.776199031442991,0.319207256694227,0.23749110060669026,0.04466178218823771,150,504,0.2976190476190476
2023-05-08,559.8823036080838,307.25946947413865,0.11848030141306873,0.08881645001106006,0.09593175123528741,0.08877733641355266,0.02602344509295232,0.015478441727202627,4.96238129141527,5.420518927780108,0.36232083011504185,0.28636658613535904,0.04852290425846276,150,504,0.2976190476190476
2023-06-06,546.4699463689545,302.0236710125342,0.11990627478085158,0.08957795164111071,0.10552017951275057,0.09860561986228131,0.036310563917135025,0.025963339927851464,9.242950014618346,9.564649534062882,0.34690482926509314,0.2644838578396649,0.04895596895288444,150,504,0.2976190476190476
2023-07-06,564.219678076532,307.7985373336499,0.12345812462179082,0.0915097948179762,0.08112735276830581,0.0840920368398614,0.011103153553697467,0.010657749133623398,6.733470196813929,6.1459975323484235,0.4003201987067404,0.2953176954026414,0.04898614805584589,150,504,0.2976190476190476
2023-08-04,564.8258250922592,308.7008102221395,0.13585063743937276,0.09651216060426832,0.06628470550588776,0.057223189830461735,0.0032527992754382146,0.01612599535501849,2.571485428989373,3.625783308564978,0.32250013704911185,0.24455373510100123,0.04885736132724161,150,504,0.2976190476190476
2023-09-05,544.5649703983398,291.94850073842747,0.13565514379354277,0.0952609946731318,0.12023379698230446,0.11247526190473138,0.05128545510930661,0.039586821046839,-1.3642560828665629,-0.7271055840160312,0.2454691538668879,0.17855259701466014,0.05148763482931827,150,504,0.2976190476190476
2023-10-06,545.1420466795232,297.73796699055157,0.12490927564486246,0.09036816475212267,0.12247231799887286,0.11711962100731592,0.053379309673054,0.044550804893040655,0.48041849888313726,0.31396796727172316,0.4399942469401795,0.3402549938002918,0.05019203183006056,150,504,0.2976190476190476
2023-11-07,577.2249195156555,316.68072011094796,0.12340449029644208,0.09148129857104871,0.10011536491359169,0.09318815411739281,0.029233573193819973,0.01913135287772985,6.336477232326132,6.857884984857601,0.3611739488250799,0.2657350526119616,0.04823818238830289,150,504,0.2976190476190476
2023-12-08,532.1329870428923,294.62971041909066,0.1175579003950559,0.08737149417637496,0.10088602729888478,0.09483922210448445,0.029504335143452937,0.02047668034976123,2.4697975547894893,3.0463195023253893,0.37226898933363023,0.2859242844257548,0.05028502668982135,150,504,0.2976190476190476
2024-01-09,530.6151494069544,244.12629687542557,0.11839291840254695,0.08033586654843719,0.16965290792763388,0.15573766063984687,0.09922655419423712,0.08134030643279318,1.5107234138537373,1.1166536711329038,0.3709552198100372,0.2729717564217982,0.0686770608476257,150,504,0.2976190476190476
2024-02-09,543.5104117363045,234.30267350117353,0.10545788100799802,0.07386441847170432,0.11140653066887303,0.10528089977656364,0.038064974346243535,0.02863390734442109,-0.24348650826939205,0.43423790527382394,0.4725085193531857,0.3408402252450854,0.07272629719403965,150,504,0.2976190476190476
2024-03-12,528.2597701687018,225.6548067230329,0.10201246640990645,0.07064260911178641,0.11381489071339355,0.11510073208612673,0.04066962859483446,0.03878308092699638,2.8503082170418375,3.0334710698065255,0.401815868267853,0.29725353908376384,0.07467199315436185,150,504,0.2976190476190476
2024-04-15,547.9111838322913,226.75467541481615,0.09984515113583563,0.06598990213007844,0.08136662045187813,0.08242505777956365,0.011505686831772763,0.009359495825024974,7.935920206754265,7.518590843549002,0.6399158184480644,0.4554522729291257,0.07456279666982268,150,504,0.2976190476190476
2024-05-16,515.365161745094,220.26903269487332,0.10204468119584431,0.06552738515106205,0.16056225824787437,0.15955537790252886,0.0916276180729721,0.0872741245891286,8.527160387280645,8.390415351665228,0.3117862100968797,0.2443575528701909,0.07492176287428014,150,504,0.2976190476190476
2024-06-18,546.072603292264,217.2639785606683,0.09425692399882468,0.05804137243934019,0.11144627585137552,0.10354610235441128,0.04167400049777145,0.030712219142075073,3.960421926554512,3.688596369579393,0.6208206584087768,0.47959405665292504,0.08342658655607516,150,504,0.2976190476190476
2024-07-18,512.8072959799435,191.8118835978586,0.08450359158854787,0.05267797894031157,0.1339811690295853,0.1412641125908409,0.0648831401657049,0.06943411346820931,1.3789541097830584,2.128355550019052,0.41274574461006563,0.28796921894724536,0.09252917687218096,150,504,0.2976190476190476
2024-08-19,516.0386110529454,207.30662438852127,0.09724406614966864,0.05816561380475053,0.08433064035866786,0.07496823258962211,0.014573039696298806,0.001996723492822275,10.642428422969447,11.756452063675443,0.44151579615004816,0.3266851903182968,0.08538473761213075,150,504,0.2976190476190476
2024-09-17,541.1013491498722,212.60631115088438,0.10076263251517419,0.05747127734758752,0.1342533908179499,0.12320849290307342,0.06496525243666035,0.050670484421321105,-1.604050680915308,-1.1293520657435159,0.34938939242280387,0.22169820838904974,0.08506882454531701,150,504,0.2976190476190476
2024-10-17,538.3598157418687,209.80107709689725,0.09291891773127063,0.05394147934088814,0.10071191067279078,0.10453715916217622,0.03093910389491457,0.03197901297451468,-9.395677441863269,-9.635179599105962,0.41847823500751213,0.2654329003549186,0.08618832663708684,150,504,0.2976190476190476
2024-11-18,568.1588871783526,234.74544787322256,0.10215781229823559,0.059407302220186906,0.09836001887365065,0.09753654766758353,0.02778139089434349,0.023868253425268104,3.2821477030889916,3.3407133023159163,0.38434974671612476,0.29136688848172954,0.07797730740497515,150,504,0.2976190476190476
2024-12-18,609.7886706498134,246.77377562955138,0.12007750296866943,0.06507591259692865,0.12476718196051158,0.12025825695673803,0.055014893021711836,0.046671894524269814,-0.7587408245930379,-1.5662125747062967,0.3475036842542242,0.2167572965752567,0.07633068386725611,150,504,0.2976190476190476
2025-01-17,637.7634472417851,254.07277993961642,0.12973361000454448,0.0671880978071583,0.14327990545795813,0.140910398335645,0.07195746856282315,0.065696894172274,-4.2942494872052235,-3.641288486850627,0.35939628076947,0.2405787802608793,0.07529946974506357,150,504,0.2976190476190476
2025-02-14,615.8767245270463,266.79201739489116,0.1386441130850073,0.07449498741919441,0.1084962153086213,0.1105496403448147,0.035198701497267865,0.033137464404372624,0.3182961088548992,-0.9191535732605363,0.4671016899011311,0.3165770096182281,0.06973513423479324,150,504,0.2976190476190476
2025-03-19,661.9430374099148,289.76251309972923,0.1480778033427072,0.07937453322969473,0.14309728845025832,0.14379539051152987,0.06876405051855766,0.0652423452041865,7.651228656473443,7.435673975074627,0.36138649116003974,0.2757981473696704,0.06573170682398048,150,504,0.2976190476190476
2025-04-23,702.2024191597516,318.61231244976466,0.16888913990201898,0.09239918556277182,0.09129775694847146,0.08368143739538736,0.016262942029448238,0.0036929668405109445,1.5025352174904218,1.876513336342749,0.5384471447080357,0.37657708020045433,0.06069728941643778,150,504,0.2976190476190476
2025-05-23,724.2008035630079,345.3192801175373,0.16256719601873293,0.09499676948076868,0.07641252947175754,0.06445611649563573,0.0007652801823257033,0.01579824783965965,-0.1719880657815284,0.02861354075759821,0.2952835646823012,0.20003605872465408,0.055953388044363964,150,504,0.2976190476190476
2025-06-23,735.3214736658359,355.0881412640933,0.15848945789071534,0.09440034956555123,0.09737280692123615,0.08453953061079515,0.022009819858962013,0.004752214353107478,6.428646052268226,6.90743579000307,0.26772572859905686,0.18846310007411585,0.05459731711056228,150,504,0.2976190476190476
2025-07-22,706.344648407658,347.1864560437443,0.14624009172223346,0.09000090788794271,0.12308578051019971,0.11269338940009757,0.046899998681302374,0.032574791975183676,0.9430775816524688,2.0104567907635094,0.35736432433658866,0.23538876602513115,0.055020351075860986,150,504,0.2976190476190476
2025-08-21,710.2410269065858,355.1450898446224,0.14087872222950631,0.09045925215406342,0.09736200272541996,0.09158819069127971,0.020562253080239845,0.01109253513604909,-2.6887193244881953,-3.136354806298221,0.37577932239071,0.27201155437661445,0.053635557465875776,150,504,0.2976190476190476
2025-09-22,723.2034612997155,364.7968078907338,0.1411494383237711,0.09115587626242086,0.09957961808228093,0.09277655956507949,0.021696776971908513,0.011398340565321213,3.3373657284336127,2.8285826207023064,0.2974124410783455,0.2153744599271405,0.05267557501767804,150,504,0.2976190476190476
2025-10-23,758.5631409743104,368.71967404638156,0.1391050118105608,0.09106035409897961,0.10287089064442424,0.09757030422420558,0.025537693243967582,0.016745589987003248,3.351759398765057,3.24989104901747,0.34219147525027316,0.2595476184313185,0.05381013622081581,150,504,0.2976190476190476
2025-11-24,736.8714273206258,352.10296257372795,0.14280076000833494,0.09142765018892252,0.08130362110673299,0.07230600303556288,0.005413548206356408,0.0073700615835936845,0.7900361951105523,1.0463863431570088,0.4102128509374541,0.29351585717195106,0.05623761604783267,150,504,0.2976190476190476
2018-01-24,311.07552320852733,221.37660355722983,0.06984606008463326,0.06173306882606833,0.09479076376035964,0.09283299209924004,0.025536932678325727,0.022259707668117662,-4.588942399145923,-4.803709850533656,,,0.041687500736130784,150,756,0.1984126984126984
2018-02-26,327.44268540451066,235.65800987377793,0.06928211776278696,0.06159361846200593,0.04827141223410708,0.04652155314238205,0.02109252449669123,0.02407233005437496,-4.048621634474188,-4.160818937484485,0.20585204127234658,0.17784823375081915,0.039430155104370986,150,756,0.1984126984126984
2018-03-28,328.55087803021934,239.1503868583361,0.06787330138372864,0.060702758980079874,0.06763301989896528,0.06475229876709071,0.0007865486775828906,0.004827137513235102,11.630487322251032,11.898056717835615,0.18091385916438785,0.16152353247321752,0.03840098743381188,150,756,0.1984126984126984
2018-04-30,325.179036492978,236.73940949559295,0.0673705445468755,0.06019433037954086,0.07859312385273579,0.07593290789102218,0.01045037981213795,0.006659575951408259,2.116468883799906,1.7928094386403006,0.1811954016138783,0.1543367001024093,0.03878945409072842,150,756,0.1984126984126984
2018-05-30,313.07029670228974,227.6336761753409,0.06863683970711668,0.06058653071509016,0.056158299258752896,0.05559165095659978,0.009449458625644828,0.011334162564952704,2.449344865619014,2.6240021222331404,0.23619312115310503,0.20671283203038554,0.039930484621092756,150,756,0.1984126984126984
2018-06-28,324.01523294967285,235.01305579921583,0.0675513117581551,0.059548917585069194,0.1028309573037211,0.09813076311253083,0.03773382882201724,0.031754621285241674,-0.5754479900944233,-0.6776573659479135,0.15913220208323428,0.14290805137404888,0.03928809164542055,150,756,0.1984126984126984
2018-07-27,334.31626547391045,242.60691356084493,0.0647441583434415,0.05775642924951465,0.08194695589304336,0.08196558249108235,0.017809132880738834,0.016599103459753184,4.242453102762254,4.465244397795856,0.21483228081051697,0.18673321025960574,0.038456528460173535,150,756,0.1984126984126984
2018-08-29,332.2326516080782,241.32921605507443,0.06674467582024851,0.05924283150654776,0.09160652701349785,0.08745332256034828,0.028292714252506873,0.02281182308055564,0.864112064023881,0.37308772368917126,0.22833649537915335,0.20165963112585747,0.03858945662085073,150,756,0.1984126984126984
2018-10-01,305.99990466566305,229.54615458776718,0.061347261342712636,0.05530866094829317,0.125493662689758,0.1254569525727774,0.06433221239405132,0.06319630848357684,-7.152059151723427,-7.027167976078982,0.3034089805727944,0.27460722760551365,0.0350923963665139,150,756,0.1984126984126984
2018-11-01,314.3951573967222,236.517730942556,0.0646532288031847,0.05780514576436113,0.1023070074183749,0.10021471853096134,0.04105922956152379,0.037718723495690026,3.3405156771360103,3.3854308877756765,0.344548943604565,0.30959870641368215,0.03452436071400497,150,756,0.1984126984126984
2018-12-04,308.29718366026685,233.63914474931394,0.06534766109293849,0.05862526246111531,0.10224950615808047,0.10195595113200581,0.04030597919945187,0.038780063931279696,2.092403031234704,2.1319482247065853,0.18750376680749054,0.16578356285966772,0.03429183916106358,150,756,0.1984126984126984
2019-01-03,294.86164226303055,227.48205645120154,0.0659900733821361,0.059204144442481274,0.0681806013745883,0.06649301657213548,0.005393830963833335,0.0025239147227459624,1.3216359349305613,1.3462011492097354,0.18476841767076285,0.16509279847670383,0.03363664919289257,150,756,0.1984126984126984
2019-02-01,291.1416935095911,222.9861037007447,0.06685564797723079,0.05981022051990925,0.11777431055014262,0.11260390579094313,0.05594291177274904,0.0494646452495843,-1.2620083404611657,-1.2771738299029323,0.15615200575685304,0.13636180033292172,0.03463344316394326,150,756,0.1984126984126984
2019-03-06,285.98938439432527,214.8604854778516,0.06245269607441081,0.0557621681336686,0.06880052293402492,0.0692624495320265,0.006336748793293892,0.005594313792974856,5.706930808442178,5.33210110695703,0.20540865924840526,0.18281917111812473,0.03692155381299254,150,756,0.1984126984126984
2019-04-08,272.49147753598913,202.02949981198003,0.060517399582056285,0.053751379775728816,0.07448280766451074,0.07303691091002729,0.012393988348740746,0.009794809586661637,-5.276559770972745,-5.1056645097787285,0.19701555914245666,0.1819564967142327,0.03898995225927481,150,756,0.1984126984126984
2019-05-13,270.8115947910702,200.83317029464044,0.05987350760545235,0.052986670767562465,0.11356693611905859,0.11129856366380335,0.05148808741043439,0.048106504441776415,9.068798602412656,8.900481453845128,0.17924373658877674,0.154121099864943,0.03916022117890367,150,756,0.1984126984126984
2019-06-12,284.75218342203385,212.0434956561753,0.05959915859175802,0.05285893332322211,0.08173902640049846,0.08094882010670514,0.01887011825908766,0.0170202878473618,-7.374448308890321,-7.471761928597827,0.27851733372855936,0.24199597428144193,0.03781932396888207,150,756,0.1984126984126984
2019-07-11,293.40967536427854,218.99270311099127,0.05942761624347914,0.052932133947974705,0.0953067367333891,0.09523372372104717,0.03204344734635298,0.03094566256100917,-0.2523318571440788,-0.42558116038535865,0.1837482688443149,0.16230564444556544,0.03683572926600205,150,756,0.1984126984126984
2019-08-09,293.9044095677328,220.65596071566904,0.061644250055996525,0.05468470053424108,0.08538259240671599,0.0832800904201153,0.022094666190345516,0.01888196275698209,-2.7631112224299246,-2.3923165445995096,0.18190692854290427,0.16080338693155405,0.03620352837191498,150,756,0.1984126984126984
2019-09-13,302.81969627842295,228.15901547629574,0.060230972784699535,0.053550775019503546,0.15743083283908904,0.15590237704429788,0.09374206381836671,0.09117463675131773,3.0753262844202873,2.9551476992415884,0.14773020007526594,0.12974460379067987,0.0351584314277132,150,756,0.1984126984126984
2019-10-16,323.7016844927125,238.79071511240483,0.06287211931464567,0.055627869139256214,0.10247035399038008,0.10130332723492842,0.03741810546043786,0.03509151124246157,-1.2181028428281997,-1.1813715299861567,0.2709702336896843,0.24844131953192872,0.036011342866069995,150,756,0.1984126984126984
2019-11-18,315.22820121943084,229.08098366264554,0.0630588398371299,0.05523003836582124,0.08503055149629962,0.08435163032288011,0.019784887986220592,0.01786806602230953,2.537693281814326,2.4388798714149167,0.19127515122885694,0.16836909454820748,0.03780766959475183,150,756,0.1984126984126984
2019-12-17,307.48238676011664,218.69588427918555,0.06242818774495562,0.05396817755841213,0.07044246169482171,0.06938527776449302,0.006383033628570137,0.004019736622741535,5.309354347223139,5.481398574926807,0.23999705828102566,0.2167262049053683,0.0401440894439469,150,756,0.1984126984126984
2020-01-16,305.975033113901,217.59979207132264,0.06168587855003116,0.05350859233803705,0.0873645301496304,0.08624949101806602,0.02334854865024044,0.020942982883991323,2.26909284323724,2.329702272270821,0.1411479554641773,0.1221276342964455,0.04025708098616337,150,756,0.1984126984126984
2020-02-14,310.44867838492723,219.24515699395818,0.06366515704946128,0.054674630182988064,0.25972650077389675,0.2594168930564323,0.19614626894799664,0.19440259951973984,-7.078328311289574,-7.1338922793197295,0.1741784856937156,0.1509756036137031,0.04054244526809611,150,756,0.1984126984126984
2020-03-18,365.8869791303434,252.48244553080167,0.0709481149397122,0.0611368910437291,0.4339953763439848,0.4415877125355273,0.36270602741653024,0.3688398342175386,0.4052488743175112,0.4030517867101604,0.49155166425776275,0.43518484604907615,0.04139690525906869,150,756,0.1984126984126984
2020-04-22,445.30259051024626,277.5524826503961,0.10217294573300881,0.08346866134441819,0.15107465618529836,0.14395547761726143,0.06913023085739063,0.059117309653165306,-1.6026226269026025,-1.5173283298750921,0.6843145929248842,0.6213771096021466,0.05049190410053991,150,756,0.1984126984126984
2020-05-22,425.2662146220892,275.7606831116274,0.10000743192267257,0.08314891780923275,0.14785097661595237,0.14379599331844006,0.06443122625094626,0.057677889943657495,6.322138362626588,6.53626021039902,0.2612970678918699,0.2105646591807093,0.04816631547703717,150,756,0.1984126984126984
2020-06-23,424.7331689007739,279.5612474198292,0.10205518233496966,0.08508566412293395,0.1250355445309571,0.12123285696204555,0.03995903256944619,0.033447096397541926,1.117243855082042,1.5608660954935432,0.2684577401446476,0.22345991176584953,0.04654898132006428,150,756,0.1984126984126984
2020-07-22,440.93599122945454,287.15381613257824,0.10510000266837963,0.08691346524242599,0.12672897923502346,0.124674871802971,0.04083285800383184,0.035993982210790684,5.357900736569513,6.1149088440940025,0.23013190323776556,0.18362089255129949,0.0461457971157526,150,756,0.1984126984126984
2020-08-20,433.41699848076473,283.5750831101291,0.10784524281688351,0.08857930877412637,0.1739103334503756,0.17582388890108516,0.08705546078421293,0.08609929909531762,2.9580598580749458,3.083134319237188,0.22902031171938403,0.19709178261371346,0.04602981297777177,150,756,0.1984126984126984
2020-09-18,437.1512200424779,285.5670981993797,0.11165051800672873,0.09189621247243168,0.15406713151961152,0.14554237043218446,0.06514346681699355,0.05370401561649059,-4.732548615571796,-4.548312200453314,0.299250793460147,0.2551571903587469,0.0457930876659215,150,756,0.1984126984126984
2020-10-20,451.0866661246141,296.6442460190698,0.10802849608132428,0.09025922330122155,0.1382882063746484,0.13210228902641302,0.04779286175657231,0.03899773279495339,5.245410361352235,5.853928590613109,0.247335388976196,0.20066912444944657,0.04421723430640357,150,756,0.1984126984126984
2020-11-18,438.00296815297156,290.59584729447846,0.10884551821938523,0.0911867735913957,0.12280973055157388,0.11884312196708682,0.03173040422649147,0.025148190704944035,6.837409128545262,6.9097977029730275,0.29289813663823205,0.23371807912469172,0.0442358597340031,150,756,0.1984126984126984
2020-12-18,444.2067568831478,294.1713669015306,0.10947533445430666,0.09111159473543134,0.11663484479915977,0.1138984642710844,0.024402453494369952,0.019111442130267636,0.660126862309036,0.8775601190661362,0.20640913931877747,0.17289974709293934,0.04388099977179187,150,756,0.1984126984126984
2021-01-19,460.67934313350105,306.40244310176803,0.11404729655876175,0.09409469297370282,0.1354514177797848,0.12708400506610842,0.04275157511774107,0.03173444352072202,2.635573339313738,3.6752266238887974,0.18589450714964495,0.15078424558752873,0.04234847849531071,150,756,0.1984126984126984
2021-02-18,462.8238551600668,307.6629861200032,0.11257889009966088,0.09344418400607851,0.1631787946464485,0.15656548283927318,0.0698651361378974,0.06062429298029136,2.0669635617283966,2.0660921010797293,0.23708475954534344,0.19316248810170933,0.04202154902565052,150,756,0.1984126984126984
2021-03-22,454.9036282138027,301.05530277313267,0.11151943131612735,0.09242264970226181,0.17893221908381352,0.17712126907042283,0.08412659832527809,0.07976108783015656,1.1922496063109342,1.2827475802918265,0.2518242631628304,0.20941580247717506,0.04270388799536959,150,756,0.1984126984126984
2021-04-26,456.8469101681843,307.6244995474388,0.11500479347394842,0.09460582667605583,0.09206784533058796,0.09453018638492926,0.005320336523661956,0.005328942913167697,7.445873791989096,8.111657442872572,0.24298682502146224,0.2076551397077191,0.04102505925034735,150,756,0.1984126984126984
2021-05-26,469.2407465629485,311.8034004886897,0.12101186632609506,0.09771518056201686,0.08690428268289309,0.0808033522448648,0.010998740263780199,0.01978321050549267,8.013016947933268,9.326428470791686,0.13859656355356076,0.12026468539924207,0.04117113051472905,150,756,0.1984126984126984
2021-06-24,483.55297060095063,316.52718005349647,0.12027340888532247,0.09710284557615088,0.10438841408370939,0.09818459489979825,0.006834511092475085,0.002089031499578231,7.682432037652614,8.129083621505343,0.15682441856587304,0.12905477557397116,0.04145981776257677,150,756,0.1984126984126984
2021-07-26,475.8942583259461,309.24371675973043,0.11987813135274444,0.09643370119338335,0.1293740492938087,0.12325095234107956,0.03138872787360504,0.022538732582774543,0.2580948518743895,0.4185469317391757,0.17309311065827743,0.14037892284850378,0.04250298412202377,150,756,0.1984126984126984
2021-08-25,488.55026501656545,313.6082805935666,0.11921355225086025,0.09610517747061992,0.10450755062403667,0.10182902287940833,0.005591159674162502,0.000249103960523675,5.343179078397582,6.068557382789107,0.20880121281457764,0.16504786406357785,0.04267094046593834,150,756,0.1984126984126984
2021-09-24,495.6037202264665,317.44374515895714,0.12169223019639636,0.09706687526032146,0.13198747847518905,0.12491825780366571,0.03277821693221514,0.0229983045225247,-0.1993665764867783,-0.16805115052285788,0.19663268327400396,0.15664833042137982,0.04239792386355432,150,756,0.1984126984126984
2021-10-26,485.0199356617109,307.6002315230191,0.11931690032658024,0.09501165341685477,0.10810190146636722,0.1087343103458156,0.008044621827971776,0.006052183710567344,2.1905123237706547,2.647101577993351,0.21441106175848776,0.16984498176228202,0.043821800353998006,150,756,0.1984126984126984
2021-11-26,491.42454782833653,304.4545312976499,0.1188718111951746,0.09428881313338991,0.10658729145825029,0.1080908592248973,0.007742915039493925,0.006548163269253976,-0.06584798018221562,0.3688176820176643,0.26488065405800254,0.22324733109615674,0.04545312969722031,150,756,0.1984126984126984
2021-12-27,520.0943404784197,322.9501281799979,0.11987962696269062,0.0964518848542951,0.0956462535089141,0.09859375666130939,0.002376370675931619,0.0021692344925792473,-0.9376042291732444,-0.7379251654274943,0.19981306544110344,0.1686128972106318,0.043568208436039285,150,756,0.1984126984126984
2022-01-25,513.7501036629445,320.249682168661,0.12442931585592229,0.09936129167645819,0.10627542908703977,0.1066069676690024,0.008783256496125241,0.006155358562698998,-1.7026140121082727,-1.5975720776644557,0.17517286903247525,0.1510551189437555,0.04357329232527921,150,756,0.1984126984126984
2022-02-24,541.4497616167063,336.37232445460626,0.12741547384204288,0.10235579761883207,0.13533230908469404,0.13431415296831603,0.03746424133720823,0.03343827958934949,-2.8237067217327465,-2.7037188508267285,0.16497364985020468,0.13864911338665675,0.042262658351224724,150,756,0.1984126984126984
2022-03-29,555.8332546231271,351.1132614461867,0.12937423417264854,0.10597418863639332,0.13691182942636415,0.13300178004211555,0.03888944496169196,0.031972267487430095,5.409924108950934,5.170907881063411,0.2475580444401198,0.20817762727827938,0.040572086840758345,150,756,0.1984126984126984
2022-04-29,558.945460409253,353.5972944192154,0.12712039430041266,0.10474014102690732,0.15282068453044503,0.15121972374318007,0.0535215446653093,0.04907267584170451,0.14802984787212636,-0.22289322147940552,0.17939593440145596,0.15039208340195787,0.04022309912873725,150,756,0.1984126984126984
2022-05-31,559.8314868677182,361.1599025013038,0.12930405960117042,0.10776956483662263,0.1281063166349865,0.1284107494121781,0.027647084905427777,0.025114075072641892,-0.23315929970806787,-0.6662298655498302,0.22710785554934104,0.19060150840901163,0.03852875805349226,150,756,0.1984126984126984
2022-06-29,555.7161913866147,359.48195257802564,0.1309086357867278,0.10851923244853365,0.1095424442043079,0.1045719661025963,0.008222467078839182,0.000436641195772261,6.235801349173392,6.406968247769044,0.19151517658717657,0.16255397366203928,0.03845795826487306,150,756,0.1984126984126984
2022-07-28,544.9377225817691,353.0963488809951,0.128686616115668,0.10666837271104293,0.10634493639716681,0.10313707046905662,0.004660616812435209,0.0012689709893749512,4.187049356356471,4.547431579972766,0.1611313062569406,0.13011261380676103,0.038965829755551365,150,756,0.1984126984126984
2022-08-30,541.5790783818347,348.09569234808885,0.1286319285209515,0.1064152904728026,0.14046744977163053,0.13509396955902161,0.038702297166723534,0.03059257512584382,-0.5594905797823524,-0.2888835005690547,0.18395432717009452,0.15576974268589916,0.03987386842257351,150,756,0.1984126984126984
2022-09-29,518.0668662966943,337.904391598463,0.12738036122120666,0.10627448256082885,0.11379569656850909,0.10802586386147317,0.011062005945896111,0.0026595998133049498,3.23807107410184,3.1864206900888354,0.21007869173730298,0.17314283833334948,0.04003344675555704,150,756,0.1984126984126984
2022-11-01,499.6614383218326,326.919942565547,0.12443612772200846,0.10445808092204872,0.1003700827249075,0.09506908514804346,0.0014908564912055056,0.009339204134035953,1.7080562151929057,1.8850727314076428,0.2524864858736702,0.21966383385225685,0.04098793675073567,150,756,0.1984126984126984
2022-12-01,503.11612314323264,327.9376317059951,0.12916474777802617,0.10713616116342341,0.10050754967018402,0.09270939801235616,0.00023372399527948895,0.010766138494086058,-1.8002306609425283,-1.8531743704238346,0.26920690857814034,0.20925916521433766,0.041291232840296475,150,756,0.1984126984126984
2022-12-30,524.2728513892747,342.7570894276695,0.126710157998068,0.10633686919066243,0.09020175848939799,0.08640922550742834,0.010518084893876053,0.016916474635770923,-1.2906629856342966,-1.3252409228802624,0.1825796044436466,0.14661182972695405,0.03994424909092579,150,756,0.1984126984126984
2023-01-31,523.9712395648414,342.71119401049936,0.12749146777569906,0.10691372283804956,0.08831421342831457,0.08455888494516595,0.01193033186330697,0.018328674717457985,4.407459487661217,4.838372506184976,0.1484924400392212,0.12303104041835333,0.04000081467918389,150,756,0.1984126984126984
2023-03-01,553.921756899109,354.4371926835967,0.1294417607276711,0.10736435297573899,0.11745512829418711,0.11173618443516432,0.01716497449801567,0.008781260083588469,-4.533720268912876,-4.192390629082603,0.17064251871235292,0.13219467463053805,0.040260989973557426,150,756,0.1984126984126984
2023-04-03,497.5225510187352,313.77253255385773,0.12203377171825522,0.10048140237233436,0.09100872211020149,0.08528755806154756,0.007140792816052219,0.015360254681650351,3.5391178677990673,3.402999170438917,0.3713066217214419,0.3221420070152028,0.04357208402483448,150,756,0.1984126984126984
2023-05-08,403.9404022357484,286.66402817134764,0.09123872079451781,0.0800958903584244,0.08798272616262266,0.08560611273838871,0.004101670285556053,0.00025734328638181425,4.447096265220925,4.95609499874583,0.7535288012436963,0.6795279559345606,0.03383923073247035,150,756,0.1984126984126984
2023-06-06,395.32731831119025,276.0178673709427,0.09163091765021042,0.07963605985352855,0.08467007399695499,0.08295270442211367,0.0018622924478993857,0.0013627876036722553,12.521258541057865,12.274184057618719,0.23619252738154856,0.20166807566559997,0.03545579600509503,150,756,0.1984126984126984
2023-07-06,390.7368001742793,270.51194890498965,0.09196710976870373,0.07903777786976285,0.08511145910332513,0.08376326671414096,0.003431352817154759,0.0005809706495463196,4.00308441322667,3.80585424492844,0.29083273892223777,0.24407020341592858,0.03628110264361327,150,756,0.1984126984126984
2023-08-04,390.05142625026696,268.99101622217523,0.09529316325598926,0.0808638421264393,0.0554483489789511,0.052560735235806934,0.025458279725186668,0.029957288488216015,2.46234994529312,2.9873095761978092,0.2200175357322966,0.18606115258901523,0.036721182514836345,150,756,0.1984126984126984
2023-09-05,398.02874616160744,272.5473697957692,0.09619893976568311,0.08114639843843843,0.11765955648618835,0.11403611497022388,0.037812242163609996,0.032533619392215135,0.9164350266450354,1.0928662198828933,0.1772723414260228,0.149285394971352,0.036826757570478756,150,756,0.1984126984126984
2023-10-06,402.510112267142,273.9737189619903,0.09387393635005814,0.07849422794029248,0.12120407428036004,0.11802305941987316,0.04204037299113782,0.03728092000675434,0.02901118356208627,-0.0006414254341066311,0.29569736640863775,0.2579329253493378,0.03695200115862584,150,756,0.1984126984126984
2023-11-07,395.76094253039975,267.6150782221748,0.09176440361424967,0.07679768357953348,0.08182064801664962,0.07826602168728208,0.0025896296746002884,0.0024905486978915453,8.127996842114976,8.561118385927884,0.23340714163660328,0.19522538972846415,0.03787250092084378,150,756,0.1984126984126984
2023-12-08,404.2824217284572,272.33061699630315,0.08924356989147317,0.07549268329417957,0.10787535058660289,0.103915650791325,0.030155384727986984,0.0246793674884815,3.5185757133004785,3.698598160439061,0.281049331422034,0.2380625458021999,0.03771280777955631,150,756,0.1984126984126984
2024-01-09,398.06371562306094,257.02721444779354,0.09247168506604728,0.07631738879326191,0.15313761132910295,0.14747742805717626,0.07656656564135471,0.06899350643676545,2.1374787956118593,1.7525123674071041,0.25749444051159204,0.2122770864216707,0.043146343831443536,150,756,0.1984126984126984
2024-02-09,384.4887273110343,244.1811692451939,0.08755836364650446,0.07268782498606924,0.09557756395140936,0.09342118653400378,0.017497395877882765,0.013629117095528012,-0.07990155650472013,0.2801029803419551,0.27392582244667174,0.22995856223372138,0.04530684571826421,150,756,0.1984126984126984
2024-03-12,380.65087226424896,246.8712964361157,0.09034096913667758,0.07403544811594831,0.09621013637813129,0.09758398862236677,0.018661637194136868,0.01832008447027042,3.6425737045150144,3.596098836769192,0.27119717897949114,0.22119436673363563,0.04391522325620571,150,756,0.1984126984126984
2024-04-15,397.3699729594595,259.4901217719019,0.09156187606713194,0.07504264105690277,0.10877106663263793,0.10760187595840567,0.031120441329665474,0.028281170248003598,6.16901467345456,6.32616736514062,0.2007511269269966,0.17069938008184365,0.042499689473932366,150,756,0.1984126984126984
2024-05-16,379.147313530236,243.86566010928098,0.09031238233010025,0.07365320712864729,0.13327162734021547,0.13509262648425577,0.05627145702618479,0.05640199112341904,10.120367816213182,9.858850476390126,0.29267821934113913,0.2525776648199781,0.044731568952733745,150,756,0.1984126984126984
2024-06-18,427.7094370304955,270.14597272643414,0.09712961775096454,0.07703479159660265,0.10961684036291114,0.10833440049073567,0.03141718627617787,0.02825337408984785,1.8209915112513522,1.8009821204352043,0.2813260770655731,0.23993745975858688,0.04468341750927322,150,756,0.1984126984126984
2024-07-18,415.3164059481001,263.17809934921416,0.10185277770095791,0.0794349784499081,0.11943515241482552,0.12371790115181117,0.04071073905469194,0.043005873644821654,4.0140800486281005,3.7597354833138126,0.229210636030747,0.1816197846673812,0.045391816086408215,150,756,0.1984126984126984
2024-08-19,423.8917727108394,274.2253054108393,0.10700331023588663,0.08319425230949631,0.09523829309867886,0.08925612041180196,0.015280416833130486,0.007288927520421762,10.37266311054462,10.981313910796576,0.20833173511692193,0.1841393117685253,0.04308611357438106,150,756,0.1984126984126984
2024-09-17,422.15707233186373,270.0604203357304,0.1090542946931583,0.08275581432537377,0.12053906577675132,0.11758248639931945,0.04026542052234268,0.03529989458495618,-1.531153172715597,-1.329389715904057,0.22533310471388912,0.17918400918735802,0.04429661210053317,150,756,0.1984126984126984
2024-10-17,417.3194886763009,271.5907730102745,0.10566907124657443,0.08182585480863476,0.12024182110635429,0.11792899767002675,0.03934990253013969,0.035200057205229215,-9.323219652203806,-9.633193631411427,0.2276563824141758,0.1899577465487346,0.04327610892877533,150,756,0.1984126984126984
2024-11-18,439.11193616164593,289.9323469194948,0.10887454917498529,0.08409122405701436,0.09832793108202208,0.09901875786899203,0.015408192882965493,0.014386951012324775,2.9651140824268256,2.725844809990503,0.26215793363723716,0.21652961900160853,0.04074492409758199,150,756,0.1984126984126984
2024-12-18,456.24696062946236,294.7456533566876,0.11129045879486485,0.08497391121128248,0.10962919622654997,0.10925016999299812,0.0264521909698711,0.02431312642859662,-2.3506239632200403,-2.6541981329726885,0.1945833739419226,0.15918404373770534,0.04148591355683691,150,756,0.1984126984126984
2025-01-17,463.62458082174186,300.0440451997243,0.11430680708136035,0.08769079946305172,0.15086176808251217,0.15131669545748186,0.06778932968993083,0.06638848909381519,-2.0451162340023794,-1.9965694528159368,0.19945313336120857,0.17122517386468925,0.04094914350300358,150,756,0.1984126984126984
2025-02-14,446.08117411518396,295.8420043536357,0.11564928033554397,0.08916114793867497,0.1074716302085734,0.10870300247603117,0.022772560451368926,0.022217124250558135,2.978190211160034,2.2319031113799532,0.28375034646011044,0.2386459850699399,0.0399802662201749,150,756,0.1984126984126984
2025-03-19,451.76317412477346,299.2131565226517,0.11519134175100977,0.08815212045288594,0.15490108723356785,0.15513482639816856,0.07029993819852735,0.0687923731492253,6.920320284288436,6.749835288992517,0.2935948637908301,0.25358878788500067,0.03975714989980927,150,756,0.1984126984126984
2025-04-23,460.18357134144344,306.1049292596014,0.10818577927744963,0.08468638962085585,0.08743291711500226,0.08706503494633164,0.0033344341009473727,0.0014236974024287308,-1.7483266867838392,-1.2772481238916933,0.4629058634151784,0.3983390303663994,0.038641722772620936,150,756,0.1984126984126984
2025-05-23,483.6912580208167,322.0093451036711,0.10924961311147646,0.0858322956834135,0.059360123190922306,0.05732370382660815,0.02341734750638373,0.0270671605081894,1.9170247431943548,1.7179647987215243,0.26283411167188897,0.22088563285664364,0.037426620454791004,150,756,0.1984126984126984
2025-06-23,465.6558970742195,305.0712382188429,0.10079724705078844,0.07891370130532131,0.08884004375081594,0.08503146107059235,0.008364356286694949,0.0030520760630620425,4.986658733818719,5.026056144464897,0.3077392229296254,0.2720201040261209,0.039794072358323856,150,756,0.1984126984126984
2025-07-22,453.978087861869,292.0467247462222,0.09520277038643717,0.07408090536319538,0.10538074722141126,0.1034986413598852,0.025459418330125577,0.02220765932704391,2.874017058621383,2.929920922351923,0.24776804236097316,0.21035869569271687,0.042032212343232456,150,756,0.1984126984126984
2025-08-21,460.0334751972779,296.95671505674363,0.09870680522104675,0.07566551781688635,0.08732611040917236,0.08514146066519,0.008058920998126232,0.004404694373090004,-3.7463000754815767,-3.9247992867689137,0.2710238055206076,0.22260965951457518,0.04140632501064163,150,756,0.1984126984126984
2025-09-22,478.1964196145401,305.7765129638434,0.10117720143559661,0.0767047455939964,0.09460084901959112,0.09168506653892433,0.015536975877792,0.011115134856077333,4.053457588581788,3.504760478276096,0.20202298308831107,0.1596465763846726,0.04121770818462513,150,756,0.1984126984126984
2025-10-23,477.5444937995285,301.5616684028504,0.0996605856186853,0.07535317138041718,0.10384196015983459,0.09900172553977037,0.025984745479344595,0.01960848403560958,3.0165390644019205,2.756018300932976,0.2369279007993747,0.19395402515226062,0.042330513540101054,150,756,0.1984126984126984
2025-11-24,489.68552016524717,305.03665780875116,0.0995726383285744,0.07456848624923365,0.07536628989612197,0.06966650658754792,0.002235708876280884,0.009470799490229928,1.1158856448762684,1.2825755328980912,0.22069375245641099,0.17556068638240002,0.042680055036531335,150,756,0.1984126984126984
