Date,sample_return,lw_return
2017-01-19,0.007144134956846751,0.0067523221552562305
2017-01-20,-0.00343313035609949,-0.003598114868858128
2017-01-23,0.004014866484562264,0.0038144837510540822
2017-01-24,0.007752901762231696,0.008069213233945313
2017-01-25,0.012926081376572899,0.012337177349301995
2017-01-27,0.012831962536022208,0.012416705184802507
2017-01-30,0.002255649170126393,0.0022055199833095956
2017-01-31,0.007077148116595582,0.006276002919742876
2017-02-01,0.0025673496085690233,0.003413820098739187
2017-02-02,0.010978491289598265,0.011212089501151072
2017-02-03,0.0056909965218475585,0.005763709783864076
2017-02-06,0.01361532510495663,0.013579831486899382
2017-02-07,-0.007209185319950871,-0.007110417032223584
2017-02-08,-0.020341760343354165,-0.019414043048686425
2017-02-09,-0.005626790347963702,-0.004915095699796434
2017-02-10,0.004684160804622582,0.004241375650757455
2017-02-13,-0.004830163815817803,-0.004576903648535115
2017-02-14,-0.0029666266547081206,-0.0026885170369748946
2017-02-15,0.001489265239531281,0.000534287066118526
2017-02-16,-0.0004272576727378152,0.00011192733999852928
2017-02-17,0.005136769842622153,0.005187085785676743
2017-02-20,0.005352963114909017,0.005329530642262765
2017-02-21,0.0053138323292234784,0.0053029931726135075
2017-02-22,-0.0035800309633001533,-0.003473482459581421
2017-02-23,-0.0011928995714510253,-0.001555282088595004
2017-02-27,-0.012001699412752921,-0.011429723623878608
2017-02-28,-0.0016478514411733174,-0.0013546002538888245
2017-03-01,0.004294835719653734,0.004255346976800828
2017-03-02,-0.006788613724659579,-0.0067527878430384755
2017-03-03,-0.0029202605510723107,-0.0028368989879620117
2017-03-06,-0.0019273079980837856,-0.0019138271391118827
2017-03-07,-0.0043667389960597245,-0.004073604820500073
2017-03-08,0.0005509971145970371,0.0005354817465377638
2017-03-09,-0.003283916020832345,-0.00319348738027668
2017-03-10,0.0032809086868213033,0.0030940744325385814
2017-03-14,0.006426685459000665,0.006991840830114367
2017-03-15,0.010335271190457225,0.01019806082077023
2017-03-16,0.007169563466156992,0.00711942531166897
2017-03-17,-0.006822746169226664,-0.006115415385736646
2017-03-20,0.004420625899551211,0.004203716340011164
2017-03-21,0.0009424719372766489,0.0007463778718583299
2017-03-22,-0.006695589955794588,-0.006511494550135401
2017-03-23,0.006155047130054647,0.005659513264588548
2017-03-24,0.000862319420057588,0.0013237584385013433
2017-03-27,-0.003745151431000738,-0.003483694439423065
2017-03-28,0.0015347499314702048,0.001271804290401751
2017-03-29,0.003596417386899805,0.003957347030054151
2017-03-30,0.004564685666479631,0.004893996667775555
2017-03-31,0.021624753668194458,0.021181824490742684
2017-04-03,0.01040654232091262,0.010562657326034055
2017-04-05,0.001542572937974177,0.0014748595914711006
2017-04-06,-0.003349740889019092,-0.0034144863949891425
2017-04-07,0.0024517626057892717,0.002352223101111523
2017-04-10,0.007554305583347605,0.0074867554252318535
2017-04-11,0.0031365290979032297,0.0032343524520595836
2017-04-12,-0.006174748995903508,-0.006117510400909491
2017-04-13,0.0061751100515138714,0.006070050063391114
2017-04-17,-0.0012685971966298723,-0.0011246612760553545
2017-04-18,-0.009272920385788388,-0.008976629263860104
2017-04-19,0.002362357575976256,0.0022984305519969583
2017-04-20,-0.0007945778987376519,-0.0005820315564501904
2017-04-21,-0.0008896291247866837,-0.0007711475242147195
2017-04-24,-0.0010933280700996459,-0.0007773029980050857
2017-04-25,0.006703754964919819,0.006543398737786162
2017-04-26,0.011476938878731914,0.010830326743227401
2017-04-27,-0.0038362132789161885,-0.00364376613773573
2017-04-28,0.004379295690145639,0.004286611286051277
2017-05-02,-0.006075154318294647,-0.00565254186132115
2017-05-03,-0.004401072317822584,-0.0037987766493833572
2017-05-04,0.005603306500117967,0.005941725921321888
2017-05-05,-0.004431897772112501,-0.00440114326056238
2017-05-08,0.001989238314077702,0.0023312085390632814
2017-05-09,0.002562930085092949,0.0029979089543616675
2017-05-10,0.014822339440875354,0.014190798276015661
2017-05-11,-0.0009260626577222472,-0.0015094422802738624
2017-05-12,0.003316474672813456,0.0026666723672462136
2017-05-15,0.004371603710636452,0.0044698976544542855
2017-05-16,0.00414367815463807,0.004013176882979532
2017-05-17,-0.0055805590684501125,-0.005633954230829199
2017-05-18,-0.0033296984648993606,-0.0034782628176606204
2017-05-19,-0.0036505660049115907,-0.003766187194667779
2017-05-22,-0.008855464667308178,-0.00896680997375674
2017-05-23,-0.004593205705149798,-0.005249762238922451
2017-05-24,-0.004653983709658952,-0.004759457630176031
2017-05-25,0.008466900048858908,0.008345348530507795
2017-05-26,0.0032443824065693863,0.003658355070105732
2017-05-29,-0.011186957196446207,-0.011537981890780463
2017-05-30,-0.0058744891819601805,-0.005040137024795262
2017-05-31,0.008970377844789676,0.008891204182872252
2017-06-01,0.000430048144213461,0.0006454551445493722
2017-06-02,0.013459443158348457,0.01347831461633833
2017-06-05,-0.004128389218604855,-0.00362740528065251
2017-06-06,-0.001103787885719228,-0.0015858826392301463
2017-06-07,0.0012778248620701317,0.0012934538858926051
2017-06-08,0.002967170145371487,0.002996608337574266
2017-06-09,0.003360997772553541,0.0033197786164805496
2017-06-12,-0.0002962668914152415,-0.0005705380088984779
2017-06-13,0.005161925939805084,0.005171791421197843
2017-06-14,0.004619854278433996,0.004352220676104709
2017-06-15,-0.021544849861070775,-0.02078002978030041
2017-06-16,0.008476548260837513,0.00836415910358615
2017-06-19,-0.00249276918175397,-0.0021802175691986356
2017-06-20,-0.004524104761638374,-0.004310971035094788
2017-06-21,0.0007416116345582378,0.00040481294054545613
2017-06-22,-0.002923632402232703,-0.0028552711065726066
2017-06-23,-0.0031710398956397066,-0.003694215294076473
2017-06-27,-0.011256621776840042,-0.011255447471696538
2017-06-28,-0.001680743480268264,-0.0017520450592925841
2017-06-29,0.0023076254949383687,0.002888629458340314
2017-06-30,0.009897596596888002,0.009807826032478083
2017-07-03,0.001685569024564631,0.0020031026287262656
2017-07-04,0.00653687508344237,0.006237848276540255
2017-07-05,-0.001889460154717092,-0.001560933528033853
2017-07-06,0.0037058229233541367,0.003771896470009175
2017-07-07,-0.0008007972358445423,-0.0008927929537599826
2017-07-10,0.007091069475215762,0.0068220026851050185
2017-07-11,-0.009800575039224881,-0.00946351534603133
2017-07-12,0.0014974137286909378,0.0013691969944246015
2017-07-13,0.009493195312833907,0.00941589225276108
2017-07-14,0.0022329813113898993,0.0021193305321914498
2017-07-17,-0.002468672342067322,-0.0022572954754878794
2017-07-18,-0.005511429475571209,-0.005835374921984177
2017-07-19,0.003423126471014679,0.0032862015871991572
2017-07-20,-0.007592588311492509,-0.00758565840780494
2017-07-21,-0.0006481177058260514,-0.0006711400096493157
2017-07-24,0.0006746288500964403,0.00047180228592376004
2017-07-25,-0.0033133480121743356,-0.0030838022075764145
2017-07-26,0.005159102247965739,0.006068934052487766
2017-07-27,9.80907266497715e-05,0.00027784106744652495
2017-07-28,-0.011009994435167824,-0.010570549001768188
2017-07-31,0.008266328985752934,0.008183486441140753
2017-08-01,-0.007942205212491728,-0.007571837880409706
2017-08-02,0.0025007911625413953,0.0023580040591221927
2017-08-03,-0.002302230435458833,-0.002312017639339688
2017-08-04,-0.010498284151719365,-0.010106202377110794
2017-08-07,0.0037596745269219186,0.0038378973376448715
2017-08-08,-0.011847746400349057,-0.011356483441398063
2017-08-09,-0.00603724652815637,-0.006989340906150575
2017-08-10,-0.006763754941544848,-0.0076134008529227006
2017-08-11,-0.002028298914088759,-0.0017726659075223295
2017-08-14,0.009076207195107565,0.009601499334852569
2017-08-16,0.008588366441977966,0.008469014129653436
2017-08-17,-0.00399785165723778,-0.004097307925423077
2017-08-18,-0.0031380340525740706,-0.002904392389649461
2017-08-21,-0.003509884776649301,-0.0035541978617685457
2017-08-22,0.013671091024822146,0.01317311313880015
2017-08-23,0.0008212781434854264,0.0007782572444905555
2017-08-24,0.003132632837591722,0.0036697083956120837
2017-08-28,-0.005657648055454015,-0.004206574106657791
2017-08-29,-0.005705600444742254,-0.006070129312053343
2017-08-30,0.006197159674999343,0.0069817221296540714
2017-08-31,-0.0007752168352247649,-0.0002571490370194185
2017-09-01,0.0012870015964453194,0.0013391827367292286
2017-09-04,-0.003938623198703109,-0.0036908533816273083
2017-09-05,-0.00591078377154397,-0.005492645527779292
2017-09-06,0.0027842360094140935,0.002659771115344097
2017-09-07,-0.0008086549360896674,-0.000545428346246302
2017-09-08,0.009196514641286091,0.008717373183448363
2017-09-11,-0.0036024870866034732,-0.0030173715246684303
2017-09-12,0.012173162198710388,0.01222784267280975
2017-09-13,-0.006247030673164583,-0.005849475784452108
2017-09-14,-0.001398297531460032,-0.0007695160864479427
2017-09-15,0.006718366531189618,0.006801858644999947
2017-09-18,-0.002400468591881721,-0.002213944355824452
2017-09-19,0.0029983511161087726,0.002373871107782044
2017-09-20,-0.005855751400554189,-0.005547751076315501
2017-09-21,-0.0015415890827517854,-0.0018869843250287526
2017-09-22,-0.01484057704768088,-0.015628954238709063
2017-09-25,-0.014336155725078853,-0.014631444756129456
2017-09-26,-0.004144123549700323,-0.0034781461668076997
2017-09-27,-0.005306012119214331,-0.005852396775994032
2017-09-28,0.002634283905176735,0.002875934132316972
2017-09-29,0.013579475909744124,0.014015648134395368
2017-10-03,-0.004214121529977365,-0.003926394667371298
2017-10-04,-0.0024370384824931985,-0.002295955675543999
2017-10-05,-0.0019830841837066822,-0.0019017002935473356
2017-10-06,0.0030594605581174207,0.0031670201341426995
2017-10-09,0.005501073280569369,0.005421094314509302
2017-10-10,0.00040129961704137105,0.0007217702919709514
2017-10-11,0.007280832849352487,0.006803755414384754
2017-10-12,-0.0026953146672250095,-0.0025633225182629662
2017-10-13,0.013534962138470169,0.01287310262057514
2017-10-16,0.012014108729040445,0.011860213457330692
2017-10-17,-0.007273882537814208,-0.006804262616336177
2017-10-18,-0.004246278142179588,-0.00435238635867767
2017-10-19,0.005872917153844714,0.005428241341051284
2017-10-23,-0.0023644947475831564,-0.001875319472002359
2017-10-24,0.0007778652219254449,0.0007484238000213126
2017-10-25,0.004570123162234319,0.004654260765313598
2017-10-26,-0.003552505618991285,-0.003498567417567648
2017-10-27,-0.0030558210481021002,-0.0029066831301086207
2017-10-30,0.006056145433233421,0.006234666380170946
2017-10-31,0.0015829314929922602,0.001647677396505282
2017-11-01,0.006880716075334282,0.006695471632577983
2017-11-02,0.00015291424429308688,0.0003440466650913173
2017-11-03,-0.002456420754634611,-0.001965627795954084
2017-11-06,-3.243067331854549e-05,0.00019843946275525741
2017-11-07,0.00047162563592780026,-0.0004989487956331113
2017-11-08,-0.0009408471345272826,-0.0011290202607868514
2017-11-09,-0.0035028157109114264,-0.0032590096397096388
2017-11-10,0.0030700793675673653,0.0030206974448139332
2017-11-13,0.010053077818968916,0.00854808656424513
2017-11-14,-0.004783331211527358,-0.005288472279691064
2017-11-15,0.0013431601403339519,0.0009611144999204896
2017-11-16,-0.0010013549782658246,-0.0005955162409493101
2017-11-17,0.010764065538395436,0.010566350425714653
2017-11-20,0.004664146244041287,0.004110301761239675
2017-11-21,0.007789710028293811,0.008252882128587614
2017-11-22,-0.002703744377477947,-0.00228756692371742
2017-11-23,-0.0006189073699294947,-0.0007445326235400062
2017-11-24,0.004838679014953508,0.004567281109675728
2017-11-27,0.005748750257247249,0.00554992797661002
2017-11-28,0.0031988713994372826,0.003008119569126836
2017-11-29,-0.0015432754583364697,-0.0014159700103419026
2017-11-30,0.005953470963480465,0.005669615979811262
2017-12-01,-0.00888910786159337,-0.008670478271345362
2017-12-04,0.0010092446949055845,0.0011183361993973102
2017-12-05,-0.0015987176403713386,-0.001394555971880658
2017-12-06,-0.003224268140786973,-0.003477047836483219
2017-12-07,0.010420153111732191,0.010501622286264098
2017-12-08,0.007999936727698167,0.007918491346553922
2017-12-11,-0.001380831226049493,-0.0010016664076232613
2017-12-12,-0.005646780065814871,-0.0055718760979702135
2017-12-13,0.006437058657744957,0.005835554475001623
2017-12-14,-0.004789466564284724,-0.004785316113873978
2017-12-15,-0.003122286763583696,-0.0023579264170544827
2017-12-18,0.0011181133743471054,0.0011721260774849324
2017-12-19,0.004188318066824136,0.004504877133821766
2017-12-20,-0.0025645720548562296,-0.002516997743088063
2017-12-21,-0.004108733398606468,-0.003896492652349394
2017-12-22,0.0025834217703618084,0.0022360496453145326
2017-12-26,0.0042695929023633715,0.004337012343382861
2017-12-27,-0.0009621227528594534,-0.0009776117869958034
2017-12-28,0.0017829895609630798,0.001955513523071647
2017-12-29,0.005338622606222335,0.00533516163396034
2018-01-01,0.005585577290613101,0.005405199869862204
2018-01-02,-0.005211950989475331,-0.005316899787963209
2018-01-03,0.0013064313701063623,0.0016413078237441318
2018-01-04,0.0054343578852291095,0.0050480095431173055
2018-01-05,0.008082320279359283,0.008090785252601276
2018-01-08,-0.007714540753902786,-0.007267120228461071
2018-01-09,-0.0034666475897978085,-0.003277370413509224
2018-01-10,0.0016489814920649436,0.0020230198088383605
2018-01-11,-0.004638339658904693,-0.0050385697450984245
2018-01-12,0.0020256441637219436,0.0019118437227800557
2018-01-15,-0.0008493656481000449,-0.0008478824149923733
2018-01-16,-0.004520081875943594,-0.004939522452102215
2018-01-17,-0.006137450075992696,-0.00579523830881555
2018-01-18,0.010365435687098915,0.009649962002972608
2018-01-19,0.00462805874973303,0.004423039078945973
2018-01-22,0.003719109574314224,0.003552202234599857
2018-01-23,-0.007101442819723779,-0.006827720802428409
2018-01-24,-0.008099266384782632,-0.008288967354823365
2018-01-25,-0.0035123350937199672,-0.004237675671474949
2018-01-29,0.0019350400821954014,0.0009486642168255225
2018-01-30,-0.015739130079583007,-0.015022339836931964
2018-01-31,0.0020739335965792305,0.0013545251526245286
2018-02-01,0.0034471777473637144,0.0031052331056601267
2018-02-02,-0.023897019189876446,-0.024146792752978593
2018-02-05,0.0007397009563055791,0.0008992725213821939
2018-02-06,-0.01151998961991704,-0.011296617954130658
2018-02-07,0.010178956939183786,0.010218295345847398
2018-02-08,0.01507379535430955,0.014934564258547679
2018-02-09,-0.008995191200289661,-0.00853687099725818
2018-02-12,0.0074560737864615275,0.00733609244745585
2018-02-14,0.00031003004497673673,0.00033231334226857426
2018-02-15,-0.001749850613978188,-0.0016269529726600984
2018-02-16,-0.0008515813688725216,-0.0012783341445333322
2018-02-19,-0.002024070168652791,-0.001995580469002581
2018-02-20,-0.006571477307766448,-0.006345662995599572
2018-02-21,-0.005919313969371492,-0.005863859310381613
2018-02-22,-0.001402506799756012,-0.0017856773499900713
2018-02-23,0.007910957009484233,0.007900100260741666
2018-02-26,0.00451298306150582,0.004796302982419428
2018-02-27,-0.003682452627857426,-0.0032362529377134496
2018-02-28,0.0038106234516232665,0.0032818786725399476
2018-03-01,0.0004677966733506972,0.00043678642157570917
2018-03-05,-0.0016142523196454419,-0.002404746985311109
2018-03-06,-0.008257369402290087,-0.007889007093269873
2018-03-07,-0.009018974924307768,-0.009334687102058961
2018-03-08,-0.006046373222773386,-0.005481463916920314
2018-03-09,0.0024551335923093673,0.002348761099622332
2018-03-12,-0.000649252408859707,-0.0006568405178250425
2018-03-13,-0.006147047711973089,-0.006001339509037364
2018-03-14,-0.0011220040077777804,-0.0012879472899331836
2018-03-15,-0.0004579870943639287,-0.0003906051116893917
2018-03-16,-0.014269057848530036,-0.014526012464089537
2018-03-19,-0.00155223534074354,-0.0017081243719092273
2018-03-20,-0.0018166636329416408,-0.0020971950649125532
2018-03-21,0.005019871759132093,0.00490498563112342
2018-03-22,-0.005776774178698438,-0.006171808903197636
2018-03-23,-0.006204228611642765,-0.006147722719245633
2018-03-26,-0.0014592178919542093,-0.001120787132068588
2018-03-27,0.0008264179974237418,0.0012954482461262056
2018-03-28,0.002055200526731193,0.0021078054658208788
2018-04-02,0.010214299697399776,0.010190723285571232
2018-04-03,0.005720577929743047,0.005634701194072963
2018-04-04,-0.0040986494458494175,-0.00427280995699889
2018-04-05,0.009137867735485358,0.00893776482720289
2018-04-06,0.0016854074665883197,0.0017488155345488435
2018-04-09,0.0001434844635690829,-0.00010184133242543893
2018-04-10,-0.0007988630708026121,-0.00041507929854646907
2018-04-11,-0.0010303606171743237,-0.0012043037031494812
2018-04-12,0.007261297930253173,0.006390095580408198
2018-04-13,0.009807401000183695,0.009298529502691543
2018-04-16,0.003731722010154177,0.0034704753144897873
2018-04-17,-0.0026680226026571923,-0.0024212442958446855
2018-04-18,-0.004500381747664897,-0.004249254842164285
2018-04-19,0.006677139298421827,0.007160415522811973
2018-04-20,-0.0017840164353352705,-0.001708952532934533
2018-04-23,0.0036234852147968735,0.003669958555082526
2018-04-24,0.00033608476777554215,0.00030329585158641876
2018-04-25,0.0016700214838881585,0.0012612721229354395
2018-04-26,-0.003342160724007148,-0.0033966194838687506
2018-04-27,0.0026779871276514837,0.0027875732573290485
2018-04-30,-0.00026444705570558295,1.624203308047225e-05
2018-05-02,0.00814618721674389,0.006954442223799857
2018-05-03,-0.005453467583317425,-0.0049945302713243055
2018-05-04,-0.009658858379913229,-0.00937736581899456
2018-05-07,0.0011261356279018433,0.0011950840781250233
2018-05-08,0.0025132616293740504,0.003104495612447551
2018-05-09,-0.002094344376901876,-0.00245658384475875
2018-05-10,-0.001498104653461232,-0.001824227833099824
2018-05-11,0.0005535145970975931,0.000674734082444813
2018-05-14,-0.0007097888997700159,-0.0009252915592232829
2018-05-15,-0.0017522472022276018,-0.002000518185571623
2018-05-16,-0.0018197003941638162,-0.0017800485630976443
2018-05-17,-0.007143861898955066,-0.007085081637441301
2018-05-18,-0.0029904052532751376,-0.003699196145016014
2018-05-21,-0.013765381674280623,-0.013928352511902302
2018-05-22,-0.0032353262805981386,-0.0027637148365991936
2018-05-23,0.00943774588814151,0.008858093930206371
2018-05-24,0.0005900478569885459,0.00012217227576162516
2018-05-25,0.0031268426612145353,0.0031962847020491295
2018-05-28,0.017106020178611483,0.016815779174687333
2018-05-29,-0.004443960018579626,-0.0040819220979949385
2018-05-30,0.01583268041956599,0.013985537064473249
2018-05-31,-0.008221781176573285,-0.0074739550624906845
2018-06-01,0.004669628748412533,0.00356993496462579
2018-06-04,-0.011112231831175535,-0.011060808035651366
2018-06-05,-0.0044998042398320635,-0.0048674559848304825
2018-06-06,0.009122042065802133,0.008757037849137188
2018-06-07,0.0018228352552690581,0.0023647036894198685
2018-06-08,0.006919330525910282,0.007300666449529508
2018-06-11,-0.0011822892707203008,-0.0004881307278705437
2018-06-12,0.0021879209090086074,0.00221279329446542
2018-06-13,-0.00127197866698345,-0.0014438765154162307
2018-06-14,-0.004035233286077603,-0.00391870995032644
2018-06-15,0.006334670987537758,0.00611639358103401
2018-06-18,-0.0010019681759666534,-0.0004829998617856512
2018-06-19,0.0003973109522102184,0.00022251691684442473
2018-06-20,-0.00022142393251390073,-0.00023732249691633543
2018-06-21,-0.0004776860688106366,-0.0009550425765456469
2018-06-22,0.0018697442434166284,0.0016430409323375417
2018-06-25,0.002920047172724296,0.0026454811586673465
2018-06-26,-0.0034090861903873088,-0.0033134416324138716
2018-06-27,-0.006281628995174915,-0.006709002444850652
2018-06-28,-0.005028626187315409,-0.005604715688526782
2018-06-29,0.013985676566696708,0.014166020629944423
2018-07-02,-0.0074441529336645735,-0.007666056827876121
2018-07-03,-0.004446279592687166,-0.004481285594629021
2018-07-04,0.0056281709182033745,0.005610001785972317
2018-07-05,-0.005214391445612913,-0.005392918780752548
2018-07-06,0.0026478445245415945,0.002565191887963465
2018-07-09,0.005565603131079445,0.005430783998059927
2018-07-10,-0.0021959931633816297,-0.0015198072558575966
2018-07-11,0.0021786491461217817,0.0020557162582303576
2018-07-12,-0.0032405834411069877,-0.0030972980343600266
2018-07-13,0.0044962578125997965,0.003893156655836164
2018-07-16,-0.007197435903396228,-0.008120161222899212
2018-07-17,-0.00335004503426026,-0.002419096772630954
2018-07-18,0.002073857524204879,0.0020298059854300015
2018-07-19,-0.008582860841827357,-0.008072157761858823
2018-07-20,-0.0065286603768845135,-0.006003009326708883
2018-07-23,0.004233208716959003,0.004613578058908543
2018-07-24,-0.0017523960396129286,-0.0008332096638617383
2018-07-25,0.00010718984392034381,7.558168898690488e-05
2018-07-26,0.008050298347903152,0.007704690544253327
2018-07-27,0.007221965481256228,0.007431300874368829
2018-07-30,0.003256938868028472,0.0034533948018410435
2018-07-31,0.0031948805311115065,0.002954840765536262
2018-08-01,0.0030655178496992196,0.0032931597120794036
2018-08-02,-0.007937418663336115,-0.007285061628044458
2018-08-03,0.011549139056620892,0.011427185499930567
2018-08-06,-0.0061642712424525735,-0.0058236575223956175
2018-08-07,-0.0038175766201833847,-0.003615013860366304
2018-08-08,0.006411610393552966,0.006345461559669145
2018-08-09,-0.007603745270031956,-0.006572591188833115
2018-08-10,-0.0007303700337107864,-0.000986400829175534
2018-08-13,-0.0015442977132972759,-0.001477376759221887
2018-08-14,0.0010328897954632803,0.0016084414331259925
2018-08-16,-0.0058554235194990005,-0.005429545831065694
2018-08-17,0.005120446570575529,0.00520272990849184
2018-08-20,-0.0009528285649034536,-0.0010758074630287198
2018-08-21,0.007589383165722873,0.007614370265620871
2018-08-23,-0.0003956891991978334,0.00019268752665045554
2018-08-24,-2.8189668873932557e-05,0.00042765828670642686
2018-08-27,0.009704162406237045,0.009455791031469476
2018-08-28,0.0013887506622995247,0.0014187250448690221
2018-08-29,-0.007281634894285686,-0.006599466225041957
2018-08-30,0.002060452841090026,0.002429436309526185
2018-08-31,0.011895293038142296,0.01150543062242426
2018-09-03,-0.002991136719226359,-0.0030824630444587307
2018-09-04,-0.006070704252607595,-0.0066485840893958405
2018-09-05,-0.004814368608678884,-0.004612663897117782
2018-09-06,0.003556419888506963,0.003477402497153158
2018-09-07,-0.0031149712855235417,-0.002352824428111926
2018-09-10,-0.005632129465506695,-0.00575468636380252
2018-09-11,-0.007007321569962771,-0.007097703346623995
2018-09-12,0.000256735832311074,-0.00012283072974656807
2018-09-14,0.003794894218900468,0.004125261066501818
2018-09-17,-0.0032058232785458904,-0.0032663337528489058
2018-09-18,-0.001652081837673884,-0.001702469593468169
2018-09-19,-0.004336743849280651,-0.004800560692803152
2018-09-21,-0.019658881877557283,-0.01975462523970714
2018-09-24,-0.0017043843958120686,-0.002691489932569968
2018-09-25,0.0013405950943020854,0.00092975292956621
2018-09-26,0.006394843723785034,0.006551997470996144
2018-09-27,-0.011594037664173289,-0.011755886623081567
2018-09-28,-0.007206531149298372,-0.007744457933870738
2018-10-01,-0.01130017400473965,-0.010815674424674812
2018-10-03,-0.0037573909020217305,-0.0032977723950560903
2018-10-04,-0.019627096408602128,-0.019443250371412774
2018-10-05,-0.00666914004573474,-0.007373127659702362
2018-10-08,0.0017099557880636837,0.0009269300805945992
2018-10-09,-0.01160812524649163,-0.011336703627785187
2018-10-10,0.01596732556953882,0.01680314902896513
2018-10-11,-0.011282375243176808,-0.011723777956096644
2018-10-12,0.009295944756737805,0.009103493255027283
2018-10-15,0.0012432174167022261,0.0010482454129538234
2018-10-16,0.0018252156743448894,0.0020225501401497353
2018-10-17,-0.005000948961168858,-0.005961490955351735
2018-10-19,-0.008430777303750185,-0.008275624093232173
2018-10-22,-0.021865576256256805,-0.02089593096808689
2018-10-23,-0.011877798891584739,-0.01143151062639038
2018-10-24,0.003737658562087445,0.0037334013084399016
2018-10-25,-0.004679686879936673,-0.005586945300285714
2018-10-26,0.005900453938312726,0.005625524992500437
2018-10-29,0.013504463860891339,0.014552511170191476
2018-10-30,0.010679389148208386,0.010674827424694215
2018-10-31,0.013365003145092154,0.013283214446075702
2018-11-01,0.00011682900948814195,0.000655341747445963
2018-11-02,0.022319957580637727,0.021756333405447203
2018-11-05,0.006150099068213,0.006176215269898969
2018-11-06,-2.1461081682070846e-05,-0.0004172208487580439
2018-11-07,0.006205974181130859,0.0061524376785163995
2018-11-09,0.003110412782957609,0.0031157801635578793
2018-11-12,-0.0060823251577181246,-0.006323389452404974
2018-11-13,0.01005421931924456,0.009655622087763315
2018-11-14,-0.0020934324219084115,-0.0016712217310484354
2018-11-15,0.01501653232636635,0.015056682465490417
2018-11-16,0.008070738293206887,0.007650065304966696
2018-11-19,0.010184814603049952,0.01001451439423094
2018-11-20,-0.004577542361924104,-0.0047829191696576396
2018-11-21,-0.0027117500366125977,-0.0024826227762337113
2018-11-22,-0.007028371372689762,-0.0073808827329706235
2018-11-26,0.0010469479308965659,0.0010622373198411284
2018-11-27,-0.0020706924870760777,-0.001962687114742237
2018-11-28,-0.002429200534131067,-0.002242779485843726
2018-11-29,0.00982160642446317,0.009650360442060423
2018-11-30,-0.0012541105471598822,-0.0017701824463571718
2018-12-03,-0.000822170193791845,-0.0008863248142322136
2018-12-04,0.009241022621469265,0.008593733786675162
2018-12-05,-0.010809720930455544,-0.010629144458176596
2018-12-06,-0.01153071205899047,-0.01139376991123756
2018-12-07,0.005226412002399167,0.004187050130456944
2018-12-10,-0.020797111945025686,-0.020029654976671717
2018-12-11,0.005607824749046119,0.0063359367308981375
2018-12-12,0.014464307751889288,0.015224585579006102
2018-12-13,0.014008728906840113,0.013407995674986323
2018-12-14,0.005632498066702347,0.00533324825442012
2018-12-17,-0.00016918319059217577,0.0003308288167098621
2018-12-18,-0.0008674189064838173,-0.0010337900622731078
2018-12-19,0.011069927494620713,0.011304008981261951
2018-12-20,-0.0003664094623646118,-0.0004737251140171769
2018-12-21,-0.012659812100525237,-0.012572831204754656
2018-12-24,-0.00013806925437377725,-0.0012758006045387594
2018-12-26,0.0020768649226816163,0.0020875821465015554
2018-12-27,0.001695819050267869,0.0015720069424848373
2018-12-28,0.0025868180914731895,0.003173638027872511
2018-12-31,0.013760249541358011,0.013585691565064794
2019-01-01,0.00321923246740949,0.0032300293339986613
2019-01-02,-0.001423340187201371,-0.001146173157025145
2019-01-03,-0.0018563700782089614,-0.00221788421054521
2019-01-04,0.002176622694646057,0.002131999844157919
2019-01-07,-0.0013945146912131708,-0.0016168794205971193
2019-01-08,-0.0069197026707176965,-0.006264838643017071
2019-01-09,0.008412434739743383,0.008208668036330479
2019-01-10,0.009051257991186374,0.009158550864925303
2019-01-11,-0.004081202738293075,-0.0039664706694363585
2019-01-14,0.0026941466614704844,0.0023663595129361226
2019-01-15,0.001711031757884897,0.0020302053685638897
2019-01-16,0.003011528232138343,0.0027632680935580165
2019-01-17,0.00022565787606291545,0.0002949500619404948
2019-01-18,0.0013737973077786964,0.0007945531781948182
2019-01-21,0.0011241871460196695,0.0008258393082451
2019-01-22,0.0009336540602907038,0.0005513829418820394
2019-01-23,-0.004124435480090531,-0.004389039503179706
2019-01-24,-0.0028425499012549064,-0.002891320267573119
2019-01-25,-0.007763457807690299,-0.00784704104813895
2019-01-28,-0.012268311184745702,-0.013042977149312792
2019-01-29,0.007755715389168462,0.007530699675935099
2019-01-30,-9.381217592842328e-05,0.0007586961876318753
2019-01-31,0.008343836955564019,0.008079567941343943
2019-02-01,0.004172154276752245,0.004450314373392021
2019-02-04,-0.006888354326971297,-0.007330894376229137
2019-02-05,0.003410767693948428,0.002752435587033803
2019-02-06,-0.0013757770799635613,-0.0012038037146851208
2019-02-07,0.000422628950722784,0.0008196007890285346
2019-02-08,-0.006071541820407759,-0.006531464020503254
2019-02-11,-0.02067992680120174,-0.020458970553453148
2019-02-12,0.006395962905335056,0.005786876013642364
2019-02-14,0.001002716771648256,0.0008613991369728052
2019-02-15,-0.008048413663623792,-0.008306197407572914
2019-02-18,-0.0131240879941798,-0.01286642770115068
2019-02-19,-0.002757844610333639,-0.0018605154372742087
2019-02-20,0.0008466985304663138,0.0010060730747741748
2019-02-21,0.008071338588717742,0.008743067832535494
2019-02-22,0.0007788466616081087,0.0014694553799192026
2019-02-25,0.007729322169274691,0.007604874987000516
2019-02-26,-0.0050368640459383445,-0.004446609339282039
2019-02-27,0.0031879840140414954,0.003091258183759415
2019-02-28,0.0003675032484014699,0.0004667159575185121
2019-03-01,-0.0022184587323287016,-0.0019416841661031962
2019-03-05,0.005331952484730835,0.005979606678685331
2019-03-06,0.0030105829636863915,0.002865264457498956
2019-03-07,-0.0018602974994028027,-0.0018686123762770527
2019-03-08,-0.00523222481475454,-0.0050325508454652865
2019-03-11,0.007567685020281861,0.008042314498490091
2019-03-12,0.004641578912766263,0.004900410188503324
2019-03-13,0.000941684647133016,0.0006209359337231934
2019-03-14,-6.385561041252253e-05,-0.00041001731682927797
2019-03-15,-0.00010691052954799336,-0.0005018324586965911
2019-03-18,0.003084378875213419,0.003090246731142143
2019-03-19,0.007551419890147116,0.0069817480403418265
2019-03-20,-0.0011862221425442004,-0.001459865445325051
2019-03-22,0.0026847622396844973,0.002766630584964866
2019-03-25,-0.00733876850094264,-0.007414598378894129
2019-03-26,0.0069931263233369515,0.006702842420283275
2019-03-27,0.0006430350805205487,0.0006707529668563115
2019-03-28,0.0027701919509161227,0.0031297589814570435
2019-04-01,0.021376777518761037,0.02153501424036023
2019-04-02,-0.0010411070825928923,-0.0007994331785301169
2019-04-03,-0.005935621050167358,-0.005901283865894537
2019-04-04,0.001941344943804941,0.0019792541335359095
2019-04-05,0.0009776636482742038,0.0011852561712927473
2019-04-08,0.0033305659529991975,0.0026724639796098376
2019-04-09,-3.988279556281721e-05,0.00015269136321
2019-04-10,0.008063414617107878,0.007616149721853077
2019-04-11,-0.003240485077577809,-0.0031980675695587285
2019-04-12,0.002485534975501022,0.0025079221810861444
2019-04-15,0.00863116591372422,0.00835460431866441
2019-04-16,0.00520528729822176,0.004993575142047707
2019-04-18,-0.009802335997676714,-0.009297268558502578
2019-04-22,-0.011744504885717818,-0.01174908572739191
2019-04-23,0.004317821707874477,0.004419934641197848
2019-04-24,0.0014888298075494601,0.0015182130216730297
2019-04-25,-0.005754096556616916,-0.0057018529608412515
2019-04-26,0.00201854701652653,0.0017891780531565514
2019-04-30,0.00441117962069257,0.004452319654056604
2019-05-02,7.42807524888834e-05,-0.00018081723381387711
2019-05-03,-0.000955886262284535,-0.0012759953380595212
2019-05-06,-0.009084790370230755,-0.009040711602831064
2019-05-07,0.004627701948516044,0.0038844171147021174
2019-05-08,-0.0021045971432524773,-0.0023983966657903483
2019-05-09,-0.004057916249678134,-0.004071991452204151
2019-05-10,0.0026291501283851534,0.0024570783689163455
2019-05-13,-0.004385013102657967,-0.004804960971519071
2019-05-14,0.0019291840369292789,0.0018613835307076635
2019-05-15,0.003939569827704073,0.0037673395933451458
2019-05-16,-0.002940401253556863,-0.003039963985607782
2019-05-17,0.004527017106254342,0.0037650505176514268
2019-05-20,0.023143941559976816,0.023435857924622272
2019-05-21,-0.0013474325736125418,-0.0019525841344993748
2019-05-22,-0.00640376487109544,-0.006328479006570465
2019-05-23,0.0006288101129947685,0.0007690508518779365
2019-05-24,0.004554576754813982,0.005146178097098525
2019-05-27,0.019734378584208824,0.01956872865975281
2019-05-28,-0.005808422337498679,-0.005565424266807313
2019-05-29,0.005199693894442204,0.0050152652334251755
2019-05-30,-0.00316916534425294,-0.003354490129712478
2019-05-31,0.001983425404758008,0.0021255113003779817
2019-06-03,0.009539399126694733,0.009566793810550778
2019-06-04,0.002493473191369464,0.0021743306401082857
2019-06-06,0.0069690198866057115,0.0064315617746005735
2019-06-07,4.197311645516891e-05,-0.0002662671688213259
2019-06-10,0.005737040453344654,0.005795359224876103
2019-06-11,0.004703612509511111,0.004492884628386512
2019-06-12,-0.000869993006314621,-0.001016567964542416
2019-06-13,-0.007585687749765433,-0.007509864723329986
2019-06-14,-0.0011512796714263436,-0.001179099327542062
2019-06-17,-0.0028507769362321107,-0.00331339767751226
2019-06-18,-0.004749086763469505,-0.004688882147940629
2019-06-19,0.009775643415204082,0.008871850738182066
2019-06-20,0.00048786291233937943,0.000399063262075337
2019-06-21,-0.01183726575822069,-0.011740241266721428
2019-06-24,-0.004824924617795706,-0.005276928816881145
2019-06-25,1.1550704814800432e-05,0.00035412439529182687
2019-06-26,0.0010072177233865593,0.0016178477986984391
2019-06-27,0.007361270795085206,0.0071170115004982664
2019-06-28,0.011198813164673985,0.010927480874894228
2019-07-01,-0.0019441030730351558,-0.0016772405770390498
2019-07-02,-0.0008489230595886057,-0.0002579425174212053
2019-07-03,-0.006958902643112523,-0.006616064040461095
2019-07-04,0.004262005549734377,0.004080403483419998
2019-07-05,-0.01128456910798254,-0.011509336401589274
2019-07-08,-0.009301123259653378,-0.009516800165216652
2019-07-09,-0.0034064709241937966,-0.003122027273511895
2019-07-10,0.002933415562263613,0.002409046026085046
2019-07-11,0.003521752820564292,0.003998978456525968
2019-07-12,6.30908024379578e-05,0.0004825956899309643
2019-07-15,-0.001949870383175897,-0.0018706615594637306
2019-07-16,0.002635248777229868,0.0027177747581716917
2019-07-17,-0.0017530702849198289,-0.0015519647243802423
2019-07-18,-0.009250010309230559,-0.009559014688755965
2019-07-19,-0.014081141002994534,-0.013700162762872533
2019-07-22,-0.004323551809435772,-0.004338552649709421
2019-07-23,0.004597730548863622,0.004112661615946345
2019-07-24,-0.0043528965637754,-0.005175314866421585
2019-07-25,-0.004405937744407466,-0.004461103717148791
2019-07-26,-0.0030543209299360805,-0.002811032693663048
2019-07-29,-0.003787065754403037,-0.0038733201471873604
2019-07-30,-0.00453830467728336,-0.0047355748443301295
2019-07-31,0.013278394693356656,0.013092806121985753
2019-08-01,-0.013458137725696534,-0.01320033640101426
2019-08-02,-0.0033075249564876877,-0.003078529639903941
2019-08-05,-0.009590671736248717,-0.009633315815638976
2019-08-06,0.006486727961897718,0.006860635969640751
2019-08-07,0.0020579998258547757,0.002650795018687541
2019-08-08,0.004037570799631421,0.004626352157841746
2019-08-09,0.00148763457735774,0.0013895504156520573
2019-08-13,-0.007431058368717933,-0.008070533745306831
2019-08-14,0.009655135591883258,0.009725630771813978
2019-08-16,0.0016876090119944238,0.0020209831632279577
2019-08-19,0.004880411237184776,0.004798683106438532
2019-08-20,0.008419225237786397,0.008069313857507525
2019-08-21,-0.0012120389460973636,-0.0012130074054586062
2019-08-22,-0.005183830620483273,-0.005514755309881752
2019-08-23,0.0003667661957956651,0.00029257596264109184
2019-08-26,0.007003135216776144,0.007516757638525174
2019-08-27,0.000708192462501563,0.0014445720656203443
2019-08-28,-0.0001735479872351965,-0.00044928406568959763
2019-08-29,-0.009457923937882964,-0.009184802345613472
2019-08-30,0.0061523694481731075,0.006415727007527368
2019-09-03,-0.008900319810000765,-0.008795363101386088
2019-09-04,-0.0015901301141491302,-0.0012883073348520756
2019-09-05,0.0006359406031861246,0.0007109474913360227
2019-09-06,0.009877898385303566,0.009606164738353719
2019-09-09,0.006313278967606138,0.00626798302716966
2019-09-11,0.0005949306441501924,0.0003905902659246165
2019-09-12,-0.0006763337199950579,-0.0008680882074462807
2019-09-13,0.006306717737993255,0.006224231977061328
2019-09-16,-0.0010732555426923903,-0.0006011838936341262
2019-09-17,-0.013219294284600969,-0.013101487020229395
2019-09-18,0.004349805744128364,0.004111666047896127
2019-09-19,0.0009551453634268993,0.0006439134170845362
2019-09-20,0.0223811006351364,0.02353931943680344
2019-09-23,0.03824516201926112,0.038410575872508346
2019-09-24,-0.0007236534880556048,-0.0011752074129642515
2019-09-25,-0.006126567759502724,-0.006294499155760856
2019-09-26,0.011776649500965011,0.01186413632770553
2019-09-27,-0.004646540512321958,-0.005088654660940682
2019-09-30,0.015008519444046057,0.014958866757066164
2019-10-01,-0.0048097416475075035,-0.0052543415117765795
2019-10-03,-0.009705575921624719,-0.009687934626972317
2019-10-04,-0.004292645150134428,-0.004130495761689487
2019-10-07,-0.016075196706532978,-0.015540067130565898
2019-10-09,0.0018091433937483348,0.0023686210424081746
2019-10-10,0.009246218013913265,0.008897020091367067
2019-10-11,0.037394618128949265,0.03211914767255928
2019-10-14,0.0034219480236388875,0.003252844680862412
2019-10-15,0.0030963240646917018,0.0034220033937383204
2019-10-16,-0.005363347406017041,-0.004251994827658912
2019-10-17,0.001490619540628675,0.0018674245224640437
2019-10-18,-0.0008582354295959716,-0.00021070960761941572
2019-10-22,0.001084802303973076,0.0007948695648346978
2019-10-23,-0.007102573872155304,-0.006357392403479423
2019-10-24,-0.011204805992473563,-0.010313395407045076
2019-10-25,0.005374575984285324,0.005078871276506951
2019-10-27,0.004588615757657,0.004947431094762424
2019-10-29,-0.009495266131531645,-0.008719665852050027
2019-10-30,0.005912702939255984,0.006455514369556136
2019-10-31,0.010836799090506435,0.01070049925191336
2019-11-01,0.001779827305771055,0.0009207391627256809
2019-11-04,0.001197786183964984,0.0015958604381838047
2019-11-05,-0.010924609603285302,-0.010784966137675317
2019-11-06,-0.00750959646482306,-0.007397774910862475
2019-11-07,0.003364084863371645,0.0034171088524119443
2019-11-08,-0.01387409495899617,-0.013718797436195434
2019-11-11,0.0008681611578832606,0.0009388556516797212
2019-11-13,-0.00697279097331153,-0.006337658734898143
2019-11-14,0.0042798724623484465,0.003660528851279254
2019-11-15,0.010992152671133057,0.010630212081974443
2019-11-18,0.00855096658162807,0.008306374933400949
2019-11-19,0.0018164996836832707,0.0019861832413294567
2019-11-20,0.005284559934974274,0.005574958882090076
2019-11-21,-0.00039080382607901195,-0.0007555311737893603
2019-11-22,-0.001816182286100294,-0.001707072845983067
2019-11-25,-0.00029256445430079646,1.3457488065451095e-05
2019-11-26,-0.004788267464248523,-0.0045668865460548385
2019-11-27,0.0006612283569405152,0.0006791774473316458
2019-11-28,-0.001745054354624677,-0.0021108788038493643
2019-11-29,-0.0008284110498466959,-0.00020108803177464968
2019-12-02,0.004610864834889113,0.004213794554736325
2019-12-03,0.00039582327388727084,0.00023289308932293048
2019-12-04,0.014850044759918813,0.014494399483862924
2019-12-05,0.004625124881694031,0.0043854223862575745
2019-12-06,-0.003122710083584738,-0.0035947630339404004
2019-12-09,-0.0022050903060089255,-0.002080122297879196
2019-12-10,-0.005651622632340517,-0.006018018937029101
2019-12-11,0.0018826462809472767,0.001827931200946874
2019-12-12,-0.00091389862978473,-0.00036023448039729635
2019-12-13,-0.002610064583542581,-0.0020498002076256017
2019-12-16,0.0014152283503730896,0.001043858647726446
2019-12-17,0.012621278636482464,0.012093034897534133
2019-12-18,0.004081336297750836,0.004081943079034489
2019-12-19,0.0012378263121750578,0.0015548026281433165
2019-12-20,0.0005140475266688324,0.0007402998595765539
2019-12-23,0.010741115558587594,0.01059355252256781
2019-12-24,-0.00046479077561781767,-0.0012422458343490227
2019-12-26,0.00455249417929376,0.00446469396038107
2019-12-27,0.003630324384342766,0.003755923150365409
2019-12-30,0.008239586348706373,0.00792898555734237
2019-12-31,0.001566872628393272,0.0015748304464093337
2020-01-01,-0.009093066717331524,-0.008479308630599192
2020-01-02,0.0003652679310239804,0.0004729413106230977
2020-01-03,0.0007125898434392436,0.0006477580936283657
2020-01-06,-0.008353739922553097,-0.009066548334704343
2020-01-07,0.001209828693585665,0.0014178389608730012
2020-01-08,-0.0015303096758177421,-0.0013215913529242172
2020-01-09,0.0014851420511129867,0.0018993694117925809
2020-01-10,0.007114525451785823,0.007135930487367276
2020-01-13,0.006898848321415074,0.006726340470947052
2020-01-14,0.005951091407350467,0.006062387274079913
2020-01-15,-0.001487022707477009,-0.0011557919600438571
2020-01-16,0.008975589660810772,0.009208347279201624
2020-01-17,0.006202634045300796,0.006528027838666221
2020-01-20,0.006148967282595752,0.0054669201703765186
2020-01-21,-0.00011434077031922406,-0.000882488107744278
2020-01-22,-0.007162993861340649,-0.006640376078387842
2020-01-23,0.0050532272457260025,0.004980287972468304
2020-01-24,0.01403217963405729,0.013095660642756498
2020-01-27,0.00797321104177911,0.006685070494723265
2020-01-28,0.001124138885405321,0.000303782407618934
2020-01-29,0.005170930052681303,0.004945541769049108
2020-01-30,0.004342668558722227,0.0026210029347821765
2020-01-31,0.002598602457375796,0.001667456726609397
2020-02-03,-0.002834650965849833,-0.002820862638061822
2020-02-04,0.011209088166946353,0.011266446585414001
2020-02-05,0.015839645677914144,0.015012510149163176
2020-02-06,-0.011801457505275994,-0.010757672372743558
2020-02-07,0.006917556389753227,0.006912663267506267
2020-02-10,-0.002954555990791606,-0.003187407735583383
2020-02-11,0.011114077163714974,0.01023383577912352
2020-02-12,0.003003603950132324,0.002893435310498768
2020-02-13,-0.009215227482713112,-0.009951823223771273
2020-02-14,-0.005042036612149153,-0.004915193224886582
2020-02-17,-0.00037161404176708944,-0.0001670991524681658
2020-02-18,0.001996664194769719,0.0018978422248444407
2020-02-19,0.011053839786566908,0.011406242122346784
2020-02-20,0.013144107190726737,0.012172673651391314
2020-02-24,-0.006831446823790707,-0.007353714771515386
2020-02-25,-0.007669165783975126,-0.00717772664882862
2020-02-26,-0.0075154995388791775,-0.007658240232732282
2020-02-27,0.003970979964122778,0.0032015497213406926
2020-02-28,-0.0032494530406801253,-0.004819324179130665
2020-03-02,-0.013844634971436778,-0.013014599818174731
2020-03-03,0.008832614791313101,0.008687189056224127
2020-03-04,-0.014713265827813096,-0.014215177046723461
2020-03-05,0.010020895710956533,0.009120097027460182
2020-03-06,-0.00962085032478598,-0.009894023812775312
2020-03-09,-0.024291412312142446,-0.024782182546796667
2020-03-11,-0.014678439819717736,-0.014206267101604539
2020-03-12,-0.0435848482750456,-0.04443882248669271
2020-03-13,0.008581552033382065,0.009916559029213335
2020-03-16,-0.056935562153239916,-0.057241177542052275
2020-03-17,-0.003463120906991097,-0.003988963558308466
2020-03-18,-0.04872116429351796,-0.048510709493498255
2020-03-19,-0.027150509486141085,-0.027547606567526882
2020-03-20,0.044404373137360925,0.04463320479837314
2020-03-23,-0.08676076845560955,-0.08870480636954911
2020-03-24,-0.021778078710934946,-0.018848668656789965
2020-03-25,0.012746490174914221,0.013332756028834573
2020-03-26,0.03302723380379257,0.03346794526067737
2020-03-27,-0.0021208863819317013,-0.003420636260201632
2020-03-30,-0.02436390043933944,-0.023308238497052814
2020-03-31,0.03383270688400683,0.033711965413630404
2020-04-01,-0.03144221261659509,-0.031454246091721816
2020-04-03,-0.0013043908403906318,-0.0016558661168889252
2020-04-07,0.02210106046701166,0.024403502487122333
2020-04-08,0.022312469756777108,0.022649889248291318
2020-04-09,0.03249635153693326,0.03409387368728997
2020-04-13,0.016007927225712232,0.015778689261389554
2020-04-15,0.010343020489108483,0.009986418844458556
2020-04-16,-0.015451985966963655,-0.014630965196771949
2020-04-17,0.014583380841962389,0.014980052744063938
2020-04-20,0.010015420930912936,0.010582243262294526
2020-04-21,-0.013137352589470103,-0.012728657686620074
2020-04-22,0.014159527823622576,0.014423412624832358
2020-04-23,-0.0010697486541477248,-0.00046895593238032265
2020-04-24,-0.0019920149515739224,-0.0036149417390204932
2020-04-27,0.004297018378479211,0.0038738348755749446
2020-04-28,0.000726340501322806,0.0015273816586284777
2020-04-29,0.010695130794164292,0.011394029684215492
2020-04-30,6.472893194760988e-05,0.0007493708524273082
2020-05-04,-0.0013279151672808739,-0.004541157320450314
2020-05-05,-0.009004170923454475,-0.009074667841463687
2020-05-06,-0.003346006044829759,-0.0031243495140470725
2020-05-07,-0.007428428910217793,-0.007943672997199936
2020-05-08,0.0015797568849474698,0.0014962454299579848
2020-05-11,-0.006612752631745577,-0.006099940535036709
2020-05-12,-0.019072764035686817,-0.019287282837825763
2020-05-13,-0.0009982577972682553,9.2824811186323e-05
2020-05-14,-0.011204707899114024,-0.010370711709124809
2020-05-15,-0.004062428275002542,-0.0034090931167985268
2020-05-18,0.01423139051508691,0.008401784423582958
2020-05-19,-0.004691872603176575,-0.0036038229661977807
2020-05-20,0.01209540410560937,0.01300873342746833
2020-05-21,0.0027506169609383515,0.002989562041957004
2020-05-22,-0.00285436200246266,-0.0035506346731637665
2020-05-26,0.0019349860368275595,0.0016416334738759888
2020-05-27,-0.009046551842930432,-0.008769045443563713
2020-05-28,0.018785220350957258,0.0186365233339885
2020-05-29,0.00877368075395248,0.009229469892995987
2020-06-01,0.002767823207055431,0.004224957659138558
2020-06-02,0.02270700908218946,0.021842985228048614
2020-06-03,0.007521182484088904,0.00798695562593688
2020-06-04,0.008203804728949236,0.007662123809051016
2020-06-05,0.010889103547609686,0.011912269662712905
2020-06-08,0.005684326575568675,0.005908647215113395
2020-06-09,-0.013015564521038659,-0.01260239844084355
2020-06-10,0.001274201582559695,0.00122830578642503
2020-06-11,-0.014843205957765985,-0.014788737128029505
2020-06-12,-0.008191212979613652,-0.00676284853464996
2020-06-15,-0.001997466203942467,-0.00306311983601123
2020-06-16,0.0004670100676417478,0.0006162838190176045
2020-06-17,0.001193862511676772,0.002042146341469866
2020-06-18,-0.024869790807355643,-0.02252674335544628
2020-06-19,0.0005645973457870416,-0.00030935972920115296
2020-06-22,0.01575110544384992,0.01567910673341255
2020-06-23,0.002096488038294665,0.0043783874791623045
2020-06-24,-0.004279255829321732,-0.003592432718806671
2020-06-25,-0.0012683562430830376,-0.000992758188054918
2020-06-26,0.0024666758114811915,0.003392161148620943
2020-06-29,-0.0014849868594362923,-0.002519747482490506
2020-06-30,-0.0020930273456632974,-0.0014259615186616714
2020-07-01,0.0018205210946864222,0.001522591661069165
2020-07-02,0.003877155546011676,0.0038249846902298043
2020-07-03,0.0042393710086750525,0.004251084529507709
2020-07-06,0.008595227905242375,0.00850282449562144
2020-07-07,0.0025880220390498564,0.0027088887748617065
2020-07-08,-0.014814642132062572,-0.014339928687419078
2020-07-09,-0.004982927059042394,-0.004380556948443641
2020-07-10,-0.0015184996617064145,-0.001978501415658195
2020-07-13,-0.0015822669027732248,-0.0011139273998455922
2020-07-14,-0.0035682714386298673,-0.003985655770563246
2020-07-15,0.0024681169524342727,0.0020409363981830856
2020-07-16,0.004291512723959562,0.00434181115226023
2020-07-17,-0.004025291482406464,-0.0028124509935976588
2020-07-20,0.004046073744197881,0.00485843448577912
2020-07-21,-0.00784339996586226,-0.005715162108284156
2020-07-22,0.0021230490250269433,0.0012786921888941869
2020-07-23,0.010962617532202408,0.01053715902683956
2020-07-24,-0.0013597697238274292,-0.0007845537247965861
2020-07-27,-0.003609224450103496,-0.003655410863981316
2020-07-28,-0.009966299635714545,-0.008342877810779692
2020-07-29,-0.0002747366232776296,0.0006086576709940805
2020-07-30,0.008590704890906261,0.008315342804510451
2020-07-31,0.009158036209144738,0.008805150997133956
2020-08-03,0.007067755127969585,0.006811450174436635
2020-08-04,0.011033009156050627,0.010379815565434141
2020-08-05,-0.00021038175771659275,-0.0006628426218461526
2020-08-06,0.00358248852661061,0.003898053815251995
2020-08-07,-0.0031085860256892172,-0.002552188422486648
2020-08-10,0.02759773210700956,0.027687550839695308
2020-08-11,0.0005270393976335118,0.0005953517875170609
2020-08-12,-0.0010249995687458355,-0.0017883945363035406
2020-08-13,0.0054798492679653775,0.005692542918262777
2020-08-14,0.0010784516444340567,0.0015904454892641086
2020-08-17,-0.00011948131200460298,0.0012131242626374765
2020-08-18,0.008483567461687653,0.008168418179222925
2020-08-19,0.016905937618960806,0.016528803678180447
2020-08-20,0.006476633541761384,0.006365673317655582
2020-08-21,0.016619304089179988,0.017674093529805132
2020-08-24,0.019781799887532512,0.020619414962350275
2020-08-25,-0.003424697635368713,-0.002881351847057169
2020-08-26,0.022560548167013812,0.0212451613727465
2020-08-27,-0.005571864132108625,-0.003620344270722173
2020-08-28,0.026212750391721176,0.02466131980197246
2020-08-31,-0.0298331667863215,-0.03191994240610941
2020-09-01,-0.00545084356179465,-0.003731388522519918
2020-09-02,0.013163194535365913,0.013016895512012997
2020-09-03,-0.01109976517871149,-0.009420490995309293
2020-09-04,-0.0016763626941265369,-0.00287995222755736
2020-09-07,0.034014345516998064,0.030007242363208265
2020-09-08,-0.01345055604773295,-0.012792842200669357
2020-09-09,-0.020332203061489418,-0.01891637940897573
2020-09-10,0.017612202233177724,0.01769256274508332
2020-09-11,-0.005575638925278577,-0.004330258874080895
2020-09-14,0.015123178041534633,0.017052461218024548
2020-09-15,0.008213557327291185,0.0109199139841949
2020-09-16,-0.03168347522197171,-0.028476733078721214
2020-09-17,-0.014797077972694894,-0.015045273650666885
2020-09-18,0.0020092086316189383,0.0015106416849420027
2020-09-21,-0.03453865524172473,-0.03338600702859973
2020-09-22,-0.01674952837889896,-0.014587944985807068
2020-09-23,0.0020855353963326034,0.0008454183834298002
2020-09-24,0.0038601587187961145,0.0013409183772266813
2020-09-25,0.01563585053085167,0.0161311882256291
2020-09-28,0.013815856810923162,0.014016101168794343
2020-09-29,0.004946915604488573,0.005192449345856267
2020-09-30,-0.004048677297281448,-0.003991505502157403
2020-10-01,-0.007321018215987596,-0.005805335865649354
2020-10-05,0.006425067798877805,0.005719646046773325
2020-10-06,0.0013309475186949334,0.0010803140117111249
2020-10-07,0.000862421062219217,0.0007531064068617433
2020-10-08,0.0009402527758408475,0.0008610079474506889
2020-10-09,-0.014624122069821287,-0.013585946036877142
2020-10-12,0.007357507123218816,0.006126973727369847
2020-10-13,-0.0036892769743209863,-0.0033780515962518187
2020-10-14,-0.008480105977921681,-0.007262033916999274
2020-10-15,-0.006255735356485185,-0.006916408284811031
2020-10-16,0.004200985233008239,0.005515998952464676
2020-10-19,-0.008033497893752382,-0.005741172644700991
2020-10-20,-0.0030424601763621795,-0.00263089425282639
2020-10-21,0.001078417810395589,0.0009838697338241515
2020-10-22,0.006295844686222577,0.007452257365980338
2020-10-23,0.0031602429296890664,0.0030397163253199095
2020-10-26,-0.008380580284745438,-0.008134365177732538
2020-10-27,0.009499053462535155,0.010201033606318763
2020-10-28,-0.006376380753119079,-0.006832370778896136
2020-10-29,0.01088733879189847,0.01062863566261057
2020-10-30,-0.000656063004001901,0.0005136166389165164
2020-11-02,-0.002040563792623433,-0.002241973761768415
2020-11-03,0.007951176884297036,0.008586047953466331
2020-11-04,0.009243089009572278,0.00795640725317592
2020-11-05,0.00952363774329577,0.00998754108491693
2020-11-06,-0.00010275980469638473,-0.00010035168332607112
2020-11-09,-0.002708655775618666,-0.0013016575916383203
2020-11-10,-0.010511120508332961,-0.009722162232902875
2020-11-11,0.008696139961384753,0.00917519246331266
2020-11-12,0.005300000817743707,0.005777924804413318
2020-11-13,0.0005328858777454868,0.0012821660040558988
2020-11-14,0.0037392528443872643,0.004096177623783297
2020-11-17,0.03897272995489991,0.03485738448823613
2020-11-18,0.010002525415264472,0.008453167466114051
2020-11-19,-0.0036183468377030386,-0.0035386482521300574
2020-11-20,0.009386617477708489,0.00942416090706649
2020-11-23,-0.005782242869874366,-0.004758166343304129
2020-11-24,0.0054162279046671685,0.005259084009366167
2020-11-25,-0.01721618286561355,-0.0165589151349764
2020-11-26,-0.005804897657952014,-0.005581225996093401
2020-11-27,-0.013196648568328227,-0.010340429638395727
2020-12-01,0.021151918900063012,0.01952483527015695
2020-12-02,0.0005286644656970698,0.000320141720116692
2020-12-03,0.007558196746109617,0.007830845998230009
2020-12-04,0.010823624749221814,0.011637933627114218
2020-12-07,0.008359465251549576,0.008424559735345203
2020-12-08,-0.005276281536012192,-0.004242153728746737
2020-12-09,0.0005516622784197082,0.0002740336737848542
2020-12-10,-0.004854477130192594,-0.005034043409308489
2020-12-11,0.004564014663408997,0.003951469958955482
2020-12-14,0.004457293939925705,0.003890212064582952
2020-12-15,-0.008564489763547784,-0.00815021043056823
2020-12-16,0.004596311096579883,0.00434111736801092
2020-12-17,3.418118456226097e-05,6.124300519013369e-05
2020-12-18,0.006395557079545081,0.0051098633103312235
2020-12-21,-0.020786847679647377,-0.02138193909715745
2020-12-22,0.006432516978108595,0.0060440968724842226
2020-12-23,0.007013169890702333,0.007701462210037311
2020-12-24,-0.000496477932346339,0.00011499687771638202
2020-12-28,0.004034085179816262,0.0036141404987818293
2020-12-29,0.00859342587569562,0.008579488825427105
2020-12-30,-0.0005106568577476565,0.00029452973027768855
2020-12-31,-0.005180020361790668,-0.004820283994756103
2021-01-01,-0.00027090257425439745,0.00015804031170031652
2021-01-04,-0.0044302363347624284,-0.0025624941784628875
2021-01-05,-0.0008976005378178314,-0.0004651346374436418
2021-01-06,-0.0124471815489922,-0.011217462997797537
2021-01-07,0.006809835200751391,0.006516993485710944
2021-01-08,0.011136478226986967,0.01120002164677157
2021-01-11,0.0026176117534912943,0.002821037277506784
2021-01-12,0.006620897668371722,0.007638099830222088
2021-01-13,-0.00947301359258438,-0.00879412039699203
2021-01-14,0.0012054739259974565,0.000860649666043899
2021-01-15,-0.002318105026759773,-0.0027815041613413836
2021-01-18,-0.0067908404059282826,-0.006407432136548404
2021-01-19,0.00043543140905222396,0.0010330670988909683
2021-01-20,0.0007011613578481007,0.0018463745360762624
2021-01-21,0.0003975578455451057,-0.0002666935815190494
2021-01-22,-0.0018952502447960005,-0.0013569381892213862
2021-01-25,0.00825560811211109,0.007400704458202548
2021-01-27,-0.008415759919913838,-0.008439073436208875
2021-01-28,0.0026657534616267697,0.0015921146883043419
2021-01-29,-0.00478649850823408,-0.004601862396621985
2021-02-01,0.003577860926175335,0.005215954165695782
2021-02-02,0.012701065138429278,0.012615848339762353
2021-02-03,0.01575744642433658,0.015548252015442276
2021-02-04,0.009650783102315017,0.010108350308359385
2021-02-05,-0.002343490452374254,-0.0019918851634969374
2021-02-08,0.004989755264578013,0.005484176774064835
2021-02-09,0.0010276680537963387,0.0011235582941614953
2021-02-10,-0.0032125550307782547,-0.003213858466327546
2021-02-11,0.014787043408177183,0.01407137964172251
2021-02-12,0.006878610905696076,0.005836280447949135
2021-02-15,-0.002515207673324228,-0.0006290035383730473
2021-02-16,0.006929861324939208,0.008409952878274644
2021-02-17,0.0007915785764022083,0.0019328487860024114
2021-02-18,0.004755493172430647,0.005333961721507833
2021-02-19,-0.009344548568376996,-0.01010594940416092
2021-02-22,-0.00837380671234029,-0.00891550035010663
2021-02-23,0.005115147590080159,0.00489093087139426
2021-02-24,-0.0020873764079949128,-0.0005707879369724811
2021-02-25,0.006970383075757879,0.007288485748514381
2021-02-26,-0.002073649163028492,-0.003055315051618754
2021-03-01,0.0007885375749041488,0.00145275302855853
2021-03-02,0.02169976993825109,0.02188312658173417
2021-03-03,0.0075099243038184976,0.0072865304190841106
2021-03-04,0.01496030071003618,0.014137628696458715
2021-03-05,-0.0011094422436701023,-0.0016362032706000414
2021-03-08,0.00388612894213771,0.005055956781375678
2021-03-09,0.007940618994636708,0.00690813459470054
2021-03-10,-0.0037101722881967437,-0.0029033613269306897
2021-03-12,0.005141315895039789,0.005097783107928744
2021-03-15,-0.0018660434831396593,-0.002188016618200574
2021-03-16,0.006467131993875127,0.006207483490964862
2021-03-17,-0.021697863856900992,-0.021741275456604828
2021-03-18,0.001923605852398865,0.0005384673672975467
2021-03-19,0.015748679234002055,0.014477559525983856
2021-03-22,-0.00345072238361952,-0.002399856168947114
2021-03-23,0.0027192276553146075,0.003804167561112225
2021-03-24,-0.00836909061359846,-0.009023434534706783
2021-03-25,-0.02356288496786207,-0.022230676455468546
2021-03-26,0.04356428418077935,0.040094133149457284
2021-03-30,0.025476738126136805,0.02427120172350614
2021-03-31,-0.002450966586950874,-0.002499570232738249
2021-04-01,-0.01139967252243844,-0.009016822803741435
2021-04-05,-0.012229720227112117,-0.011891535754815313
2021-04-06,0.003170076116144203,0.003979669755118768
2021-04-07,0.010345020635337255,0.01105132914473011
2021-04-08,-0.009731550382900479,-0.008932740210497102
2021-04-09,0.019838017665588237,0.01930700289598398
2021-04-12,-0.026556190110086166,-0.027694594789661915
2021-04-13,0.00024889258571889885,0.0008320241283899794
2021-04-15,0.0025589831404307004,0.0024878582220361897
2021-04-16,0.014015949712877344,0.01409421373934945
2021-04-19,-0.004279358319272801,-0.005729843464737131
2021-04-20,-0.00215899452826562,-0.0026353973232584533
2021-04-22,0.006352716135756329,0.005538933197659267
2021-04-23,-0.002152098921650048,-0.0013212669032252927
2021-04-26,0.016560561752657615,0.01591267893633809
2021-04-27,0.0045521946856393256,0.004888945617801816
2021-04-28,0.004824120118320771,0.005090189977069585
2021-04-29,-0.003513577595196014,-0.004046238387686815
2021-04-30,-0.006729945736317289,-0.006186096969864607
2021-05-03,0.008916860899908287,0.009710529754625424
2021-05-04,0.008930675679502129,0.008619027243882624
2021-05-05,0.02200803836633938,0.02274382350486165
2021-05-06,0.002298000804816355,0.002252523571018295
2021-05-07,2.8264184814811742e-05,-6.341319962292188e-05
2021-05-10,0.0105992489391734,0.010431565527401423
2021-05-11,0.008134252834356096,0.008106359392548893
2021-05-12,0.0031353567609289246,0.001587899609591791
2021-05-14,-0.007194311951626795,-0.007057982334433306
2021-05-17,0.0058176508978353995,0.006677113079561332
2021-05-18,0.012493681305195492,0.012214509661046074
2021-05-19,-0.006278778420028712,-0.004875483956519163
2021-05-20,-0.008589455859618012,-0.008338772335891087
2021-05-21,0.0005997597534491254,0.0011151591431353648
2021-05-24,0.00890475837246506,0.009437804546357753
2021-05-25,-0.009725135084708788,-0.008908275176907024
2021-05-26,0.0015593586615643294,0.0019530685938489271
2021-05-27,0.0050231252142320364,0.00538177246200411
2021-05-28,-0.008816742328615018,-0.008897111182314186
2021-05-31,0.0015422293554111753,0.0007996649716363153
2021-06-01,0.003548015495633592,0.003909415233697815
2021-06-02,0.008773221520954708,0.00931770943039622
2021-06-03,0.012110815069080866,0.012571751480365064
2021-06-04,-0.007222949096336256,-0.007527716005389953
2021-06-07,0.004138124999797012,0.005114849152855748
2021-06-08,0.004733786632648948,0.0044300927636964985
2021-06-09,0.009779912906843786,0.00861457497777556
2021-06-10,0.003153149104668132,0.002823022114975804
2021-06-11,0.007119784116633423,0.006347241170323002
2021-06-14,-0.0012164521039241766,-0.0016177349914307123
2021-06-15,0.0011930595645096,0.0004573916403366157
2021-06-16,0.012159142154827912,0.011630730338205242
2021-06-17,-0.006820922488896382,-0.006878843881525266
2021-06-18,0.003071926196774922,0.003144453588713083
2021-06-21,0.004821326892845139,0.005979962358089379
2021-06-22,0.0063004287874493786,0.006378824023415982
2021-06-23,-0.008783832046719986,-0.007973290848103831
2021-06-24,-0.001253805061371016,-0.0014730740468908638
2021-06-25,-0.005849109039986969,-0.005176953285416999
2021-06-28,-0.003200492723576474,-0.002943885345691756
2021-06-29,-0.004450976309325207,-0.003107134307487668
2021-06-30,0.011967728453006924,0.010993036995244922
2021-07-01,0.0021413287261936777,0.00231342472945079
2021-07-02,0.007533277207421493,0.007873837675756657
2021-07-05,0.003301736074265938,0.0037553323282502452
2021-07-06,-0.002731593458602915,-0.003149277018376399
2021-07-07,-0.00046376428126244007,2.166307770940754e-05
2021-07-08,0.009650704283181476,0.008326006841097019
2021-07-09,0.0013951673337253645,0.0013983461874667045
2021-07-12,0.008246136936445667,0.007474930315972858
2021-07-13,0.0033262560179622824,0.0029157449643771585
2021-07-14,-0.002840483091395903,-0.002408384605060351
2021-07-15,0.009691807843776245,0.009324731708347673
2021-07-16,0.011931038884170266,0.011237930189635304
2021-07-19,0.01694962017213477,0.015923504105888803
2021-07-20,-0.01253309353389731,-0.011948478103529022
2021-07-22,0.021513517046743723,0.021522236902775944
2021-07-23,-0.001073076260386442,-0.0009840361994225514
2021-07-26,-0.003509187250241612,-0.0029671087408774032
2021-07-27,0.00524323480332284,0.004646689607874636
2021-07-28,-0.006635065033404129,-0.007173112502387583
2021-07-29,-0.0014495184861362056,-0.0017402833572791876
2021-07-30,0.011454616512612809,0.010467033112379762
2021-08-02,0.008789006329200462,0.007939391641341413
2021-08-03,0.007442433447354482,0.007865477073698212
2021-08-04,-0.007071608050376034,-0.006438048875476968
2021-08-05,-0.0014740209595178319,-0.001756853129695112
2021-08-06,-0.009789521117499556,-0.008965578091885706
2021-08-09,-0.0065395935605489,-0.006865835345448647
2021-08-10,0.0070335768798063265,0.004278220078396304
2021-08-11,-0.0077320639421031324,-0.008788673122069605
2021-08-12,0.013998613378865843,0.014006198829597414
2021-08-13,0.018107489583120098,0.01588254266318507
2021-08-16,-0.0009336880071773345,-0.0006623972168040405
2021-08-17,0.017334855636862087,0.01756509399075121
2021-08-18,-0.00541031419817956,-0.004249761326395734
2021-08-20,-0.003938747702421777,-0.005414402622125277
2021-08-23,-0.017353527716376552,-0.017186774557080828
2021-08-24,0.0064035497873508145,0.006546346830206527
2021-08-25,0.0059702480230604165,0.007170719828912261
2021-08-26,-0.004410016205434134,-0.004012371285907624
2021-08-27,0.0020871446176370513,0.003591703771403383
2021-08-30,0.005863780407015104,0.006922381202577629
2021-08-31,0.00751309903456497,0.008037884609546212
2021-09-01,0.0005537485853736551,0.00011503665172939766
2021-09-02,0.007527874829113428,0.008490517008864577
2021-09-03,0.004585522111850166,0.004677883591072914
2021-09-06,0.0035984443155210014,0.003874679363718793
2021-09-07,0.010086720396362266,0.009103129918187364
2021-09-08,0.0055245171632360545,0.005361264015293445
2021-09-09,0.01561333709779298,0.014453142302745133
2021-09-13,-0.002617899252725858,-0.002601686853937561
2021-09-14,0.001902237213124745,0.0020515763499858093
2021-09-15,-8.073330854079669e-05,0.0004156544478594937
2021-09-16,-0.002095955680011254,-0.001345644150718708
2021-09-17,0.0003010229721853554,0.00031147917587780183
2021-09-20,-0.0031371436416734815,-0.0038571753531620964
2021-09-21,-0.00027913699333022534,-0.0006476219573149004
2021-09-22,0.0062550965814291495,0.006189286246869078
2021-09-23,0.0008106933733888858,0.0017452860616924719
2021-09-24,0.006393694377481999,0.005593575801037821
2021-09-27,-0.0058805399261428245,-0.005562019017074848
2021-09-28,-0.0027632898343758388,-0.0029316133754667744
2021-09-29,-0.010246861331779942,-0.007830581625971746
2021-09-30,0.02447960117010795,0.022437278519270548
2021-10-01,0.017634845656513853,0.01563126715861191
2021-10-04,0.0015767997537147285,0.0016153154983607576
2021-10-05,0.003024358274622649,0.0028574092700347988
2021-10-06,-0.017666613893461455,-0.015805541823372293
2021-10-07,0.009615046570146063,0.009729311563483044
2021-10-08,-0.002411495888947631,-0.0018198728327551747
2021-10-11,0.012312811474225228,0.01181675592939218
2021-10-12,0.003783168543476853,0.0040544981877128254
2021-10-13,-0.0025898842700172275,-0.0018079995746353445
2021-10-14,0.0009409209158427214,0.0006238599110744273
2021-10-18,0.0024826469088387844,0.0018742350500673827
2021-10-19,-0.012974005870757602,-0.013037235620028727
2021-10-20,0.002260781199852905,0.00017994121206162486
2021-10-21,-0.00544122195211929,-0.004818579382364493
2021-10-22,0.006128022816008966,0.006610864135524801
2021-10-25,-0.0022438888461516525,-0.0022762173572057915
2021-10-26,-0.00678169500234313,-0.005653203996349912
2021-10-27,0.02900289449865596,0.027917684755148487
2021-10-28,-0.004170060260294097,-0.004456025821838712
2021-10-29,-0.004460439578254772,-0.003906948888646535
2021-11-01,0.007474442037912674,0.008625871615432625
2021-11-02,0.005610539135265783,0.005734603425355029
2021-11-03,0.00388328492937582,0.003431299099093869
2021-11-04,0.0035523015861709324,0.004211548464396534
2021-11-08,0.0011537884526737507,0.0016670043043032316
2021-11-09,0.012001108835927483,0.011299619644169999
2021-11-10,0.0020657347318679274,0.0018929279468140122
2021-11-11,0.008342214999993429,0.007988751419734805
2021-11-12,-0.005091125134838573,-0.004279359977469076
2021-11-15,0.0008252006257526237,0.001058797293795637
2021-11-16,0.005694566777762223,0.004790926223824537
2021-11-17,-0.00342620539970527,-0.0023902736551056156
2021-11-18,-0.0017171315797538803,-0.003261233662593495
2021-11-22,-0.013404202388029737,-0.014297612049672014
2021-11-23,0.014297600622889328,0.013843476647253296
2021-11-24,-0.01067072424222253,-0.009785296299761707
2021-11-25,-0.00901102274085131,-0.007118468740541896
2021-11-26,-0.003573773917855809,-0.005428663028495112
2021-11-29,0.004291840898984142,0.0033721619186334816
2021-11-30,-0.0015003082735651125,-0.000538458506807254
2021-12-01,-0.010876049937651636,-0.010533067382131764
2021-12-02,0.002966821611981384,0.004497574869048474
2021-12-03,-0.012578660796731408,-0.011591839352798904
2021-12-06,-0.006524213001764732,-0.007553858616551277
2021-12-07,0.007532924906689248,0.007945477117522824
2021-12-08,0.005305699753227191,0.005862185162715608
2021-12-09,-0.0023217093578445495,-0.00191855964627718
2021-12-10,0.005614946635607559,0.005765467109159822
2021-12-13,0.00671289901302581,0.006076084994901542
2021-12-14,0.00310594037425811,0.002785368221384774
2021-12-15,0.008068136171155416,0.007403709512445536
2021-12-16,-0.003574544834933983,-0.003908509435140125
2021-12-17,-0.004742584880468461,-0.005401681951243645
2021-12-20,-0.017675749873140068,-0.017754931257019154
2021-12-21,0.006007549292732259,0.006802709929686866
2021-12-22,0.0037576691044851626,0.004022122992114899
2021-12-23,0.007181393171897844,0.006558252945120434
2021-12-24,-0.0044376212476158325,-0.004505906897966535
2021-12-27,0.004050885428093541,0.004650279564943358
2021-12-28,0.018734798040505013,0.018127285837137394
2021-12-29,0.00540615899480454,0.005319688587011089
2021-12-30,0.005010589666309785,0.004557939979000414
2021-12-31,-0.0018061773904479712,-0.0008830033903724163
2022-01-03,0.0027551200054252607,0.003290194423560262
2022-01-04,0.013582496790750423,0.013037038227273541
2022-01-05,0.0003990518380911515,5.468595655262927e-05
2022-01-06,-0.008124773051377442,-0.006857038378913265
2022-01-07,-0.003840990671042303,-0.0035401531487686292
2022-01-10,-0.00466251550922781,-0.002852272557006187
2022-01-11,-0.0021784369693394453,-0.0012704792058137833
2022-01-12,0.006772691903291013,0.007030643300116978
2022-01-13,-0.0023222174393063215,-0.0017878557422522697
2022-01-14,0.0029375942114332585,0.004123898198449747
2022-01-17,0.003916197656012561,0.0033306922528776512
2022-01-18,-0.007811034707237402,-0.009156880084272847
2022-01-19,-0.004655222774283405,-0.004499511535763433
2022-01-20,-0.004402918031959878,-0.004044621646484909
2022-01-21,-0.007925408936074217,-0.00851652080410489
2022-01-24,-0.027760761348184754,-0.02770241417709185
2022-01-25,0.013207170065448914,0.012420682798623054
2022-01-27,-0.013110275778862028,-0.01183659291287516
2022-01-28,-0.00949762131009955,-0.008066844342284716
2022-01-31,0.0007072137631080153,0.0021328321836349795
2022-02-01,0.00037750499653805745,0.0008336561934726539
2022-02-02,0.0037357847700631836,0.004593827959352579
2022-02-03,0.004724170174922471,0.004482992841393115
2022-02-04,-0.004775459889449412,-0.004266539669904085
2022-02-07,-0.010691949402208523,-0.010571239991481298
2022-02-08,-0.008864442149187437,-0.008103972283499065
2022-02-09,0.02165261179411899,0.01997423106950438
2022-02-10,0.0005397645141039661,0.0012893582318380993
2022-02-11,-0.007530613112348381,-0.007400654061435366
2022-02-14,-0.01071359666268589,-0.01222561171483171
2022-02-15,0.012217735671132832,0.012809538863707174
2022-02-16,0.01511452721726843,0.014265693339589226
2022-02-17,0.0037581405943919316,0.003105165289621385
2022-02-18,-0.002307549521492932,-0.002348915014848047
2022-02-21,-0.010734910074948274,-0.010855537982671875
2022-02-22,-0.00019556740037141203,-0.0013845672469299504
2022-02-23,0.007197573432560155,0.0070213341549887195
2022-02-24,-0.03254453717849831,-0.0334671949071347
2022-02-25,0.017460926700111838,0.018884304195359664
2022-02-28,0.00930549171841116,0.0092301393749952
2022-03-02,-0.00750884473948431,-0.008064858106972012
2022-03-03,-0.0029112338228891362,-0.0036141043150010226
2022-03-04,-0.010950772166321513,-0.011171532433893586
2022-03-07,-0.019333956206225248,-0.020186192211450075
2022-03-08,0.003883197996780235,0.005029292711054458
2022-03-09,0.008286874396392098,0.009098714168350102
2022-03-10,0.009557339592421147,0.009962740238817073
2022-03-11,-0.0010342113609861548,-0.0002274585867291357
2022-03-14,0.004056149721022076,0.004610850895891065
2022-03-15,-0.0017665823052436128,-0.002089905314969201
2022-03-16,0.0023583423725501537,0.0031888908445564545
2022-03-17,-0.005882570043272724,-0.006202294401941576
2022-03-21,0.005038915677186009,0.004897294662457403
2022-03-22,-0.009208604139244469,-0.008341032680873179
2022-03-23,-0.016213012226740937,-0.015495074422114351
2022-03-24,-0.00795099129685492,-0.006052207409707942
2022-03-25,-0.006033549114858739,-0.004797102361598858
2022-03-28,0.008395992854002221,0.007255481604074598
2022-03-29,0.013214402384887906,0.011927397743037162
2022-03-30,0.012034861329709386,0.012399136247962524
2022-03-31,0.0013295431338087745,0.0006944202680000217
2022-04-01,-6.47155467589657e-05,0.0012809925696978092
2022-04-04,0.012945458105259542,0.012856780377626416
2022-04-05,0.011735035809584803,0.011910744833270176
2022-04-06,-0.002187273990056462,-0.0015753902354746516
2022-04-07,0.004948106427406499,0.003989247807728819
2022-04-08,-0.0006966170075602884,0.0005116875256665969
2022-04-11,0.00631699052022991,0.006728153264445773
2022-04-12,-0.012250294110606963,-0.012118861722535866
2022-04-13,-0.004024294152269491,-0.004157558964658445
2022-04-18,-0.007730645220004494,-0.007782749475170026
2022-04-19,-0.008784944868358315,-0.00792858424019126
2022-04-20,0.006686586623941752,0.0066117053116510095
2022-04-21,0.011888025091466727,0.01129742488742844
2022-04-22,-0.0027341408607266995,-0.0023696935127385205
2022-04-25,-0.015392427902272868,-0.015062141885434385
2022-04-26,0.007806948071576642,0.008084449962392545
2022-04-27,-0.006568568482494014,-0.007086670443886411
2022-04-28,0.008067005325004085,0.007919404872896692
2022-04-29,-0.0023672888177865207,-0.002256934478055614
2022-05-02,0.005179429309078045,0.004858046707727022
2022-05-04,-0.020202690643277423,-0.020607584738789927
2022-05-05,-0.0030789871346896527,-0.003747605449699634
2022-05-06,-0.003745139964407618,-0.004732609085853372
2022-05-09,-0.007100994159647215,-0.007414997293020028
2022-05-10,-0.003974320063652329,-0.004474550084967263
2022-05-11,-0.000839098214093715,-0.001289081745996259
2022-05-12,-0.01045784358165867,-0.010900736507969872
2022-05-13,0.00950130394726317,0.009193073980635546
2022-05-16,0.007489552019687541,0.008001459064569803
2022-05-17,0.014862768634939105,0.014953184624687709
2022-05-18,0.010571184455683832,0.01113306598810509
2022-05-19,-0.00805767497607127,-0.009127370565069112
2022-05-20,0.012253486344439487,0.012614347819274008
2022-05-23,0.002501454048589344,0.0021222538937239843
2022-05-24,0.0011238890204546491,0.0004427097291884691
2022-05-25,-0.004122125508946679,-0.005216281695024023
2022-05-26,-0.003161939935317693,-0.002097866997796563
2022-05-27,0.00554327191908214,0.0059762050955414776
2022-05-30,0.004859997258513844,0.005427598365148241
2022-05-31,-0.011533240629125615,-0.011226221208761508
2022-06-01,-0.004863455113106525,-0.004738067440119689
2022-06-02,0.0029240994299889558,0.0027072129628666606
2022-06-03,-0.016425870787227452,-0.01593129822122526
2022-06-06,0.0013239420450914413,0.0011684341591668712
2022-06-07,-0.008515514244512204,-0.00839305370596036
2022-06-08,-0.004718561156001744,-0.004289513414756224
2022-06-09,0.006419785028521925,0.006206705978139895
2022-06-10,-0.0003956673038551348,-0.0006192157413349306
2022-06-13,-0.003933491550539528,-0.005011196962970714
2022-06-14,-0.00359863752021458,-0.0035089598471890727
2022-06-15,-0.0006465557531945107,-0.0004230210465618978
2022-06-16,-0.01659056856504822,-0.016906807646002043
2022-06-17,-0.018416744218301487,-0.0178782728231863
2022-06-20,0.007822524453777704,0.006594169190428248
2022-06-21,0.00617325674186686,0.006974685091800319
2022-06-22,-0.00028038190245365495,-0.0003642814533620331
2022-06-23,0.012641455435934167,0.012438063473903641
2022-06-24,0.0005851199323283242,0.0009307062079791943
2022-06-27,0.006858250451562105,0.007045039262359281
2022-06-28,0.0006895362764888997,0.0013184506918975673
2022-06-29,0.011656853636963027,0.01099855554078775
2022-06-30,0.009982659661959714,0.009405398758830157
2022-07-01,0.01206273644772507,0.011337101893927774
2022-07-04,0.011571047192220246,0.011486022115598165
2022-07-05,0.003306263994918358,0.0036728968688900326
2022-07-06,0.016099360322104173,0.016109221227114657
2022-07-07,0.00034512159336458283,0.0009142263444093719
2022-07-08,0.006432101181941657,0.006158832552116955
2022-07-11,-0.00805298765188682,-0.006704336876327241
2022-07-12,-0.0053260659976836905,-0.005716983073569609
2022-07-13,0.004566412015891976,0.004294917506174053
2022-07-14,0.0050070411242822965,0.005236670459863313
2022-07-15,0.014284807563764622,0.013874856223600834
2022-07-18,0.008833923800636839,0.008841700338472248
2022-07-19,0.0016961293486737015,0.0018862071863112104
2022-07-20,0.0025411884741774336,0.0021981668899051527
2022-07-21,0.01336756798600209,0.01317175531009489
2022-07-22,0.006771247209599084,0.006937490766849355
2022-07-25,-0.006953490456873714,-0.00664499720300211
2022-07-26,-0.009243575424915813,-0.009191007944923224
2022-07-27,2.790561816260037e-07,0.00027584796213298235
2022-07-28,-0.001906971665764238,-0.0018329115612437138
2022-07-29,0.014932668186303918,0.015096515083151168
2022-08-01,0.009942144922032638,0.009803474659168612
2022-08-02,0.006592375831064118,0.006652686671323599
2022-08-03,0.00275141419843987,0.0017217629102157202
2022-08-04,0.004207772683166768,0.004184247611171854
2022-08-05,0.0037453821178872852,0.003923109224195244
2022-08-08,0.002935604038454461,0.0034653400456751025
2022-08-10,-0.0017004854882158784,-0.0013702914146942926
2022-08-11,-0.007159015536562516,-0.006580898521853772
2022-08-12,-0.0008418885089022245,-0.0009395808542622208
2022-08-16,-0.0011935647907688957,-0.0008015883103135227
2022-08-17,0.008406029123581892,0.008094014536160378
2022-08-18,-0.00016515047708067326,-8.7668768292771e-05
2022-08-19,-0.0014534165945273103,-0.0017474002349074772
2022-08-22,-0.00406981976846082,-0.004070065622406169
2022-08-23,-0.0003279725982743729,0.0005123588336262428
2022-08-24,0.006530496870667804,0.006531703147391753
2022-08-25,-0.0004941129758210992,-0.0006970429476298107
2022-08-26,0.0004651472829545999,0.0006712836703645165
2022-08-29,-0.0058592183791255185,-0.006018839231553412
2022-08-30,0.0029999850787418058,0.0036767661864861648
2022-09-01,-0.0037963365770521517,-0.0034550130574188226
2022-09-02,-0.0005922997741604613,-0.0007773289970540351
2022-09-05,0.002621796781349667,0.002502102995999197
2022-09-06,0.003596949465724783,0.003348523345901162
2022-09-07,0.0020049623836173426,0.0029305785309135207
2022-09-08,0.0013952580714688162,0.0016455396116439847
2022-09-09,-0.0011395444751069106,-0.0008587367555372044
2022-09-12,-0.0066454307881415485,-0.00582510678794593
2022-09-13,0.007530873914518404,0.007535513071169446
2022-09-14,-0.001914304978271895,-0.0018608902027091002
2022-09-15,0.006264478089281416,0.005816807714798969
2022-09-16,-0.024762830252116366,-0.02465921663512753
2022-09-19,-0.0013802557048236542,-0.001242881325673963
2022-09-20,0.020325628355574235,0.019994838681991648
2022-09-21,0.0028849813066781156,0.002246091413697326
2022-09-22,-0.0007976010617375197,-0.00029017168433344916
2022-09-23,-0.0031950403504399077,-0.003908062029220807
2022-09-26,-0.0051156778789056305,-0.005907749605410451
2022-09-27,0.005517076370257912,0.005048421649706764
2022-09-28,-0.003807817096048144,-0.0036734504511406487
2022-09-29,0.013554647299919887,0.013289571132481474
2022-09-30,0.008865785387389188,0.00908054948066958
2022-10-03,-0.0031671697587968635,-0.0031819026387055484
2022-10-04,0.0008308992140576796,0.0014113985016291734
2022-10-06,-0.009697942762469425,-0.008992621281768821
2022-10-07,-0.001978861463554375,-0.002004820032049726
2022-10-10,-0.006121617086839594,-0.006075811483378257
2022-10-11,-0.004052727409847962,-0.004322584044108449
2022-10-12,-0.0006715885561510676,-0.0002047865901899555
2022-10-13,-0.0037336604533151374,-0.0037009035816580856
2022-10-14,0.0038100076527999797,0.003797652914471723
2022-10-17,-0.0001272868669682578,-9.90906132183141e-05
2022-10-18,0.0014433583026301673,0.0017541060358744875
2022-10-19,0.0015790778277368555,0.0018231333143372396
2022-10-20,-0.001535060520152659,-0.0015082881438894316
2022-10-21,-0.0010215244572456754,-0.0013173940855097776
2022-10-24,0.00019399046779808524,0.0004526333638215507
2022-10-25,0.0012248888925537136,0.0010682720562531778
2022-10-27,0.010724318425876837,0.010437497350763172
2022-10-28,-0.004068388219425807,-0.0041489026218798075
2022-10-31,0.012390111975726998,0.012207150420993726
2022-11-01,0.011443207927653952,0.011068348068535863
2022-11-02,-0.00667144612252216,-0.006576541819517562
2022-11-03,0.010169189573025246,0.009141081675888015
2022-11-04,-0.0021439761382544206,-0.0018761748071237866
2022-11-07,-0.004889490311499467,-0.004369147950847167
2022-11-09,-0.003259785815717257,-0.0036163258645434747
2022-11-10,-0.00019518392613376238,-0.0002816518913551397
2022-11-11,-0.000892131996229151,-0.000844437076587552
2022-11-14,-0.005402934099261082,-0.005025085241562376
2022-11-15,0.0008443317575224811,0.0011271703488270773
2022-11-16,0.002670172221677586,0.0019105675920020916
2022-11-17,0.008576109901636543,0.007233634314680393
2022-11-18,0.0038043522916175673,0.0035125215378390786
2022-11-21,0.013367126895397471,0.01232090801324804
2022-11-22,0.012562018501754407,0.011770414254950333
2022-11-23,-0.0017778514703434972,-0.0015396254300578992
2022-11-24,0.007931660075024856,0.00798240778148461
2022-11-25,-0.001505504414983472,-0.0012675986189472032
2022-11-28,0.014665355005394495,0.014384792759803111
2022-11-29,-0.00026885103024191386,-2.9649224300345306e-05
2022-11-30,0.005653840433262133,0.005697555189217734
2022-12-01,-0.000959161606374385,-0.00046369249830495755
2022-12-02,-0.0037848409011184574,-0.0033492549209477303
2022-12-05,-0.009088816554719705,-0.009171049348527825
2022-12-06,-0.006993586965977713,-0.006668946821670418
2022-12-07,0.006906669981062644,0.00660679500820551
2022-12-08,0.0018893803645859786,0.0018858579030521841
2022-12-09,-0.0024841467538164633,-0.0026381551903986752
2022-12-12,-0.003202966979508699,-0.0027635606918909815
2022-12-13,0.012386093769073087,0.01239423132460223
2022-12-14,0.005798356282896059,0.0057869806396257635
2022-12-15,-0.0051426146995778846,-0.005135209202092386
2022-12-16,0.0017512343906370903,0.0014768388765345657
2022-12-19,0.003023891339334284,0.002744917760767344
2022-12-20,-0.004815431320346091,-0.004647898242483408
2022-12-21,0.0012288311192518136,0.001115711736464206
2022-12-22,0.0003468309379636926,0.00018818040088541558
2022-12-23,-0.011719855582273293,-0.012401873061762913
2022-12-26,0.002205228307953506,0.0027380835402134973
2022-12-27,0.003439027032777799,0.0037713858663864313
2022-12-28,0.0012061596890341627,0.0014449609637111223
2022-12-29,0.0024481018501372,0.0021099157711850034
2022-12-30,0.0005674518723837384,0.0007642013725606346
2023-01-02,-0.002080739788174271,-0.0019263181526460139
2023-01-03,0.006514827577152265,0.006182164667791439
2023-01-04,0.002191649438417599,0.0019274429366311406
2023-01-05,0.009726850010661555,0.009066250202964466
2023-01-06,-0.0031762923751875232,-0.003387874358347885
2023-01-09,-0.0014886446215891349,-0.0010595672062267349
2023-01-10,-0.004056909854337851,-0.0039393828562495495
2023-01-11,-0.0023115235289422483,-0.0020042128284733303
2023-01-12,-0.0037434667288980946,-0.0035300039851430447
2023-01-13,-0.003437844419097946,-0.0032375551217616785
2023-01-16,-0.0008917812879152353,-0.0006463883297421135
2023-01-17,-0.002993510355319845,-0.0029655683388955965
2023-01-18,0.004968357762439394,0.004819833480275025
2023-01-19,-0.004386355696073972,-0.003986581857323058
2023-01-20,-0.007632379040640426,-0.007843731871259746
2023-01-23,0.00038313319981777985,-0.00023084921921966855
2023-01-24,-0.0053190532171945295,-0.0050673257699110855
2023-01-25,-0.0005203279096467348,-0.0004975904864819574
2023-01-27,0.01126733312753133,0.010272363692155353
2023-01-30,-0.0005676128124008338,-0.001112201560877421
2023-01-31,0.004854246213752647,0.005079265452044478
2023-02-01,0.008840897068232047,0.007766647813751991
2023-02-02,0.00894442027415654,0.008422525082014898
2023-02-03,0.0028694655652527247,0.0034591389638901028
2023-02-06,-0.013157288207702098,-0.011599978498296188
2023-02-07,0.0033791155630136143,0.002975655477022221
2023-02-08,-0.0014791281733078422,-0.0008060967819820061
2023-02-09,-0.005102098672988924,-0.00538425494430096
2023-02-10,0.006894198906911064,0.007173559486292488
2023-02-13,-0.01762947488273516,-0.01664702730671034
2023-02-14,0.0020493929159334312,0.0018901054952309162
2023-02-15,-0.0018708224420936515,-0.0013704861675257777
2023-02-16,0.0019628606592604556,0.0020999482460766347
2023-02-17,-0.0006346910509485842,-0.0007561717111455634
2023-02-20,-0.004535098080776128,-0.003883908608581843
2023-02-21,-0.0017550905487669442,-0.0017190114163614311
2023-02-22,0.0018008676930252206,0.0014692062589134428
2023-02-23,0.0018553821389708906,0.0015334891044914097
2023-02-24,-0.0022460469008337533,-0.0020162151134509756
2023-02-27,0.004185799942199969,0.003719215580285328
2023-02-28,-0.0017199023897782105,-0.0015549926909105547
2023-03-01,-0.0011658278443645307,-0.000837110221397623
2023-03-02,-0.009351907321092413,-0.009178131127540876
2023-03-03,-0.0004977114417132177,-0.0003517261088908754
2023-03-06,0.007210289260213871,0.006885118404259641
2023-03-08,-0.003974860851477212,-0.003617473277915539
2023-03-09,0.0015281648410764566,0.0013845705695152216
2023-03-10,0.0003960553922500067,0.00015987069845193897
2023-03-13,-0.01019694587631063,-0.010286200073738047
2023-03-14,-0.0025044218309398973,-0.0025184701964056067
2023-03-15,0.0041595750080239136,0.003977743143524538
2023-03-16,-0.005773948332408078,-0.005620189572496716
2023-03-17,-0.0008866623142201147,-0.0007370006631372617
2023-03-20,0.002964725995789965,0.0026870737069309295
2023-03-21,0.0016798278243975273,0.002166732067911655
2023-03-22,0.01009744958650401,0.00956565859397868
2023-03-23,0.0014042592247170348,0.0014866142246565714
2023-03-24,-0.00020579511587719856,-0.00036804827915734275
2023-03-27,-0.004427016556026857,-0.004222077221974755
2023-03-28,0.008639072440367533,0.008071143571953333
2023-03-29,0.0032965618907311,0.0042291683217778745
2023-03-31,0.006106018564608367,0.005903833227892215
2023-04-03,0.0030620394383042413,0.0030198620012757546
2023-04-05,0.0025283455018887072,0.002562920411640481
2023-04-06,-8.357251979650203e-05,0.00029568844947350513
2023-04-10,-0.00046349552160640295,0.00013596357252026667
2023-04-11,0.002418706774033137,0.0021837428188626346
2023-04-12,0.001171166655495678,0.0013648665609178735
2023-04-13,0.0013598982406442693,0.001443720090043018
2023-04-17,0.0014039085326860178,0.0014755818435680359
2023-04-18,0.005923225431247594,0.005338006690085014
2023-04-19,0.0018063541759677938,0.0014342671757560572
2023-04-20,0.0011174047154102517,0.0006447400627653064
2023-04-21,-0.0014304492373330424,-0.001776088946675438
2023-04-24,0.0005153658145307512,0.0006946291162895676
2023-04-25,-0.005271564959452663,-0.004765335379634791
2023-04-26,0.008315327457022787,0.008454037654392935
2023-04-27,0.006572834935148416,0.00692161489762239
2023-04-28,0.010946503420008571,0.010686506739480432
2023-05-02,-0.004667983482335719,-0.004881420685280687
2023-05-03,0.002102033363615098,0.0016768718244205773
2023-05-04,0.003074779467933486,0.0036078995445508535
2023-05-05,0.0033484591991404292,0.0038121620273475396
2023-05-08,0.0012711762566514388,0.0017802100740525466
2023-05-09,-0.003248929566174938,-0.003260814486582056
2023-05-10,0.003966475207289558,0.00372045043616082
2023-05-11,0.009359564353938499,0.009502672429037358
2023-05-12,0.0014206259457148248,0.0015076750628060323
2023-05-15,-0.001460778103649028,-0.0009046514597350055
2023-05-16,-0.0031540908403089075,-0.0030662576019563517
2023-05-17,-0.0056151065433775365,-0.005372584627596765
2023-05-18,0.0054137917687194365,0.004765847982576736
2023-05-19,-0.00028512904200952874,-0.0007283625006158933
2023-05-22,0.004555444543698478,0.00428980388912242
2023-05-23,-0.00043696368093326427,-0.0004901543590398077
2023-05-24,-0.0026425818563522514,-0.002163043747651043
2023-05-25,0.007908163844482981,0.007750773809291042
2023-05-26,0.014574500798837728,0.01436994729942397
2023-05-29,-0.0013472678242976857,-0.000896047831450439
2023-05-30,0.005896752162083188,0.005491491137191417
2023-05-31,0.004149615948532514,0.004038368927408659
2023-06-01,-0.00810904760360124,-0.0076352383046796824
2023-06-02,0.00413661962565405,0.004344690501936092
2023-06-05,0.005531237448379622,0.005345087234548447
2023-06-06,0.00431903890114658,0.004521399447638956
2023-06-07,0.006984685793369055,0.007484190988235187
2023-06-08,-0.008592629311778479,-0.008261095036042408
2023-06-09,-0.0022530116284522872,-0.0021829111667655506
2023-06-12,0.00032849176239898496,0.00045616285131473754
2023-06-13,0.009129450171715377,0.009210987865260417
2023-06-14,-0.0016071153699182274,-0.0011930234061063312
2023-06-15,-0.008068252844997932,-0.007294891992674221
2023-06-16,0.01600212295271208,0.015644330747867842
2023-06-19,0.005403832158512037,0.005305865910483211
2023-06-20,0.004631840622293978,0.004718676319424657
2023-06-21,0.0030231130874250117,0.003184012417083551
2023-06-22,0.0006628068479115679,0.000179672039867876
2023-06-23,-0.0015231078547793197,-0.0019450405263276907
2023-06-26,0.006707642220498886,0.0070881835744018434
2023-06-27,-0.0005556894901493944,-0.00042542366571907624
2023-06-28,0.0023761398309956354,0.0026834901284771523
2023-06-30,0.0032921744105925414,0.003249705791708326
2023-07-03,-0.011870683469095188,-0.011301688111097462
2023-07-04,0.002909696381874963,0.002826683554059628
2023-07-05,0.005176552092573056,0.004909469104519115
2023-07-06,0.012098634023359063,0.011724702609901234
2023-07-07,-0.009630764325889355,-0.009526655278616961
2023-07-10,0.0030747859768536527,0.0026597914009485087
2023-07-11,0.007588500973555508,0.00758317807156535
2023-07-12,0.006602760184510098,0.00656169972741489
2023-07-13,-0.0013054102451848714,-0.0014785264358011104
2023-07-14,0.005560764112067883,0.0057016087064899745
2023-07-17,0.004585592954462106,0.004202847443669822
2023-07-18,0.004229653313165997,0.004143656274702773
2023-07-19,0.0065710065090296855,0.0064876425711541345
2023-07-20,0.0023852358477087572,0.002149172496559397
2023-07-21,0.004977009947061382,0.00468451714490981
2023-07-24,-0.01009586711429896,-0.00950662166715132
2023-07-25,0.0008623862588374638,0.0012289804650542258
2023-07-26,-0.0011555605522312999,-0.0012300579024696811
2023-07-27,0.0042663249187681745,0.004047659086011515
2023-07-28,0.0017685403686908986,0.002287528123792809
2023-07-31,0.005746868828939671,0.006154598736909743
2023-08-01,0.005738617635514982,0.0054940769302078115
2023-08-02,-0.01681310280020896,-0.01650197969689147
2023-08-03,-0.002054125300519726,-0.002194041843416282
2023-08-04,-0.003766187597263236,-0.0036689919485919627
2023-08-07,0.0002512474773141307,0.0004042814467690593
2023-08-08,0.0047374452203939425,0.004491131562905375
2023-08-09,0.00622701550447542,0.005853344359949772
2023-08-10,-0.0075089208079708114,-0.0071603645969921595
2023-08-11,0.003440878058993623,0.0033579668001774933
2023-08-14,-0.003834168479698043,-0.003874614831243162
2023-08-16,0.002543703526038814,0.0027285768614120427
2023-08-17,-0.0014035445873456544,-0.0011723239384449154
2023-08-18,0.0038083164221034936,0.003853226594008088
2023-08-21,0.004714687039806685,0.004890307488159478
2023-08-22,0.0015834490821636264,0.001405921984584643
2023-08-23,0.004440828509367496,0.00414853743566008
2023-08-24,-0.010585962926130945,-0.009972143944682632
2023-08-25,-0.00901924198609333,-0.00916847866809692
2023-08-28,-0.002858149520135341,-0.0027312949656883288
2023-08-29,-0.003807035622589294,-0.003282167741934891
2023-08-30,-0.0003540442732601871,5.4176870131075175e-05
2023-08-31,0.00046377065911180665,0.0009806470539210398
2023-09-01,0.0069906970437324115,0.006681015157149872
2023-09-04,-0.002795149174746986,-0.002435394349380779
2023-09-05,0.008419384852809825,0.008468589165516424
2023-09-06,0.008871575403191187,0.008628876055372936
2023-09-07,0.00803562693577933,0.008008418680346303
2023-09-08,0.0066131077745454035,0.0065895444154453805
2023-09-11,0.011324082187845344,0.010849688423509264
2023-09-12,-0.006895204812781389,-0.007374791871002963
2023-09-13,0.006097183014955401,0.0061546505381878894
2023-09-14,0.002025788124805854,0.002386503944002831
2023-09-15,0.006728506123058695,0.006622521655380564
2023-09-18,0.0018946532959603752,0.0016936480643199412
2023-09-20,-0.003613194906534692,-0.004008605727345077
2023-09-21,-0.008073016109317762,-0.008067927453154341
2023-09-22,-0.007557364242783503,-0.007332973599490357
2023-09-25,-0.0003500452463498797,-7.694551344656058e-06
2023-09-26,-0.0033226079992004576,-0.0034856287971577293
2023-09-27,-0.001713166673958103,-0.001282929910855455
2023-09-28,-0.006835824201805918,-0.0064941719633150805
2023-09-29,0.013826985566305513,0.013495252392396583
2023-10-03,-0.0014956660139051098,-0.0014155138898006478
2023-10-04,-0.004791322676475478,-0.0052452975162327765
2023-10-05,-0.005014083878263055,-0.00465439993397964
2023-10-06,-0.008142361477455345,-0.007620411222944945
2023-10-09,-0.005279586415418991,-0.005423625824287617
2023-10-10,0.004187273807364667,0.004376816663547178
2023-10-11,0.007103203720102791,0.006760059344447134
2023-10-12,-0.0005841704804151729,-0.0004176307499882087
2023-10-13,0.002822746323598519,0.0024986549400031906
2023-10-16,-0.00583160997388362,-0.005597142955676162
2023-10-17,0.0015269249989314938,0.001577603657606544
2023-10-18,0.007383801003804227,0.006900148510419482
2023-10-19,-0.0011660078092840282,-0.0010824095467289662
2023-10-20,-0.0009324652694213797,-0.001491777103753906
2023-10-23,-0.013624718294096219,-0.013750625032739978
2023-10-25,-0.004380195754087998,-0.004650263780103241
2023-10-26,-0.019195220534836403,-0.01879513470191576
2023-10-27,0.013435428480530275,0.01365870407046787
2023-10-30,-0.0007494462485034915,-0.000548565523534164
2023-10-31,0.000649881278743886,0.00044951133165487835
2023-11-01,0.0023501047006007254,0.002221629026684694
2023-11-02,0.004140149425140481,0.004361077063094567
2023-11-03,0.006503246838552919,0.006941597084796261
2023-11-06,0.007042126477831389,0.007563359966269179
2023-11-07,0.012116559424525301,0.011304730470351203
2023-11-08,0.006100183504404113,0.006174029539955618
2023-11-09,-0.0036336020152863387,-0.003250647690879624
2023-11-10,0.004314836374573371,0.004315528407502388
2023-11-13,-0.0023083815593432895,-0.002170166823517887
2023-11-15,0.004776956770414638,0.004946723635485902
2023-11-16,0.003168221952609523,0.003237609205191109
2023-11-17,0.0060502283831316795,0.00623649302326585
2023-11-20,0.004797261440966023,0.004292814739052061
2023-11-21,0.003373496361045521,0.0035520007032478445
2023-11-22,-0.0013065636105324093,-0.0009011930306647717
2023-11-23,0.0035249810157874906,0.0037183581230276655
2023-11-24,0.007796795369665773,0.007298029447073856
2023-11-28,-0.009479075699515463,-0.008901685707526948
2023-11-29,0.0050043387983764055,0.005060213608151261
2023-11-30,0.016146385729059954,0.016066225098569416
2023-12-01,0.002186152456483835,0.002370277468552143
2023-12-04,0.0034720704723988577,0.0036860992136025076
2023-12-05,-0.0030535190175351476,-0.0024075067695987174
2023-12-06,-0.008478265586303746,-0.008434235124791748
2023-12-07,-0.0014332614270852846,-0.0013641794135258291
2023-12-08,0.0016228806592602548,0.0013887256319030062
2023-12-11,0.009336276134850547,0.009058174839179901
2023-12-12,-0.008489191778376303,-0.008517546906256666
2023-12-13,0.0013308039815846239,0.0018405177859293653
2023-12-14,-0.0037375269595209906,-0.003099316898863042
2023-12-15,-0.002692644053239245,-0.00256684453786782
2023-12-18,0.0042422774281190845,0.0038149055352436462
2023-12-19,0.005875751346499124,0.005835149897047761
2023-12-20,-0.01652936553473218,-0.016531820955909247
2023-12-21,0.0003428280890533758,0.0009367420597283229
2023-12-22,0.011285601035130776,0.011163053063604073
2023-12-26,-0.0007083457766694106,-0.00022397543353494184
2023-12-27,0.004282220481095431,0.00408883415984991
2023-12-28,0.009422334711249175,0.008950331928286887
2023-12-29,0.006991445084101369,0.007298033340201888
2024-01-01,0.0013283434281070345,0.0013207179572498234
2024-01-02,0.007642026702015691,0.007045729736497348
2024-01-03,-1.2793605725041181e-05,-2.960243374504351e-05
2024-01-04,-0.009195327349857589,-0.008077884492931474
2024-01-05,-0.0026611994756358744,-0.0023328516920159367
2024-01-08,-0.005788396021926533,-0.00567404889365467
2024-01-09,0.005125761269298574,0.005040904780924268
2024-01-10,-0.002526504668329375,-0.002464564148767977
2024-01-11,0.006440787991453154,0.006323423429691256
2024-01-12,0.00553439991958348,0.005064113386838888
2024-01-15,0.009693995290265432,0.00927903633543922
2024-01-16,-0.004517087159808073,-0.004477990573441721
2024-01-17,-0.01232902856392405,-0.012031194555445322
2024-01-18,0.0031826790374119575,0.0029446604901079898
2024-01-19,0.010832180895882088,0.010711234184018153
2024-01-23,-0.009447718870815794,-0.010062050307110316
2024-01-24,0.009024108256051133,0.008799997151901677
2024-01-25,-0.025976152442827395,-0.024887824868796926
2024-01-29,0.008583183793431152,0.009037104079514385
2024-01-30,-0.006463139278004455,-0.006631296965437155
2024-01-31,0.010440359779134213,0.010760967915577933
2024-02-01,-0.0054117404330917595,-0.005468773234866015
2024-02-02,0.011124105028887039,0.010503430485658695
2024-02-05,0.000284123845827213,-0.00047613986932458036
2024-02-06,0.0014730100282885129,0.0022435789103152698
2024-02-07,0.01715589469849496,0.016775387347744312
2024-02-08,-0.008491871228623157,-0.008112837114348785
2024-02-09,-0.0018779648598253285,-0.0013978624862895186
2024-02-12,-0.0017261036631305488,-0.001740353897080268
2024-02-13,0.003366509052965558,0.0033936889703916227
2024-02-14,0.00020640592382451081,0.0008129781059745094
2024-02-15,0.007488431753484827,0.007538401308478432
2024-02-16,0.010207678521233622,0.010295967303049916
2024-02-19,0.014196378162866969,0.013516544211108521
2024-02-20,-0.0032503991237777022,-0.002953670328125304
2024-02-21,-0.006081571038683671,-0.005970411829483525
2024-02-22,-0.0018966696186256266,-0.001613293762658423
2024-02-23,-0.0054343220242359215,-0.005243071479823834
2024-02-26,-0.007438678863503191,-0.006915748119437645
2024-02-27,0.009754143365365273,0.009368959051109415
2024-02-28,-0.00027391006077135413,-0.0011502869554277455
2024-02-29,9.945184496703142e-05,0.00047578618775001374
2024-03-01,0.004292306708986446,0.0046321313281699516
2024-03-04,-6.685534808339012e-05,8.040386078897476e-05
2024-03-05,0.0028938895789032146,0.002748389247858935
2024-03-06,0.0080082855060988,0.006569406439857205
2024-03-07,0.0008733564369241296,0.0009794473123807008
2024-03-11,-0.001957459512031751,-0.0022485619168630404
2024-03-12,-0.004571543747892025,-0.005075698175087323
2024-03-13,-0.010523454108508284,-0.011586311309591505
2024-03-14,0.010674866772065215,0.01072101681171545
2024-03-15,0.0004688262918817449,0.00044211800013633986
2024-03-18,0.01417404646331,0.01387461812596895
2024-03-19,-0.008584206402286895,-0.00860801366072968
2024-03-20,0.000301839815725769,0.0004471707317897433
2024-03-21,0.008726825246721989,0.00907409854892728
2024-03-22,0.005794278066946966,0.005832307723121604
2024-03-26,0.0007918880094151847,0.0010265783453422537
2024-03-27,0.0013631329271624108,0.001330057378818211
2024-03-28,0.00867725957251831,0.008663368395908812
2024-04-01,0.00589232060668042,0.006547663733479614
2024-04-02,-0.00692144264194726,-0.005991118556942207
2024-04-03,0.005942796335801975,0.005372515634678751
2024-04-04,-0.0006184404325185838,-0.0006468599382858445
2024-04-05,-0.0022296759005839724,-0.002132229837526739
2024-04-08,-0.0007808412850711652,-0.0006504542904398171
2024-04-09,-0.004181224112140135,-0.0036130984920539847
2024-04-10,0.007297821800080553,0.00703434204668415
2024-04-12,-0.012966840848081184,-0.012672728116343924
2024-04-15,-0.007987314994608592,-0.008111342576998698
2024-04-16,0.0052503504163192325,0.005154449402661347
2024-04-18,0.0037637723599954465,0.003111298718834337
2024-04-19,0.004205574876767968,0.0037018403503968865
2024-04-22,0.009906066539072224,0.009920940266752009
2024-04-23,-0.007460277365409271,-0.006958782557588208
2024-04-24,0.006287100221972333,0.006210173188380672
2024-04-25,-0.0012463351064284011,0.00033975958362664877
2024-04-26,0.002238994101278687,0.0026262030477436204
2024-04-29,0.008148826704661766,0.007773776885741134
2024-04-30,-0.0003215032461207995,-0.0004354346537041865
2024-05-02,-0.008141241873968435,-0.007491184506807955
2024-05-03,0.0020736256282356,0.0019457158996605108
2024-05-06,0.0073716370552310995,0.006946987584078489
2024-05-07,0.0039340754853305765,0.0029722879499127193
2024-05-08,-0.0002746917101361725,0.00016873349412231111
2024-05-09,-0.008754373510420299,-0.008698716573095752
2024-05-10,0.009981495710348221,0.009691352676610102
2024-05-13,0.004405679205132153,0.00428653578967952
2024-05-14,0.006730613072299805,0.006882444968782753
2024-05-15,0.00692263501880531,0.006808725570944736
2024-05-16,0.014070082034227263,0.013958145351770314
2024-05-17,0.007762898929881681,0.00793353230087375
2024-05-21,0.001797446661908737,0.0015708711368471052
2024-05-22,-0.001247859987275615,-0.0014338922264769505
2024-05-23,0.0003508141258578166,0.0004995458133625097
2024-05-24,0.006088036940040866,0.006023568866800708
2024-05-27,0.009351969103608368,0.0093704224045925
2024-05-28,0.002901390889768036,0.002801262196965522
2024-05-29,-0.0033384632044486727,-0.003223909369214023
2024-05-30,0.0022002395006647077,0.001700162623820379
2024-05-31,0.0019190786556727406,0.0022314898942765405
2024-06-03,0.007730039625718799,0.008644669448106334
2024-06-04,-0.015853984754834027,-0.017404149784577612
2024-06-05,0.03033073933696499,0.03042202735426513
2024-06-06,0.000231093830300941,0.000804953864358293
2024-06-07,0.018213397394035092,0.018229829160710538
2024-06-10,0.012420796545532138,0.01209099881478546
2024-06-11,0.006294346204519342,0.006327656376745627
2024-06-12,0.0001273647234423595,0.0006227292416629477
2024-06-13,0.001377963640438547,0.0017972530236078262
2024-06-14,0.0012788668650804162,0.001653042853570192
2024-06-18,0.003131745038938998,0.0032578105701790623
2024-06-19,-0.012061233924288352,-0.012333951067647488
2024-06-20,-0.005625170734913599,-0.004969181422866205
2024-06-21,0.0004306530400641523,0.00039011026010523595
2024-06-24,0.008887694628163434,0.008929278399084561
2024-06-25,0.003246416357726135,0.0029309037738935923
2024-06-26,0.00432420533128316,0.003952023148209438
2024-06-27,0.0009027633466992715,0.0007011002973093725
2024-06-28,0.0017963122568104783,0.0021652353101337843
2024-07-01,0.01236464116797323,0.012439188097425518
2024-07-02,-0.00957555114592319,-0.008812214810983491
2024-07-03,0.0028286875236800866,0.002835411859221074
2024-07-04,0.006595359050083704,0.00661006102924698
2024-07-05,0.009763923811111642,0.010098737366826763
2024-07-08,-0.00538098639004647,-0.0052738361462864765
2024-07-09,0.020168811436603394,0.020030186414584084
2024-07-10,-0.007342634590097457,-0.007036150925197255
2024-07-11,0.0013029929937470432,0.001322069282917862
2024-07-12,-0.007689100182329607,-0.007194389905552395
2024-07-15,0.009453581832522045,0.009342783584392412
2024-07-16,0.003448175622672458,0.0035856981348266867
2024-07-18,-0.006502539328220044,-0.006660288548853103
2024-07-19,-0.017456106979084486,-0.018076004526552225
2024-07-22,-5.9785337443921246e-05,0.0010680248715487864
2024-07-23,0.003415471643166516,0.003008182995989382
2024-07-24,0.001725822063418026,0.0021260706878216424
2024-07-25,0.008478222276614026,0.008366246911758872
2024-07-26,0.017270883786949867,0.017261221570606836
2024-07-29,0.00013881269473804003,0.0009185542277900034
2024-07-30,-0.0005050569830401146,-0.00034688779628207195
2024-07-31,0.014132477513950751,0.013887516151791032
2024-08-01,0.000575621662593375,0.0008228613910206176
2024-08-02,-0.0026436828753810177,-0.0032432487154232035
2024-08-05,-0.01858122785872222,-0.019425549366351835
2024-08-06,-0.006145293075248291,-0.005029860660441393
2024-08-07,0.017646934571659043,0.018279921880847514
2024-08-08,-0.0011546530672045222,-0.001468194919974694
2024-08-09,0.00031457974253977424,0.0009499703901337865
2024-08-12,-0.0010856939969202768,-0.0009488002398963342
2024-08-13,0.006657361779218954,0.006769866537675078
2024-08-14,-0.004705099116575279,-0.004234756439320216
2024-08-16,0.014891658247428836,0.01477470484055145
2024-08-19,0.0018928111351683605,0.0017656234879147219
2024-08-20,-0.0010508540164048672,-0.0010824898218134253
2024-08-21,0.0026932124844674383,0.0025903971033774233
2024-08-22,0.0064883603287786565,0.006381137162814491
2024-08-23,0.00321281506019262,0.0031251232795200088
2024-08-26,-0.0019924326490584035,-0.0017485366045032892
2024-08-27,0.007857456219526635,0.007500199338717884
2024-08-28,0.0013808770264440004,0.0012641190010705048
2024-08-29,-0.005130118344038433,-0.005199830391401775
2024-08-30,0.004812026712789701,0.005209952966194366
2024-09-02,-0.0008908911160949494,-0.0014152373079779094
2024-09-03,0.005138152171874357,0.004995994758177165
2024-09-04,0.012018901763312042,0.01174895049322867
2024-09-05,-0.005437765442685498,-0.005346842053582714
2024-09-06,-2.452398945452909e-05,-0.0003689730737878275
2024-09-09,0.0033686090589661296,0.003331853294702526
2024-09-10,0.005823699097680922,0.005919914098052047
2024-09-11,0.003245622532103198,0.0027360547362343876
2024-09-12,0.010980963501379594,0.011053449646801959
2024-09-13,-0.00209611148506623,-0.0020200460685232875
2024-09-16,0.0016205402849441516,0.0014900298131104806
2024-09-17,0.010886439330371046,0.009896186241126075
2024-09-18,-0.015942994579530044,-0.015309402906102148
2024-09-19,0.003034773678436796,0.002520153092692704
2024-09-20,0.002414592544148708,0.0024826299811311443
2024-09-23,0.004085479210165901,0.004298786162433516
2024-09-24,-0.001072866473294803,-0.0009201600997316323
2024-09-25,-0.0003725786098378776,-0.0001438853918371098
2024-09-26,0.007781973697714821,0.0076116780729988285
2024-09-27,0.003858886386999041,0.0036498468505885263
2024-09-30,-0.0009596063653685543,-0.0009651253707341986
2024-10-01,0.004045702545477559,0.004328645765840721
2024-10-03,-0.013165071669956582,-0.013253712370285019
2024-10-04,-0.015895703970596094,-0.016159431246217663
2024-10-07,-0.004430420265646737,-0.005017977488917878
2024-10-08,0.01017445621880228,0.010858084942539632
2024-10-09,0.008723373482084035,0.009357114505907154
2024-10-10,-0.001480248706883015,-0.0013033625279888059
2024-10-11,0.007774069001404598,0.007743729336411155
2024-10-14,0.0013816922140087791,0.0013195102868453893
2024-10-15,0.0036100411083579897,0.003917137421133311
2024-10-16,-0.0006063671675450613,-9.179600010110364e-05
2024-10-17,-0.013652113717222141,-0.014041934006320724
2024-10-18,0.0017723532732325613,0.0013638735434118318
2024-10-21,-0.011153575655952756,-0.011464041002159805
2024-10-22,-0.012949956366992558,-0.013187430268650657
2024-10-23,-0.011049179178967675,-0.010934389497886452
2024-10-24,0.0016084024125160067,0.0010808928160592822
2024-10-25,0.0021012101159795724,0.0011039281876824014
2024-10-28,-0.0015878638812098962,-0.0011591538392930073
2024-10-29,-0.002797898051831488,-0.00284500446047294
2024-10-30,0.003475971892880151,0.0039438500507559485
2024-10-31,0.009724246821139952,0.010615196331323712
2024-11-01,0.005552995627247786,0.005604898497878718
2024-11-04,-0.006598940754888212,-0.007035140170212731
2024-11-05,-0.0017618381383215148,-0.0010799893343629676
2024-11-06,0.007254833609714355,0.007219300290569539
2024-11-07,-0.004212970513595087,-0.004659781039444941
2024-11-08,-0.002081579817277376,-0.002649147179942314
2024-11-11,-0.002224139164517114,-0.0028501816100878217
2024-11-12,-0.011141087723343612,-0.010970719305932727
2024-11-13,-0.01966400913514757,-0.019986698339900414
2024-11-14,0.004389993855846566,0.004495327873366325
2024-11-18,-0.008446880513289044,-0.008220955714624894
2024-11-19,0.004632281727508195,0.004835721210889366
2024-11-21,0.004725998149681257,0.003931106099071024
2024-11-22,0.012500487538474374,0.012856379918744023
2024-11-25,0.00684311074963102,0.007629212270027503
2024-11-26,-0.004160779908385098,-0.004101230603074037
2024-11-27,-0.007731404809845411,-0.007201927220776767
2024-11-28,-0.005700245543486419,-0.005773704079016213
2024-11-29,0.013541236156058388,0.013017706202023485
2024-12-02,0.005131523482969745,0.005252422617382448
2024-12-03,0.0014172672913485996,0.0021035137082423922
2024-12-04,0.00488138592290585,0.004827024665023075
2024-12-05,0.005152059341440262,0.004691824291983778
2024-12-06,0.002272644485988807,0.002337208478943248
2024-12-09,-0.0015389396562777394,-0.0014856895118677798
2024-12-10,0.006640122589587571,0.006959302053847994
2024-12-11,0.00013973721490988413,-0.0001791258059435886
2024-12-12,-0.0026965531209950065,-0.003260894471598556
2024-12-13,0.009500544922174715,0.008568363206535192
2024-12-16,0.00019323424740003465,0.0007626954220827867
2024-12-17,-0.013794929734732685,-0.013791297917857643
2024-12-18,0.001836497859552464,0.0019024384224324016
2024-12-19,0.00019358869645061958,6.058042297835454e-05
2024-12-20,-0.0128354111693486,-0.013406690000214558
2024-12-23,-0.005979080366214919,-0.005713959057266527
2024-12-24,0.0008308876459277919,0.0008988336926762958
2024-12-26,0.002331277921253425,0.0021756637327405622
2024-12-27,0.00012319199738757523,0.00011437865802164148
2024-12-30,0.007299693095389195,0.007076499037608828
2024-12-31,0.019524913644676792,0.018712802430896725
2025-01-01,0.008676932238088849,0.00833647204152533
2025-01-02,-0.0005208996377252496,-4.270568203018014e-05
2025-01-03,-0.0018908850514444675,-0.0024449045625434375
2025-01-06,-0.013202310800881694,-0.013212399466720542
2025-01-07,-0.00029572512437690216,-0.00014660434684553986
2025-01-08,-0.01347370969897692,-0.013688720027273062
2025-01-09,-0.0005944073856981872,-0.0011714035184986246
2025-01-10,-0.01572433054448689,-0.015787123746809822
2025-01-13,-0.015552851272625045,-0.016559344107677194
2025-01-14,-0.0033227871050235786,-0.0021651957942962993
2025-01-15,0.0002960391430243521,-0.0003256228656406682
2025-01-16,0.00317046458499394,0.0032949103317961425
2025-01-17,-0.0032960330215573105,-0.0028326917686135426
2025-01-20,0.011117626835168325,0.010105995659116726
2025-01-21,-0.006994594337620893,-0.007141442288461882
2025-01-22,0.0053255129326624275,0.004575818618355126
2025-01-23,0.011572967875818642,0.011023470725008649
2025-01-24,-0.0108138743205245,-0.01159665245555535
2025-01-27,-0.019204811472815407,-0.01931732155048447
2025-01-28,-0.012568272365334584,-0.011588167303169751
2025-01-29,0.021942443803155305,0.022435111019891575
2025-01-30,0.0019426483409432853,0.0023456588358569423
2025-01-31,0.004652002811823434,0.005094193146132261
2025-02-01,0.00575004417511649,0.005910288663146466
2025-02-03,0.001326531635381942,0.001366953060995289
2025-02-04,0.0023045297929132295,0.002276806036026656
2025-02-05,0.008073780552489735,0.008135094082292533
2025-02-06,-0.004317156056399465,-0.00462166210654137
2025-02-07,0.017400604373375456,0.01738651024767671
2025-02-10,-0.005973845601678225,-0.006852508775636208
2025-02-11,-0.016017427623906847,-0.016766571729111536
2025-02-12,-0.00045843328519483905,-0.000871214870280584
2025-02-13,0.0043580690272257885,0.0037157473700259775
2025-02-14,-0.01581394048486632,-0.016550285931683843
2025-02-17,-0.0009768313612970893,-0.0005525994283352322
2025-02-18,-0.002907863544423972,-0.0032356687641804604
2025-02-19,-0.0001953948573583808,3.761905632543452e-05
2025-02-20,0.0010622345011426938,0.0010588335351174932
2025-02-21,-0.00481666483516929,-0.005299485792376674
2025-02-24,-0.006317226688631851,-0.00585487936508747
2025-02-25,-0.002022783398182926,-0.0019284810766708417
2025-02-27,-0.0006665679016594377,-0.0013607691585136338
2025-02-28,-0.025700141979535535,-0.025201727442715573
2025-03-03,0.008179551782707652,0.009378759026247076
2025-03-04,-0.001125785723486287,-0.0005088321953483301
2025-03-05,0.008752520369176878,0.009127523251751177
2025-03-06,0.009268923748820304,0.008863488882305804
2025-03-07,0.001399229612909628,0.0014327071945287896
2025-03-10,-0.003779562081125464,-0.004248186704528504
2025-03-11,0.0013292701996372748,0.00022814902648177134
2025-03-12,0.0053322490404181955,0.0048339665474441225
2025-03-13,0.00021496713300244978,-0.00034936843095242015
2025-03-17,0.008758728167109058,0.009185477487434616
2025-03-18,0.0017155770587369064,0.00169997090949894
2025-03-19,0.010382936802159399,0.011802655611464605
2025-03-20,0.008654200035712751,0.008523907934023182
2025-03-21,0.007620870283505033,0.007329468525972017
2025-03-24,0.0037779175468551926,0.00428924175382517
2025-03-25,0.011465740189452183,0.010960505381826174
2025-03-26,-0.005054893576907316,-0.005373037421455887
2025-03-27,-0.003486784259596168,-0.0030594867502359785
2025-03-28,0.0038003401722337773,0.0038487999348939513
2025-04-01,-0.004520141258907947,-0.005222746256577138
2025-04-02,0.008301501381592148,0.0076971504933469855
2025-04-03,0.00461529789473764,0.004192149316624326
2025-04-04,-0.009089876450870822,-0.010380523135967584
2025-04-07,-0.01765383291855448,-0.01822714734579894
2025-04-08,0.01745224977963997,0.016562002364010876
2025-04-09,-0.008373220916308455,-0.008278241863943851
2025-04-11,0.017965079050329697,0.019018982159910908
2025-04-15,0.01816672688991388,0.018397234693459143
2025-04-16,0.008536597790846614,0.008265486040536616
2025-04-17,0.015563698336947344,0.014838080340203385
2025-04-21,0.009473297501087385,0.010224986749881535
2025-04-22,0.0012506329884557693,0.0016361700567064437
2025-04-23,-0.0011490975831696753,-0.0005650969476036251
2025-04-24,-0.0033866487177688556,-0.003172604261070368
2025-04-25,-0.01895473063867969,-0.01902434109727445
2025-04-28,0.010558357315144467,0.010448299032205654
2025-04-29,-0.006304574619796074,-0.006413288371580597
2025-04-30,-0.0007404581448673938,-0.0012301004858365824
2025-05-02,-0.00631534305233948,-0.005548326470864965
2025-05-05,0.006870599309329909,0.007459486908459215
2025-05-06,0.0068253887735816,0.00712657484349731
2025-05-07,0.00880821825541836,0.009165438799633675
2025-05-08,-0.00047466588706201606,-0.0010715788441973692
2025-05-09,0.00068684360081037,-4.829835838736482e-05
2025-05-12,0.0031438083664515944,0.0043606461000464955
2025-05-13,0.0033529277326304783,0.0029955374067478814
2025-05-14,0.004297531559794017,0.004063541035689452
2025-05-15,0.006898627764122697,0.007105682685094661
2025-05-16,-0.0009978851440001337,-0.0012986091141969362
2025-05-19,0.00042205667333449013,0.0009198005307754506
2025-05-20,-0.00644003138883539,-0.006585644904007898
2025-05-21,0.006867609702463207,0.006602777850494202
2025-05-22,-0.001345589414817613,-0.0009837546544012197
2025-05-23,-0.00025058801386030835,-0.0005695750513622234
2025-05-26,0.005439627381333432,0.005276601327782941
2025-05-27,-0.00284671869152369,-0.0030364901436945196
2025-05-28,-0.0013839370372175424,-0.0022561922950928275
2025-05-29,0.0013772397283741094,0.001586047432606757
2025-05-30,0.009306123698935399,0.008477986623928686
2025-06-02,-0.000852677410857671,-0.00096842651663027
2025-06-03,-0.0027057929490503447,-0.0027301305095104654
2025-06-04,0.006918513743004091,0.0065831333873270816
2025-06-05,-0.001675306586240568,-0.0009781050071304457
2025-06-06,0.00041999528812813706,0.0009640291712609622
2025-06-09,0.00892400096148919,0.00801348597682453
2025-06-10,0.0026701456411792474,0.0024828142147918382
2025-06-11,0.001051770969112622,0.0015199353046202008
2025-06-12,-0.007552344322533525,-0.008079397322742049
2025-06-13,-0.004183879991921687,-0.004309999144238674
2025-06-16,0.0046981619757947585,0.004930213837262305
2025-06-17,0.00024222177363355415,0.00014602781646417967
2025-06-18,-0.006706005307443409,-0.006655885687131664
2025-06-19,0.0033844167430909632,0.002922396987291425
2025-06-20,0.005120895484616075,0.004953119607991676
2025-06-23,0.0007418124321813371,0.0009028996143475351
2025-06-24,0.012187954724451543,0.011983825198922337
2025-06-25,-0.0008091050964409417,0.00041444561142789025
2025-06-26,0.009667521190086984,0.00963972751810035
2025-06-27,0.012535575660004496,0.011697246648234277
2025-06-30,0.002839670642699399,0.0029397438382429268
2025-07-01,0.004559636938640197,0.00498923435869479
2025-07-02,0.004233186389166687,0.004768245074856598
2025-07-03,0.005799251802605541,0.005780525344205533
2025-07-04,-0.0066627821403813575,-0.005887592209825812
2025-07-07,0.0028886171613661258,0.002922416687444178
2025-07-08,0.00029401884381889356,-5.0255112897831735e-05
2025-07-09,0.003042846499719385,0.0033052147815249844
2025-07-10,-0.0064958820006072076,-0.006553866235411698
2025-07-11,-0.007240244260459883,-0.007300201575190945
2025-07-14,-0.0005304306226455542,0.0001283708805916661
2025-07-15,0.009071288095587656,0.008923957046817817
2025-07-16,-0.003092386373758485,-0.003166333031760208
2025-07-17,0.003360596393994064,0.003577210936191499
2025-07-18,-0.011472084465071688,-0.011611807041352838
2025-07-21,0.0014836055908905178,0.0012094555342285005
2025-07-22,-0.005866577127902001,-0.006442856918343785
2025-07-23,0.010159731507387682,0.009893163112477552
2025-07-24,-0.0024123443616555908,-0.0026928573646168765
2025-07-25,-0.005106230439000311,-0.005135107944200945
2025-07-28,-0.01865904478755565,-0.017798637558628934
2025-07-29,0.00624042285329324,0.006294780453084431
2025-07-30,0.0005824072873170506,0.000835283863917389
2025-07-31,0.0016807492453855357,0.0017807612620445042
2025-08-01,-0.006498652487076916,-0.006561047233384556
2025-08-04,0.010896443939483885,0.010434084445543433
2025-08-05,0.0037835807561599783,0.0035868101411682747
2025-08-06,-0.00490919348524908,-0.004996436705092656
2025-08-07,0.002090860535583817,0.001961205900406274
2025-08-08,0.00048542415534145,3.673366560282617e-05
2025-08-11,0.00866618736819374,0.00840697723049776
2025-08-12,-0.005941138081053212,-0.005948744810437323
2025-08-13,0.00887333201005786,0.009247564094769822
2025-08-14,0.011974092703174784,0.01164672638847148
2025-08-18,0.0005953899406261668,0.002250995609089829
2025-08-19,0.0055421133613209606,0.005523373404073732
2025-08-20,-0.00449811945648377,-0.004207624724653448
2025-08-21,-0.0014018487467634688,-0.0014439041035595671
2025-08-22,-0.00471476770467821,-0.004826917658888054
2025-08-25,-0.005037700367543642,-0.005316491459207949
2025-08-26,-0.014481966945019251,-0.014166280955513018
2025-08-28,-0.014911958452201501,-0.014485024750485043
2025-08-29,0.00465048511583352,0.004374578805445902
2025-09-01,0.01039737388706057,0.010629427306892394
2025-09-02,-0.0029439029074354232,-0.003161503326929295
2025-09-03,0.002869574377544584,0.003106381571956315
2025-09-04,0.00010385086273393464,0.0003247892683963321
2025-09-05,-0.0049871705517828,-0.005188501384782427
2025-09-08,-0.002414341801166758,-0.0020237846805616325
2025-09-09,-0.000862280345135452,-0.0006583759156399897
2025-09-10,0.005804548797297282,0.005914738844431636
2025-09-11,-0.000778523916129369,-0.0005200978646419836
2025-09-12,-0.004092940032888373,-0.004402133665128525
2025-09-15,-0.0011245058285493206,-0.000924757787262802
2025-09-16,0.011077821683007362,0.01126118543038149
2025-09-17,0.002105321160629809,0.0020936761890318033
2025-09-18,0.00016591271297274851,7.928794771397825e-05
2025-09-19,-0.009540586991309642,-0.009754713043322559
2025-09-22,-0.0011455807000506138,-0.0010348727467083076
2025-09-23,-0.010272083666588662,-0.010142295797072876
2025-09-24,0.007164711371577239,0.006506264498000698
2025-09-25,-0.005282665212390555,-0.005078746574587115
2025-09-26,-0.01634992162694517,-0.01592135061925095
2025-09-29,-0.007307320818093486,-0.007309638992882377
2025-09-30,-0.0011159807878412986,-0.00113768674589231
2025-10-01,0.009829772510204835,0.008968302886422388
2025-10-03,0.012938920220563347,0.012890485104054012
2025-10-06,0.009205340751604098,0.008879462288755965
2025-10-07,-0.0008952732624053359,-0.0004958778348419355
2025-10-08,-0.002579844760508017,-0.0035673634853420236
2025-10-09,0.002305087101977038,0.0022597179762581785
2025-10-10,0.0019731129419147298,0.0022588340368777313
2025-10-13,0.0017184189438754895,0.0015148734096180273
2025-10-14,-0.005028112073940113,-0.00488814271387351
2025-10-15,0.003619390097442555,0.003654830098424551
2025-10-16,0.005223615955060667,0.005456504301117162
2025-10-17,0.009028519501150387,0.008720161122121454
2025-10-20,0.0018959458505672098,0.0019825757131797747
2025-10-21,-0.0009321307622595624,-0.0007324976720739845
2025-10-23,-0.004214907274480022,-0.0041520742712364295
2025-10-24,-0.004754152842361143,-0.004920803482615305
2025-10-27,0.0013084341443538718,0.001875522560790875
2025-10-28,0.003551037759655702,0.0036848242099526076
2025-10-29,0.015399909344391968,0.014876834570532266
2025-10-30,-0.005549145305196936,-0.005312065479875812
2025-10-31,-0.014740538851545318,-0.013955882908939083
2025-11-03,0.008226345966017524,0.007778363112599302
2025-11-04,0.001970332668604723,0.0023076098137789934
2025-11-06,-0.00026044060079285895,-0.0005946990985346494
2025-11-07,-0.006209391817361464,-0.006680545751095194
2025-11-10,0.005503102727251486,0.005970649307286552
2025-11-11,0.0040840848775573705,0.004072994441440798
2025-11-12,0.0017893125607902627,0.0018075524453168474
2025-11-13,0.0008560044080886768,0.0010856836039085428
2025-11-14,0.006922443052701053,0.006807595031584612
2025-11-17,0.010268372603745801,0.010363900141685187
2025-11-18,-0.00021446322926344527,-0.0005874789910584763
2025-11-19,0.0007109110808911325,0.0005644557182863589
2025-11-20,-0.000133840541852664,-0.00019899330748563088
2025-11-21,-0.00914427757244441,-0.009193375502024956
2025-11-24,-0.0033736616911634377,-0.0036907970736650285
2025-11-25,0.0013697299112873985,0.0011561012879284633
2025-11-26,0.008418582087829607,0.00852437642046524
2025-11-27,-0.004009889467577088,-0.0040581259525822476
2025-11-28,0.0030735051963664372,0.0029089892943062797
2025-12-01,0.0024571697759440047,0.0029051539319213883
2025-12-02,-0.005097556737021899,-0.005431024790104067
2025-12-03,3.848704531652381e-05,-6.838149993515912e-05
2025-12-04,-0.002548117332868499,-0.002691566465598219
2025-12-05,0.001725140859332444,0.0020854603014202116
2025-12-08,-0.008171652716496247,-0.00847007960757783
2025-12-09,-0.0031115681805402797,-0.003051536841831854
2025-12-10,-0.0005888422727301189,-0.0005625424210113047
2025-12-11,0.005014241474810963,0.004678997541539407
2025-12-12,0.007822701282175123,0.008609512632663624
2025-12-15,0.002332651716370475,0.0019702983057454685
2025-12-16,-0.0009786322571587816,-0.001415341276602967
2025-12-17,-0.0050550479279659,-0.00475306710818571
2025-12-18,-0.010593430111803082,-0.01028478758264233
2025-12-19,0.0025626666685531593,0.0032183462832053008
2025-12-22,0.0047720228348289585,0.004753361976487101
