Date,sample_return,lw_return
2018-01-24,-0.0037647815073186997,-0.003596887713218666
2018-01-25,-0.009247017329899337,-0.00907562331191057
2018-01-29,-6.520155579880539e-05,-0.0002251255864135519
2018-01-30,-0.006520573385943422,-0.0064036087629660435
2018-01-31,0.00013175518830200973,-0.00016657308190796722
2018-02-01,-0.001821363687483638,-0.0011107221599132593
2018-02-02,-0.0065249546704592475,-0.007478330441086999
2018-02-05,-0.003992166973035062,-0.004251711397344706
2018-02-06,-0.012643488049023195,-0.012704139884706105
2018-02-07,-0.002883028856371241,-0.0023309261171598782
2018-02-08,0.016380343599184704,0.0159245579126973
2018-02-09,0.0011674279026151356,0.0007124977936346677
2018-02-12,0.002194812792406982,0.0020883967304270636
2018-02-14,-0.0028620522896873023,-0.002760333850357433
2018-02-15,-0.0025942271116999645,-0.0023223058877403103
2018-02-16,-0.0019437309596036087,-0.0023263750656299176
2018-02-19,-0.0032440079238475797,-0.002964734176261801
2018-02-20,-0.0032129656201333686,-0.0028465644452232066
2018-02-21,0.0038749944474477755,0.00332893770453081
2018-02-22,-0.005403249479113165,-0.005049195784321224
2018-02-23,0.0067243625638494465,0.00639687097473576
2018-02-26,0.0006534418675238122,0.0009731558441668545
2018-02-27,0.0027427066290879086,0.002597255005439138
2018-02-28,0.003220296993231508,0.0030387732872445773
2018-03-01,0.0007156171456841531,0.0004822392393045329
2018-03-05,-0.005080534230314286,-0.005110661620995172
2018-03-06,-0.0034707005094023746,-0.0033695004204479257
2018-03-07,0.00039989900389687555,-4.655325402901561e-05
2018-03-08,0.0017912605288839755,0.0013886007802439938
2018-03-09,0.0002657658414029931,0.0006507204579308541
2018-03-12,0.003942765448893808,0.0037018889323737173
2018-03-13,0.001180841431606037,0.0009501093086946217
2018-03-14,-0.0045312723658939074,-0.003977669880899417
2018-03-15,-0.0022752836921218845,-0.00215537982532624
2018-03-16,-0.0039046393947866987,-0.004194751618249715
2018-03-19,-0.0027422570687098374,-0.002729157738713528
2018-03-20,-0.0027241826585239,-0.0022341753778073814
2018-03-21,0.0039642908233802005,0.004031451757861254
2018-03-22,-0.002284476148743016,-0.0022077078661216815
2018-03-23,-0.0009508700534089258,-0.00074593107087275
2018-03-26,-0.006501660283360385,-0.0062931020338743175
2018-03-27,-0.0006970662997950441,-0.0008802505155902369
2018-03-28,0.009082607079856437,0.008325675152619035
2018-04-02,0.00923818203532372,0.009196160978626092
2018-04-03,-0.0007566549125468725,-0.0006573422587134079
2018-04-04,0.001117056345907376,0.00048036803183798364
2018-04-05,0.0003932296736011745,0.0009901024388307494
2018-04-06,0.004071673326967645,0.004281984909312571
2018-04-09,0.0008149387439818929,0.0005770546049426077
2018-04-10,-0.0026196768782546192,-0.002548792005941206
2018-04-11,0.005604012304939549,0.005161506295900161
2018-04-12,0.009787605684391987,0.009567396428208735
2018-04-13,0.006400487646909824,0.00580831306258771
2018-04-16,0.003390119306626198,0.003513153534046097
2018-04-17,0.00015123513502045288,0.00017865979843790017
2018-04-18,-0.004613394212621967,-0.004161384099403637
2018-04-19,0.0008220713569424256,0.0008064414575036787
2018-04-20,0.006504039083508848,0.006739699673335374
2018-04-23,0.009833747322708168,0.009508577429096417
2018-04-24,0.0017243793533822764,0.0016619890980048887
2018-04-25,0.005382522538004884,0.0052031576350730375
2018-04-26,0.00025605714838151326,0.00019459978109092563
2018-04-27,-0.0010338230413253038,-0.0006251116669721785
2018-04-30,0.00501077419843644,0.004758384378533296
2018-05-02,0.007331059209237715,0.006852672187208688
2018-05-03,0.001612365573988786,0.001143827644452925
2018-05-04,-0.005570013281734995,-0.005918510447102918
2018-05-07,-0.0020477918971957064,-0.0021067915555789884
2018-05-08,0.00536363536580638,0.005280919138227604
2018-05-09,-0.0037155909376381828,-0.0034787678067251995
2018-05-10,-0.0009725866588816281,-0.0007960741299314981
2018-05-11,0.001026408627444018,0.000996062737993006
2018-05-14,-0.0008920990890281185,-0.0010698701662073247
2018-05-15,0.007263750734701211,0.006665621408870779
2018-05-16,0.001144824569085965,0.0010458017181336292
2018-05-17,-0.006344132746489912,-0.006095352547132147
2018-05-18,0.005974815254766973,0.005443523534015817
2018-05-21,-0.010788811534662608,-0.010683884001470294
2018-05-22,-0.001281594214814401,-0.0012400184633035787
2018-05-23,0.006666035220920944,0.006445025178592608
2018-05-24,0.0014129474410516584,0.0015149892898636491
2018-05-25,0.005799177792821931,0.005413244205731883
2018-05-28,-9.74041247670831e-05,0.0002407825762678669
2018-05-29,-0.003034111076803764,-0.0030671487162373784
2018-05-30,0.006206460232327257,0.006302659364447502
2018-05-31,0.004715106284949705,0.0046113526402791405
2018-06-01,-0.002184299041784206,-0.00219526443778705
2018-06-04,0.004720440537934683,0.003893531356725335
2018-06-05,-0.007267160181703808,-0.007186085222129368
2018-06-06,0.005261895266584744,0.0054043267389652875
2018-06-07,0.0005077927421649516,0.0005088764696798696
2018-06-08,0.004603620963153518,0.005564412424215937
2018-06-11,-0.0005274962347777581,-0.00039602644919992666
2018-06-12,0.003690892999480466,0.0035584086349078783
2018-06-13,0.001985688534648997,0.00144207766122619
2018-06-14,-0.0021050958627872297,-0.0019074328030321101
2018-06-15,0.00033681917892171027,0.00041721646758863446
2018-06-18,0.0019249473884051928,0.002232276911625317
2018-06-19,1.5523595317430477e-05,-0.0002761866795900031
2018-06-20,-0.0027733084636065676,-0.002640073333268124
2018-06-21,-0.0026431429439061167,-0.0022257208553054623
2018-06-22,0.001021596271003362,0.00101683970693335
2018-06-25,0.00030790832142042865,0.00017856851103541623
2018-06-26,-0.0047198923099171924,-0.004418603668417731
2018-06-27,-0.0016157104485526915,-0.0017291025981866028
2018-06-28,-0.011043473906952414,-0.010926409277194656
2018-06-29,0.016234450159695747,0.01545215171363185
2018-07-02,-0.005171513163055009,-0.004925590651495575
2018-07-03,0.0015981129516975411,0.001427219935495815
2018-07-04,0.0038301220975470894,0.003683591458464378
2018-07-05,-0.00512648096465673,-0.004979572109700949
2018-07-06,0.0020905224628106297,0.0018535203135477433
2018-07-09,0.0038224262322882913,0.00412600209058604
2018-07-10,0.002897212262010217,0.0025908721727976778
2018-07-11,-0.003457605705426206,-0.0033314688956077167
2018-07-12,0.007258657466005019,0.0062200280393850125
2018-07-13,0.002595808606773352,0.002277591926579792
2018-07-16,-0.004173450122188786,-0.004573322653964293
2018-07-17,0.003736354210546581,0.003735765796726934
2018-07-18,-0.00038239513651360343,-0.00016617740377221932
2018-07-19,-0.008894816529371694,-0.009029495478610703
2018-07-20,0.002724059944326395,0.0026069511863803948
2018-07-23,-0.0003394526328468308,-0.0003019140603019747
2018-07-24,-0.012901477685929887,-0.011595938055976246
2018-07-25,-0.0008910922348666182,-0.0010512209066163222
2018-07-26,0.0006628760464476032,0.0013658286555369916
2018-07-27,0.013235578614600103,0.012984204482869213
2018-07-30,0.0015281630764013756,0.001555610718319318
2018-07-31,0.00738686279829621,0.007025442425509832
2018-08-01,0.0035260263371501635,0.003946964073489831
2018-08-02,-0.006575723549340785,-0.006812986993860005
2018-08-03,0.0032554995035108387,0.0036171951921466026
2018-08-06,-0.0033646166922676078,-0.003152714784490728
2018-08-07,-0.0017167709796670789,-0.001706062912002396
2018-08-08,0.001979198229835012,0.001429693760338638
2018-08-09,-0.006515234543017573,-0.00671784291047769
2018-08-10,0.003491051276307758,0.003662282390520911
2018-08-13,0.00541249489861146,0.005232895074686461
2018-08-14,0.006456403609454398,0.006687067711447189
2018-08-16,-0.0038789197005607862,-0.003786596231462924
2018-08-17,0.00026053611834937166,0.0011201414761144654
2018-08-20,-0.0041387290562772015,-0.0041842917912413916
2018-08-21,0.0031630332743975273,0.0032640390490808213
2018-08-23,0.0015587020713908396,0.0016012083762182185
2018-08-24,-0.005493691528934314,-0.0052212506444600975
2018-08-27,0.0071218204789853905,0.007564742945561479
2018-08-28,0.002279658870305177,0.0023899550942238735
2018-08-29,-0.004506090918688413,-0.004298665842984893
2018-08-30,0.005877235783893236,0.005750589737650185
2018-08-31,0.009424731760101373,0.009012634293625768
2018-09-03,0.0018954826856713474,0.0011016474295923043
2018-09-04,-0.008536642827659474,-0.008437672376047508
2018-09-05,-0.004285702506577546,-0.004623606381962612
2018-09-06,0.0012581018948824988,0.0014734591717808746
2018-09-07,0.008601098290876137,0.007988533648902629
2018-09-10,0.0009571998018326692,0.00047819238951757326
2018-09-11,-0.0023611644420240005,-0.00270490476814278
2018-09-12,0.009744224257202548,0.009311245933795684
2018-09-14,-0.006352314473884414,-0.005599150025346809
2018-09-17,-0.002134048161053367,-0.0025766189067212603
2018-09-18,0.0017432471529400333,0.0014704240402375276
2018-09-19,-0.0043929839490053305,-0.00441652573671193
2018-09-21,0.006520870699475534,0.005114592949896246
2018-09-24,-0.0071452240836074234,-0.006986064783235645
2018-09-25,0.00363243506129537,0.004030902820400016
2018-09-26,-0.0027402572604148055,-0.002308174927529646
2018-09-27,-0.006254556924862261,-0.006178425784421032
2018-09-28,0.0056508835875807035,0.005116567204629908
2018-10-01,-0.004640267826973271,-0.004372781057106367
2018-10-03,-0.019203995009363577,-0.018802348106281393
2018-10-04,-0.014840433279541522,-0.015064666425027441
2018-10-05,-0.007382346616806666,-0.008011343266700836
2018-10-08,0.00038714385044268584,0.00047136980846719317
2018-10-09,-0.010543970919149472,-0.010867116186632225
2018-10-10,0.001427906381216037,0.0025290837964263594
2018-10-11,-0.00572732515382387,-0.006280370299190453
2018-10-12,0.008370902673504252,0.008114506028282066
2018-10-15,0.00046073729946473243,0.0009423870759941017
2018-10-16,-0.002406750354790815,-0.0018829656208706625
2018-10-17,0.006559923034605988,0.006087717746999943
2018-10-19,-0.0022085403158218597,-0.003047024261607338
2018-10-22,-0.012410866997313445,-0.01232679058194329
2018-10-23,-0.0144107527159488,-0.014177437158724644
2018-10-24,-0.003424591546664177,-0.0030938380414302358
2018-10-25,-0.0030130992308677503,-0.002954177659373526
2018-10-26,-0.004372532495063102,-0.004107906964705672
2018-10-29,0.0022844858665724997,0.002394426141139952
2018-10-30,-0.0026344125044204807,-0.0018393974916472895
2018-10-31,0.012933944300444557,0.01282141589927502
2018-11-01,-0.012559723697967633,-0.012274646685142361
2018-11-02,0.010185011940304637,0.010266106973728036
2018-11-05,-0.004381650938818587,-0.00402525717712026
2018-11-06,-0.011326504633138487,-0.011073639291982521
2018-11-07,0.00863797223360866,0.008691689221892642
2018-11-09,0.0041163596091792895,0.004450074393374263
2018-11-12,-0.0009474700365707452,-0.0009724823211966763
2018-11-13,0.003072064270102751,0.0029697808046102317
2018-11-14,0.0015715590030931951,0.0016511174771589353
2018-11-15,0.008363520828827613,0.008819699351861235
2018-11-16,0.005875951019196875,0.005970276381772896
2018-11-19,0.0049265913124756635,0.004669479138075993
2018-11-20,-0.004000890162590679,-0.004254270450738056
2018-11-21,-0.0036362426794204544,-0.003667819713309958
2018-11-22,-0.0028576940793007045,-0.002456084946911493
2018-11-26,0.010968334180226493,0.010217564752402875
2018-11-27,0.003908061267404731,0.0038035419669445306
2018-11-28,0.0020771571592631604,0.00164633713697906
2018-11-29,0.0020751012222122232,0.002153945734613473
2018-11-30,-0.0034161945780166224,-0.00315270423314661
2018-12-03,0.005828533606757903,0.0048397917798389265
2018-12-04,0.006439723290218732,0.006704646953139016
2018-12-05,-0.001043460880223835,-0.0013754312825530557
2018-12-06,-0.006541451940325208,-0.006653492795603069
2018-12-07,2.613907802142385e-05,8.579176120365641e-05
2018-12-10,-0.010798443878873324,-0.010656227910520635
2018-12-11,0.006896792217378969,0.006844984370698349
2018-12-12,0.011352500685007007,0.011318871179513757
2018-12-13,0.007238009639473132,0.007546090204125761
2018-12-14,0.0035241796621697623,0.00355890623566485
2018-12-17,-0.0022173608984619583,-0.002012791979425642
2018-12-18,-0.000942673683656136,-0.0011779463780694438
2018-12-19,0.013192622292328612,0.012745149652414665
2018-12-20,-0.0031662540322240198,-0.0032659561481000856
2018-12-21,-0.01087497302500318,-0.01101138953928106
2018-12-24,-7.912535042853578e-05,-0.0002977154476689757
2018-12-26,-0.004412213905287023,-0.003888382047513023
2018-12-27,0.00729173411749928,0.007219721010596085
2018-12-28,0.002509222372706237,0.00277545797246355
2018-12-31,0.0026383288482596697,0.0029545532690871098
2019-01-01,-0.0027225308410762966,-0.0027371161226462178
2019-01-02,-0.0004818323818850448,-0.0005639888730129982
2019-01-03,-0.006329424663131997,-0.006131166334382783
2019-01-04,-0.002330703391368165,-0.0022619078162130764
2019-01-07,0.0025494100758186033,0.0023488264110734522
2019-01-08,-0.00028636598566703813,-0.0004801375003996709
2019-01-09,9.099568035788696e-06,-1.8058194423042928e-05
2019-01-10,0.00601274467324906,0.006078844667419864
2019-01-11,-0.00338466212249195,-0.003311438634829311
2019-01-14,-0.0029375948819147005,-0.002119872606448972
2019-01-15,0.006974670830753227,0.006704837435602326
2019-01-16,0.004437072319038762,0.004327760008604149
2019-01-17,0.0006047028972531816,0.0007677684834274521
2019-01-18,0.0041377710257865345,0.0036147131897834354
2019-01-21,0.0035749839413160896,0.0034095784261497907
2019-01-22,-0.0027038590672515683,-0.0026448978755877614
2019-01-23,-0.00321852932354177,-0.003248387655026973
2019-01-24,-0.002465520019031257,-0.002794399485439837
2019-01-25,-0.005098757361194715,-0.004934431748597487
2019-01-28,-0.005345749577872537,-0.005208460710839061
2019-01-29,0.005479816310681038,0.005309216657936466
2019-01-30,0.000330329430135057,0.00040020675177402114
2019-01-31,0.007499726391551015,0.00765082114073625
2019-02-01,0.02141469062315566,0.020087453747989863
2019-02-04,-0.0045985044146117275,-0.0046384205618826176
2019-02-05,0.0007210484131605255,0.0003571300661525933
2019-02-06,-0.002439671560509648,-0.0017732222418637322
2019-02-07,-0.0054894445074789334,-0.0047821555204874844
2019-02-08,0.0022919317137104086,0.001881430072473676
2019-02-11,-0.013943014227471743,-0.013752056049748284
2019-02-12,0.0062094819681256875,0.005771803545240879
2019-02-14,-0.010041054161863378,-0.01004979034826325
2019-02-15,-0.0031287742796660464,-0.0031835790615513692
2019-02-18,-0.004181065955610267,-0.004269631613624647
2019-02-19,-0.005882027973048759,-0.005434693080259077
2019-02-20,-0.003915513055463852,-0.003768980508108473
2019-02-21,0.001973729190514646,0.0022513381949730987
2019-02-22,0.003578115084696811,0.0034238146942204666
2019-02-25,0.010947435712678335,0.01067623471426903
2019-02-26,-0.005403532213122089,-0.004819084042383206
2019-02-27,0.00033782755642083575,0.0005525695857805575
2019-02-28,0.0005606635271237527,0.0006763211824196104
2019-03-01,0.0013539089191412156,0.0013348931109722331
2019-03-05,-0.0027522438770767195,-0.0025259393547405217
2019-03-06,0.006002311068427574,0.006013746598050703
2019-03-07,3.682128578782695e-05,-8.31894644479314e-05
2019-03-08,-0.0026552004653810305,-0.002727947366874021
2019-03-11,0.010633271034526152,0.010816391186209424
2019-03-12,0.001537054059103862,0.001702702012889811
2019-03-13,-0.0019522776627621393,-0.0024013187469875265
2019-03-14,0.0013071055823350602,0.0009432256185945967
2019-03-15,0.004190195239291779,0.0038559075691386347
2019-03-18,-0.0008154767535468643,-0.0009837432863970437
2019-03-19,0.0015039964228795353,0.0013283927436067771
2019-03-20,0.00017346060895534146,-0.00015438757857843784
2019-03-22,0.0018684347962298377,0.0018030804688528742
2019-03-25,-0.008527374680230973,-0.008257305929135355
2019-03-26,0.0035104944788150495,0.0029860702314243636
2019-03-27,0.0005057706804952755,0.00022941669905522058
2019-03-28,0.004110821038033006,0.0042626960874183484
2019-04-01,0.009818100211175691,0.01026177082434621
2019-04-02,-0.0021191122144634915,-0.0019218793391344044
2019-04-03,0.0021544214952404473,0.0016094528983705756
2019-04-04,-0.0031458743469405847,-0.002912433899669009
2019-04-05,0.004583043452788592,0.0044055513249556715
2019-04-08,0.0006255140687827116,0.0007464051390417732
2019-04-09,0.0019298370989909925,0.002033009468020968
2019-04-10,0.0016418738871338645,0.0019052673625193969
2019-04-11,-0.0012589227844297364,-0.0014821185277635073
2019-04-12,0.000808934852949628,0.0008802180506958883
2019-04-15,0.00637395690369048,0.005884343450740188
2019-04-16,0.00727809066418248,0.0070580778294418774
2019-04-18,-0.006672349046535652,-0.006626185378409399
2019-04-22,-0.005428455807219139,-0.005244745280253531
2019-04-23,0.0014964253528168946,0.0018769970978800082
2019-04-24,0.0007536447981476442,0.0005582618225258591
2019-04-25,-0.005205037622575386,-0.005313198364283276
2019-04-26,0.0035270701604176906,0.0036735823320650737
2019-04-30,-0.001246127335377206,-0.0007204360520988269
2019-05-02,-0.0044971153402920076,-0.004417897080292146
2019-05-03,-0.0015275235106569094,-0.0017364201976475266
2019-05-06,-0.009595112125350747,-0.009585957273983382
2019-05-07,-0.0003184886772568446,-0.00019725124471217816
2019-05-08,-0.007956229961174306,-0.007995053772965825
2019-05-09,-0.005754441951914006,-0.00540995022714428
2019-05-10,-0.007726625836968592,-0.006962112814810249
2019-05-13,-0.0076874712956499225,-0.007310415493861288
2019-05-14,0.000943706499783249,0.00036978444460117603
2019-05-15,0.00027855030545671626,0.00041649075410015184
2019-05-16,-0.007473019647050082,-0.007251345410970244
2019-05-17,0.007742266305710932,0.007328876823288255
2019-05-20,0.02409204268324446,0.02345715062771326
2019-05-21,0.0034457161011259567,0.00290312632396175
2019-05-22,0.0016667931958979502,0.0012368047822135125
2019-05-23,0.0011013986935631153,0.0008415311611425396
2019-05-24,0.007214397167143015,0.0069065501680078715
2019-05-27,0.017578814101470726,0.01731209700153679
2019-05-28,0.0024281079278229687,0.0024772700647670105
2019-05-29,-0.00017070693915453394,8.890273121388222e-05
2019-05-30,0.0035785510282054936,0.003112237678630914
2019-05-31,0.008280613471453698,0.008534970467915518
2019-06-03,0.009304850644830059,0.00926921065230053
2019-06-04,0.0013571941223279808,0.001051072001460872
2019-06-06,0.0009053809643937848,0.0005998440485525279
2019-06-07,-0.00012602349029555677,7.728603545379667e-06
2019-06-10,0.005802458807280083,0.0061012980430734595
2019-06-11,0.005562685315507047,0.00509771467091305
2019-06-12,-0.004565131803814604,-0.004561266872272986
2019-06-13,-0.004395818458129498,-0.0046062169728969425
2019-06-14,-0.006380786113174831,-0.0065405394824435735
2019-06-17,-0.0014561271360445257,-0.0018951664744722943
2019-06-18,0.00021694837643304523,0.00036499174174052615
2019-06-19,0.0032740133282251017,0.0031116974479442183
2019-06-20,0.0023625165332033897,0.002617135096872311
2019-06-21,-0.0102168905606401,-0.01003175256578433
2019-06-24,-0.0056198135811462435,-0.005597560168959223
2019-06-25,0.001960360518895925,0.002067176002732425
2019-06-26,-0.002207790374014316,-0.0022965585487532596
2019-06-27,0.0025305074955413336,0.0025573488255384216
2019-06-28,0.005707911339949018,0.005519215629095348
2019-07-01,-0.0017924032527778173,-0.001770747634062866
2019-07-02,-0.0007010746279263483,-0.00048787372100132206
2019-07-03,-0.0008736324867985066,-0.0013381829814508438
2019-07-04,0.0008532232005356419,0.000770345423958563
2019-07-05,-0.012037368732479767,-0.011919047171838006
2019-07-08,-0.013913195898507912,-0.013724268322272347
2019-07-09,-0.004594701144434606,-0.0043028773147501444
2019-07-10,0.0016175679596475204,0.0016616220432268509
2019-07-11,0.0050988788787677776,0.0052257301219006385
2019-07-12,-0.0014973423318678004,-0.001321929799016943
2019-07-15,-0.000569063296142733,-0.0002647830638066747
2019-07-16,0.004895464009029181,0.004694402116690895
2019-07-17,-0.00253710708710251,-0.0021676042726488823
2019-07-18,-0.002867349752007883,-0.0030318664095369593
2019-07-19,-0.014593234877444695,-0.014699640671977685
2019-07-22,-0.0040706663739560455,-0.003980957989373533
2019-07-23,0.005345212159082483,0.004906732452671911
2019-07-24,-0.003142795384677895,-0.0028819605353761144
2019-07-25,-0.0019943826171635063,-0.0017605776599506054
2019-07-26,-0.000549028206381201,-0.0010083837341358032
2019-07-29,-0.0052141136906967605,-0.00525190619554857
2019-07-30,-0.0030640951996898586,-0.0034189264303204937
2019-07-31,0.009711764874276182,0.009356592730052547
2019-08-01,-0.007791625680881164,-0.00832495219113746
2019-08-02,-0.0022293924150453837,-0.00222721880586751
2019-08-05,0.0019266655998660877,0.0012949196964922914
2019-08-06,0.0023993478234610984,0.002676337177098068
2019-08-07,0.00924400753733039,0.009231653983919844
2019-08-08,0.00949477887472108,0.009576866259119212
2019-08-09,0.0002935131656632478,0.0004681298209379159
2019-08-13,-0.004603335189257854,-0.0050950393529918805
2019-08-14,-0.0015047159510176683,-0.0010439088985813331
2019-08-16,-0.001930535603147661,-0.0017991575058859323
2019-08-19,0.005837134027179638,0.005797046326396733
2019-08-20,0.003983308514415018,0.00408178387547518
2019-08-21,0.0019347190411905769,0.0017607459022082543
2019-08-22,-0.002656848320245343,-0.0024431800658354214
2019-08-23,0.0025045432952644515,0.0026514556995319146
2019-08-26,0.00805867346677671,0.007775083319056311
2019-08-27,-0.01268100691807833,-0.01160480159102234
2019-08-28,0.0006632837111930943,0.0006426743256973174
2019-08-29,-0.0016195859132440106,-0.002052397790170139
2019-08-30,0.005708011497769307,0.005916941878723029
2019-09-03,-0.009025433075851215,-0.009146804679905475
2019-09-04,-0.003685963899672249,-0.0030972515711469827
2019-09-05,-0.003011449156373989,-0.0028017933956767014
2019-09-06,0.004253305916093145,0.004424012041156797
2019-09-09,0.0023659718393925586,0.002804088533972879
2019-09-11,-0.009240860920830943,-0.008871946551525147
2019-09-12,-0.005302862800481567,-0.004968375166063719
2019-09-13,0.003439654044651465,0.00370872187952617
2019-09-16,-0.0007946997207933053,-0.000974443529815397
2019-09-17,-0.007104625385784035,-0.007073581887632831
2019-09-18,0.002083644227628985,0.001917816433613127
2019-09-19,-0.0024618864048800873,-0.0029080440626585206
2019-09-20,0.023645292817607962,0.02353005056312171
2019-09-23,0.027737681326257212,0.027499381595474767
2019-09-24,6.098369839479899e-05,1.0476595920127249e-05
2019-09-25,-0.009911172042645166,-0.00964635820384744
2019-09-26,0.003567273203610223,0.003771833530228578
2019-09-27,0.0010082383700338907,0.0002906418067146109
2019-09-30,0.0029548852301406704,0.003959888594382553
2019-10-01,-0.00942440042711941,-0.009404251218134096
2019-10-03,-0.007320553841385451,-0.007536451640013512
2019-10-04,-0.006185272429098908,-0.00639805330494691
2019-10-07,-0.0075384081467387044,-0.007415424277456019
2019-10-09,0.001901139421398917,0.0015528202209001672
2019-10-10,0.0008000321596503618,0.000978583437769672
2019-10-11,0.015337879514595233,0.014241286940794904
2019-10-14,0.0022191855253991238,0.002179942471011056
2019-10-15,0.0063310603764284755,0.006108043290776562
2019-10-16,-0.006555540421478835,-0.00602897180761748
2019-10-17,0.005101309721443306,0.005025865386753833
2019-10-18,0.007944106144911716,0.007771891124414445
2019-10-22,-0.006995867374528508,-0.007327674787260595
2019-10-23,-0.0008034549459913381,-0.001051774367688725
2019-10-24,-0.00839395834641339,-0.008264520317467874
2019-10-25,-0.004465252287408268,-0.003958263311369575
2019-10-27,0.005015429098385926,0.0051011072103424315
2019-10-29,-0.007304231233949312,-0.007681268961656447
2019-10-30,0.0014115640275765488,0.0015673333307911635
2019-10-31,0.00823937099073891,0.008477418004757889
2019-11-01,0.0014488590434524012,0.001981290388675012
2019-11-04,0.004393833854907058,0.004090360305327216
2019-11-05,-0.007640036821738601,-0.0075326762499244365
2019-11-06,-0.0015651213610491245,-0.002026544572636394
2019-11-07,0.00784312522949156,0.007527198331143331
2019-11-08,-0.013762392787807123,-0.01336263531002268
2019-11-11,0.00048358414944015254,0.0010060115433349827
2019-11-13,-0.00238123081343186,-0.002474527722465708
2019-11-14,-0.0012185207414106291,-0.0013759802437904845
2019-11-15,0.00880280574975158,0.008563289802342123
2019-11-18,-0.0012045297693448521,-0.0007566042617412632
2019-11-19,0.010877500951623856,0.010621957713093266
2019-11-20,0.0020561072435766603,0.0023702890871547732
2019-11-21,0.0024604571583694192,0.0025144850532423037
2019-11-22,-0.0011352838595820604,-0.0010216609855654962
2019-11-25,0.005832101464451618,0.006047588834122902
2019-11-26,-0.01512579747260497,-0.01489774127007054
2019-11-27,-0.0005096397099794315,0.00017411483905935792
2019-11-28,0.00680833218559442,0.0064857861317564516
2019-11-29,0.002353336115145411,0.0022367430057463984
2019-12-02,-0.0027463019401679258,-0.003204846435128311
2019-12-03,-0.0036027291339374504,-0.0036821465880544292
2019-12-04,0.007675740651406311,0.007670266229078596
2019-12-05,0.0018866395875413045,0.0017309636887936155
2019-12-06,0.0006050253600209186,0.00026258016581535856
2019-12-09,-0.0018327991213826827,-0.001969451279045176
2019-12-10,-0.004973940213448003,-0.005071304320135701
2019-12-11,-0.0007951777570192051,-0.0013475015017077427
2019-12-12,0.002186038551433152,0.0019944390577567137
2019-12-13,0.004014174006658353,0.004260337856182323
2019-12-16,0.003152533975072371,0.0027253294226052987
2019-12-17,0.006753693007847251,0.0069482646101264945
2019-12-18,0.0045180832535263735,0.00446149350832177
2019-12-19,8.874048417144925e-05,-0.00018363924362285443
2019-12-20,0.001587521812325867,0.0013908915919878567
2019-12-23,0.004572231691818956,0.004838862928593649
2019-12-24,0.0010914974326035295,0.0009875412943402846
2019-12-26,0.003666866339212105,0.003248870267615355
2019-12-27,0.005776449440679944,0.005626142172819879
2019-12-30,0.0009486328865678726,0.0011851124184413995
2019-12-31,0.0016113738538084245,0.0013435003485110291
2020-01-01,0.0015031023954053932,0.0015356801708398698
2020-01-02,-0.00592398590575771,-0.005531384606285064
2020-01-03,-0.00034964280476692633,-0.0002508615629959489
2020-01-06,-0.0071363649660828345,-0.007672862346802416
2020-01-07,-0.00028965620002709483,-0.00016739458314396087
2020-01-08,-0.0034608973147339573,-0.0034658757734012365
2020-01-09,0.002565534547608883,0.003041825959369336
2020-01-10,0.00385030674807606,0.004065662922007988
2020-01-13,0.008000579764365265,0.007701743180740318
2020-01-14,0.008367377332145574,0.008280139437803926
2020-01-15,-0.006574444613085989,-0.00568968247366829
2020-01-16,-0.002288102012264181,-0.0014197608270163837
2020-01-17,0.0047185614317749106,0.004436778624486465
2020-01-20,-0.0015175840022201685,-0.001517863902763487
2020-01-21,-0.0013894354429155255,-0.001396464585102537
2020-01-22,-0.006808937939784052,-0.006020868085812364
2020-01-23,0.001112115862191739,0.0012117138828048489
2020-01-24,0.004618372771358361,0.004899577703327615
2020-01-27,0.0022645195047038876,0.0018848973383317337
2020-01-28,0.0034835400777599762,0.00347279811155797
2020-01-29,0.004529650104401278,0.0048614368719189375
2020-01-30,-0.008198459387910308,-0.00852016196366479
2020-01-31,3.783109271118465e-05,-0.0003093980463252944
2020-02-03,0.0019131051814761588,0.0012696128053885233
2020-02-04,0.01366567345041202,0.013701238080767005
2020-02-05,0.0028592740781104367,0.002906205246165259
2020-02-06,-0.004620776670821905,-0.00427020581967404
2020-02-07,0.004792325121500341,0.004786630206571304
2020-02-10,0.0003370927527393483,-0.00028775562982918306
2020-02-11,0.008861138201212556,0.008724450662959727
2020-02-12,-0.0026580377523660803,-0.0025991379403128177
2020-02-13,-0.009192013912460776,-0.00906908646652931
2020-02-14,-0.0033070471160222036,-0.0029253415321354773
2020-02-17,0.003220309629141454,0.003333226989580689
2020-02-18,-0.004204013396442698,-0.0038269464211440284
2020-02-19,0.009495358279617406,0.00961493102094733
2020-02-20,0.007274793052389169,0.007346288979625679
2020-02-24,-0.009018391461365934,-0.0093519092181416
2020-02-25,-0.001320602941349234,-0.000731820324077283
2020-02-26,-0.011504953355982048,-0.011079581302342859
2020-02-27,-0.000494877730274731,-3.787001417017736e-05
2020-02-28,-0.014774195286432487,-0.015375149575755722
2020-03-02,-0.0025089897266339515,-0.0030340304204953417
2020-03-03,0.011947625105057626,0.011615349664624817
2020-03-04,-0.00452222256382969,-0.004529760436255099
2020-03-05,0.0029244373701665105,0.002567577668669874
2020-03-06,-0.010230634862514,-0.010018338988279817
2020-03-09,-0.019561248037532883,-0.020625782629078437
2020-03-11,-0.0019745415481926994,-0.0022671287821680814
2020-03-12,-0.040098132097780924,-0.04013214490188686
2020-03-13,0.002434353762147979,0.002958295630315372
2020-03-16,-0.05927031128106656,-0.05867153371631119
2020-03-17,-0.007709169428103982,-0.009049345899887967
2020-03-18,-0.04298165126593847,-0.04263427507827545
2020-03-19,-0.0381076850898506,-0.03722427057987624
2020-03-20,0.04031583620495381,0.0401885108349839
2020-03-23,-0.07260424291503421,-0.07595646194197611
2020-03-24,-0.003147615013177531,-0.0012150298427373606
2020-03-25,0.02746022894136227,0.027329558934669047
2020-03-26,0.007376839941884537,0.009934593410012661
2020-03-27,0.0030028695878373335,0.001120912281492568
2020-03-30,-0.012296257045452707,-0.012942471380085594
2020-03-31,0.02694270798558003,0.027042290164686237
2020-04-01,-0.025717583839475908,-0.026005969206939858
2020-04-03,0.005839306798170466,0.004851398612808819
2020-04-07,0.030597809574730957,0.03229247600695109
2020-04-08,0.01684775536507966,0.016512137940565337
2020-04-09,0.027482495007201204,0.02739716183122299
2020-04-13,0.0003938200240114375,0.0011550234518664937
2020-04-15,0.009764694051726334,0.010120359795531029
2020-04-16,0.005797388774261459,0.004614107968402087
2020-04-17,0.011697158600143105,0.01202268873835501
2020-04-20,0.005516367643253362,0.005499752830696537
2020-04-21,-0.009523898521066146,-0.00927060172846179
2020-04-22,0.019576728435841507,0.018151405779791616
2020-04-23,-0.0009030322974670957,0.0010140820960473141
2020-04-24,-0.0028847735927703105,-0.0037164227979134606
2020-04-27,0.005954342368802557,0.0063062753683178555
2020-04-28,-0.01480280996892702,-0.014295133476709068
2020-04-29,0.0010546096691119496,0.0022883633666852775
2020-04-30,0.012915801160844818,0.012103265051404563
2020-05-04,-0.012879170847455181,-0.01391474284926934
2020-05-05,0.002032635178032277,0.0009688569122240772
2020-05-06,-0.0020171679424423384,-0.0031339452610812577
2020-05-07,-0.017011692085399214,-0.015626857282537144
2020-05-08,-0.008034170048762454,-0.006792019386436144
2020-05-11,-0.00325334154040963,-0.002962827910454069
2020-05-12,-0.008021528863490994,-0.008857068090559651
2020-05-13,0.01105752487681037,0.010675641290919862
2020-05-14,-0.011091392347425686,-0.009746644582909846
2020-05-15,-0.005650889607067562,-0.004759271236768039
2020-05-18,0.00867673382616271,0.006046214478028923
2020-05-19,-0.0037939219241394993,-0.002602734740488504
2020-05-20,0.0026553799689868476,0.003494548274013239
2020-05-21,0.006243830384989749,0.007156704628579588
2020-05-22,0.009200424479363527,0.009030818139735858
2020-05-26,0.009140209487074303,0.008243158965865065
2020-05-27,0.0008827068732797066,-0.0010035274716134828
2020-05-28,0.0007548141734117985,0.002564045255457303
2020-05-29,0.022480853838263776,0.021715574044008843
2020-06-01,0.0036270665064235424,0.0038657896231477553
2020-06-02,0.005053606422415274,0.005881561193109493
2020-06-03,0.0033176206305805,0.004861009039017596
2020-06-04,0.012025930178456785,0.011632997801968642
2020-06-05,0.007096201788924093,0.007304720581737684
2020-06-08,0.0007191750363150362,0.001194929325339945
2020-06-09,-0.0053197966294561095,-0.00539136352782076
2020-06-10,-0.003921516451448509,-0.0039270512668956375
2020-06-11,-0.011128235961915435,-0.01226218092345251
2020-06-12,-0.0025154475127568106,-0.0019956627665191173
2020-06-15,-0.003260861799465732,-0.0032195690379702613
2020-06-16,-0.00357062202737614,-0.002791862878630696
2020-06-17,0.003955252285092016,0.0035071090390796007
2020-06-18,-0.009177849288806153,-0.007735028023564061
2020-06-19,0.013604352493196931,0.012373740962619902
2020-06-22,0.024930643079720847,0.02447479438722243
2020-06-23,0.007408415279034554,0.008077649220763376
2020-06-24,0.0005760730925782971,0.0012234679154262164
2020-06-25,0.0034736832474028334,0.0028581826367267177
2020-06-26,0.014120052077269683,0.013888380114624503
2020-06-29,0.002517602430358804,0.0024466692864594294
2020-06-30,0.007421833213681795,0.006945723304632108
2020-07-01,-0.007485705435358579,-0.0070264027398298365
2020-07-02,0.004632797048698712,0.005416452867653021
2020-07-03,0.0005270785841809749,0.001302093718009238
2020-07-06,0.0034473726946509433,0.0032455987439360488
2020-07-07,-0.011476612597904872,-0.01089641842599615
2020-07-08,-0.01536850546724226,-0.014834223880517852
2020-07-09,-0.012464389305534491,-0.011975872640852741
2020-07-10,-0.007874376492783481,-0.007480975711631117
2020-07-13,0.0034900180715197347,0.0034188472202512513
2020-07-14,-0.006567871466245076,-0.0062078285997181045
2020-07-15,0.011166782523833983,0.010799920904735834
2020-07-16,0.005787140965879381,0.004849086450589053
2020-07-17,0.003873450530670726,0.004002781062757159
2020-07-20,0.0005041094083903009,0.0013704810281910584
2020-07-21,0.003932317746422107,0.004345408864780394
2020-07-22,-0.005372477059333178,-0.005723008518318916
2020-07-23,0.009496484301908163,0.009076799163381125
2020-07-24,0.0012627922232701688,0.0024778481783365495
2020-07-27,0.0010778474363034084,0.0010545517094293316
2020-07-28,-0.006078983995923093,-0.004938283664786694
2020-07-29,0.004245120591725842,0.0037554488108667364
2020-07-30,0.0008855612905537529,0.002274659969175351
2020-07-31,0.003956138665480157,0.004808409324534818
2020-08-03,-0.00294046712539357,-0.002486151077792163
2020-08-04,0.003944846705163033,0.003883016650063371
2020-08-05,-0.002987802904777623,-0.003451322265455332
2020-08-06,0.0014281701910899983,0.002129014464046802
2020-08-07,-0.011383164310073994,-0.010096317709848524
2020-08-10,0.025359235938314212,0.025804781022169727
2020-08-11,-0.0018548401346488665,-0.0013182207104270637
2020-08-12,-0.003500792909929693,-0.0034395875863030604
2020-08-13,0.014122482770451044,0.014190263381343618
2020-08-14,0.002836380883284105,0.0034383235842998417
2020-08-17,0.009195138403671272,0.009003989553463617
2020-08-18,0.0022510997599405683,0.002203435300745075
2020-08-19,0.010640670211260528,0.01088364010643189
2020-08-20,0.010822021134743008,0.010586028655308385
2020-08-21,0.012024636406518616,0.013531328870707572
2020-08-24,0.01722192079795027,0.016847361394731822
2020-08-25,-0.008029610655263602,-0.008307420639515858
2020-08-26,0.009986117447216655,0.009985338330305057
2020-08-27,0.0019117186634729161,0.0014477639745148615
2020-08-28,0.009433168925052422,0.008650154624610943
2020-08-31,-0.021087426833584454,-0.02214125258578746
2020-09-01,-0.0008972299530635598,-0.0010276418866984717
2020-09-02,0.011651879923575735,0.011694262758415879
2020-09-03,-0.001287692517967228,-0.0004558952928090886
2020-09-04,-0.012800199985748923,-0.01235709484841856
2020-09-07,0.010534446420742288,0.009958276665217349
2020-09-08,-0.006030056448690018,-0.006108360886473706
2020-09-09,-0.004697934324766585,-0.004785297518937586
2020-09-10,0.009286785441339119,0.009961141213141355
2020-09-11,-0.0031812154783227515,-0.0029055196982332807
2020-09-14,0.01977021550339799,0.02025391445933591
2020-09-15,0.008048119852279125,0.009069730909264507
2020-09-16,-0.011952157290911656,-0.011629200776523504
2020-09-17,-0.007857742337637334,-0.007093562221099283
2020-09-18,-0.006089798098404388,-0.005181602414479769
2020-09-21,-0.024058377492941752,-0.02365843410635925
2020-09-22,-0.025792143981981867,-0.02319485823725759
2020-09-23,-0.006299663484264492,-0.00594448042287299
2020-09-24,-0.006904074333808515,-0.007130328229036007
2020-09-25,0.01525662838677896,0.014712303471250868
2020-09-28,4.954887065596438e-05,0.0014379961276699688
2020-09-29,-0.0055201184797367,-0.004742429919816158
2020-09-30,0.00040720192779844424,0.0005528097807780746
2020-10-01,-0.0006469820406283935,-0.0009926292229348922
2020-10-05,0.007009377148614102,0.006662791519181144
2020-10-06,0.00033676006266796405,-0.00017475144599139026
2020-10-07,0.0006315813461339262,0.0005806020864780702
2020-10-08,0.007860297964242285,0.007758493697240646
2020-10-09,0.007435100229818666,0.0060561199376191555
2020-10-12,0.005000480301528459,0.004475367781745706
2020-10-13,-0.001862073244764924,-0.0014524615970062198
2020-10-14,-0.01127887217329941,-0.010868161917331894
2020-10-15,-0.006432888658470811,-0.007238045215175564
2020-10-16,-0.0076657118940136005,-0.006192068441579943
2020-10-19,-0.002197121520778513,-0.0006305781587553064
2020-10-20,0.006358118766556757,0.006565241988336288
2020-10-21,0.001464482806983645,0.0019189214350904316
2020-10-22,0.017062896459990005,0.016246868582094454
2020-10-23,0.005578512073386855,0.005073171321399149
2020-10-26,-0.009721446292008874,-0.009094725804630657
2020-10-27,0.02227321194573837,0.020931001143963377
2020-10-28,0.0033463263989876734,0.003152333847780523
2020-10-29,0.006076646746696111,0.006268077691865801
2020-10-30,-0.0007101012553401773,-0.00031824971503443134
2020-11-02,-0.004348495831074073,-0.0051485144666714834
2020-11-03,0.003292977837987199,0.004530692602803164
2020-11-04,-0.0014661565668230483,-0.0006940686481717434
2020-11-05,0.009272366148503346,0.009506546784146145
2020-11-06,0.00010897030241891511,-0.0002998194231652883
2020-11-09,0.0019077874696459569,0.0024179013176404496
2020-11-10,-0.020934719939179253,-0.019608604745353926
2020-11-11,0.007435374002258129,0.007982199834850434
2020-11-12,0.0014927825694640152,0.0014626891177467152
2020-11-13,9.547104709678282e-05,0.0008027083166005135
2020-11-14,0.0059552470652175305,0.006233252464009801
2020-11-17,0.005907947457693848,0.006515490239463234
2020-11-18,0.00019042403973301277,3.5524916348753e-05
2020-11-19,0.01980508900857917,0.01800770196821054
2020-11-20,0.016408766284165148,0.01700162700730955
2020-11-23,0.006268814443481188,0.005973660234035079
2020-11-24,0.0026975622966325446,0.0026104104356900744
2020-11-25,-0.0110057074809869,-0.012026784378377654
2020-11-26,-0.006443943199495611,-0.006526938252859765
2020-11-27,-0.006005690547626874,-0.0045442752204225955
2020-12-01,0.010679759298761695,0.01063383706916579
2020-12-02,-0.00034225459385682586,-0.00010275240799182046
2020-12-03,0.006886875084900282,0.006688017958414297
2020-12-04,0.0023615136138629292,0.002621378847057738
2020-12-07,0.008161495243194122,0.007927415173514177
2020-12-08,0.011263531886655399,0.00992982517428466
2020-12-09,-0.0003439200083793628,0.00044614521988776534
2020-12-10,0.002054825704696092,0.002121312933363812
2020-12-11,0.008263633177944705,0.007898726587327667
2020-12-14,0.0032768680167594463,0.003109233612052398
2020-12-15,-0.004197809486705485,-0.004450765299175772
2020-12-16,0.005552129184587588,0.005873732018604319
2020-12-17,-0.00555693090460934,-0.004795205997912353
2020-12-18,0.003203137063431779,0.003767090750844998
2020-12-21,-0.016867139907182693,-0.016996291431798902
2020-12-22,0.005389271581503811,0.005512159292159178
2020-12-23,0.009586672170856118,0.010101420020846439
2020-12-24,-0.0012998349896219028,-0.0006737324788924906
2020-12-28,0.004121741305008702,0.0032031318986887655
2020-12-29,0.004024617212304729,0.0038401676147485422
2020-12-30,0.006612216122254587,0.005809393777696967
2020-12-31,-0.007930663435352384,-0.007394371179774086
2021-01-01,0.003934251411847246,0.0037844509190137
2021-01-04,0.0011613041567075234,0.0019452251698559096
2021-01-05,0.011177328372632815,0.0110474037514256
2021-01-06,-0.007142718822114311,-0.006290196608798141
2021-01-07,0.0073387211148836845,0.006429603399261942
2021-01-08,0.006195347479553626,0.006920874132029278
2021-01-11,-0.0011720786380333406,-0.0012068819459751406
2021-01-12,-0.002360823063097715,-0.002084573852613154
2021-01-13,0.003087995329928495,0.002338321437493344
2021-01-14,-0.001719289511332396,-0.001707921569811607
2021-01-15,-0.009735571898943621,-0.00983284924202413
2021-01-18,-0.01118833354413719,-0.010183028032111775
2021-01-19,-0.0016247352669422712,-0.0009506311955522962
2021-01-20,-0.008449375023905076,-0.006885821573927154
2021-01-21,-0.008886106017949065,-0.007577939382854006
2021-01-22,-0.008054168550296281,-0.0058322280112999515
2021-01-25,-0.0031819171160223703,-0.0027312234320751223
2021-01-27,0.003738027787017106,0.0038511714629047484
2021-01-28,-0.008328500646427024,-0.007717907505054949
2021-01-29,-0.005750137179530927,-0.00546292716580226
2021-02-01,0.00014148412746579155,0.00011802296095977406
2021-02-02,0.007734326862606698,0.009605585996792109
2021-02-03,0.008306056899925631,0.008266408974713238
2021-02-04,0.018491490615664297,0.017875061831368944
2021-02-05,-0.007845318804795665,-0.007459855488287784
2021-02-08,0.002893167847977772,0.003299044987594326
2021-02-09,0.013680412031948629,0.013428336432831435
2021-02-10,-0.007571843115379162,-0.006495617141749754
2021-02-11,0.0027318835669705843,0.0031507591443850113
2021-02-12,0.01368750146904397,0.01194694628123426
2021-02-15,0.0014812163880411084,0.001771194568314511
2021-02-16,0.012440107044371011,0.01270009064151231
2021-02-17,0.00411577253626921,0.004023404188107649
2021-02-18,0.024796351162279844,0.02318391490912508
2021-02-19,-0.014774316881952161,-0.01418846258679959
2021-02-22,-0.006799123312086786,-0.0073734338914281435
2021-02-23,-0.0022891164632965946,-0.0015951766240172173
2021-02-24,-0.004020737929446353,-0.0025685695200097377
2021-02-25,0.005739084649557294,0.005332807783679306
2021-02-26,0.0023689803675716963,0.0018099349447327016
2021-03-01,0.0004220678404416341,0.0018688113326651324
2021-03-02,0.007783764933592748,0.009032273660069
2021-03-03,0.0014212381601309775,0.0015126309163967235
2021-03-04,0.0022305288298765935,0.0023714330769134297
2021-03-05,-0.0017663434968047671,-0.003249559413491479
2021-03-08,0.006391300646942534,0.006675028225201626
2021-03-09,0.011565676423276331,0.010051611035329219
2021-03-10,-0.003538319745209904,-0.0021860478619226405
2021-03-12,0.004259094872603743,0.004307225701893943
2021-03-15,0.0002505159040686191,-0.00015636251079774092
2021-03-16,0.009325153994255755,0.009195836477583146
2021-03-17,-0.020216517281112595,-0.019897001051898445
2021-03-18,-0.012139656758536833,-0.012532902452655054
2021-03-19,0.017097425965595704,0.015362566799093749
2021-03-22,0.00030542844027246703,0.0003557881330942733
2021-03-23,0.00031134789810624195,0.0009858363793263205
2021-03-24,-0.0017084611578635513,-0.0023068429745530233
2021-03-25,-0.015017495806248525,-0.014351909158383469
2021-03-26,0.015236001682995793,0.015534732519715046
2021-03-30,0.034299507136020875,0.033624889769326045
2021-03-31,0.00602439023277371,0.005306430994373879
2021-04-01,-0.009720368883149727,-0.009386541241903265
2021-04-05,-0.016437713698207932,-0.01570115344783359
2021-04-06,0.0015359159303831847,0.0010115615757191338
2021-04-07,0.002475863843211772,0.0031135538527346392
2021-04-08,0.001525724450912046,0.0015698324931403486
2021-04-09,0.007732695383739691,0.008849639747664484
2021-04-12,-0.017200440846592155,-0.017633693646260017
2021-04-13,0.004359116573923116,0.0039716949827591245
2021-04-15,0.004621267168114691,0.004714354281481347
2021-04-16,0.00849497620989333,0.009152297187244324
2021-04-19,-0.003127974359746221,-0.0035186070646532628
2021-04-20,-0.001911063540444686,-0.0028096286590157653
2021-04-22,0.0009345787234679273,0.00034418714424510314
2021-04-23,-0.0049556397349771715,-0.0038929329250298153
2021-04-26,0.017675205713700064,0.01780919724359872
2021-04-27,-0.0056428515171559465,-0.005010426730748916
2021-04-28,0.001239784536480163,0.0020595611921904906
2021-04-29,-0.005278485936805415,-0.005521567460072654
2021-04-30,-0.0019024201791049424,-0.0016133429358209587
2021-05-03,0.009334733423902336,0.010469222255527188
2021-05-04,0.0015501956293152471,0.0018035321062054195
2021-05-05,0.0087575404842111,0.009655958710950804
2021-05-06,0.003387847821942472,0.004247676213243836
2021-05-07,0.0010819245863876036,0.0011078357426649208
2021-05-10,-2.1514995110227006e-06,0.0006940798729401371
2021-05-11,0.007442283173356771,0.007973577557152417
2021-05-12,0.0010727188997416367,0.0016755604930064724
2021-05-14,0.0024371171872395567,0.001454073135616447
2021-05-17,-0.00044846146072574937,-0.0005458973958557781
2021-05-18,0.004959118412609503,0.005471453221920129
2021-05-19,0.006004216534561073,0.005783847037762852
2021-05-20,-0.0017768783064521976,-0.0025646771361040425
2021-05-21,-0.001598090271167132,-0.0013877920996972016
2021-05-24,0.011625724788233375,0.012382180042921924
2021-05-25,-0.002791942301430964,-0.002044343570281974
2021-05-26,-0.00010999269562968612,0.0004427531277866961
2021-05-27,0.008879379265738199,0.00980041780370982
2021-05-28,0.004924344200937329,0.003822497786338066
2021-05-31,0.0012291542950613689,0.0015095098628048493
2021-06-01,0.002952121777149348,0.00366957343326111
2021-06-02,0.005363050331012321,0.005369871024804831
2021-06-03,0.01137121407758313,0.011552313055675638
2021-06-04,0.008297765260007672,0.007135744497506867
2021-06-07,0.004230731643504389,0.004673116327769993
2021-06-08,0.003899027556713547,0.0033011031504385484
2021-06-09,0.005048840968260185,0.005093700870186085
2021-06-10,0.0003158036060410351,0.0003834381491633663
2021-06-11,-0.0008040022776398438,-0.00015492013299231097
2021-06-14,-0.0004755305077914735,-0.0003686821353977701
2021-06-15,0.006518515116316416,0.006278272787195588
2021-06-16,0.0012124403743840203,0.0016208202261049783
2021-06-17,-0.004086311460691855,-0.0029223546570842592
2021-06-18,-0.0036554151850908545,-0.0026507234602976782
2021-06-21,0.007368175882819434,0.007627529913526744
2021-06-22,0.008304816412099653,0.007943706059444907
2021-06-23,-0.012753671141950517,-0.011327130613953042
2021-06-24,0.0037422495722116145,0.002950132269469706
2021-06-25,0.0033980758960879217,0.0031740976609796745
2021-06-28,0.0010716406961654742,0.0009241566968930305
2021-06-29,-0.00031039061892098284,0.000835680351661722
2021-06-30,0.007667369121285099,0.007789224258158141
2021-07-01,0.0014753871309927278,0.002448563790384906
2021-07-02,0.004691731838362069,0.0042383902696125205
2021-07-05,-0.0035301119623493554,-0.002659015483825709
2021-07-06,0.0013001346849734598,9.169907918605037e-05
2021-07-07,-0.003891901831862952,-0.0033719729048562967
2021-07-08,0.0040768297325489995,0.0035564154901985066
2021-07-09,-0.0026062505768419653,-0.002735783554296394
2021-07-12,0.0008855515909311077,0.0009773544006409305
2021-07-13,0.004609344049726128,0.004183608665660371
2021-07-14,0.003363823400672047,0.0039733275341742955
2021-07-15,0.0057843906630437175,0.005848618951768287
2021-07-16,0.002604211912076301,0.003094023504387898
2021-07-19,0.008474238709454495,0.008481306921083483
2021-07-20,-0.011176249660959266,-0.010298789635396648
2021-07-22,0.02115028768589353,0.020462603258830106
2021-07-23,0.014049379359546192,0.012548923665625992
2021-07-26,0.0019493373567627723,0.0009324440688944334
2021-07-27,-0.009993374549895467,-0.008192754178141593
2021-07-28,-0.003583206174433435,-0.0048523335994021585
2021-07-29,-0.0062925583088798975,-0.006121652691289635
2021-07-30,0.007662656317787455,0.007744204842639124
2021-08-02,0.00495788160717709,0.0045460134198385274
2021-08-03,0.010671329416671097,0.01095733967964608
2021-08-04,-0.0005461254310133033,0.0003512675264504513
2021-08-05,-0.0009177304606324774,-0.00130921041302395
2021-08-06,-0.010451354298548545,-0.009577162835886449
2021-08-09,-0.0018893704361203827,-0.001602976985056305
2021-08-10,-0.002387539785494636,-0.0023595983993310735
2021-08-11,-0.013831868420030702,-0.013322512269671028
2021-08-12,-0.00021982091388451789,0.0012357215373812358
2021-08-13,0.017740582644322354,0.01591565868988569
2021-08-16,0.007663674326816562,0.007278239704271108
2021-08-17,0.012761814006667663,0.01290425867220792
2021-08-18,0.004699862472931451,0.004188534132733497
2021-08-20,-0.0085585649780528,-0.008290411650596026
2021-08-23,-0.0056365346114110575,-0.0060823995341144615
2021-08-24,-0.0010165251066662601,-4.3810722744532275e-05
2021-08-25,0.002447893285863601,0.0034844632853032464
2021-08-26,-0.005327435761079313,-0.005037683986357682
2021-08-27,0.010807700337347743,0.010544692380643253
2021-08-30,0.01075739022420621,0.010214132523481485
2021-08-31,0.01142718994290972,0.011728231659816886
2021-09-01,-0.003343720600772431,-0.003570768863795675
2021-09-02,0.011371116221745137,0.011957352458816791
2021-09-03,0.00844010710454713,0.00802828912571365
2021-09-06,0.005426330580693979,0.0056958886903062545
2021-09-07,0.006636268553834075,0.0064051690641313925
2021-09-08,-0.0008096481506845912,-0.0004970113063291373
2021-09-09,0.007870978678594293,0.008022300414967059
2021-09-13,-0.002040602042338496,-0.00164717743976915
2021-09-14,-0.0044690857126653185,-0.004096212674591128
2021-09-15,0.006360321369433554,0.006756433000917267
2021-09-16,0.0034465612418878256,0.0033467808687887516
2021-09-17,-0.0016403021602866817,-0.0010432081088617288
2021-09-20,-0.007043890952240796,-0.006529640766531229
2021-09-21,-0.008061284288001411,-0.007331664415054393
2021-09-22,-0.00016876104935413267,0.00021519727576330616
2021-09-23,-0.005553580321229353,-0.00514929080593969
2021-09-24,-0.0010306118833674667,-0.0006879234674372045
2021-09-27,-0.002167695385809033,-0.003250662175559222
2021-09-28,0.005334706378124504,0.004590900699656593
2021-09-29,0.0016347537324042883,0.001833109684389321
2021-09-30,0.012709731616742319,0.01143704418609916
2021-10-01,0.011948727316424244,0.011052448778061372
2021-10-04,0.0010052352608998288,0.0008982646024501018
2021-10-05,0.002665577345579631,0.003384677557719373
2021-10-06,-0.009434984615322422,-0.008860952295467074
2021-10-07,0.00723854444900541,0.007294553351826706
2021-10-08,0.007786161748877777,0.007553324101196363
2021-10-11,0.007080295811939625,0.007165792678631346
2021-10-12,0.0078119154862903144,0.008328210637302524
2021-10-13,-0.014027622186357452,-0.012745486340771772
2021-10-14,0.006869391035839768,0.005943620365107573
2021-10-18,-0.0014594464765841902,-0.002063767643657116
2021-10-19,-0.011334212486585492,-0.010353904656637733
2021-10-20,-0.010088861396037437,-0.010682889184372825
2021-10-21,-0.007634336990551503,-0.007986515359482525
2021-10-22,-0.012992892309301068,-0.01146496668266712
2021-10-25,-0.0041072007624383825,-0.003134266915155921
2021-10-26,-0.0026975129908491185,-0.002751608686765282
2021-10-27,0.017928321165950438,0.018191588948256582
2021-10-28,-0.002234996394957162,-0.002253569993372168
2021-10-29,0.009172040512344676,0.00815116323608463
2021-11-01,0.007154112351336528,0.008828762737644536
2021-11-02,0.004286497062429592,0.004169901606659099
2021-11-03,0.00682232679337416,0.006289289251924007
2021-11-04,0.004519037659054216,0.0046924649095612895
2021-11-08,0.0036617633134569533,0.004964227756299087
2021-11-09,0.003542229514664757,0.0038517084049498503
2021-11-10,-0.002844048170536696,-0.002475461110105943
2021-11-11,-0.0010199179000556632,-0.0006468926533187292
2021-11-12,-0.005526249648339681,-0.0052884280101437664
2021-11-15,-0.003453850633753488,-0.0022909283021871917
2021-11-16,-0.003750550966853301,-0.0032947267985486374
2021-11-17,-0.004476525948853504,-0.004130052302414936
2021-11-18,-0.001610200443253171,-0.0026782931235168634
2021-11-22,-0.011976128657050143,-0.01278778358394042
2021-11-23,0.009877254046474831,0.009739810218687993
2021-11-24,-0.005721943245871804,-0.0049186546813094895
2021-11-25,-0.0019184451366192244,-0.0013766207829080444
2021-11-26,-0.002128298616036124,-0.003006776654501285
2021-11-29,-0.0007973840730405804,-0.00039095144107098535
2021-11-30,-0.002290583654715947,-0.0007862980224451387
2021-12-01,-0.014479546895704047,-0.013782518103019522
2021-12-02,0.008495774309891294,0.008758977767731668
2021-12-03,-0.007840235407250309,-0.008127784724676667
2021-12-06,-0.008767780860743748,-0.009784197196583116
2021-12-07,0.005803985748213048,0.0064591519297314895
2021-12-08,0.0006446752130447207,0.0008228009380442001
2021-12-09,2.8409731910625838e-05,0.00045186484603979964
2021-12-10,-0.00037171535725314677,0.0003623291956405346
2021-12-13,0.005419423765620303,0.005422681151982925
2021-12-14,0.007334148018239337,0.00737711306454292
2021-12-15,0.005058696252392436,0.004867108795756275
2021-12-16,-0.00302279139351017,-0.002090661885105269
2021-12-17,-0.0022489621970387705,-0.002845501045549116
2021-12-20,-0.0101705010625999,-0.010436735247517771
2021-12-21,0.009107982691765834,0.010210051018736161
2021-12-22,0.006663924034694206,0.007045006498188876
2021-12-23,0.007759456459526735,0.006879469015391008
2021-12-24,-0.004783556528707372,-0.00408297822243163
2021-12-27,0.005840763065154707,0.006842171270279883
2021-12-28,0.004189818086424011,0.004965410765334909
2021-12-29,0.005451755011956947,0.004891219916029987
2021-12-30,0.0037253872439372967,0.0033998751940960354
2021-12-31,0.006787414792172845,0.007082661131565778
2022-01-03,0.00581350357574222,0.006543157344272385
2022-01-04,0.004765640441262324,0.005079336898197
2022-01-05,-0.0027253081126674458,-0.00281793724851958
2022-01-06,-0.002960566388285595,-0.0027260346806519727
2022-01-07,-0.004570006423503064,-0.003940764570087214
2022-01-10,0.0010136791158392759,0.001058154317183322
2022-01-11,0.0031710271253253676,0.0034693028319889925
2022-01-12,-0.00202862495817683,-0.0014381580132613945
2022-01-13,0.0022305243630340466,0.0014333529551453423
2022-01-14,0.0005848016960039767,0.0007884211269379742
2022-01-17,0.0036624530670291873,0.0035662004373039685
2022-01-18,-0.0053596644863929295,-0.005702886927619611
2022-01-19,-0.007220154266559204,-0.007422626906448804
2022-01-20,-0.010532294079479657,-0.009578174143035266
2022-01-21,-0.0032704988495167115,-0.0046824872279496695
2022-01-24,-0.01604284433551194,-0.016873095653629974
2022-01-25,0.009164554863215095,0.008926189893365147
2022-01-27,-0.015142577161521443,-0.01498590694694455
2022-01-28,0.003466412844060741,0.0034542156861053492
2022-01-31,0.005141433840539212,0.005888559910089826
2022-02-01,-0.0008163441418394708,-0.0004636222165560642
2022-02-02,0.0064867288259689,0.007107543919393675
2022-02-03,-0.0006374702749970163,-0.00025691800830678806
2022-02-04,-0.0007542482095172437,-0.0013154766233326894
2022-02-07,-0.013052442042786511,-0.012614350068792636
2022-02-08,-0.002935025618049015,-0.003742175967895177
2022-02-09,0.007389326569861335,0.0072086186462735746
2022-02-10,-0.007247559436871041,-0.006242933544522951
2022-02-11,-0.0030378198435278966,-0.0033846681314418075
2022-02-14,-0.00849037699434422,-0.009894220594034206
2022-02-15,0.002616734259802805,0.003875238104064568
2022-02-16,0.0015672386310702515,0.00270928761699071
2022-02-17,0.009407386694121066,0.008714032147731516
2022-02-18,-0.005955213335165958,-0.005404695315622431
2022-02-21,0.0006212584063885359,-0.0002932814777192468
2022-02-22,0.00037545272229388385,-0.0009850942637911137
2022-02-23,-0.0032462868242364275,-0.0024930356677610017
2022-02-24,-0.009776482207856325,-0.012688990522278447
2022-02-25,0.004321988972792751,0.005370567027405881
2022-02-28,0.014730710040809104,0.014296286501807674
2022-03-02,-0.0026667520980247126,-0.0046909666420189
2022-03-03,0.0007500863711234243,0.000116469828467869
2022-03-04,-0.016213448455318972,-0.015802345644128
2022-03-07,-0.020420761623029412,-0.019495805434311588
2022-03-08,0.00873083774764489,0.008481218680003184
2022-03-09,-0.00036362345618217134,0.001410532138157546
2022-03-10,0.005696326630627288,0.005764365691220261
2022-03-11,0.004211564411377162,0.004187021871998438
2022-03-14,-3.796602327511665e-05,0.0009587916790387157
2022-03-15,0.004213622168532344,0.003711678983501429
2022-03-16,0.0005177980170489333,0.0018565107025458553
2022-03-17,-0.010304006753703252,-0.009205610331281743
2022-03-21,0.003646253673501073,0.002839362164012646
2022-03-22,-0.006382631343763133,-0.005346505491647677
2022-03-23,-0.008656214434913911,-0.008325770441108575
2022-03-24,0.00214155141729513,0.0021383748871489413
2022-03-25,-0.009349705195886113,-0.00900892973228484
2022-03-28,0.0033659562386956655,0.003171435140979597
2022-03-29,0.006616300863687279,0.006402398619674976
2022-03-30,0.017780495035201918,0.01664854649514517
2022-03-31,0.00495800559061012,0.004913603681869536
2022-04-01,-0.0023572367201774146,-0.0021599409526946714
2022-04-04,0.005727359749977519,0.0058624734374444175
2022-04-05,0.02193268882385096,0.020576441165336554
2022-04-06,-0.003625745319763064,-0.003470206073289356
2022-04-07,0.005657132235573446,0.00507151061855574
2022-04-08,-0.0012420128809109165,-0.00014550171133856761
2022-04-11,-0.0017428246030749674,-0.0018297326143337283
2022-04-12,-0.001614508955144818,-0.003137044972041055
2022-04-13,-0.004497127365871476,-0.00465403321591036
2022-04-18,-0.006209053965959563,-0.006748790979048583
2022-04-19,-0.011935398267513183,-0.011066064091379349
2022-04-20,0.008094843217769859,0.008156182943613803
2022-04-21,0.0068891055664342445,0.006898503077012017
2022-04-22,-0.0049201580168909305,-0.003964629605798735
2022-04-25,-0.003602071312394593,-0.005178235057569337
2022-04-26,0.007067010728538328,0.007647331851913406
2022-04-27,0.0011331697510651498,0.00017378579344100276
2022-04-28,0.017613576412847554,0.017315064307333566
2022-04-29,-0.0027183659869900534,-0.0034121646340376623
2022-05-02,0.0007144624352049764,-5.459020058760401e-08
2022-05-04,-0.015126704109070693,-0.015179204783949551
2022-05-05,-0.0011092367868690148,-0.0006566873283459457
2022-05-06,-0.0031427516688100573,-0.0035884685098078344
2022-05-09,-0.0063219226576961395,-0.006333046226703819
2022-05-10,-0.014818137898224764,-0.013858419925767095
2022-05-11,-0.011893075582374488,-0.011467877237220113
2022-05-12,0.0031234682263122137,0.0025393283726008143
2022-05-13,0.008633016022936327,0.007148863774049208
2022-05-16,-9.525663148756368e-05,0.0009487237639585063
2022-05-17,0.009879665504569764,0.011134936438339422
2022-05-18,0.016616779324606975,0.01593686425958348
2022-05-19,-0.00929110159196861,-0.010607022844090451
2022-05-20,0.015376716950361734,0.01396493651412156
2022-05-23,-0.0027733544146607667,-0.002158683447399239
2022-05-24,0.005190199176075751,0.004243398432606588
2022-05-25,-0.01361688097169832,-0.014697479591966735
2022-05-26,0.004397408375424664,0.0036825700618958704
2022-05-27,0.01127844837519439,0.011885182088176143
2022-05-30,0.007581792466060009,0.00766548446612884
2022-05-31,-0.00019158850749668391,-0.0016299285388335159
2022-06-01,0.00996517471594118,0.009426423672624872
2022-06-02,0.008369626917946906,0.007791509979007915
2022-06-03,-0.015467312477405144,-0.014776117938363259
2022-06-06,0.0012388135441812609,0.0007485316044878446
2022-06-07,-0.009963221379722106,-0.009416173385690747
2022-06-08,-0.004128218753748022,-0.004567600026016874
2022-06-09,0.007964569831885183,0.00805871486554833
2022-06-10,-0.0025702564905858817,-0.0025748573402986424
2022-06-13,-0.005311751840522835,-0.005853852983240775
2022-06-14,-0.0006491662854616195,-0.0011016086954797305
2022-06-15,-0.004003080800942476,-0.004133690127329529
2022-06-16,-0.00875327333424147,-0.009496586035331381
2022-06-17,-0.014423773324111634,-0.015708046793348994
2022-06-20,0.01184861552611802,0.011911645460530957
2022-06-21,-0.000761938920434916,9.127148462245477e-05
2022-06-22,-0.003615561904744479,-0.0034843172518744547
2022-06-23,0.010490521957105727,0.010273101249892362
2022-06-24,0.0042529436503301096,0.004504302784066737
2022-06-27,0.008529814227087495,0.008340525920539578
2022-06-28,0.0046899653925885935,0.004467495734817814
2022-06-29,0.005480010380334698,0.004969760043287886
2022-06-30,0.011765903457355578,0.010605135227603231
2022-07-01,0.002236958969796664,0.0025765741782452444
2022-07-04,0.004505927532271103,0.004668628640762614
2022-07-05,0.0055668257624406515,0.005693553617567751
2022-07-06,0.005252446556725054,0.00618434141101863
2022-07-07,-0.00587836792458178,-0.005323274015524249
2022-07-08,0.00858433912284901,0.008155586620182426
2022-07-11,-0.005626166919950577,-0.0049771539643283895
2022-07-12,-0.0005521251976496267,-0.001961285938044263
2022-07-13,0.005361252196579091,0.0048246060938881286
2022-07-14,0.009692082122939046,0.0095184216452916
2022-07-15,0.007653574270310324,0.007494370014106772
2022-07-18,0.010114491760104375,0.009618925809726429
2022-07-19,-0.007585385205791402,-0.007207606163414575
2022-07-20,0.005969326865520751,0.005888915565886997
2022-07-21,0.0119781342951079,0.01135230308310958
2022-07-22,-0.0012310773503958687,-0.0004979234588798066
2022-07-25,-0.012033260322624598,-0.011326049963614391
2022-07-26,-0.00653525489494351,-0.006695867872003863
2022-07-27,0.0022041079703509713,0.0022704782939751687
2022-07-28,0.0008443891596237072,0.0005198223528436051
2022-07-29,0.013679958777046508,0.014041878562474103
2022-08-01,0.014529103752237439,0.014048932647611721
2022-08-02,0.004488402759907331,0.005096907554211233
2022-08-03,0.005658262920704894,0.00527778556479226
2022-08-04,0.0031714093473043515,0.003258737500707821
2022-08-05,0.007432442320792764,0.0072658427192859205
2022-08-08,0.009740872972987934,0.009095744205863837
2022-08-10,-0.010590437846053385,-0.010160823177813649
2022-08-11,-0.008663784008821132,-0.007739828772790538
2022-08-12,0.0029853859423364638,0.002465112491593001
2022-08-16,0.0033508425696707395,0.004231235967166844
2022-08-17,0.005324146968962277,0.004801103440345096
2022-08-18,7.805569522800799e-05,0.0003382999750867245
2022-08-19,-0.007042010965733054,-0.006683044410989662
2022-08-22,-0.0017534381887015092,-0.0021715654269045133
2022-08-23,0.0045959758807669875,0.004674672989578502
2022-08-24,0.0002675715520620974,0.0011219782543806663
2022-08-25,-0.004503698217429208,-0.004362133497785777
2022-08-26,-0.0025614267924365746,-0.0019834768263010017
2022-08-29,-0.003926066475996064,-0.004053117836950806
2022-08-30,0.008495541108245313,0.008634640887177093
2022-09-01,-0.006240962423056454,-0.004651465197138714
2022-09-02,-0.0048802256106212855,-0.004454977650816194
2022-09-05,0.011849300537960987,0.010294947537387068
2022-09-06,0.0013231907245900053,0.0012391603361645055
2022-09-07,0.002112792969552755,0.0028257343473270086
2022-09-08,0.005174683272562121,0.005515787664425207
2022-09-09,0.005774102422305171,0.005498238970901585
2022-09-12,-0.00930795581616487,-0.008223485109242673
2022-09-13,0.004037856926951691,0.003579514523461754
2022-09-14,-0.005982869709858847,-0.005675711980419612
2022-09-15,-0.000509797192671981,-0.0009797912338533209
2022-09-16,-0.026191154957825584,-0.02539557102437758
2022-09-19,0.0019829491654191466,0.002122373053079641
2022-09-20,0.01768302380584052,0.01782358810799272
2022-09-21,0.0008068581991361463,0.0005848892340520293
2022-09-22,-0.0024368372903246175,-0.0020160395034681654
2022-09-23,-0.005233024709678676,-0.004759748828390628
2022-09-26,-0.00669348131879775,-0.006684319360381038
2022-09-27,-0.0006616376784231276,-0.0005281817811573023
2022-09-28,0.002348462998752838,0.001998215437944992
2022-09-29,0.012670035120038933,0.011590603499937482
2022-09-30,0.014717329824535174,0.014172016245224534
2022-10-03,-0.009894425242784095,-0.008769868358563328
2022-10-04,0.005542134123884463,0.005226833434185681
2022-10-06,-0.006408065817348827,-0.006170328110593389
2022-10-07,-0.002550309248254683,-0.0028769530470866
2022-10-10,-0.0024394388713695776,-0.00263678380509927
2022-10-11,-0.008647382923561589,-0.00834671352690828
2022-10-12,0.010942944629282551,0.010219822124601574
2022-10-13,-0.002064971911897983,-0.00192824464168134
2022-10-14,-0.0056919296034480885,-0.005167948429223727
2022-10-17,0.010678735123552541,0.009906439813899019
2022-10-18,0.003828230877771849,0.003868474796468338
2022-10-19,-0.0035957655784613816,-0.002891281126634397
2022-10-20,-0.00021621803797185982,-0.0002597445255228569
2022-10-21,-0.00039132525213943985,-0.0005942016250234656
2022-10-24,0.0014538453628192727,0.0019409867033780897
2022-10-25,0.0013241351910468703,0.0011719440855171217
2022-10-27,-1.2944340587990513e-05,-9.494480076985203e-05
2022-10-28,-0.00021920749076278752,-0.0014615196572962549
2022-10-31,0.01168114018363658,0.011786064923934077
2022-11-01,0.007708070659070104,0.007694795217708628
2022-11-02,-0.011342236549413109,-0.00999649761067559
2022-11-03,0.002815797455222585,0.001980240206910504
2022-11-04,-0.003926754589979857,-0.0038539453210780636
2022-11-07,-0.00578010501931229,-0.005747485704868048
2022-11-09,-0.0062016686375976696,-0.005741248061341292
2022-11-10,0.0130924477816463,0.012088471638681849
2022-11-11,-0.005540019074798729,-0.005664667028703022
2022-11-14,-0.007717764989257863,-0.007658849450063087
2022-11-15,0.0015962892624597688,0.002101534019373337
2022-11-16,0.007226207564923801,0.006593920356910797
2022-11-17,0.004889945016678949,0.004028518320247768
2022-11-18,0.003301328236681318,0.00318417581784838
2022-11-21,-0.002065045106608349,-0.0010294732958402533
2022-11-22,-8.875359610971303e-05,0.0008520659205309064
2022-11-23,-0.0035717180583136458,-0.0037958979556717773
2022-11-24,0.007091449180847061,0.007254793276791743
2022-11-25,-0.0012172972183647473,-0.0009706471681703337
2022-11-28,0.007199316904602005,0.007297129338183738
2022-11-29,-0.000519984424328795,-0.0007084330008175729
2022-11-30,0.007336973836761576,0.007025845485078728
2022-12-01,0.005990840013599947,0.005746450526228981
2022-12-02,-0.0017150650879789431,-0.0015246171637777579
2022-12-05,-0.004954598857270119,-0.005144602612002417
2022-12-06,-0.0010286856989289452,-0.001184675738415288
2022-12-07,0.01209758704995908,0.011483619630273561
2022-12-08,0.0014558572356796683,0.001093027831089186
2022-12-09,0.0068000337191076385,0.006058896085881325
2022-12-12,-0.007356211937728771,-0.00665425477693887
2022-12-13,0.0032692586823874223,0.0032922607179298883
2022-12-14,-0.001976543209723766,-0.0009828018518623378
2022-12-15,-0.008917415613786688,-0.008354742062299952
2022-12-16,-0.002170764810470747,-0.0022822229849311666
2022-12-19,0.010859142444996653,0.009947816791545903
2022-12-20,-0.002058785221268067,-0.0024915454374298566
2022-12-21,-0.009355846149850041,-0.008574092898350037
2022-12-22,0.005580739620493659,0.005019035919814907
2022-12-23,-0.0034070423534232185,-0.004426257163502317
2022-12-26,-0.011535195358410969,-0.00964173498621797
2022-12-27,-0.0022742511742611824,-0.0016564676810254724
2022-12-28,-0.001883139218254792,-0.0015282878822674385
2022-12-29,-0.002497978455906932,-0.002512027621569606
2022-12-30,-0.002817128526257801,-0.002808756233219227
2023-01-02,-0.009833610345120215,-0.009598123307479412
2023-01-03,0.004381679317744923,0.004297962227700362
2023-01-04,0.0005495613281850992,0.00042170313880880977
2023-01-05,0.012482536256576778,0.011857631717147425
2023-01-06,0.005913553358089791,0.005661166290071143
2023-01-09,0.004173464052810105,0.004575236824272594
2023-01-10,-0.0066706613185416146,-0.006036403823854792
2023-01-11,-0.008667892953090305,-0.008234483145862424
2023-01-12,0.0007345159285590538,0.00122977528239392
2023-01-13,0.0005313037209092604,0.00013019140300669669
2023-01-16,-0.0036710995333505145,-0.002959650169425331
2023-01-17,-0.00019810462575306368,0.0002042515513555976
2023-01-18,-0.00013764469619501985,-0.00010475069511781465
2023-01-19,-0.0030808355543588974,-0.0029482129572683067
2023-01-20,-0.005390685275421053,-0.005972193258967221
2023-01-23,-0.006292370116671248,-0.006329403140916161
2023-01-24,-0.0020481582129852575,-0.0018875299662751903
2023-01-25,-0.0008451211799359604,-0.000715306878806226
2023-01-27,0.0012168869981858065,0.0006659859432073655
2023-01-30,0.00996813879983762,0.009008155719492109
2023-01-31,0.0073981552186829815,0.007510678641821042
2023-02-01,0.005368260255330084,0.00572745924883268
2023-02-02,0.0032495449187503822,0.003042709591429517
2023-02-03,0.004183651531664778,0.004576737770391961
2023-02-06,0.009193454230613555,0.008605559482401418
2023-02-07,0.01165714118564306,0.010979580025127
2023-02-08,-0.002937468746985788,-0.002299689209966678
2023-02-09,-0.006300713463125067,-0.006199996094173117
2023-02-10,0.0015916672779422243,0.0020600267015105176
2023-02-13,-0.008863345113469047,-0.008199542572295566
2023-02-14,-0.00299018747004313,-0.00322899056077201
2023-02-15,0.0059877669994903284,0.005942737708430924
2023-02-16,0.004173942577007688,0.004275441177159627
2023-02-17,0.0020754798180942086,0.002484826087630371
2023-02-20,-0.0069089117849112525,-0.00642583577346033
2023-02-21,0.007982313947873269,0.0076199472058153936
2023-02-22,-0.0017442141626484932,-0.0015411658860231413
2023-02-23,-0.0013166479094011488,-0.0014241405275739307
2023-02-24,0.004146064195349867,0.0036521525549682277
2023-02-27,-0.0008705767147513125,-0.0006350424423178687
2023-02-28,-0.002638600301943634,-0.002429504456240236
2023-03-01,0.0015927288389448618,0.0015316000997730086
2023-03-02,-0.0025078585696001283,-0.002452256624621338
2023-03-03,0.0006041026911671017,0.0002987009905100186
2023-03-06,0.008986749016628806,0.008310657239596016
2023-03-08,-0.01197783883958096,-0.010442847572526722
2023-03-09,-0.008496791519236553,-0.008438378668120663
2023-03-10,-0.0035604844520708673,-0.002920372219169082
2023-03-13,-0.01605017298062576,-0.015137545125130415
2023-03-14,-0.010860759097819172,-0.010850701122666478
2023-03-15,-0.003506407464691266,-0.002720478687839787
2023-03-16,-0.0044958713573040624,-0.00428684850565316
2023-03-17,-0.009435528898214106,-0.008741817652429646
2023-03-20,0.0013814891075198568,0.0018417369785320588
2023-03-21,0.003356261763629222,0.0036471294557484917
2023-03-22,0.0009968376692488829,0.0010986132171581632
2023-03-23,-0.006049208048430059,-0.00575810678125965
2023-03-24,-0.004061184137689296,-0.0034243392900410764
2023-03-27,-0.003369337686649935,-0.0030915532447624424
2023-03-28,0.0008858571122706793,0.0007848160310504845
2023-03-29,0.006214838203208002,0.006423522806069489
2023-03-31,0.015976853996368223,0.015291657629497038
2023-04-03,0.009420875963396828,0.008284918799710595
2023-04-05,0.0033807178675931814,0.0026587050800597426
2023-04-06,-0.0019717240410466958,-0.0016107380056561266
2023-04-10,-0.0013296833047195156,-0.0008412378246565674
2023-04-11,-0.009175938357247048,-0.00870628510854644
2023-04-12,-0.0026732804391183347,-0.0027303052462523225
2023-04-13,-0.004767852224389887,-0.004603497161487655
2023-04-17,-0.0069800744480355646,-0.006628830191423832
2023-04-18,-0.0010667479997965505,-0.0011129474493315398
2023-04-19,-0.0072587644477461405,-0.007352265201652947
2023-04-20,-0.0010864127049037202,-0.0007130451452438556
2023-04-21,0.00269422845520994,0.002864809940367046
2023-04-24,0.0012355429741618164,0.0014039888578036444
2023-04-25,0.005176098111419917,0.004555207473269896
2023-04-26,0.006668215491880971,0.006675507764385599
2023-04-27,0.0015898366422230827,0.001362037977318971
2023-04-28,0.008817191596922036,0.008475329516058235
2023-05-02,-0.00022395463913341867,-0.00011088914057471623
2023-05-03,0.00956575037048086,0.008783568034591604
2023-05-04,0.005649054019822893,0.005342252860214868
2023-05-05,0.00917780399183986,0.00818983828206308
2023-05-08,0.005296663182587025,0.0054364054482877655
2023-05-09,-0.006215189827355902,-0.005592184595286031
2023-05-10,0.003931619957063004,0.004667542776121791
2023-05-11,0.011834350818913212,0.011714038665150322
2023-05-12,-0.007405904007155863,-0.006774968391150907
2023-05-15,0.001507685022254733,0.0012190882453882103
2023-05-16,-0.0030010081354594287,-0.0029620909651796815
2023-05-17,-0.0017718609982976044,-0.0018054494863536943
2023-05-18,0.0020465333462642782,0.0018608439384072417
2023-05-19,-0.002879161117578438,-0.002667741948955275
2023-05-22,0.00553588382287673,0.005764496734583912
2023-05-23,0.007030987126774822,0.006874136473559439
2023-05-24,0.0007173451920014589,0.0006104194645378258
2023-05-25,0.003363027766656418,0.0030747462012738432
2023-05-26,0.012865123851996747,0.013148975187356787
2023-05-29,0.006385753991633291,0.005916751851457067
2023-05-30,0.003314276893252127,0.003231449038370441
2023-05-31,-0.0052482716831238774,-0.004631276343171734
2023-06-01,-0.002709685397948331,-0.002451899511366128
2023-06-02,-0.003734834162625814,-0.0033202870306467906
2023-06-05,0.0017423021007509573,0.002043006514682264
2023-06-06,0.000250196355423999,0.00038638066163254126
2023-06-07,0.017619438336570113,0.01700515290773322
2023-06-08,-0.0006153118435806128,-0.0011349399351420289
2023-06-09,-0.0013252867480059482,-0.001393321945056203
2023-06-12,0.007054257779748459,0.00692451546956754
2023-06-13,0.0129531624979049,0.01255251887405373
2023-06-14,0.001416051943518499,0.0012091051275578903
2023-06-15,0.002839072177993496,0.002899555721897146
2023-06-16,0.01138843920325896,0.011269321224313901
2023-06-19,0.0034954406791976008,0.0031955639379657188
2023-06-20,0.001403484494709764,0.001238795936303043
2023-06-21,-0.00014198173289191787,0.00028126727461477615
2023-06-22,-0.0009727301846415077,-0.0011772317334579744
2023-06-23,-0.0007420292239625444,-0.0009277045383891489
2023-06-26,0.01017108498814403,0.0098753946186587
2023-06-27,0.00241157393297085,0.0018154241262242135
2023-06-28,0.008989468879616951,0.008365718294975986
2023-06-30,0.0071067124035056484,0.007050546908509088
2023-07-03,-0.0003051259730503558,-0.0007331424456490849
2023-07-04,0.0026739114768747343,0.00305114783047003
2023-07-05,0.0026781611572260534,0.0030939951960723758
2023-07-06,-0.0024265112312620383,-0.00163607715589664
2023-07-07,-0.007199893042996905,-0.007624218945819415
2023-07-10,-0.001447145269544128,-0.0013690005284632603
2023-07-11,0.010411839805259695,0.010234756231551562
2023-07-12,0.0067946445223513435,0.006505746963453681
2023-07-13,-0.0016366412095500066,-0.0017157598262856112
2023-07-14,0.005218136229898922,0.005162735954337828
2023-07-17,0.0019003218768509297,0.0018388566833564557
2023-07-18,0.002908733646912762,0.0027055818315376676
2023-07-19,0.0003706006778521456,0.0007728188500705036
2023-07-20,0.0010758448888498879,0.0010422330742747964
2023-07-21,0.004798155575453341,0.004490719204659595
2023-07-24,-0.004397500410994817,-0.004347175858861592
2023-07-25,0.0021540609004543736,0.0020840653912560154
2023-07-26,0.003249327393020281,0.003048589000428031
2023-07-27,0.01016316478065545,0.009379872023490903
2023-07-28,0.004621274490247688,0.00425324128275796
2023-07-31,0.0025240150082557773,0.0031064057995507147
2023-08-01,0.0016981341655518522,0.0018628378298354133
2023-08-02,-0.012806337206534825,-0.012912114279790571
2023-08-03,0.000418137352893275,-0.0003182148426868419
2023-08-04,0.004686871898229581,0.004418284748176999
2023-08-07,0.0017619034068072376,0.002109762719033997
2023-08-08,-0.0027294137874966933,-0.001524938238465332
2023-08-09,0.003664221007396825,0.003323485499063977
2023-08-10,0.0011055315939160445,-0.00012808887650557385
2023-08-11,0.004718768566424118,0.005075653856126342
2023-08-14,-0.0022266181851634858,-0.0022043562497185906
2023-08-16,0.004209873929618933,0.0038833147632201842
2023-08-17,-8.990423752592463e-05,0.0001365785058133903
2023-08-18,0.004283915732705257,0.004001981849917082
2023-08-21,0.0019575977228165494,0.0020558386357467165
2023-08-22,-0.004937391933041889,-0.004131311162828069
2023-08-23,0.005919908150022579,0.005809892165165952
2023-08-24,-0.008265533121908126,-0.008141048452084956
2023-08-25,0.0012660551033543783,0.0012171370631854934
2023-08-28,-0.0009683901622840515,-0.0007008880407173379
2023-08-29,-0.00011069675265630574,0.00024670907251521227
2023-08-30,0.0005512498852172957,0.0005445686489863673
2023-08-31,-0.0014267517704272977,-0.0017017117078597633
2023-09-01,-0.00020832649752474574,0.00011593553366993223
2023-09-04,-0.001785100625570777,-0.0013222013572817192
2023-09-05,0.016840762653556128,0.015623053216812626
2023-09-06,0.010026789739642014,0.009686779358249261
2023-09-07,0.01066561606808206,0.010355552423917579
2023-09-08,0.0008264160798787459,0.0015623371086220085
2023-09-11,0.005811513373248811,0.005716764169034518
2023-09-12,-0.005926416489975856,-0.0059355433441892055
2023-09-13,-0.00015928519404745817,-3.988052648396743e-05
2023-09-14,0.002175489780879906,0.0022529103536340633
2023-09-15,-0.0011196244966948036,-0.0008595366441487703
2023-09-18,0.0045508106721092465,0.004999991948101837
2023-09-20,-0.010025591799264079,-0.009668445959663258
2023-09-21,-0.004714358300280192,-0.004589205712294495
2023-09-22,-0.005644392548586414,-0.005870776538717601
2023-09-25,-0.006360897403580688,-0.005390649917029277
2023-09-26,0.00017184684033327185,0.00047791071165031285
2023-09-27,0.0022424942289308728,0.0019464840088953663
2023-09-28,-0.009400196754745644,-0.009700090159417321
2023-09-29,0.010512856335529354,0.010662354562855213
2023-10-03,-0.0030918593276206626,-0.0029533296277363236
2023-10-04,-0.009879025126916812,-0.009476475210525786
2023-10-05,0.0014826632348107814,0.0015853139365698474
2023-10-06,0.0010882240515707154,0.001255422685318012
2023-10-09,-0.006345458890503272,-0.0061754477111349276
2023-10-10,0.001075344455379919,0.0012673883293827673
2023-10-11,0.0041130403116276795,0.004692656114815424
2023-10-12,0.005564742262140611,0.005712015533872196
2023-10-13,-0.0026359067040974413,-0.00288355782228987
2023-10-16,-0.0015316291159742342,-0.001715504778272882
2023-10-17,0.004365255888329596,0.004147252575016125
2023-10-18,0.0022842807650080604,0.0021873328807728797
2023-10-19,0.0010186114995972676,0.0007627623449780279
2023-10-20,-0.00346149997946268,-0.003488171365688205
2023-10-23,-0.015198411754179514,-0.015032325290444211
2023-10-25,-0.004679315962460592,-0.004719348236355895
2023-10-26,-0.013925377412742886,-0.014022400529454821
2023-10-27,0.01576691287983621,0.015166779836648124
2023-10-30,0.0028599454828384446,0.0028351028683596857
2023-10-31,-0.006686419574523022,-0.005797760352278185
2023-11-01,-0.007674583374740579,-0.007019482324262851
2023-11-02,0.00439876084694969,0.003873991735923588
2023-11-03,0.00847099536538212,0.008203719454012687
2023-11-06,0.011425511763975597,0.010743265468405415
2023-11-07,0.00821569727316217,0.008014997594081088
2023-11-08,0.002546412407080517,0.002714323567402795
2023-11-09,-0.0008899350644529958,-0.0009706952995640742
2023-11-10,-0.001411971685744948,-0.0010224294874856272
2023-11-13,-0.0026022941303332336,-0.0019442066206478655
2023-11-15,0.00032762410696703277,0.0006554204533564216
2023-11-16,0.006039772036710848,0.005869729824205094
2023-11-17,0.0005422385465549696,0.001356707474735563
2023-11-20,0.01308028975058275,0.011827833170303814
2023-11-21,0.0026520668622253985,0.002670986051324913
2023-11-22,0.000176585483438246,0.0009237420684586699
2023-11-23,0.002187651985481795,0.002286265432298381
2023-11-24,0.007715780527184603,0.0067965568133339154
2023-11-28,-0.005061231991786462,-0.005298379618854142
2023-11-29,0.0019216565939421744,0.0022708264666888318
2023-11-30,0.006275340450113217,0.0071762763049845035
2023-12-01,0.006867195384637106,0.006561314398443744
2023-12-04,0.011529304733774084,0.011428481443061467
2023-12-05,0.003779454428755414,0.0031959705899234554
2023-12-06,-0.007040778440161616,-0.007074336976931229
2023-12-07,-0.0014310285332036357,-0.001602327210751296
2023-12-08,-0.0063297583084522945,-0.00604370420928959
2023-12-11,0.0010829683444679064,0.0009586402954588004
2023-12-12,-0.006701841219569335,-0.006596798718669172
2023-12-13,0.0016548636243301758,0.0022497271621485715
2023-12-14,0.005128543417256858,0.005288761133711209
2023-12-15,0.0006560432958731162,0.00043621259689642037
2023-12-18,0.0010463409025768633,0.0008773861466570534
2023-12-19,0.010700388470669524,0.009990221238955448
2023-12-20,-0.012156940250439369,-0.011609356757582559
2023-12-21,0.0014405742459348825,0.0014860233151275015
2023-12-22,0.013696203604663592,0.013160066097556095
2023-12-26,0.010199172458719303,0.009998780168321621
2023-12-27,-0.003265248212151492,-0.0026294675609080556
2023-12-28,0.012921669748629188,0.012451908874404954
2023-12-29,0.0019106005293952233,0.0021875892693895417
2024-01-01,-0.001449800371237374,-0.0011205796739568012
2024-01-02,0.00823747757365442,0.007924888800293172
2024-01-03,-0.003613361214355163,-0.003949729289171132
2024-01-04,-0.0013897639632294515,-0.0011512394508344471
2024-01-05,0.0028052911449498712,0.0030255538903461512
2024-01-08,-0.004942791435203502,-0.004906363757386235
2024-01-09,-0.0024028438664462624,-0.0016685436073936204
2024-01-10,-0.005726861348278902,-0.00572172566429324
2024-01-11,0.004764885226742051,0.005160195867268097
2024-01-12,0.010538115546312291,0.009814668751065727
2024-01-15,0.00728814733257889,0.007168587377483743
2024-01-16,0.004181073846288436,0.002950648658859065
2024-01-17,-0.009668015572224685,-0.009772263949191375
2024-01-18,0.0006556379163677383,0.00031796391565627464
2024-01-19,0.00637124012958709,0.006586861828433399
2024-01-23,-0.013045726331567946,-0.012689006057977141
2024-01-24,0.008431645417554546,0.008274826234040784
2024-01-25,-0.021536290627295077,-0.021043326067232304
2024-01-29,0.010768003070867255,0.011092773095401447
2024-01-30,-0.006283661356878072,-0.006482364931367195
2024-01-31,0.010666308854516929,0.009845342594725588
2024-02-01,-0.0016355137203615249,-0.002331011435008391
2024-02-02,0.021153549450106418,0.018511559277505273
2024-02-05,-0.0025535572535805447,-0.002767222878975857
2024-02-06,0.004829364527735378,0.004937219099230564
2024-02-07,0.0059333267962988915,0.00584200849016658
2024-02-08,-0.005451461619438903,-0.006489189216431347
2024-02-09,0.0013269526937995586,0.0010584605769640302
2024-02-12,-0.003553444803424139,-0.003422980267369348
2024-02-13,0.0008540774992964366,0.0011318374585061566
2024-02-14,0.0038560208602087726,0.003187884960521095
2024-02-15,0.008912359183653778,0.008708965154349897
2024-02-16,0.0051680189183858985,0.00724447818218986
2024-02-19,0.013382227243559159,0.012692977968893486
2024-02-20,-0.008120626754506371,-0.00794358993331102
2024-02-21,-0.006572556094572585,-0.006718208025934589
2024-02-22,-0.001618355658701029,-0.0016217977584010667
2024-02-23,-0.005829278080470421,-0.004807598596571065
2024-02-26,-0.008663235278803577,-0.007823565059566471
2024-02-27,0.004572196579081008,0.004636858678190987
2024-02-28,-0.0061364898618390925,-0.006335884416331258
2024-02-29,0.0015867565481226236,0.0017900104201584656
2024-03-01,0.002711747414952156,0.0030498237318015036
2024-03-04,-0.002303061770661907,-0.002347861018323645
2024-03-05,-0.006693169566431808,-0.006630085201446325
2024-03-06,0.008109206252459198,0.007525315211879039
2024-03-07,0.0004920626522267946,0.0006307226174663539
2024-03-11,-0.0021178076535550384,-0.0018251352857280659
2024-03-12,-0.004097989074602462,-0.003873922135677309
2024-03-13,-0.01169540111965378,-0.012742526769598845
2024-03-14,0.012280735833727097,0.012974629750731817
2024-03-15,0.0017332871929811745,0.0019279925907122828
2024-03-18,0.006262501015431687,0.006494345709580561
2024-03-19,-0.009574949367371062,-0.00940272345977655
2024-03-20,0.0007510160028162472,0.00048424210963303894
2024-03-21,0.0023493074991839122,0.0031289802621000794
2024-03-22,0.002009503739828128,0.0028546339692727602
2024-03-26,-0.0016328143776035908,-0.0012870192918797356
2024-03-27,0.001549896553716189,0.0016417745627977168
2024-03-28,0.008198350522310773,0.008032546232207458
2024-04-01,0.003722567539225774,0.0037306984588214515
2024-04-02,0.00549076204195696,0.005063057150015309
2024-04-03,0.012129354454333718,0.011162511094942908
2024-04-04,-0.0024166700714826337,-0.0021285449587808906
2024-04-05,0.0008425969712192577,0.0008016653193580715
2024-04-08,0.004646237204838156,0.0050347143760088656
2024-04-09,-0.0024348374638877104,-0.0025162317938828313
2024-04-10,0.003349651630410997,0.0025454092993206718
2024-04-12,-0.0042587306541468015,-0.004682760144890897
2024-04-15,-0.00277888637435256,-0.0030536163127282004
2024-04-16,0.006394791572894815,0.005819841671650333
2024-04-18,0.0022662563787852873,0.0018134836124524662
2024-04-19,-0.0020873800588640332,-0.0013487630425164068
2024-04-22,0.006801794005698777,0.007295900267859646
2024-04-23,-0.0028497085758726346,-0.002957185180916656
2024-04-24,0.008256433486050587,0.008116799091640911
2024-04-25,0.005145425277022621,0.005434527636602347
2024-04-26,-0.0006631436214238118,-8.923720694981084e-05
2024-04-29,0.017292480819056183,0.016317534005741378
2024-04-30,-2.545744525781304e-05,0.0005181965787012111
2024-05-02,-0.002933457041494704,-0.0024444756892592753
2024-05-03,-0.0005782007296762533,-0.0006384903676432208
2024-05-06,0.0037918431531783563,0.002958330813920903
2024-05-07,0.0003599802151125059,0.0007761546066503154
2024-05-08,-0.0011788793233951037,-0.0011821147315843594
2024-05-09,-0.013157432376638778,-0.01341850842546385
2024-05-10,0.0142914712496113,0.014391979217590369
2024-05-13,0.01090112259561622,0.011274928796253227
2024-05-14,-0.001024402175946894,-0.0010645320565104888
2024-05-15,0.007692874478566532,0.008204869724173738
2024-05-16,0.01537336661335946,0.015963143290624725
2024-05-17,0.0036623678044126343,0.003333647289482108
2024-05-21,-0.000770973519914689,-0.00029049275458392973
2024-05-22,0.006656167006031213,0.005819222032819668
2024-05-23,0.009775192526963693,0.00939662825260512
2024-05-24,-0.00012664015483715036,-2.4361331326071023e-05
2024-05-27,0.011344618837528141,0.010346479373552821
2024-05-28,0.006168196998307442,0.00569087950382917
2024-05-29,-0.0041397250951024705,-0.004301593722791506
2024-05-30,-0.0007584117850674423,-0.0008151029354423459
2024-05-31,0.0011746670604069372,0.00031447850796214325
2024-06-03,0.014236729767684378,0.013843700728207528
2024-06-04,-0.006678341102053117,-0.006985551923274228
2024-06-05,0.02665306796754346,0.027462694196424334
2024-06-06,-0.0011852402106539593,-0.001457673390066931
2024-06-07,0.01824232012140109,0.018648102312834747
2024-06-10,0.010645047038055876,0.010541152440567723
2024-06-11,-0.0011297035819327111,-0.0006908363637023227
2024-06-12,0.00040033022477996847,0.0004155770573624595
2024-06-13,-0.0020700311652494755,-0.0016249065308989597
2024-06-14,0.004923485327359508,0.005402981046738616
2024-06-18,-0.008507979343835773,-0.007395940210534966
2024-06-19,-0.007690163571271297,-0.009247499665658859
2024-06-20,-0.007605291922200987,-0.007586463268120942
2024-06-21,0.0028064341520576304,0.0018217392044254485
2024-06-24,0.009503319246866024,0.009564170855974037
2024-06-25,-0.00045194964853130916,-3.812658088634763e-05
2024-06-26,-0.005979668055038923,-0.0052749413008453564
2024-06-27,0.0014660253030449354,0.001548738548277673
2024-06-28,0.006570412044810125,0.006841165233029927
2024-07-01,0.013041916814809562,0.013187819790307491
2024-07-02,-0.006349367847605587,-0.006671839082391287
2024-07-03,-0.0005613854440930292,-0.0005512778606783042
2024-07-04,0.008189385848767867,0.0076001023426143085
2024-07-05,0.008907107602250473,0.008223697843957038
2024-07-08,0.00037505121645389295,-9.915701830069223e-05
2024-07-09,0.010894189085171141,0.011103986970610167
2024-07-10,-0.007390899116309754,-0.006589681914812052
2024-07-11,-0.0024558792185947523,-0.002415650039301121
2024-07-12,-0.0053634115599286766,-0.005069752010890985
2024-07-15,0.0018255559995064815,0.002017637062877175
2024-07-16,0.005410876396259929,0.0052902976263377996
2024-07-18,-0.006010550021209009,-0.005843191992678007
2024-07-19,-0.010551787019298712,-0.012030001357204875
2024-07-22,-0.00010229547819103199,0.0010960560201418571
2024-07-23,0.009594833636691833,0.009864382827881463
2024-07-24,0.0008879553683421486,0.0005337176100114565
2024-07-25,0.004066175817419365,0.004784039122609319
2024-07-26,0.010784390928368847,0.011347426754344553
2024-07-29,0.0003107801346804211,-4.518970909773252e-05
2024-07-30,0.005143249264062787,0.004095950989628023
2024-07-31,0.008052067410767267,0.007682755201738653
2024-08-01,0.004153613362983573,0.00448219633935677
2024-08-02,0.0007933754271348378,-0.000453813325866753
2024-08-05,-0.012379648996154569,-0.013028654949008182
2024-08-06,-0.007849701428737898,-0.007362974022437474
2024-08-07,0.013062124120479768,0.013491186207869807
2024-08-08,-0.0028119459995052647,-0.003392196948056904
2024-08-09,0.004109806090824608,0.003774691270943613
2024-08-12,-0.007246652885669908,-0.006836705007288779
2024-08-13,0.006093269636008757,0.006942845617735848
2024-08-14,0.006138197121270968,0.005302677126432231
2024-08-16,0.013714598710831822,0.014357017463076377
2024-08-19,0.0027543730386574115,0.003021076793239309
2024-08-20,0.0019848193244732305,0.0021926504220372263
2024-08-21,0.010781468565761707,0.010830296077568576
2024-08-22,0.010186256971982187,0.009449676985451353
2024-08-23,-0.003616688055617486,-0.0029840518118244667
2024-08-26,0.008727027683100522,0.007956035664909024
2024-08-27,0.007692905143956195,0.007108108397184889
2024-08-28,-0.0008563127479063341,-0.0004381782047333141
2024-08-29,-0.006245961914760161,-0.005680591650409589
2024-08-30,0.007795781665343603,0.008144865517994815
2024-09-02,-0.00025209680832381564,6.610225418254674e-05
2024-09-03,0.004953029140763487,0.0044521125115903944
2024-09-04,0.006800940124491915,0.007021153941861556
2024-09-05,-0.00026555553531045487,-0.0005781744835486084
2024-09-06,-0.0005025914488492516,3.0432123291940618e-05
2024-09-09,0.002982726195949941,0.0023975493112417885
2024-09-10,0.0033522206239862207,0.0039012664328242075
2024-09-11,0.004915152851538124,0.004306365242361493
2024-09-12,0.01676594777653929,0.01631246041724367
2024-09-13,-0.006647296528989944,-0.005793723867761094
2024-09-16,0.011016748061205481,0.00996369098378221
2024-09-17,0.0040987295903356005,0.004134167379811612
2024-09-18,-0.013952884557443425,-0.013830961080810257
2024-09-19,0.008575059896202364,0.0077753042967835945
2024-09-20,0.001684271329330076,0.0013413476491405249
2024-09-23,0.004460585907568824,0.0037144381572655595
2024-09-24,0.0008007102530985428,0.0010338855491873625
2024-09-25,-0.00236438210851677,-0.0022722521654404745
2024-09-26,0.003562322270884249,0.004059853860753763
2024-09-27,0.006571123233207126,0.006333140725225942
2024-09-30,-0.0030842806373543473,-0.0022605722669124754
2024-10-01,0.007500711533620876,0.006846685583117394
2024-10-03,-0.01840921970991914,-0.017807585277488117
2024-10-04,-0.009904543578196368,-0.00983292207566196
2024-10-07,-0.007762265767473071,-0.007136594991799252
2024-10-08,0.006186054212137956,0.006611998268212721
2024-10-09,0.009548426775946623,0.00936024683838047
2024-10-10,-0.008264867446496016,-0.008505318224682314
2024-10-11,0.001964555993273478,0.002742258502567174
2024-10-14,0.00034409762251395816,0.0007903867732069879
2024-10-15,-0.0017689452227380618,-0.0007369592347504597
2024-10-16,-0.005165574006669705,-0.00538662728191479
2024-10-17,-0.009270927569698889,-0.009936896066161287
2024-10-18,-0.0012586000267309427,-0.0001489653881223396
2024-10-21,-0.008123665251640964,-0.00869352693630636
2024-10-22,-0.005315028582006339,-0.005583013997772616
2024-10-23,-0.017048570508116916,-0.016448291770292986
2024-10-24,-0.008087226911222385,-0.006936981236514482
2024-10-25,0.0012291096169493253,-0.00039128199711151016
2024-10-28,-0.013344208479582035,-0.012776951506741756
2024-10-29,0.004602592026080196,0.0029697983212676176
2024-10-30,-0.0037962282638582625,-0.002621622434093453
2024-10-31,0.015248766088505766,0.015167830155879577
2024-11-01,0.005325489078424186,0.005627339817602326
2024-11-04,3.27743196254355e-05,-0.0013872892423140786
2024-11-05,-0.00522830121573413,-0.004816369963916737
2024-11-06,-0.0005595228071580332,0.00018766508809167886
2024-11-07,-0.007261880764612497,-0.008065678552058354
2024-11-08,-0.007179223157823718,-0.007038921620200704
2024-11-11,-0.009177724932837755,-0.00934022536369291
2024-11-12,-0.007090719500447881,-0.007529698198390392
2024-11-13,-0.016811674223390586,-0.016787226354521664
2024-11-14,-0.0003053047310182734,-0.00011909853076578917
2024-11-18,-0.006284522417818717,-0.00755747648918053
2024-11-19,-0.001271901139945096,-0.0005364763955467636
2024-11-21,-0.002583653507664796,-0.002749845895203902
2024-11-22,0.010163311562360921,0.010480086543511062
2024-11-25,0.00905485543422749,0.009394531984642643
2024-11-26,0.0025992584383299506,0.003040433983114325
2024-11-27,-0.002968784943690065,-0.0028100597553027953
2024-11-28,-0.004261104300214582,-0.005384021098529905
2024-11-29,0.009060167470125013,0.009436440210881431
2024-12-02,-0.007144174565593448,-0.00613247768119987
2024-12-03,0.006954046382344236,0.007045947098628669
2024-12-04,0.005316435767590006,0.0048429360129107965
2024-12-05,0.005107829293080337,0.004555427084710302
2024-12-06,0.001171375282977773,0.001158674134806595
2024-12-09,-0.0009392123424760471,-0.0008687838006450891
2024-12-10,0.008884796383067377,0.008208824591612178
2024-12-11,0.003170051687865885,0.003048060469211406
2024-12-12,-0.007122463282480878,-0.007049389126810098
2024-12-13,0.005108895203256117,0.004535746196249645
2024-12-16,0.001365430673812153,0.000910315108740073
2024-12-17,-0.011084509316887129,-0.011076412574191992
2024-12-18,0.003535989915688319,0.003888447674038779
2024-12-19,0.00019813633837253194,0.0001586224306116432
2024-12-20,-0.012846996088364803,-0.013039577512819762
2024-12-23,-0.0007502479576496789,-0.0014894660104396626
2024-12-24,-0.0024784353958556176,-0.002082515343634775
2024-12-26,0.00101969489648862,0.0007136867836785854
2024-12-27,-0.003247555217539495,-0.0018180209447226947
2024-12-30,0.0035745994959292438,0.0037414227230555676
2024-12-31,0.008120260874164946,0.007848860868708394
2025-01-01,0.007073657553592078,0.005995574732081335
2025-01-02,0.00750466056459126,0.008731721313323098
2025-01-03,0.0047515277360005775,0.004324317064936285
2025-01-06,-0.014503379134838217,-0.014013864964775889
2025-01-07,-0.0018923761271161187,-0.002186978496655628
2025-01-08,-0.004479464877302246,-0.005445464043410585
2025-01-09,0.002487156657112755,0.0025043551331427535
2025-01-10,-0.01058956190886636,-0.01021015381886515
2025-01-13,-0.014396472189028637,-0.015042996236347484
2025-01-14,0.0014878291960847751,0.001844949033810649
2025-01-15,0.003132930673200066,0.0014135380137895684
2025-01-16,0.0008232936854459739,-7.581680353993515e-07
2025-01-17,-0.007887661451225833,-0.0076603177689600725
2025-01-20,0.006843291909725145,0.007023973631880931
2025-01-21,-0.0073919647130814845,-0.007555388050100762
2025-01-22,0.00229289377634069,0.0027390615319559347
2025-01-23,-0.0020025788188402995,-0.00046883181781001834
2025-01-24,-0.0171085003324929,-0.017112266269376532
2025-01-27,-0.014580479980629968,-0.01580784523796548
2025-01-28,-0.012603246421740686,-0.012145580322625063
2025-01-29,0.015469264054806725,0.016452476490146226
2025-01-30,0.011070424401760858,0.010623288830630325
2025-01-31,0.013498526564931331,0.012704175149927954
2025-02-01,0.0064304534804556475,0.005516076708262757
2025-02-03,-0.009831967909114493,-0.009337774978061576
2025-02-04,0.009119535686960023,0.007695011465915049
2025-02-05,-0.0005974165743415777,0.000922349216231281
2025-02-06,-0.0022566726590245653,-0.0017629073497602396
2025-02-07,0.005218409749814213,0.006364309786625007
2025-02-10,-0.006645378187369104,-0.007391248014167419
2025-02-11,-0.011947554939063151,-0.012049237832723457
2025-02-12,0.0010420696744162252,0.00033701328692293793
2025-02-13,-0.0038422682286074357,-0.004262529444569466
2025-02-14,-0.003893134317795187,-0.004432497736038495
2025-02-17,-0.006157919591695385,-0.006274336881133746
2025-02-18,-0.0005597814014392484,-0.0004052892275278182
2025-02-19,-0.002403239340005395,-0.0016374104496964166
2025-02-20,0.010534190684239742,0.010371907023973718
2025-02-21,0.004203518530040316,0.0033648423079353446
2025-02-24,-0.007384625729659973,-0.007798734706205645
2025-02-25,0.004273238524336731,0.004226691739255273
2025-02-27,0.0012975531875486642,0.0002971961311909692
2025-02-28,-0.01415944360989895,-0.015455958573958591
2025-03-03,-0.0004687413407597145,0.00012073997241135621
2025-03-04,-0.0003671275597368067,-0.0007971846887908239
2025-03-05,0.007855345831539896,0.00842354244481117
2025-03-06,0.017231520030768166,0.01739367274761238
2025-03-07,-0.0020406010696650055,-0.0016248545929463053
2025-03-10,-0.0006854517402154128,-0.001340562881922835
2025-03-11,0.006215684293640329,0.003556767653631934
2025-03-12,-4.575645191017767e-05,0.00013355969656889642
2025-03-13,0.008584764608169296,0.007457568997578465
2025-03-17,0.003046999823849001,0.0031026255339259064
2025-03-18,0.0015955863940311185,0.0015355962762083153
2025-03-19,0.009334438439097557,0.010215772093102952
2025-03-20,0.009427842036783478,0.010015467900277658
2025-03-21,0.003815647445351171,0.00307419359747164
2025-03-24,0.012217866353715185,0.01160655463269364
2025-03-25,0.0085022615305338,0.008332680181003546
2025-03-26,-0.0066979814495181506,-0.006722869947713825
2025-03-27,-8.677886558882257e-05,0.0006748376294200152
2025-03-28,0.004208302147596013,0.003194937964534718
2025-04-01,-0.012920727176671858,-0.01301878911967619
2025-04-02,0.002933949349661251,0.003185665270842119
2025-04-03,-0.0005180863988679786,-4.64862019854738e-05
2025-04-04,-0.007434228670066189,-0.008489971227733113
2025-04-07,-0.017251804479333863,-0.0173938998164517
2025-04-08,0.020642014106900978,0.020259387075585555
2025-04-09,-0.004309644376140754,-0.004025965223145421
2025-04-11,0.015756281128188686,0.01639138923697914
2025-04-15,0.014962872041850784,0.01537319847130105
2025-04-16,0.0069207112698204875,0.007201719483923599
2025-04-17,0.01345882099054682,0.01163878048088012
2025-04-21,0.007456719821116732,0.0073771427456893225
2025-04-22,0.008911952758423991,0.00841746525417449
2025-04-23,-0.0030747940464585497,-0.0023373775705871802
2025-04-24,0.0019667742795949766,0.0014332651852523742
2025-04-25,-0.011962153617219685,-0.011970930518328503
2025-04-28,0.012906089641022599,0.012437679136172141
2025-04-29,-0.000815663435506645,-0.0007725952760661393
2025-04-30,-0.0048575142553628405,-0.004857497636081467
2025-05-02,-0.006861666723091475,-0.0071670408407404655
2025-05-05,2.8329426136651254e-05,0.0017504315577886683
2025-05-06,0.00821398095354408,0.007334339334104076
2025-05-07,0.0005853291993825691,0.0014917171505737371
2025-05-08,0.0028685564867166656,0.0022463653396993296
2025-05-09,0.001506135701861021,0.0012858664669567503
2025-05-12,0.00039293591442458734,0.001834259112621174
2025-05-13,-0.0017388156817949932,-0.002038520324294276
2025-05-14,-0.002706614208560813,-0.0017493002515210653
2025-05-15,0.0008097393110857185,0.0022215204427325367
2025-05-16,0.00044588781870256804,0.0004427423370942443
2025-05-19,0.002526663234743284,0.002388099684306624
2025-05-20,-0.009579314175431463,-0.009850201622239287
2025-05-21,0.0019465831597698124,0.0024679931195488707
2025-05-22,-0.00533891084151789,-0.005857785872139374
2025-05-23,-0.002768418418831034,-0.0020509415659376736
2025-05-26,0.005782803571640259,0.005822123994781561
2025-05-27,-0.0023557037327740934,-0.0026089829749307777
2025-05-28,-0.005910659662642191,-0.005978553177857379
2025-05-29,0.0014679419971781217,0.0013631761160960306
2025-05-30,0.003707416441946884,0.002482060611667592
2025-06-02,-9.152068550088467e-06,-0.0003592840256791244
2025-06-03,-0.004130020423307638,-0.0037998972420943628
2025-06-04,0.005262776346652454,0.005444146357099405
2025-06-05,0.002438499395428126,0.0017330781385532788
2025-06-06,0.00034119565621967547,0.0001869092473821952
2025-06-09,0.004660254249651276,0.004490170785393807
2025-06-10,0.00021954592156898413,0.0007434218836805571
2025-06-11,0.004832032198845223,0.004848992077328614
2025-06-12,-0.004930823654404364,-0.005483187123086087
2025-06-13,-0.0013370305826444777,-0.0018895452519970969
2025-06-16,0.0014363270982252262,0.0019207166836965601
2025-06-17,0.006384801147033899,0.005633066296416613
2025-06-18,-0.004003353915797812,-0.003593870149214721
2025-06-19,0.0006581302882583163,0.0005574751254370734
2025-06-20,-0.0022636597773581547,-0.0012544003645318055
2025-06-23,-0.00605647555782984,-0.005129597292025962
2025-06-24,0.00753130060476116,0.007144998519970698
2025-06-25,0.001556706703600314,0.0017417600796439507
2025-06-26,0.007151658425795571,0.007196004103504452
2025-06-27,0.015257137169212873,0.014219593899178417
2025-06-30,0.001179707001177771,0.0015296933020180915
2025-07-01,0.003809663222812829,0.004088148449870608
2025-07-02,0.003998848602914136,0.004136067913968137
2025-07-03,0.009209296946034933,0.008926926954348793
2025-07-04,-0.0023025709269877057,-0.0015606267831172274
2025-07-07,0.0036323010110033745,0.0031668125876410536
2025-07-08,0.003775953064772111,0.0032394179286570966
2025-07-09,0.0038584713913558787,0.0034677086020617896
2025-07-10,-0.006186464794546338,-0.00620971344161857
2025-07-11,-0.0014844392695255555,-0.002389960885638431
2025-07-14,0.001388652993467033,0.0011293888140672447
2025-07-15,0.00519598100432533,0.005161320801618327
2025-07-16,-0.0005806138820238578,-0.000993520692258722
2025-07-17,-0.002992547654492783,-0.002079673585839028
2025-07-18,-0.007478139022711378,-0.007722818669436182
2025-07-21,-0.00354651202621224,-0.0034475224910580082
2025-07-22,0.000536406955020645,-0.000276779400253169
2025-07-23,0.007434657890569853,0.007270875104276265
2025-07-24,-0.0059805642974417655,-0.0055320274235809526
2025-07-25,-0.012465761591942565,-0.011993205923056735
2025-07-28,-0.004614795689526655,-0.005142899688841828
2025-07-29,-0.0019335774804872252,-0.0017705374828978463
2025-07-30,0.005006942461069536,0.004490450737570538
2025-07-31,-0.00234727399382337,-0.0020057582871168015
2025-08-01,-0.0047837993026499815,-0.005160443239280016
2025-08-04,0.0034353523886763025,0.0038889160357021136
2025-08-05,0.00849059793662423,0.007610225251059517
2025-08-06,-0.004050702446518853,-0.004878594506207629
2025-08-07,0.002492753076866829,0.0028757216538822347
2025-08-08,-0.006722144185208177,-0.006126719761618701
2025-08-11,0.009248230925556608,0.008957621589613628
2025-08-12,-0.005377470534247294,-0.004999981147957287
2025-08-13,0.004978569244088788,0.005533551778766131
2025-08-14,0.011406310128349537,0.010546567548652103
2025-08-18,0.010645790331612559,0.011019950337000584
2025-08-19,0.0035612968126463116,0.004612987214861846
2025-08-20,0.006278020134481676,0.006350315839036477
2025-08-21,-0.0015837918912582631,-0.0011862364457657995
2025-08-22,-0.00811492080455448,-0.007927633520870362
2025-08-25,0.0018149846378653792,0.0008645133442984889
2025-08-26,-0.011724012633047119,-0.011636988959855658
2025-08-28,-0.009304978887948023,-0.009035167690908803
2025-08-29,0.0031341272967538303,0.003041516135532294
2025-09-01,0.0030142583001593407,0.0033741280556430853
2025-09-02,0.005639515153901506,0.004897304178859523
2025-09-03,-0.0012133920650404962,-0.0010635085979350093
2025-09-04,-0.002035385290342081,-0.0019265635228270942
2025-09-05,-0.011613853058024318,-0.011241870309321226
2025-09-08,-0.004555017325549836,-0.004540478232376115
2025-09-09,0.0045239386408784344,0.004453304810565176
2025-09-10,0.003763287852041574,0.004294383736838376
2025-09-11,0.0008395127211979826,0.00046058889594462367
2025-09-12,-0.006186900079162776,-0.005999061298121744
2025-09-15,-0.0038687368894366413,-0.003316867842896626
2025-09-16,0.004525451496272784,0.00509355224465693
2025-09-17,0.004559457443477011,0.004039780199197357
2025-09-18,0.0016785741027804998,0.001468091843740692
2025-09-19,-0.0005546032224138873,-0.001959715698831538
2025-09-22,0.000729857515005259,8.884567191266737e-05
2025-09-23,-0.004271606815903579,-0.004994224264628756
2025-09-24,-0.00029295180150440593,0.00011162712018407395
2025-09-25,-0.004993079300045375,-0.005167340442127772
2025-09-26,-0.013563006048010539,-0.013669053615842771
2025-09-29,-0.003776573384848292,-0.0040501318322049935
2025-09-30,0.0017077277688980932,0.0015380443176901987
2025-10-01,0.010573230522789669,0.009344733451612509
2025-10-03,0.0016979762529565747,0.0025526082699701145
2025-10-06,0.006903070540635109,0.005887928486877269
2025-10-07,0.003402766617145411,0.0036214255956238833
2025-10-08,-0.0018657611428893911,-0.002053484064990476
2025-10-09,0.0009914778024000296,0.000488953244349141
2025-10-10,0.003314272832496004,0.0034099876239471433
2025-10-13,0.0017863115447607574,0.0008454075404042084
2025-10-14,-0.0013340707198379392,-0.0012203208862837944
2025-10-15,-0.0007993793059384459,-0.00039573325450568714
2025-10-16,0.007630590497531932,0.008253969442859497
2025-10-17,0.011615875526267718,0.009924341662522925
2025-10-20,0.011134568386685754,0.01072250487181425
2025-10-21,0.001363746823467453,0.0015377608652943843
2025-10-23,-0.001598439020898651,-0.0017685297832645656
2025-10-24,-0.006671292222107248,-0.007159347718096907
2025-10-27,0.004152087701894899,0.004919525298084646
2025-10-28,-7.447306727968663e-05,0.00023508294045266584
2025-10-29,0.018753365764616572,0.01699079863218534
2025-10-30,-0.006766783799874643,-0.006909348574143564
2025-10-31,-0.004893215567570686,-0.004697829031510007
2025-11-03,0.002762092703200875,0.0032342809085128465
2025-11-04,-0.0010581145348216648,-0.001217756777892999
2025-11-06,0.00815527196340977,0.006015036305684923
2025-11-07,-0.007731220597823513,-0.007506645484376394
2025-11-10,0.006001465417402019,0.006247862416965186
2025-11-11,-0.0013986223390015338,-0.0012655102764654487
2025-11-12,0.0072570881128408435,0.007706150962524342
2025-11-13,0.0021434301790339335,0.0018325115726236301
2025-11-14,0.005900527684283138,0.005076228662534455
2025-11-17,0.00777452579146799,0.007607742869573036
2025-11-18,-0.004403476005518667,-0.0046346690296182325
2025-11-19,0.004851990596614197,0.004684013447980228
2025-11-20,-0.0013813825638868344,-0.0012862570912714343
2025-11-21,-0.005671215417130368,-0.00536579296618585
2025-11-24,0.004536327949997295,0.0030396724395921715
2025-11-25,-0.002463259669322356,-0.002048431268320595
2025-11-26,0.007376630233943664,0.007453631946727995
2025-11-27,-0.004445792761969012,-0.004007737678393001
2025-11-28,0.0006933036737777573,0.0007154766172461128
2025-12-01,-0.0009296829039749212,-0.0003147069117077988
2025-12-02,-0.003684465757533915,-0.0029559360165206773
2025-12-03,-0.002632796529846071,-0.0025736802929151163
2025-12-04,-0.0027409544714736373,-0.00238060496320634
2025-12-05,0.006048361625973397,0.0059733617567452975
2025-12-08,-0.002329093919067614,-0.0029694654475783187
2025-12-09,-0.00813886929789474,-0.006980675527662187
2025-12-10,0.0015925176397757908,0.0014417273527995839
2025-12-11,0.0023230486491904873,0.002123127493743589
2025-12-12,0.0020562660040563557,0.0029120126434570757
2025-12-15,0.008054933830988488,0.006866341263232374
2025-12-16,-0.0027763316176255687,-0.00246545655867856
2025-12-17,-0.001975944608148295,-0.0029441945533890935
2025-12-18,-0.00607162260629065,-0.005427895546791732
2025-12-19,0.003927898110184208,0.0038021857542659505
2025-12-22,0.008587873175481492,0.008187293898325995
