Date,sample_return,lw_return
2016-01-12,-0.004246282240772865,-0.005156701312429171
2016-01-13,-0.004694647172379379,-0.006481159285306725
2016-01-14,0.00183865717512578,0.0036106960470643963
2016-01-15,0.00394430537231658,-0.0027494225572744445
2016-01-18,-0.010855935812909492,-0.010581036537882954
2016-01-19,-0.0059967737943470885,-0.003620651109373213
2016-01-20,-0.00021109435442670976,-0.0014062786398373525
2016-01-21,-0.008604989688949967,-0.00568188162591559
2016-01-22,-0.00766143905335126,-0.0013781310151321116
2016-01-25,-0.0016571472993338885,0.0002513950853819621
2016-01-27,0.014256000558142782,0.008958280366611743
2016-01-28,-0.00518164498989348,-0.0022491414019340187
2016-01-29,0.02081623372926066,0.016281177921270904
2016-02-01,0.006203703623805727,0.0042206670988496125
2016-02-02,0.0005956373156387042,-0.0025231965240344817
2016-02-03,-0.010180374724985258,-0.006755014180788087
2016-02-04,0.010475225588478914,0.007036231937353914
2016-02-05,-0.0008649880411978335,0.005830271650657625
2016-02-08,-0.004119863217947464,-0.004037864097372945
2016-02-09,-0.0050077295333261175,-0.0039023396181798
2016-02-10,-0.003778403684477704,-0.0037574297096816148
2016-02-11,-0.010721103954272653,-0.00928806546902054
2016-02-12,-0.003457029569091317,-0.00471224293892452
2016-02-15,0.009310165710505424,0.0061956682096501944
2016-02-16,0.004155926049405031,0.003040122314219465
2016-02-17,-0.009202037321541616,-0.007118142396011936
2016-02-18,0.008847901995746813,0.00476417976544407
2016-02-19,-0.0005299366801924227,-0.00198732562148837
2016-02-22,0.0025012575515051985,0.00025723345755472224
2016-02-23,-0.0033902294098280546,-0.0027044317193674417
2016-02-24,-0.001438244034920576,-0.004304368997917628
2016-02-25,0.003920347333928844,-8.313129240398402e-05
2016-02-26,0.013010219817158861,0.00849310925931775
2016-02-29,0.005305882542397945,0.003674136453753483
2016-03-01,0.011620514689412885,0.014346858372679114
2016-03-02,-0.00034310053226700504,0.005567777933508247
2016-03-03,0.013399671621394755,0.007395070217030893
2016-03-04,-0.0006150656808806171,-0.002239462285271591
2016-03-08,0.0013590190600187646,0.0009984564337889527
2016-03-09,0.0005625106607029814,-0.0001314689406140537
2016-03-10,-0.0008185478169000772,-0.0008872363199863804
2016-03-11,-0.002478465146031527,-0.0017466574632688144
2016-03-14,0.0020178900044639406,0.0016578829986929828
2016-03-15,-0.0034536051683590986,-0.0033450609192051165
2016-03-16,-4.330266055018253e-05,0.00046142350023573617
2016-03-17,0.008812087469658083,0.009094112257386737
2016-03-18,-0.002430325332836908,-0.0022379024765724126
2016-03-21,0.00978826163170526,0.007116713021700548
2016-03-22,-0.004709523601487743,-0.004192437341587772
2016-03-23,0.004122616789219334,0.0016157870496576782
2016-03-28,-0.0095478604430402,-0.002524394613266365
2016-03-29,0.015445853860087209,0.010590363641743039
2016-03-30,-0.0004385048742132059,0.0022221355189977407
2016-03-31,-0.0005670072093428109,0.0013728736364613905
2016-04-01,0.004569877406827254,0.004265218813141862
2016-04-04,0.013490674193952657,0.009459813207999518
2016-04-05,-0.0023036833164971466,-0.0036144515476555705
2016-04-06,-0.008502785588677472,-0.00605914535114044
2016-04-07,-0.0035472353737686763,-0.000564424510995988
2016-04-08,0.008761471818328702,0.008749326556716643
2016-04-11,0.004553967299830437,0.0042308544313105455
2016-04-12,0.0012018220068524418,0.0024486562252138237
2016-04-13,0.009278200752055652,0.009407922448715328
2016-04-18,0.012654511948188877,0.010749510678003268
2016-04-20,0.00597743503895865,0.0038165597138574607
2016-04-21,0.0009545847151020692,0.0011857505804548107
2016-04-22,-0.002131589639922044,0.00045881498175081144
2016-04-25,0.0031415466453899197,0.002114881383173724
2016-04-26,-0.007218135921729919,-0.004488737064745123
2016-04-27,4.697307712695073e-06,0.0025913910797884703
2016-04-28,-0.00298086536084605,-0.0024664747730518536
2016-04-29,-0.0009725152885485613,-0.001721729983531014
2016-05-02,-0.009397233377212592,-0.004511543491979188
2016-05-03,0.005620722427505411,0.003518262384448784
2016-05-04,0.01880524321770358,0.014854365807540484
2016-05-05,-0.0018904172041881205,-0.004017830454642282
2016-05-06,-0.00515746796870525,-0.002516334127322383
2016-05-09,0.023570271705213586,0.020135952237534813
2016-05-10,-0.008464884598140385,-0.00585815856293203
2016-05-11,-0.0027489503222341977,-0.0015058170645840259
2016-05-12,0.005610428163220593,0.004859149290587034
2016-05-13,0.010556940958550542,0.006945060907941418
2016-05-16,-0.003454330569329418,-0.002632211195451102
2016-05-17,-0.001348497306292917,-0.0009265712164806653
2016-05-18,0.0011628621782279395,0.002118406234210821
2016-05-19,0.01007900158140751,0.005962953582712957
2016-05-20,-0.006905623818290929,-0.006539117442307579
2016-05-23,0.022561653007029867,0.017694779897112062
2016-05-24,0.014394929881443825,0.010098960793384163
2016-05-25,0.005850880248867897,0.007061485152837341
2016-05-26,0.005234679630346756,0.005019876336533991
2016-05-27,0.012048715683031183,0.007896325198473693
2016-05-30,0.018541461487633484,0.016331065669338445
2016-05-31,0.007795290239878681,0.0019623307564554018
2016-06-01,0.007467713933342255,0.009215213354425145
2016-06-02,-0.004108505463665929,0.0009912721894172064
2016-06-03,-0.003104588270113978,0.001221926629517881
2016-06-06,-0.003959536770679565,-0.0014800622900460305
2016-06-07,0.012261811296135036,0.009023780916987235
2016-06-08,-0.0017795662892193486,-0.002178932155977748
2016-06-09,-0.004198046571125862,-0.004847926904812859
2016-06-10,-0.003537925666407943,-0.004775095691586957
2016-06-13,-0.007643362288923396,-0.008896660103894624
2016-06-14,-0.005013353666068712,-0.0037136381514851964
2016-06-15,0.0008215032087111148,0.0014697886986968728
2016-06-16,-0.0037345489413123695,-0.004602821304355277
2016-06-17,0.007418103784948588,0.006596667617672178
2016-06-20,-0.00863649203110651,-0.0022977751565193627
2016-06-21,0.0012879823991734855,0.00013844166141738088
2016-06-22,0.006771893400469844,0.005094892635992548
2016-06-23,0.0003533887658502237,0.002426873973587649
2016-06-24,0.001849405638075909,0.00018827895275145263
2016-06-27,0.007828723776169598,0.006227697111239761
2016-06-28,0.004925331152382995,0.0031502428364686757
2016-06-29,0.014079618184626228,0.01277654490010146
2016-06-30,0.01238694243336436,0.00896122407376013
2016-07-01,-0.0020086715770001123,0.0019924722118933053
2016-07-04,0.006188407962506294,0.003976434996048748
2016-07-05,0.006963974574677459,0.005171667406177397
2016-07-07,-0.0032496553391388404,-0.00426133352847659
2016-07-08,0.0047074717375603335,0.002902750800776062
2016-07-11,-0.0009521949910594506,0.003355516233861873
2016-07-12,-0.0010691002554144334,-0.0004085833060683895
2016-07-13,0.009084409629006444,0.003315469786949229
2016-07-14,0.007836524371108827,0.006764256011778558
2016-07-15,-0.0085557130688535,-0.006309617206440531
2016-07-18,-0.0008890653470949904,0.0005582519585017151
2016-07-19,0.007423874990050138,0.005446847045056375
2016-07-20,0.008270082603287569,0.002888461842737059
2016-07-21,0.013122512990226261,0.009188146526226558
2016-07-22,-0.005987859645518617,-0.003478110440456532
2016-07-25,0.008451239050781758,0.008468090980200536
2016-07-26,-0.0033611142180499393,-0.0013840355140497796
2016-07-27,0.009614263550445205,0.012418429241944756
2016-07-28,-0.012315986055238174,-0.004488772708398521
2016-07-29,0.005900841690405296,0.004044130204639638
2016-08-01,0.009718748808581625,0.007624414837963587
2016-08-02,0.006600694643192398,0.005702692106662862
2016-08-03,0.0011909605302028912,-0.003745991978721725
2016-08-04,0.0015283205565219322,-0.00026089982496671813
2016-08-05,0.02804591561507881,0.02110627920650629
2016-08-08,0.005382571127034825,0.0019432007551282479
2016-08-09,-0.013090935797824953,-0.010216503496071502
2016-08-10,-0.025916161547680606,-0.019235337231000262
2016-08-11,-0.0063000476133133415,-0.0031945266971068844
2016-08-12,0.00047481772731957874,0.00014775473409513255
2016-08-16,-0.0004836194234959887,0.00021064461469962346
2016-08-17,-0.00973796031767525,-0.004835400654178746
2016-08-18,0.004395403991976169,0.0020582693195828066
2016-08-19,0.0012440782614869235,0.0025315889284478294
2016-08-22,0.0013062695903993645,-0.0018337892286169018
2016-08-23,-0.004968624369003945,-0.004837557507280163
2016-08-24,-0.00016753517022525155,0.00031064089293672
2016-08-25,-0.0033080462637929955,-0.0013565982912703235
2016-08-26,-0.0014170798540988185,-0.0011352504637367126
2016-08-29,-0.007961365801127355,-0.0022122222300245097
2016-08-30,0.013932026371336887,0.012507680815235225
2016-08-31,0.009126108058349089,0.010409165452528093
2016-09-01,-0.008902819942149129,-0.007075430952287225
2016-09-02,-0.006927965541828201,-0.0047668735388148205
2016-09-06,0.011705566399283152,0.013288394538175242
2016-09-07,0.0014014045103416387,2.726909704814449e-05
2016-09-08,0.0029936958264660564,0.001534501127067163
2016-09-09,-0.0010638164931720422,-0.004305048134188293
2016-09-12,0.00452435816485052,-0.0011984396429254324
2016-09-14,-0.020384544806061493,-0.015561900430714226
2016-09-15,0.001568387776758624,0.0023750158166001654
2016-09-16,-0.005017018674157838,-0.0022876891898542784
2016-09-19,0.004822288742897046,0.0019962866403422127
2016-09-20,0.0006477190378931532,0.0016920728158095174
2016-09-21,-0.00592199883475439,-0.0030118480068974714
2016-09-22,-0.0009730403349666073,0.004296781898518187
2016-09-23,-0.005027220804158261,-0.004722127321767146
2016-09-26,-0.0041126152162196,-0.006064951452650789
2016-09-27,0.004169146071462162,0.005447696941346452
2016-09-28,0.0034544993228821917,0.002392671333013294
2016-09-29,-0.0089224964302128,-0.005334176476426221
2016-09-30,0.009683144300597375,0.00812118160228495
2016-10-03,-0.002557291444542093,0.005699909493524732
2016-10-04,0.01006813799984156,0.013547951084431633
2016-10-05,6.0488229451101003e-05,-0.005371248404073788
2016-10-06,-0.0017967112046918454,-0.0017014390286329516
2016-10-07,-0.005923528146114158,-0.0063672603258882726
2016-10-10,0.007046607739337036,0.0016343585628462334
2016-10-13,-0.00842821674107782,-0.0019632495495583574
2016-10-14,0.0032241888008633147,-5.19794445091796e-05
2016-10-17,-0.01684482113969778,-0.00834751896438503
2016-10-18,0.01612019313475681,0.010086983842116764
2016-10-19,0.0006045014378231621,1.2723433000050522e-06
2016-10-20,-0.003529728846445842,-0.005495499727171376
2016-10-21,-0.008637810520489038,-0.0020091091321723558
2016-10-24,0.0005450537577276744,0.0014779068847852427
2016-10-25,-0.007649374319079242,-0.003955016500092431
2016-10-26,-0.0021557289421497853,-0.00351477589583146
2016-10-27,-0.008401781162032005,-0.008338324488774484
2016-10-28,0.011392651478848523,0.009534086615480122
2016-11-01,-0.008293543165261416,-0.003376339294078572
2016-11-02,-0.006420770559106737,-0.004783455553174283
2016-11-03,-0.002307504661284456,-0.002642937984413116
2016-11-04,0.010133966846599354,0.004011864922638944
2016-11-07,-0.006871131463909153,-0.004983805676560522
2016-11-08,0.004455389773198365,0.0023657698763537446
2016-11-09,0.006734239696629227,0.0033236863284034773
2016-11-10,0.002222766806006712,0.003892801377687936
2016-11-11,-0.006446837543864002,-0.01200174981445219
2016-11-15,-0.004265427071195345,-0.011016827016689988
2016-11-16,5.341806161058459e-05,0.003365274501266688
2016-11-17,0.0008874108222365298,-0.0009001248880870039
2016-11-18,-0.0015926480474323754,0.0017718474902671342
2016-11-21,-0.00717772829654725,-0.008996644110649335
2016-11-22,-0.004613802328595818,0.00032396975393325503
2016-11-23,0.0021022216157439056,-0.0009070298525158236
2016-11-24,-0.012967884763583088,-0.007362526507903875
2016-11-25,0.009956531885212175,0.008838201484665438
2016-11-28,0.0013656041863754178,0.0015644928095965192
2016-11-29,0.00485179730402696,0.0020272639503840324
2016-11-30,0.000901958056171657,0.0017928745237342954
2016-12-01,-0.0038501125587799925,-0.004232668212255566
2016-12-02,0.0009090633044250465,-0.0005841979617557295
2016-12-05,0.0005997854085850781,0.0020246538182970403
2016-12-06,-0.001469136848493579,-0.002125154166157908
2016-12-07,-0.010602656261917805,-0.007319673112870462
2016-12-08,0.004019688667935468,0.004804795936496216
2016-12-09,-0.01781605349171677,-0.014826906635317794
2016-12-12,-0.002871251475469734,-0.001997909495925765
2016-12-13,0.0007842466663067104,-0.0009126497217849697
2016-12-14,-0.001109204968848261,-0.0009804926649354107
2016-12-15,0.000748750811313214,-0.0015453608946807713
2016-12-16,-0.0026038299102701425,0.0009678696273186508
2016-12-19,0.0018903489793768925,-0.0014672785154620136
2016-12-20,0.0020272276569079832,0.0012865170544816614
2016-12-21,-0.00264903150113087,-0.006057827735873654
2016-12-22,-0.003241016793760645,-0.005242266243791201
2016-12-23,0.0083608506714621,0.006533305633126105
2016-12-26,-0.0038654212628110216,-0.0015245710923538721
2016-12-27,-0.0007695129020851659,-0.0006723235907436667
2016-12-28,0.00453164546543785,0.003656754393882753
2016-12-29,0.003131887091170966,0.004970882159240001
2016-12-30,0.013111853529416455,0.012040262941865056
2017-01-02,0.003360879649002674,9.093127591131228e-05
2017-01-03,-0.004408792548521878,-0.00037859471090301647
2017-01-04,0.001466881623325645,-0.0009703895151084008
2017-01-05,0.007343649406743954,0.005912548796992756
2017-01-06,-0.0027563136188315145,-0.0029035938261853097
2017-01-09,-0.00337348993189976,-0.0003244518385350038
2017-01-10,0.0016811748925971682,0.0046179073170219825
2017-01-11,-0.006397941303381218,-0.0010615333034185788
2017-01-12,0.006456951841405912,0.004912809880950366
2017-01-13,-0.004616905806014866,-0.0034887704134496725
2017-01-16,-0.012442781141278822,-0.010206195141238656
2017-01-17,-0.005131586455653798,-0.0045644673584784145
2017-01-18,-0.012640420756412982,-0.006235584900093063
2017-01-19,-0.005140121671356338,-0.0004292576326917441
2017-01-20,0.007180776484083778,0.003332266699103579
2017-01-23,-0.008565936846878152,-0.005702105488848188
2017-01-24,0.01336898082404904,0.01135070290638628
2017-01-25,-0.009760102930437824,-0.004334708006679755
2017-01-27,0.0059280330050586125,0.006370086900941578
2017-01-30,0.0018691710566691405,0.003178886125250485
2017-01-31,0.00935787848224505,0.005521690579458709
2017-02-01,0.0024260716698965156,0.00023675253954205834
2017-02-02,0.013273758666256475,0.013338175884288232
2017-02-03,0.015478692134163806,0.010864672444013802
2017-02-06,0.00766006680360878,0.00869120309974106
2017-02-07,0.0009500575775673992,0.0046092664314107915
2017-02-08,-0.006748514811110456,-0.007362544638370138
2017-02-09,-0.0098446976507532,-0.00986185071057726
2017-02-10,0.00595319930252551,0.008345149187630288
2017-02-13,-0.007213116264385526,-0.00428440264995798
2017-02-14,0.012679732997802291,0.008565983712746517
2017-02-15,0.0024634546461895293,0.002427891917755358
2017-02-16,-0.0005059995756362701,-0.0007498356332988075
2017-02-17,0.003202224575098037,0.0022355237857930458
2017-02-20,0.005674642319677478,0.0014408580775462166
2017-02-21,0.0019531496019309673,0.003343032129137481
2017-02-22,0.0014533259200387528,-0.002084122585360303
2017-02-23,-0.0015929550874429978,-0.0005202061921337187
2017-02-27,-0.007824693852296139,-0.006821580996616773
2017-02-28,0.009338150895577229,0.0050466514607275794
2017-03-01,-0.004989886112925288,0.0001719064024186011
2017-03-02,0.004179355203516593,0.0009531426840307899
2017-03-03,-0.0018607789451139884,-0.00032001476976232113
2017-03-06,0.0066973587995214695,0.0017744122776071594
2017-03-07,-0.005664192540749281,-0.0036344203575082333
2017-03-08,-0.002006186349683439,0.0007210742845269646
2017-03-09,-0.002330581166523557,-0.0013719692773495793
2017-03-10,0.003368118893039527,0.0036460315717636604
2017-03-14,0.013816500223228733,0.007564668531718237
2017-03-15,-0.0025729794080287458,0.004045686299539857
2017-03-16,0.004905918306093437,0.004470489616062918
2017-03-17,-0.0032863504504574512,-0.0022944777335095544
2017-03-20,-0.003021561833612371,1.832057215250284e-05
2017-03-21,0.0023801483127440354,0.005123226844651016
2017-03-22,-0.0015174894860255715,-0.0019586170639475002
2017-03-23,-0.0033365356031621433,0.0007206158697837356
2017-03-24,0.011439793218632019,0.004788746771962002
2017-03-27,-0.00032615297423164134,-0.0020101388831761636
2017-03-28,-0.0058974365948088105,-0.0017386332150072794
2017-03-29,0.008505418200575685,0.006991814222969001
2017-03-30,0.00800587544734649,0.008210228329413094
2017-03-31,0.020085410789668672,0.01703055854872827
2017-04-03,0.01220820059891984,0.008706663556257328
2017-04-05,0.00591298046256538,0.005204277058412735
2017-04-06,-0.003535213101612531,-0.003842318188317777
2017-04-07,-0.006650949701467961,-0.003658260449520683
2017-04-10,-0.0009211689792330972,0.0013868827607249306
2017-04-11,0.01147527252731758,0.011363065789330917
2017-04-12,-0.003621747859801135,-0.002768391963467136
2017-04-13,0.006402584778693712,0.0035198009368597747
2017-04-17,-0.003204945284320126,-0.0034094682192875704
2017-04-18,-0.0019868985738795714,-0.004374602643018436
2017-04-19,-0.00730492856590876,-0.0057939762097110135
2017-04-20,-0.0015212958960018393,-0.0010246073997361813
2017-04-21,0.009424731365256267,0.004586441363238792
2017-04-24,0.0038267394094405865,0.0019365640629772332
2017-04-25,-0.00014039359570422677,0.0036736403272949617
2017-04-26,0.0022663670159524234,0.005800462697354861
2017-04-27,-0.00575987849936906,-0.003379690735804779
2017-04-28,0.004491614073240171,0.0035279734433590576
2017-05-02,0.007537261089029728,0.001904503375865909
2017-05-03,-0.0037491146373546504,-0.00430250138231792
2017-05-04,0.0025192403743532574,0.004395260988935937
2017-05-05,0.007411307168524691,4.4796505434386804e-05
2017-05-08,0.006147187447130436,0.0037847550997133633
2017-05-09,-0.0007529765331851074,0.0010386129798528
2017-05-10,0.0050415083263227,0.007691029887352492
2017-05-11,0.0034395061297012165,-0.00015281619094923964
2017-05-12,0.007782231525515588,0.0025428105887627724
2017-05-15,0.003316750439573781,0.0013187957760473165
2017-05-16,-0.0017646781551484136,0.0004685669220332181
2017-05-17,-0.0005179337620239575,-0.0024246148997984383
2017-05-18,0.00250704225610708,0.00046126758617145606
2017-05-19,5.982963080277705e-05,-0.001581660768468363
2017-05-22,-0.0012056970556918699,-0.002425850397618404
2017-05-23,-0.012924809965581867,-0.007273933439209033
2017-05-24,-0.009160141890274013,-0.005637205168526131
2017-05-25,-0.006170936440068672,-0.003476913387086518
2017-05-26,-0.0037080366078341225,-0.001078168731267363
2017-05-29,0.016973239799433406,0.010925568337596697
2017-05-30,-0.008220893321193544,-0.008090628531200603
2017-05-31,0.005994455330703243,0.003601317021652074
2017-06-01,0.0035080410392415657,0.004395244395515491
2017-06-02,0.002159681148115535,0.0028552944450617552
2017-06-05,-4.608485402851832e-06,0.0017473542658257742
2017-06-06,0.004510772294536634,0.0034489039875040192
2017-06-07,-0.004082056712922196,-0.0012115236563838977
2017-06-08,0.0020512242704776177,0.004556623505834499
2017-06-09,0.001174851599105769,0.00016973988382528024
2017-06-12,-0.005950518822018885,-0.005826909175760441
2017-06-13,-0.0014013589461279413,-0.003624050601180766
2017-06-14,-0.006513557713202643,-0.0062431601239873
2017-06-15,-0.007446326391822573,-0.010878882050929685
2017-06-16,0.009394270206484246,0.005510894303317871
2017-06-19,0.0074863460415071905,0.0054585362428410025
2017-06-20,-0.0011657926028544295,6.0369367255059e-06
2017-06-21,-0.014091069112174448,-0.008940073887372162
2017-06-22,0.0008874733645521677,-8.706830121601658e-05
2017-06-23,-0.003307681752497473,-0.0005624582121891904
2017-06-27,0.001061343233086856,-0.0034684673500261355
2017-06-28,-0.005854913901734639,-0.006518838999613736
2017-06-29,-0.0010524027823469245,-0.002481068531174225
2017-06-30,0.0018318212443070362,0.006957516932809192
2017-07-03,0.004078895278934172,0.004712158367782536
2017-07-04,0.007897281918330718,0.007305720128109898
2017-07-05,-0.00043746904328482625,-0.000981979952581253
2017-07-06,0.0026772858413198724,0.002237138094856381
2017-07-07,0.0027864839009854236,-0.00033171066736012336
2017-07-10,0.01263340661246012,0.008934814183351654
2017-07-11,-0.0028756552683637995,-0.0029500615220341467
2017-07-12,-0.005218379962840353,-0.004446819074106263
2017-07-13,0.0035898689142855756,0.002892677541987079
2017-07-14,-0.002003845844107417,-0.0022191130556515185
2017-07-17,0.004396152603308465,0.004192104630018878
2017-07-18,0.0045325613074223645,0.0005346836128328067
2017-07-19,0.000757728360223254,0.0016872182324330239
2017-07-20,0.007026801556978705,0.0010444505087962993
2017-07-21,0.011127084980065927,0.006839261238698815
2017-07-24,0.00010003245818406733,0.0016875186990796738
2017-07-25,-0.001362829673223208,-0.004078169598473395
2017-07-26,0.009302778066186713,0.010180008644929853
2017-07-27,0.010540056898910103,0.004904323926739546
2017-07-28,-0.006789109458075492,-0.0053384465789980936
2017-07-31,-0.006909335215037164,0.00025064786351723894
2017-08-01,-0.0020312274906189327,-0.001769084931589589
2017-08-02,0.003140841010751735,0.00316110069344021
2017-08-03,-0.007366706412558141,-0.0023106258835874282
2017-08-04,-0.006218631386243078,-0.004115523308153003
2017-08-07,-0.0148457761173721,-0.007931566628359704
2017-08-08,0.005666543874732593,0.0008189782590087195
2017-08-09,0.0020909447699040754,-0.0016656731161684049
2017-08-10,-0.015781235973131403,-0.00843970743753487
2017-08-11,-0.002782471785409101,-0.005097555876670657
2017-08-14,0.013048210956343918,0.007999506292208705
2017-08-16,0.012220080174304612,0.009392977750576728
2017-08-17,0.00043727345094538044,-0.0006153072821510491
2017-08-18,-0.004187369843673425,-0.003995612029646171
2017-08-21,0.01032457377344342,0.00031980232601870145
2017-08-22,0.001868551545026952,0.004605152244911049
2017-08-23,-0.002193052304257939,-0.0029303432618510783
2017-08-24,-0.0032488807945417505,-0.0009514725805324087
2017-08-28,0.00040014639824067247,0.0011377014118067396
2017-08-29,-0.010320093015612946,-0.007714923276511812
2017-08-30,-0.008560211167833962,-0.0026473130720515727
2017-08-31,0.01785044615068037,0.011770113204577815
2017-09-01,-0.009145192428528293,-0.002816595922001399
2017-09-04,-0.012439862088752529,-0.007533745968758417
2017-09-05,-0.005639789094580669,-0.0041450898479772486
2017-09-06,0.0015657483388581612,0.00032167606952017734
2017-09-07,-0.0011961811869742136,0.0016608099248844638
2017-09-08,0.006924595735424391,0.004733191422675731
2017-09-11,-0.010854121934012048,-0.007729906052271669
2017-09-12,0.008850103434692915,0.003043931900287124
2017-09-13,0.0027756008335700836,-6.08768160406799e-05
2017-09-14,-0.0094269241745014,-0.009304299880124576
2017-09-15,0.014120564597313865,0.013205384848592829
2017-09-18,0.01055549195596178,0.005822812967588479
2017-09-19,0.012451251510759823,0.007642983347408949
2017-09-20,0.00013809565245432014,-0.004107369504160295
2017-09-21,0.007555688072377624,0.0035884820973302476
2017-09-22,-0.008154133996756385,-0.007205224379581802
2017-09-25,0.006217836561403484,0.0008747856678158153
2017-09-26,-0.0020593780823979493,-0.0015570599884407324
2017-09-27,-0.003014107019463085,-0.0056882908481829505
2017-09-28,0.012767743010250519,0.00800625317278317
2017-09-29,-1.3200045959443766e-05,0.002886266393500931
2017-10-03,-0.008650885707360844,-0.001734656521526411
2017-10-04,0.012951599415326845,0.009283063863803403
2017-10-05,-0.0053254725089128445,-0.003006408181950961
2017-10-06,0.0029306514415456675,0.001577445958805657
2017-10-09,0.0002815311489824875,-0.001832068741560897
2017-10-10,0.0036858903781814374,0.0016182038540323539
2017-10-11,0.0028472851569795,0.005063656037981338
2017-10-12,-0.00290112801407637,0.00010148621309786414
2017-10-13,0.002015740153902263,0.006971089519312839
2017-10-16,-0.002479231850260168,0.0019029309139970984
2017-10-17,-0.002601268817657901,-0.0012894102613970767
2017-10-18,-0.006303845573828372,-0.004345690300471621
2017-10-19,0.0027626293368074404,0.0028450463267488475
2017-10-23,-0.0009820717076453587,-0.001412084169335686
2017-10-24,-0.000868538086401799,0.0015146128237200499
2017-10-25,-0.000888267075610363,0.007039996809203519
2017-10-26,0.002447406111779081,0.001125034962959979
2017-10-27,-0.0026932543248784804,-0.0008904562678413685
2017-10-30,0.011446592525230564,0.00819535442543696
2017-10-31,-0.012130270939962924,-0.004401763910889968
2017-11-01,0.007756806923622317,0.007430413600596172
2017-11-02,0.009964503226995807,0.003937598583978179
2017-11-03,-0.0016955495665000593,-0.0023468098548016154
2017-11-06,0.003409832462882581,0.003775975846288087
2017-11-07,-0.010516950316181784,-0.008526627394211925
2017-11-08,-0.00027143543574780095,0.0032646008406032705
2017-11-09,-0.00022793442106072343,0.0010309687991593753
2017-11-10,0.003907250220749497,0.0036688314481739905
2017-11-13,-0.0015152606447525162,-0.0005417211925815556
2017-11-14,0.00643276606270811,0.002562780800412438
2017-11-15,0.0003010725746222713,0.0025771410620548723
2017-11-16,-0.0009653641557783525,0.00037202897192331174
2017-11-17,-0.005371726629482755,-0.0026303005775649385
2017-11-20,-0.0010057306371339227,0.0002525802102069691
2017-11-21,0.007914319994469147,0.010102039252450104
2017-11-22,-0.0017085341919117081,-0.0011376441275605816
2017-11-23,0.007509068772589258,0.005560469512188377
2017-11-24,-0.002188589509136656,-0.0013628699915856878
2017-11-27,0.004385493735256881,0.00554705683287364
2017-11-28,0.001433890470659565,4.1480008082838316e-05
2017-11-29,-0.0004530147049621279,-0.0027306325980762233
2017-11-30,-0.003189110618868523,0.000860505037441656
2017-12-01,-0.0026437778426756757,-0.00408134712754062
2017-12-04,0.004579648062885582,0.004449789414105125
2017-12-05,-0.005531082665182711,-0.004614287218742112
2017-12-06,0.0026994207504160207,-0.0018340664829526849
2017-12-07,0.007064618948906469,0.005663845733626823
2017-12-08,0.0032002404041899194,0.005065617234808126
2017-12-11,0.002873088764973819,0.0018272857863522241
2017-12-12,-0.004782707497100214,-0.0030041759997577614
2017-12-13,-0.003608320212828145,0.0007850907592444466
2017-12-14,0.0027525149063009346,0.0014122335530033696
2017-12-15,0.004212522805590024,0.002636717795735601
2017-12-18,0.004431480990309001,0.0045834031446112975
2017-12-19,0.001032931883791404,0.003085607083813955
2017-12-20,-0.0012320229389797153,-0.0022123602376883634
2017-12-21,-0.012162921987082537,-0.0066593429945226755
2017-12-22,0.009825816643394106,0.00678834778670896
2017-12-26,0.001566096352202449,0.0034347841943131764
2017-12-27,-0.0011650969967538032,-0.001843543066228149
2017-12-28,-0.004109179558346324,-0.0037592095224589337
2017-12-29,0.007123263294975606,0.005272246214665319
2018-01-01,0.014482623434345197,0.004210177247900868
2018-01-02,-0.0024611301010837878,-0.00028598678604756244
2018-01-03,-0.001887201309212634,-0.0009264954285701954
2018-01-04,0.010607561883828437,0.006569844225898881
2018-01-05,0.009146669065765256,0.00634953564784182
2018-01-08,0.005205965673810462,-0.0002011057097709975
2018-01-09,-0.0012923622352397593,-0.001658952665381766
2018-01-10,-0.00036209476658470373,0.0018139348013949952
2018-01-11,-0.0036095458362380897,-0.004471437251752683
2018-01-12,-0.0009602039946611461,0.0007415303099775922
2018-01-15,-0.001099063740898846,-0.00091271594540653
2018-01-16,0.002745266387363523,0.0010327429704920085
2018-01-17,-0.0013090983779154197,-0.0021843375842506988
2018-01-18,0.010323660949056396,0.01053538927653066
2018-01-19,0.0048409431844710195,0.006169034222165757
2018-01-22,0.0099982758896492,0.006899599856392169
2018-01-23,-0.001739190726094208,-0.0020054701578881753
2018-01-24,0.0003129297216086166,-0.0019144392310218373
2018-01-25,-0.009704504558264833,-0.005926962179555465
2018-01-29,-0.008218065183937287,-0.0035189270164857783
2018-01-30,-0.014881740412326303,-0.010245368763477302
2018-01-31,-0.0015758904477839138,-0.0008969480949850618
2018-02-01,0.006316860263872289,0.006003985888222899
2018-02-02,-0.00557617392726305,-0.010488149417785194
2018-02-05,0.0017755562311655448,-0.001216225925014138
2018-02-06,-0.011164217532274931,-0.011943338034362348
2018-02-07,-0.0005612227616883614,0.0004254588463367396
2018-02-08,0.017050241065475872,0.012059023205004425
2018-02-09,-0.00775821952924806,-0.005950499667742745
2018-02-12,0.008652528084836597,0.0074346324761008515
2018-02-14,-0.008945069507519728,-0.003662586630473125
2018-02-15,0.00023778954046808042,-0.002096726316035368
2018-02-16,0.0005569921013450528,-0.0051755263527182025
2018-02-19,-0.0023004054980268656,-0.0002042017747644525
2018-02-20,0.0005343714275395937,-0.0010681901372219965
2018-02-21,-0.002198642588436873,-0.001179043718330251
2018-02-22,-0.0027745734912025255,-0.0012532466504735851
2018-02-23,0.00368042276898246,0.004415728886132286
2018-02-26,0.0067557740648211805,0.006177710371517327
2018-02-27,0.005320236343186374,0.0021312712350256054
2018-02-28,0.003638692577913801,0.0023127421615856433
2018-03-01,-0.0023628964851354,-0.0012288238123013921
2018-03-05,-0.010639401384612786,-0.006672299573519464
2018-03-06,0.0043201748319107594,0.0017783033556930926
2018-03-07,0.0032271111852216817,0.00035970101670772725
2018-03-08,0.0026595678663677924,0.0004327890602518912
2018-03-09,-0.003556413117299882,-0.0004275197335863847
2018-03-12,0.006367717409679723,0.0044275637035861735
2018-03-13,-0.0017023977192535376,-0.0028966628189485057
2018-03-14,0.0020317736870720266,-0.0007399585687193932
2018-03-15,-0.002746741643165453,-0.002168759115566392
2018-03-16,-0.00563089134253649,-0.007767177059288772
2018-03-19,-0.007488309529797247,-0.007268872922974398
2018-03-20,0.001977566903044097,0.0025124060680192474
2018-03-21,0.0011611817150519196,0.0015069291921702866
2018-03-22,-0.003361057153181171,-0.004702621026315554
2018-03-23,-0.0039481924591169976,-0.003442815078768174
2018-03-26,-0.008916430017648618,-0.007296000564174425
2018-03-27,-0.009251863521267594,-0.0034117151960192356
2018-03-28,0.010759233201686015,0.007361160945056677
2018-04-02,0.005291104820197343,0.007821267812141337
2018-04-03,-0.00039158137162745337,-0.00020231147601960041
2018-04-04,0.0009795424680015016,-0.00018095419242846118
2018-04-05,0.005470094568370505,0.006785873800902873
2018-04-06,-0.0014871019831633964,0.0003005078278342959
2018-04-09,0.0007831017564381766,4.1434476378361695e-05
2018-04-10,-0.004759678675281191,-0.0041256909351821665
2018-04-11,0.006369817074569532,0.003776696497913068
2018-04-12,-0.0001831575829256511,0.0047921475149827735
2018-04-13,0.0033950573546634023,0.0031417136575705566
2018-04-16,0.006656549592993704,0.0038120324038636755
2018-04-17,0.004176516179216504,0.0013619702906701307
2018-04-18,-0.001059364011425862,0.0005923883450470199
2018-04-19,-0.0047211345222586895,-0.0024961549902668256
2018-04-20,-0.001848854435647777,0.0025712948949861134
2018-04-23,0.00877631978159743,0.008663779049611764
2018-04-24,-0.0022679076540198803,-0.0018024217446175174
2018-04-25,0.0040746825013441255,0.003619277544604136
2018-04-26,0.0033072238647200076,0.0019389327623226624
2018-04-27,0.0004972996367788976,0.0021770431923407744
2018-04-30,0.009283675143387503,0.007393168851709858
2018-05-02,-0.002980227387665942,0.0008553337228226453
2018-05-03,0.003685730178018894,-0.0009841570572908988
2018-05-04,-0.009694847541137412,-0.006109106469547609
2018-05-07,-0.012631280656259247,-0.0034436138329790762
2018-05-08,0.0013216836668625421,0.0028109388420251846
2018-05-09,0.004820800609288664,0.00012103363941848224
2018-05-10,-0.0012607851909541348,-0.0012380192712903703
2018-05-11,0.004294282157976709,0.0036170221323882003
2018-05-14,0.006657488244774545,0.0009491000274027585
2018-05-15,0.0017355169070516455,0.0018742449213011382
2018-05-16,0.0038183220412684117,0.002617911060591405
2018-05-17,-0.02076857577264185,-0.014818863137225389
2018-05-18,0.003451984393812139,0.002386618017842253
2018-05-21,-0.005775607859926662,-0.00970036281205577
2018-05-22,-0.010485862251966203,-0.0061429761517192896
2018-05-23,0.0011484817003051806,-0.0010155220910336264
2018-05-24,-0.0077444722460285565,-0.00036541678209500066
2018-05-25,0.006538116509130408,0.007269896053993889
2018-05-28,0.006316543511930369,0.005688388049008847
2018-05-29,-0.0033618192593025936,-0.005008420299393883
2018-05-30,0.007958014580637274,0.006232490509111618
2018-05-31,-0.000672299628814751,0.0013440001559965986
2018-06-01,5.260319283651696e-06,0.0014013621301936288
2018-06-04,0.014394240761704789,0.006521659825740388
2018-06-05,0.0020170360348000372,-9.00801818573421e-05
2018-06-06,-0.0034251720770018894,0.0011989949826255366
2018-06-07,0.0019719839753611144,0.0013689797666145724
2018-06-08,-0.007159326159466454,0.002840490651575473
2018-06-11,-0.007839325229217382,-0.004083745375214193
2018-06-12,0.00023844836742240315,0.0012037208236819529
2018-06-13,0.0031547866440054325,-0.0003157966438732142
2018-06-14,-0.007827426775837395,-0.004119295824948069
2018-06-15,0.001438643307478998,-0.0009794368620672828
2018-06-18,0.003245127460507687,0.002488351489281672
2018-06-19,-0.003433605075292112,-0.0035527816412705094
2018-06-20,3.241868200898768e-05,0.0003464564113895144
2018-06-21,0.0008440999115568892,0.0019955160160728186
2018-06-22,-0.0020388773417532413,-0.0005693774495496042
2018-06-25,0.0007419126302008096,0.00017559625194592086
2018-06-26,-0.0021644673224069564,-0.00174483654889788
2018-06-27,0.006162269121968486,0.0006907492419544661
2018-06-28,-0.010607907070831113,-0.011103589786096475
2018-06-29,0.010745532178276817,0.009080642069180583
2018-07-02,-0.0023476095738456594,-0.0013002079863219031
2018-07-03,0.002089509695819499,0.0008988806737667761
2018-07-04,-0.0018285104345641488,0.00033191777311678607
2018-07-05,-0.00019501885558236527,-0.0005323041941497341
2018-07-06,-0.0020951374016029032,0.0005650900110495324
2018-07-09,0.0024590083631217535,0.003847282976760329
2018-07-10,-0.0019056393580111609,-0.0017561859687152978
2018-07-11,-0.011148955970062055,-0.004895057656073892
2018-07-12,-0.001150573817442808,-0.0019116469190189255
2018-07-13,-0.004534965722609338,-0.000888472112137029
2018-07-16,-0.00812614544808292,-0.007787666521899593
2018-07-17,0.0009590678545475925,0.002713852034256502
2018-07-18,-0.0015216311434606586,-0.0002011601501512144
2018-07-19,-0.008558943936444642,-0.008997763261497458
2018-07-20,-0.003109268268184096,-0.0035525453434094093
2018-07-23,0.005138629910215961,0.0020138629248046274
2018-07-24,0.0014179441486326064,-0.0035705719696316127
2018-07-25,-0.004916989250186205,-0.000822007176200083
2018-07-26,0.002847905834580946,0.003975153414082663
2018-07-27,0.011104956528961147,0.011445071514381917
2018-07-30,0.013522478945998067,0.00955418438785692
2018-07-31,0.012845881493965572,0.006988149559193229
2018-08-01,-0.0023035738237374226,0.0014304624556313573
2018-08-02,-0.0007337441017533947,-0.0037502016477684577
2018-08-03,0.0036900638356021885,0.003675786047912649
2018-08-06,-0.0046336212361476024,-0.00515025900097616
2018-08-07,-0.0015483100013567227,-0.0007862489623687584
2018-08-08,0.003714040494950049,0.0024498577149795636
2018-08-09,-0.003017322670168009,-0.003289185148242275
2018-08-10,0.003265556899501412,0.00240769454029252
2018-08-13,0.005693989312012166,0.0033120397598035848
2018-08-14,0.0023061515405782213,0.003558466172576659
2018-08-16,-0.005151616547266307,-0.004852296347681004
2018-08-17,0.0037859679272054486,0.004942476768756568
2018-08-20,-0.00248623391057036,-0.0004396170718932083
2018-08-21,0.005401674497459564,0.004330915871615644
2018-08-23,0.0023734945477399765,0.00027554252816795245
2018-08-24,-0.006709553180487755,-0.0027416101412715958
2018-08-27,0.005241865564058253,0.0056689484266531824
2018-08-28,-0.002260054984916076,0.0007674925630170883
2018-08-29,-0.006565919325493878,-0.003927911780055413
2018-08-30,0.005660273526764265,0.0052579254217623664
2018-08-31,0.0013082836168001224,0.00263735611761245
2018-09-03,0.003961410201285457,6.0114288621038094e-06
2018-09-04,-0.010917362316515722,-0.009011053826966936
2018-09-05,0.005582066982444094,-0.001348320913836994
2018-09-06,0.0030023134033339803,0.0022467893126959845
2018-09-07,0.0019095518864309783,0.003027197524377916
2018-09-10,-0.003564103822351238,-0.004286852414440812
2018-09-11,-0.005678557421559559,-0.005032148495379327
2018-09-12,0.0038826397501136984,0.0063411619445896805
2018-09-14,0.005602557525050355,0.0031394353553023846
2018-09-17,-0.0058876241236567855,-0.005687464283385368
2018-09-18,0.00034044123832919636,0.0002352925591435907
2018-09-19,-0.00402818278738803,-0.007624825569387245
2018-09-21,0.005599975692786867,0.001138634931161214
2018-09-24,-0.0021374219379257818,-0.003644666776750789
2018-09-25,0.0011793795388490536,0.0025474525944015345
2018-09-26,-0.002206318969931397,-0.0002632859987982014
2018-09-27,0.000216136194099088,-0.002301865734101998
2018-09-28,0.009798729774586144,0.006093735133332137
2018-10-01,-0.0056280272779869875,-0.004713856367120327
2018-10-03,-0.010560331373225375,-0.014462012955984913
2018-10-04,-0.01193211246328443,-0.013186665823918219
2018-10-05,-0.005965921661902241,-0.008649284850124051
2018-10-08,-0.008647118329989947,-0.005316556374426826
2018-10-09,-0.005827065668450485,-0.007645099035297798
2018-10-10,0.00034618615051362257,0.0036374663380751952
2018-10-11,-0.010060512499322901,-0.009892637874054977
2018-10-12,0.004675284681788176,0.005676092159399445
2018-10-15,0.004404218240988805,0.0028575985343057297
2018-10-16,-0.005869234914242648,-0.002419895842984702
2018-10-17,-0.0033920666654355114,-0.0018945248671168743
2018-10-19,0.0009826288191806954,-0.00035533470667057504
2018-10-22,-0.005096074324779802,-0.009609676424353251
2018-10-23,-0.007003247855249337,-0.008624513932482874
2018-10-24,-0.00286586894404724,-0.002795964485108289
2018-10-25,-0.0017328872923162279,-0.001149282897171906
2018-10-26,-0.013270942227536938,-0.006891279777680064
2018-10-29,0.005500411577952851,0.0028613691444146303
2018-10-30,-0.0013304146357107705,-3.965359123474428e-06
2018-10-31,0.017028452575558402,0.013033277190664097
2018-11-01,-0.017111672186712376,-0.014524158550613075
2018-11-02,0.01810617195763148,0.015518816968407283
2018-11-05,-0.00918611573484303,-0.007589024127680925
2018-11-06,-0.013533647340221685,-0.010156106172769826
2018-11-07,0.01021275919676317,0.008875614512512819
2018-11-09,0.016623346892452158,0.010599416719673094
2018-11-12,-0.009891684553656152,-0.008581111780396219
2018-11-13,0.003924787542126162,0.004138936088237477
2018-11-14,0.01521021177708287,0.009199203563187021
2018-11-15,0.014064853701079271,0.012713592783839517
2018-11-16,0.0018928611395658275,0.005385260608932761
2018-11-19,-3.502403772322009e-05,0.003189097096857021
2018-11-20,0.0008822216636480483,-0.002648956969461525
2018-11-21,0.0034913080659620373,0.000208498081919354
2018-11-22,0.0021746980633320914,0.0009608194203234291
2018-11-26,0.013377825446764883,0.010476633474909628
2018-11-27,0.007667213253299835,0.005856785467217999
2018-11-28,-0.009393153128664497,-0.00726146845750905
2018-11-29,-0.004428204349355035,-0.00019179002173183156
2018-11-30,-0.014672054517549995,-0.009003511618911879
2018-12-03,0.008065540013012448,0.004093507940232847
2018-12-04,0.009289051938684612,0.01014090505479787
2018-12-05,-0.0003784950537119038,-0.0016456610762277876
2018-12-06,-0.0031036205237723025,-0.0049960384525414995
2018-12-07,-0.004789539946849794,-0.0029628917246694608
2018-12-10,-0.014168931640065103,-0.013240903260550097
2018-12-11,0.00237026858083589,0.003861666584097938
2018-12-12,-0.0012760858325432563,0.004330076204214123
2018-12-13,0.011020674971011186,0.010994278975499911
2018-12-14,0.000905320563888959,0.003752108894284732
2018-12-17,0.0020210364662718713,-0.00037577149641587114
2018-12-18,-3.8006497469474185e-05,-0.0003701177585232842
2018-12-19,0.016397111226620083,0.015265196597019137
2018-12-20,0.002421502707746006,0.0005753533672882105
2018-12-21,-0.0030246528789973637,-0.005906703452065257
2018-12-24,0.001422455668895823,0.0002053393311567225
2018-12-26,-0.0032823196653771975,-0.0031023854220070188
2018-12-27,0.007871219410086013,0.006781162340565198
2018-12-28,0.0057094292933617015,0.00522136237847279
2018-12-31,-0.0005224371710165671,0.0015892691521014902
2019-01-01,0.004155650400460633,0.00298790054055113
2019-01-02,-0.006624427131595994,-0.003927534289493223
2019-01-03,-0.009778845507155347,-0.00891852195836549
2019-01-04,-0.006202307289606709,-0.0028667674821964257
2019-01-07,0.003095107274158274,0.001801261093197667
2019-01-08,-0.006716795488010975,-0.004212304296236447
2019-01-09,-0.0022610560670337215,-0.0010443163879871277
2019-01-10,0.008118066188180758,0.008230505680039009
2019-01-11,-0.004755038693543109,-0.004121098652675216
2019-01-14,0.006273541486269899,0.004542755986300594
2019-01-15,0.007431052768767382,0.006395670116905378
2019-01-16,0.005784523345188033,0.004060704589739087
2019-01-17,-0.0036931836801796423,-2.1419716346347427e-05
2019-01-18,0.009101273839346643,0.0063779683336518634
2019-01-21,-0.000991097408530627,0.0005836588077257415
2019-01-22,-0.013338606225232037,-0.009273633427201052
2019-01-23,-0.0022872436993699166,-0.0030783446776907583
2019-01-24,0.002067413119664329,-0.00015144007955963901
2019-01-25,-0.016687167367268274,-0.012528830000526263
2019-01-28,0.0009582068162637087,-0.0014790552105945242
2019-01-29,0.011417460001869483,0.008281483607501501
2019-01-30,0.004913418465098868,0.0017746972495216603
2019-01-31,0.0065170615730735,0.007766868481028763
2019-02-01,0.0161011273596788,0.011487083751370464
2019-02-04,-0.012323231146486629,-0.009699542516739126
2019-02-05,-0.012660445769754728,-0.009175136587651688
2019-02-06,2.6802318752311687e-05,0.0022806980451901375
2019-02-07,-0.010892064237871642,-0.00583196679759736
2019-02-08,0.0076903669673769,0.003143808402348577
2019-02-11,-0.015203921319552442,-0.012118115291733313
2019-02-12,-9.388342863077411e-05,0.0013008045115163154
2019-02-14,0.008730838586920142,-0.0006474642958547298
2019-02-15,0.0051685548283346185,0.003184867914583076
2019-02-18,-0.004034566799240913,-0.004100165830025287
2019-02-19,-0.008425319840962467,-0.007100785125475761
2019-02-20,-0.009612637748153052,-0.005286654950662146
2019-02-21,0.017956603135740774,0.015423393317913793
2019-02-22,0.015730792635242064,0.013102717087209042
2019-02-25,0.007457102377580257,0.006896190150618941
2019-02-26,0.0017542885065982008,-0.0013163120986829325
2019-02-27,0.008172189240030547,0.0034098284045615394
2019-02-28,-0.0007004952920854427,0.002400758812900842
2019-03-01,0.0036279565115467077,0.003584736899432927
2019-03-05,0.017282183950386113,0.01257303471609516
2019-03-06,0.011195873377949733,0.00917700725804792
2019-03-07,-0.0015796291230164156,-0.0013435485669252613
2019-03-08,0.0067443726976328805,0.0029992270741318293
2019-03-11,0.012541509605316954,0.010963416325813843
2019-03-12,-0.005374788856420339,-0.0013254486316335
2019-03-13,-0.001173831110000744,-0.0015603451223972886
2019-03-14,0.0012342294022979613,0.001008202516222572
2019-03-15,0.008400837009648986,0.005649599885668139
2019-03-18,0.0009953309832435107,-0.0005031238216396444
2019-03-19,0.0045212049300785715,0.0030809094204881297
2019-03-20,-0.0007860678465190676,-0.0014508590653254923
2019-03-22,0.004135598456230249,0.0026616576400616456
2019-03-25,-0.010039986924612969,-0.009638331558979975
2019-03-26,0.003299169807980787,0.0025655727419127174
2019-03-27,0.003954993464137239,0.001735149241738248
2019-03-28,0.008283177710810568,0.007058028960008018
2019-04-01,0.003379746215284843,0.0060349903539218715
2019-04-02,-0.004507865269564905,-0.0023527452652918317
2019-04-03,-0.0003423671926546726,-0.002065536293668698
2019-04-04,-0.0036001843451879687,-0.0022632097876348276
2019-04-05,0.0020450807794085203,0.0023746929737765558
2019-04-08,0.001396586227530533,0.002740714464695929
2019-04-09,-0.00507009640815518,-0.0018493891187623354
2019-04-10,0.0004299292695756275,0.0020642163141695903
2019-04-11,0.0013542363934938744,-0.0012635272259283242
2019-04-12,-0.004006483451312842,-0.001905582958603423
2019-04-15,0.0008753817900178459,0.001981581260581657
2019-04-16,0.009941234486082204,0.008413685465167752
2019-04-18,-0.00496202843753012,-0.005711562725594706
2019-04-22,0.00011384882563824238,-0.00041705489083240007
2019-04-23,-0.006249368456866747,-0.0014328011847280593
2019-04-24,0.0031591871832729267,0.003520086976070729
2019-04-25,-0.009971048108074502,-0.009451569757248117
2019-04-26,0.005405455571719148,0.005568908356796515
2019-04-30,-0.004960576959025021,-4.82730165481279e-05
2019-05-02,-0.0014327879050873536,-0.0009512834259740238
2019-05-03,0.001442991497409164,-0.0014030414386448447
2019-05-06,-0.005708218178446142,-0.008031731301229963
2019-05-07,0.007983889190773624,0.004453205477713472
2019-05-08,-0.001075343142929704,-0.006202373817289959
2019-05-09,-0.002585483682794038,-0.0027255823894564786
2019-05-10,-0.008124514709183066,-0.005855839349687191
2019-05-13,-0.006203800876976414,-0.003961677681858833
2019-05-14,0.006851774426964845,0.004544677808562469
2019-05-15,0.005359114777055875,0.003257445081667093
2019-05-16,0.00018571628587298286,-0.0021020639652714113
2019-05-17,0.004937726954466729,0.004453337502986367
2019-05-20,0.0005339693655250898,0.010194117210065573
2019-05-21,0.010738843528879698,0.0059646145050254555
2019-05-22,-0.0010238934218391386,-0.0025659957430802637
2019-05-23,0.0015059442129331585,0.00045708698357903234
2019-05-24,0.008217985724726849,0.00633814415359782
2019-05-27,0.028669296991094495,0.021391400742815227
2019-05-28,-0.004180612069905527,0.0006988913685994746
2019-05-29,0.007283635059411514,0.005188488026044075
2019-05-30,0.009430903001463506,0.006786939670989501
2019-05-31,0.00410915724793484,0.008313891100653212
2019-06-03,0.0022780492438052077,0.0035174189460738022
2019-06-04,0.004408030318348621,0.002213585882952983
2019-06-06,0.0014986675676921398,0.0012138061606658257
2019-06-07,0.005795619011137525,0.0036656731988826464
2019-06-10,0.008216911929748518,0.007905477843367014
2019-06-11,0.009432394638419406,0.005677603629451576
2019-06-12,-0.004132381196980221,-0.003434502124984508
2019-06-13,0.0007706835742998854,-0.002941101433544112
2019-06-14,-0.005763592242375964,-0.005037574965698072
2019-06-17,-0.008153720118508206,-0.004206456037814031
2019-06-18,0.008963751685148926,0.005564177326420122
2019-06-19,0.00012126073501565385,0.002280703930445928
2019-06-20,-0.003565364816419662,7.002557212680555e-05
2019-06-21,-0.009375294948997259,-0.00765205745480272
2019-06-24,0.0012767283016885803,-0.002566929251249699
2019-06-25,-0.0011196178502475844,-3.389306769555883e-05
2019-06-26,-0.009010825177251738,-0.005814867589129843
2019-06-27,0.008570466744658823,0.006427310308062555
2019-06-28,0.007744092174405314,0.00621349425306593
2019-07-01,-0.004372072240900559,-0.006020939377748598
2019-07-02,0.00017644162134934725,-0.0002000381846094971
2019-07-03,-0.0012721509613353144,-0.003119345261217071
2019-07-04,-0.0014884183548026474,0.00046123518912590547
2019-07-05,-0.009112497481320297,-0.009483167809440366
2019-07-08,-0.017483442965122543,-0.01727478026643201
2019-07-09,-0.00912188339925446,-0.00649731659442376
2019-07-10,-0.002412497455941219,-0.0008106815367772724
2019-07-11,0.006088071011031001,0.006549086954803197
2019-07-12,-0.001627664260750094,-0.001669425058439342
2019-07-15,0.002917254561827361,-0.0009094215001731669
2019-07-16,0.0007934947941308009,0.0022653387378612578
2019-07-17,-0.0016476659168487588,-0.0026563265615196846
2019-07-18,0.00503688903877789,0.00031119062376111625
2019-07-19,-0.018796584608265044,-0.016776165170780233
2019-07-22,-0.0065927097326445964,-0.004954101400048438
2019-07-23,0.007145929439994253,0.004879589181738849
2019-07-24,0.0015608263846981006,-0.0008864966134253207
2019-07-25,-0.00450604127894228,-0.004838640527774865
2019-07-26,0.0065180265161296205,0.0005496372732120729
2019-07-29,0.00016507676840876848,-0.004002321202313586
2019-07-30,0.012229680424649895,0.003598577357483366
2019-07-31,0.004140191123497061,0.007663757305198068
2019-08-01,-0.006588648216184556,-0.009172484160726196
2019-08-02,0.009651801424913509,0.0020445512891741546
2019-08-05,0.005482249990112744,-0.0026370369428972097
2019-08-06,-0.005565573064063652,-0.0006346221039244375
2019-08-07,0.008057358105063032,0.008119282816894346
2019-08-08,0.01666973032772498,0.014253927259873334
2019-08-09,0.008986964547650871,0.005720345269518794
2019-08-13,-0.01005654992268751,-0.01149916785961118
2019-08-14,-0.007216821377351132,-0.0018587085067467719
2019-08-16,-0.0036796487083957516,-0.0028939243587974535
2019-08-19,0.006600109790451825,0.007059748150469155
2019-08-20,0.0018202945635069031,0.002849553030804897
2019-08-21,0.0007803229845538594,-0.00023062542276787082
2019-08-22,0.0003022275955526184,0.0015165703847902908
2019-08-23,0.0021462507365448604,0.0007841792415206907
2019-08-26,-0.0017540744392015937,0.0003193040777688667
2019-08-27,-0.0007681717301064529,-0.005160273147941538
2019-08-28,0.003573422758302209,0.0025200901023093416
2019-08-29,-0.010699374454255837,-0.007509534185828985
2019-08-30,0.001297677129862142,0.005630848957068519
2019-09-03,-0.0028110389537318497,-0.005434895495130201
2019-09-04,-0.009981427515593775,-0.004755499188782164
2019-09-05,0.006750581051277742,0.0028764062989030054
2019-09-06,0.0010309999560736281,0.002804281818499987
2019-09-09,0.0012166429619244747,0.0019215123366416124
2019-09-11,-0.009274593889248122,-0.00857786273008915
2019-09-12,-0.004405438211835098,-0.0037582968349182903
2019-09-13,0.00011983744892958895,0.0026873985572537797
2019-09-16,-0.0018830171073437405,-0.0008757248392517983
2019-09-17,-0.006288597256970219,-0.008223388002740206
2019-09-18,-0.0003395297954082578,0.0006368853496675584
2019-09-19,-0.006209614263069018,-0.00451961760741502
2019-09-20,0.01988444260246665,0.02408979693265842
2019-09-23,0.037971819944228595,0.03717902787321362
2019-09-24,-0.004076286880376897,0.00047768297071314615
2019-09-25,-0.011347418440323607,-0.010301696135030538
2019-09-26,-0.011333173323000404,-0.005376683212045791
2019-09-27,0.004378744099142418,0.0027542091272008567
2019-09-30,0.002514740524428044,0.006219394292517147
2019-10-01,-0.01782106081306134,-0.013113441669388954
2019-10-03,0.002004256270683298,-0.0010008638400495595
2019-10-04,-0.002384017610104959,-0.0068998923181599146
2019-10-07,-0.018777718777300327,-0.012784693658837259
2019-10-09,-0.0012301446149091246,0.0013247080240903148
2019-10-10,0.0025160434995480513,0.0015093550412512498
2019-10-11,0.06607812768020754,0.031132187502101626
2019-10-14,0.008327559505817617,0.004201463366734403
2019-10-15,-0.00022159971407373726,0.002858418214249216
2019-10-16,-0.004118108830348983,-0.006374460823241866
2019-10-17,0.01230672480364298,0.0038984080788147346
2019-10-18,0.015297548404384683,0.011800085457820813
2019-10-22,-0.006178008110723208,-0.0032983253782085803
2019-10-23,-0.00590814465079139,-0.0017755477247327863
2019-10-24,-0.017541776809600756,-0.007991056596795852
2019-10-25,-0.011325896838010387,-0.007899748995640223
2019-10-27,0.009919358578802212,0.006905471378297346
2019-10-29,0.0008329161468044292,-0.008989697197333477
2019-10-30,-0.007490120670081122,-0.006841187305283619
2019-10-31,0.007436590888334759,0.006091904326065427
2019-11-01,0.013694947376643526,0.010809617732420172
2019-11-04,0.00931538915341755,0.007898335080413094
2019-11-05,-0.015361518584859308,-0.011341919859560835
2019-11-06,0.0075278018604996045,0.0025120012608545665
2019-11-07,0.00861302526646667,0.01060685252482524
2019-11-08,-0.012396698668950266,-0.014091181029573619
2019-11-11,0.0025713434016933307,0.004414180556046074
2019-11-13,-0.0003188995560998984,-0.0036876682395302718
2019-11-14,0.004996322123143865,0.001441970208544721
2019-11-15,0.0012530789277875873,0.0020397981095907907
2019-11-18,0.005845804342729005,0.003360826675469961
2019-11-19,0.014676797119678224,0.009767879761781948
2019-11-20,0.006692406858841806,0.0063300803747573355
2019-11-21,0.00036094595409208517,0.001864767360950236
2019-11-22,-0.016711210094110595,-0.008082095349088459
2019-11-25,-6.803909595982515e-05,0.002593463144869968
2019-11-26,-0.020087627853452618,-0.015344651622291454
2019-11-27,-0.004854032698932862,-0.0011565835037601678
2019-11-28,0.011487721604277051,0.008582008211126849
2019-11-29,0.002008486795980258,0.004333937373457887
2019-12-02,-0.008062149083026281,-0.0031366316004026572
2019-12-03,-0.0057259479577728666,-0.007004409641939877
2019-12-04,0.003349898763578432,0.0055349075435967695
2019-12-05,0.0005472691919282395,0.0009065089692280085
2019-12-06,0.004589598800649945,0.0010038325242645186
2019-12-09,-0.002290964272474093,-0.0019857162689423074
2019-12-10,-0.010936995527137007,-0.006897212549316349
2019-12-11,-0.004407707615100314,-0.002104155995058548
2019-12-12,0.0014238879291366968,0.0006843732377884745
2019-12-13,0.006657370923388022,0.005789968945829702
2019-12-16,0.00926681920685819,0.005283299429376774
2019-12-17,0.00027592252662798314,0.0027216625058464894
2019-12-18,4.727201266024341e-05,0.0008201070979629537
2019-12-19,0.0017693483830247669,-0.001454434061938748
2019-12-20,-0.0040783399160599825,-0.002088712600369803
2019-12-23,0.0011067870611588663,0.006537625317090304
2019-12-24,0.007455974857170549,0.0036941416252586796
2019-12-26,0.0034908489541311235,0.0028267064734821966
2019-12-27,0.005865486266075905,0.008216473904372513
2019-12-30,0.005265540883983706,0.004668258504208591
2019-12-31,-0.0007949246477468248,0.00031167073392740567
2020-01-01,-0.0010430004198272694,0.0020051384203753873
2020-01-02,-0.007218951477449889,-0.009017228561412365
2020-01-03,0.001970152184840899,0.0018533667866176499
2020-01-06,-0.0009847124270461135,-0.006949764664542665
2020-01-07,-0.005528536585855735,-0.0009566437652121792
2020-01-08,-0.012711030244737177,-0.00797770596085481
2020-01-09,-0.00038265154279551477,0.003504822295468193
2020-01-10,0.0136265752488932,0.009441476758465453
2020-01-13,0.003090878008520261,0.0038534455854508103
2020-01-14,-0.00041523988583338166,0.003163375167572944
2020-01-15,-0.009192176377694867,-0.004889514583331115
2020-01-16,-0.010515746649649159,-0.0013218966471438946
2020-01-17,0.006653850097093312,0.0039052374780511826
2020-01-20,0.010962149378578534,0.005417135351447884
2020-01-21,0.003336691902049125,0.0006662585179902456
2020-01-22,-0.007524149245364594,-0.004360053149717674
2020-01-23,0.0048189019794804755,0.0028930708365268562
2020-01-24,0.01521123686142696,0.010049438588971409
2020-01-27,0.00041267776596486594,0.002420824459035284
2020-01-28,0.0048358722772891705,0.005064638426734442
2020-01-29,0.0032405694932156094,0.005920708033249926
2020-01-30,-0.000782978636325771,-0.00743862838484022
2020-01-31,0.007088694651964266,8.515483481177436e-05
2020-02-03,-0.01728289989617495,-0.01215215726967917
2020-02-04,0.024768333321085387,0.020521719196689787
2020-02-05,0.01358779240166506,0.009415132541580374
2020-02-06,-0.01407625559453719,-0.00947986727991365
2020-02-07,0.009517001438402803,0.00876796697456814
2020-02-10,0.0042255160906446414,0.0019439362384232758
2020-02-11,0.01460733306649897,0.01070773167852209
2020-02-12,-0.009733275635095023,-0.005948219081946454
2020-02-13,-0.00342568354628969,-0.0017664832502569169
2020-02-14,-0.00332883482723918,-0.0009757180613337812
2020-02-17,9.327659739284802e-05,0.002871071462748308
2020-02-18,0.00260104459828674,0.0009408134514887744
2020-02-19,0.004020684272450905,0.007395575489254651
2020-02-20,0.006535197523593209,0.005154250867533814
2020-02-24,-0.003998005745960723,-0.005578284031371558
2020-02-25,0.004296344095694279,0.0008065757784204815
2020-02-26,-0.005546139563554278,-0.0076582329940833235
2020-02-27,-0.006896553909155057,-0.0018234517290064039
2020-02-28,-0.005263638566672953,-0.01629685706739318
2020-03-02,-0.0005886194022371819,-0.00406747401782766
2020-03-03,0.01670048813076972,0.012694196159742254
2020-03-04,-0.0075480302964897735,-0.0029127684430797322
2020-03-05,0.002649224382535324,0.0017160834981698996
2020-03-06,-0.0032621297993201672,-0.008272001229617758
2020-03-09,-0.02161235122139356,-0.024335791606756654
2020-03-11,0.002430086079391387,-0.0006306780664559348
2020-03-12,-0.04261613317943932,-0.04478022069905697
2020-03-13,0.0026979512991706154,0.0072304502371419435
2020-03-16,-0.059247572758715714,-0.05779451613360569
2020-03-17,0.0032474645397168817,-0.006206784787168967
2020-03-18,-0.04336820642992153,-0.03924756689478552
2020-03-19,-0.02187087108564302,-0.02702049924708958
2020-03-20,0.04524080072880973,0.042960429506691815
2020-03-23,-0.04473023902558389,-0.0685291059796416
2020-03-24,-0.05934966550015747,-0.020341673324998043
2020-03-25,0.032846973832560564,0.026201875204248652
2020-03-26,-0.003717246658441966,0.002070418717858547
2020-03-27,0.03274873889856277,0.008403946202627936
2020-03-30,0.01011536655171682,-0.0036440788153018766
2020-03-31,0.014254696408885895,0.02483099703338324
2020-04-01,-0.009855768897315754,-0.021489578276278152
2020-04-03,0.017058686122328623,0.012175770471079393
2020-04-07,0.031131588554659768,0.033779489390053485
2020-04-08,0.011360708880019152,0.010322183303495557
2020-04-09,0.02504042940192913,0.022320991524423687
2020-04-13,0.011551941930869078,0.013564738714899872
2020-04-15,0.014884964897042025,0.01042011804090953
2020-04-16,-0.002941307921105159,0.00021250594217920888
2020-04-17,-0.00995161892461962,0.0024741681904948405
2020-04-20,0.0009178293644689255,0.0010256507802094258
2020-04-21,0.014639165784077765,0.0023913023234285015
2020-04-22,0.015379871182185378,0.017114079294051815
2020-04-23,0.018832256464444787,0.007887512527157046
2020-04-24,-0.008090694630793746,-0.004061930768023867
2020-04-27,0.011487321015109074,0.0055201640013395285
2020-04-28,-0.011636237973062822,-0.01889114744993444
2020-04-29,-0.010317482869023935,-0.002938397011559598
2020-04-30,-0.0010820330566469847,0.006022324423332399
2020-05-04,-0.004824367806058624,-0.007386040217155738
2020-05-05,0.014425326934608872,-0.0019548577801251623
2020-05-06,-0.005530327133634665,-0.00392458799954307
2020-05-07,-0.010642820573156374,-0.009584122591344479
2020-05-08,-0.013296518682890968,-0.0033939707711436178
2020-05-11,0.0008023725486304496,-0.00399958534647137
2020-05-12,-0.026717728221711326,-0.017334599457494843
2020-05-13,0.014159331849300323,0.009349406524387255
2020-05-14,-0.0238554661664725,-0.01071462631013057
2020-05-15,-0.0015549080415652966,-0.007808735263851526
2020-05-18,0.02447801836841587,0.012029241356087217
2020-05-19,-0.002911723797219285,-0.0014562924403664313
2020-05-20,0.010063915987110063,0.005351515612799484
2020-05-21,0.01662717936926,0.013379472522058695
2020-05-22,0.018395790701208576,0.012462366707115346
2020-05-26,0.02124055991025038,0.01244665215285138
2020-05-27,-0.008091938555294727,-0.009318050073633729
2020-05-28,0.002860264941356429,0.00627412543056267
2020-05-29,0.012765148237843676,0.021647973860456457
2020-06-01,-0.011971062388429928,-0.007042016869994162
2020-06-02,0.016414848448120384,0.01495155051404043
2020-06-03,0.011487957694516845,0.010952322310228874
2020-06-04,0.009142235910578885,0.009786820906576796
2020-06-05,0.01934311128222418,0.010603394003848505
2020-06-08,0.0106404032474746,0.0048054566968620035
2020-06-09,-0.009367552810480724,-0.0023813749906210443
2020-06-10,0.002251384934977199,-0.002955509369216851
2020-06-11,-0.0006561400867367397,-0.009636794473841992
2020-06-12,-0.006808249741326228,-0.003450052821870527
2020-06-15,-0.004221746962744327,-0.0026798839784258205
2020-06-16,0.003757370596962545,0.0015298624301974435
2020-06-17,0.005633635488846861,0.0016429401433276352
2020-06-18,-0.014518200142551129,-0.01900545547293923
2020-06-19,0.006004847100394009,0.00831561292518944
2020-06-22,0.011682959073280994,0.021947008630270895
2020-06-23,-0.0159208566331025,0.00298794323384507
2020-06-24,0.01074572929949984,0.005529002498458636
2020-06-25,0.004392556656641221,0.00015099914711326685
2020-06-26,0.006609291103721432,0.013270560228934108
2020-06-29,0.002948904423349403,0.00399556689401215
2020-06-30,-0.006154429632468652,0.004467859448035416
2020-07-01,0.006066781158589259,0.00036791788944873043
2020-07-02,0.009430295778646803,0.006924312764679903
2020-07-03,0.0018024172520440104,0.002087148978333866
2020-07-06,0.0038512196104617817,0.004649757680167827
2020-07-07,-0.012393471015817132,-0.011980761112299941
2020-07-08,-0.008453708436654533,-0.013851485090307985
2020-07-09,-0.019496525917912975,-0.015678563305466
2020-07-10,-0.00041934305658045275,-0.004492028935556738
2020-07-13,-0.0011170024389802599,0.005073340598094445
2020-07-14,-0.0058805221057763,-0.006686236583615579
2020-07-15,0.00535336998217902,0.00495467888867057
2020-07-16,0.02334587225385688,0.011801618064901171
2020-07-17,0.0060340220432408675,0.004671993954489113
2020-07-20,-0.005869665450270777,0.002246636873537884
2020-07-21,-0.0013292973875002852,0.00236712003706567
2020-07-22,-0.008709471861812297,-0.0073087809302683805
2020-07-23,0.00013296279066412578,0.00611755975816026
2020-07-24,-0.0014668058624779066,0.00546833172762687
2020-07-27,-0.005892458484564314,-0.0016139801875743915
2020-07-28,0.00041605799387310106,-0.0020957807423966296
2020-07-29,0.005413120792614307,0.0017186975616937503
2020-07-30,-0.0024337453559358166,0.0019637913539041997
2020-07-31,-0.007476189545673751,0.0031971515119471536
2020-08-03,0.006033140427734048,0.005012879170304238
2020-08-04,0.009059360137919564,0.004484685715168895
2020-08-05,-0.0013049096210148532,-0.005958026420747435
2020-08-06,0.0036779263822567863,0.00018680997688221186
2020-08-07,-0.022339016444850625,-0.010762457156375546
2020-08-10,0.014566155105467798,0.025347515673831332
2020-08-11,-0.003522960557622733,-0.003163145821304168
2020-08-12,0.0004980735395596647,-0.0026167611401046492
2020-08-13,0.024548009401260337,0.014662909597383816
2020-08-14,0.014435610055464645,0.008180886922193601
2020-08-17,-0.005958331305888104,0.0024134983380259137
2020-08-18,-0.0004094144412561089,-0.0010004967849277801
2020-08-19,0.0030465417085774483,0.008708397126051202
2020-08-20,0.015747510691958164,0.010448295151100578
2020-08-21,0.012909326866540031,0.016928953602183373
2020-08-24,0.01582800089772866,0.01467991726578311
2020-08-25,-0.002470884575757604,-0.008315326692306911
2020-08-26,0.01763097127989853,0.014747695063784903
2020-08-27,-0.011224603489731005,-0.002929027123803253
2020-08-28,0.014851731799065637,0.011592490469677395
2020-08-31,-0.011756481274146519,-0.02212987080233162
2020-09-01,-0.005174713898413542,-0.002181831561146813
2020-09-02,0.030462347857405384,0.016890546252063942
2020-09-03,-0.017427893717979353,-0.008153780454253122
2020-09-04,-0.011216829313296294,-0.010081063874585032
2020-09-07,0.025516365354144446,0.016224427964582185
2020-09-08,-0.01581820797063771,-0.010307999506907124
2020-09-09,-0.017358354124469618,-0.006400658089028017
2020-09-10,0.015109279981958306,0.015612363693507384
2020-09-11,-0.016407025241763424,-0.010566945293047567
2020-09-14,0.01105600489626752,0.012058490510542587
2020-09-15,-0.002242844112863261,0.008721744021714332
2020-09-16,-0.020977656214944993,-0.00994745751655311
2020-09-17,-0.0019589157949367756,-0.0034647572434909684
2020-09-18,-0.008979673084012967,-0.0027645561054700906
2020-09-21,-0.037054835243439124,-0.03044646127471082
2020-09-22,-0.05420635817856674,-0.032077058118596125
2020-09-23,0.011032999222646092,-0.0021177459376083146
2020-09-24,0.008493331240359676,-0.005144078584393591
2020-09-25,0.009628939645177506,0.010308810036822571
2020-09-28,0.0009428947493816116,0.0032902010075106978
2020-09-29,-0.001951339380167769,-0.007024467852524167
2020-09-30,0.002923982737415837,0.001700098192972727
2020-10-01,-0.011041155506916563,-0.003580362680132866
2020-10-05,0.012473421548900472,0.00515440627208978
2020-10-06,0.0031964510287694815,0.0039003323719870556
2020-10-07,0.004395704583948528,0.001322104051021346
2020-10-08,0.013486030416425078,0.009624178526904295
2020-10-09,0.007565880020559188,0.003783861455088646
2020-10-12,0.018352971790082242,0.00974578390482205
2020-10-13,-0.009236512355821444,-0.005948209183295146
2020-10-14,-0.017831815347826428,-0.013363538445693667
2020-10-15,-0.00165780404484061,-0.005199971052094119
2020-10-16,-0.02146735199763234,-0.011396046101433
2020-10-19,-0.007951618960014194,-0.0010268370772925318
2020-10-20,-0.004812683053338041,0.0024349499922347263
2020-10-21,-0.0027314050091425514,0.002453259668447289
2020-10-22,0.020954616674016015,0.01627958096934808
2020-10-23,0.00033557095773036603,0.003944154327148097
2020-10-26,-0.013115503641662337,-0.009587871790541228
2020-10-27,0.02509287526674084,0.021169560740445362
2020-10-28,0.0011461500073624321,0.002959746869948366
2020-10-29,0.012356554520100121,0.008845756865140149
2020-10-30,-0.02894247929849638,-0.007631487046028149
2020-11-02,-0.004682082869489879,-0.0038487056529476096
2020-11-03,0.016271980901852348,0.007805582424008592
2020-11-04,0.006191640021024474,0.0019921525752725194
2020-11-05,0.00727696155074607,0.0072867311099663835
2020-11-06,-0.003134063480946217,-0.0035266695411700377
2020-11-09,0.012981501429767672,0.004768799630681921
2020-11-10,-0.01867244573038679,-0.017414989699500807
2020-11-11,0.003017125307796417,0.007089935801865592
2020-11-12,0.012719664829347116,0.005472895368028875
2020-11-13,-0.0028199100941500637,-0.00187255270285728
2020-11-14,0.009588267295113195,0.009293684171544121
2020-11-17,0.005896519448730905,0.012542254121648482
2020-11-18,0.004886063436802321,-0.0009842144158277077
2020-11-19,0.025583909898896376,0.014805160900300138
2020-11-20,0.01256069390609675,0.018349182474756535
2020-11-23,0.0032772471518127686,0.0008056403330067735
2020-11-24,-0.004777403339357112,-0.000744401194977566
2020-11-25,-0.013399273455622775,-0.012378306300226185
2020-11-26,-0.004027070540655376,-0.006456495043074166
2020-11-27,-0.012049696188095656,-0.008266926775086655
2020-12-01,0.00150555615334653,0.009262643680245977
2020-12-02,-0.01661297620340621,-0.007583185088404849
2020-12-03,-0.00952350021160537,0.0037411873411086847
2020-12-04,-9.300724040285614e-05,0.0004321363124105027
2020-12-07,0.006616066933330888,0.003687453732064007
2020-12-08,0.012860360279377127,0.0071673136305262335
2020-12-09,0.008667843981161234,0.005059958069326626
2020-12-10,0.004844672446782923,0.004870386400125657
2020-12-11,0.012003616550289382,0.009291854205843572
2020-12-14,-0.0008862117125940466,0.002299301874888198
2020-12-15,-0.006314170650112283,-0.006034272993161352
2020-12-16,0.024495748467891487,0.01468098502118993
2020-12-17,-0.014459858068335697,-0.008958922582637738
2020-12-18,-0.00602682004797193,0.0006124518035802329
2020-12-21,-0.010093143166195688,-0.013809793311144835
2020-12-22,-0.004257498213979841,0.004219188751227971
2020-12-23,0.010828926672620632,0.005563386843652285
2020-12-24,-0.011929501295144852,-0.005217644123984044
2020-12-28,0.009534298416937651,0.002700690124807113
2020-12-29,-0.009101923542510089,-0.002528314585459856
2020-12-30,0.011128908758804472,0.006761616626517192
2020-12-31,-0.024820663237202462,-0.015325653424612494
2021-01-01,0.0016678271882961497,0.003879835147225227
2021-01-04,-0.012822977213571804,-0.0032990224531354567
2021-01-05,0.0022144035120158804,0.005638858556984604
2021-01-06,0.004029945331062754,-0.0014059913350151021
2021-01-07,0.008475348951908452,0.007631046323182599
2021-01-08,-0.004472432015131422,0.0007726560074948684
2021-01-11,-0.012001074263730387,-0.009985901720289962
2021-01-12,0.007742250040247196,0.0037519532175470716
2021-01-13,0.013769917304081922,0.004315102736246553
2021-01-14,-0.007916881940965435,-0.003002965614174871
2021-01-15,-0.008269859807530701,-0.009172263139856304
2021-01-18,-0.01101325788908121,-0.009418532640405215
2021-01-19,0.0012084506363219433,-0.003370871044623764
2021-01-20,-0.011878219823227598,-0.0029211319381989374
2021-01-21,-0.003743838701636717,-0.005950527238933174
2021-01-22,-0.011906494732887737,-0.001283232041035075
2021-01-25,-0.013011990930297895,-0.003964484668174896
2021-01-27,0.004617594946051021,0.004578452333352195
2021-01-28,0.005800933144534236,-0.0037618441951344757
2021-01-29,-0.01358081734726843,-0.0065318348883017605
2021-02-01,-0.012623897459368245,-0.007930009530104002
2021-02-02,0.019568838836781236,0.014983879851955212
2021-02-03,-0.012847659157376626,-0.0047215230321217255
2021-02-04,0.02551301021822844,0.023553864101888033
2021-02-05,0.0005816785368151596,-0.007864013761171013
2021-02-08,-0.019311795458108336,-0.012299015172449076
2021-02-09,0.01071296776037521,0.01611720269940145
2021-02-10,-0.023083816620731404,-0.011691124203152619
2021-02-11,0.01568297483256546,0.009991017768149722
2021-02-12,0.01435616551547763,0.012511029388513976
2021-02-15,0.0074155738068235975,0.006063355402850282
2021-02-16,0.03308716041695652,0.02169942682094512
2021-02-17,0.013252417020278006,0.004249832902159344
2021-02-18,0.028670385836377727,0.023756466067801116
2021-02-19,-0.01223584569750899,-0.009646564102939431
2021-02-22,-0.013853254289397756,-0.011367798469782585
2021-02-23,-0.007150445664378622,-0.0032040502418251974
2021-02-24,-0.011496845181094952,-0.001847151794016535
2021-02-25,0.013375989417285288,0.007768967662189513
2021-02-26,0.01666939454331672,0.008244573620276141
2021-03-01,-0.001480585191796368,0.0006351138638003036
2021-03-02,0.0026974344418972435,0.008484143861983219
2021-03-03,-0.0009558441915524537,-0.001491531239116242
2021-03-04,0.009157037514985922,0.006966987535911714
2021-03-05,-0.004911893410841028,-0.007659744657942552
2021-03-08,0.007562188747125732,0.010351277906283242
2021-03-09,0.013156527793047866,0.011507780368944487
2021-03-10,-0.010729892244960888,-0.005735770690402078
2021-03-12,-0.004082357113107874,0.0009739141232940906
2021-03-15,-0.00389128838355051,-0.0013070001684892215
2021-03-16,0.008899114544618062,0.009221346568004569
2021-03-17,-0.024168146194571586,-0.02244595468235031
2021-03-18,-0.010170238286061471,-0.011617640622389694
2021-03-19,0.01728127244850488,0.01361480331912831
2021-03-22,-0.00022053993736045364,0.0030638585912661437
2021-03-23,0.00310579308384891,0.007176011075378234
2021-03-24,-0.004715997048046618,-0.005069231777734522
2021-03-25,-0.014365085971660887,-0.012254949778383685
2021-03-26,0.023580657874969962,0.017856344236766086
2021-03-30,0.02936223708878325,0.030262289873900255
2021-03-31,1.280713995869859e-05,0.005670205876261494
2021-04-01,-0.013599743227422308,-0.012117968616807175
2021-04-05,-0.014145443425065383,-0.01723481308528122
2021-04-06,0.0033603955651834564,-0.0020423101070597433
2021-04-07,0.009163712881581309,0.0035429639675307236
2021-04-08,0.0009436143356131028,-0.001099860814853089
2021-04-09,0.0035917000354691326,0.009485513744180564
2021-04-12,-0.02228153918865993,-0.02071494551659151
2021-04-13,0.01100912212751743,0.002459129579675677
2021-04-15,0.0017359228553233271,0.0026699692501530787
2021-04-16,0.008069435093631788,0.007853475778202617
2021-04-19,-0.009331107027553664,-0.006827215611361139
2021-04-20,-0.01800790583089591,-0.012124233224135222
2021-04-22,0.008693872937002424,0.003196828400042557
2021-04-23,-0.01055812821406919,-0.003762785348958274
2021-04-26,0.015215975935955398,0.018064623339141796
2021-04-27,-0.0018138268421575517,-0.002199117508189664
2021-04-28,0.0017585842138273216,0.0033085053262885316
2021-04-29,0.002734680260111323,-4.868366802839377e-05
2021-04-30,0.012910361534537621,0.0026731618377771713
2021-05-03,0.008729288490428623,0.009317512471582818
2021-05-04,0.0013006561206646244,-0.002850618156766703
2021-05-05,-0.014731340296477635,6.374761974468999e-05
2021-05-06,0.0015283582139894664,0.006169852880913711
2021-05-07,0.023664683858981204,0.010181431798211385
2021-05-10,-0.005414079242671329,-0.004202445994036402
2021-05-11,0.010103038786291573,0.01130749834206804
2021-05-12,-0.012080041664171887,-0.004577788427633178
2021-05-14,-0.004061008933590807,-0.004640992327347848
2021-05-17,0.010934051818879057,0.007316443496829335
2021-05-18,0.009583542438456277,0.012709558036003826
2021-05-19,0.005734456403205903,0.0054145727894177546
2021-05-20,-0.0073636449644569404,-0.00951220389039511
2021-05-21,-0.0029626782878135805,-0.0007002181866091644
2021-05-24,-0.008669145968507016,0.0006502298471303751
2021-05-25,0.007873237207688474,0.0028155750865370864
2021-05-26,-0.006143193854128965,-0.0019659905570503086
2021-05-27,0.0029195331140164957,0.005082674074871146
2021-05-28,0.011454783431683874,0.006848982211388652
2021-05-31,0.001843766966336233,0.006363830727500796
2021-06-01,0.0032900699280913577,0.000262370119781034
2021-06-02,0.006025565115969421,0.00602641071368972
2021-06-03,0.01387854925397458,0.012994017054119724
2021-06-04,0.0040734747765135875,0.0013095428215116733
2021-06-07,0.010832103629517758,0.012505041378911789
2021-06-08,0.011389254922767019,0.010018355060097123
2021-06-09,0.006311132399413231,0.0038055034509698565
2021-06-10,-0.006773148760705077,-0.00418503770744676
2021-06-11,-0.0019901066090340447,-0.0004723027418400372
2021-06-14,-0.01663088930601276,-0.0057837164284131005
2021-06-15,0.005733758560573201,0.0023007312354749645
2021-06-16,-0.0027940409238203985,-0.0020550914892186905
2021-06-17,0.0008722196076029851,0.0028996533125812372
2021-06-18,0.009373259156301546,0.004913589634550951
2021-06-21,0.013230838490608207,0.011311845704940902
2021-06-22,0.016992143617524217,0.008989695117072958
2021-06-23,-0.008288838825794878,-0.0064446606657297305
2021-06-24,-0.002068194779806194,-0.002029153283144313
2021-06-25,-0.008953200937856195,-0.006629028379050204
2021-06-28,0.002632112834538533,0.003465855954108044
2021-06-29,0.004930438721468693,0.0018525740211540543
2021-06-30,0.006050735529060632,0.0069898362498103704
2021-07-01,0.004241637675121255,0.003310084745635271
2021-07-02,-0.0014731508377234695,0.0013789582159002942
2021-07-05,0.0014546687203526333,0.0027008769653720436
2021-07-06,0.018300159431369027,0.009837540412820343
2021-07-07,-0.01068985189877797,-0.003724124485890972
2021-07-08,0.003884180419212156,0.0014247071227733738
2021-07-09,0.0033793321395588494,0.002607936209427764
2021-07-12,0.0032385942343597556,0.004385513677576704
2021-07-13,0.001709233709626203,0.0014027977656912577
2021-07-14,-0.004664466989227758,-0.003247753991591233
2021-07-15,0.0016963793940501205,0.0021613061795874894
2021-07-16,-0.0013591449151732018,0.0022487087580443273
2021-07-19,0.012397048440496387,0.010189938885137332
2021-07-20,-0.007323179635386926,-0.009456433082139544
2021-07-22,0.014694489000935451,0.015994832574756753
2021-07-23,0.002039982881345719,0.003690355510705263
2021-07-26,-0.0017837598761614537,0.0003632484690539525
2021-07-27,-0.018851833339296943,-0.014384596412568063
2021-07-28,0.0010787647895892428,-0.0005064165513293603
2021-07-29,-0.0019814917638948295,-0.003851676250590312
2021-07-30,0.004744679960688484,0.004502497542576541
2021-08-02,0.016486622099748383,0.01227656584632914
2021-08-03,0.011126040384261257,0.011197658496102915
2021-08-04,-0.005306572258585697,-0.0022006049912466916
2021-08-05,0.0053006466082068954,0.002967574915420142
2021-08-06,-0.01573712698098129,-0.011821014864945597
2021-08-09,0.003397592524181605,-1.135778949184948e-06
2021-08-10,0.011553985562593528,0.004408683092796246
2021-08-11,-0.00014130217945073666,-0.004397567009602518
2021-08-12,-0.0019601933271183774,0.00339915902095245
2021-08-13,0.013328176253521302,0.008418944565550228
2021-08-16,0.006809266668235133,0.007091797650477693
2021-08-17,0.008223718854853644,0.011144414992063582
2021-08-18,0.007565079510222171,0.006139795791142664
2021-08-20,0.0026845122191883177,-0.00022277555464164417
2021-08-23,-0.0003709458773303797,0.00047711900389711497
2021-08-24,-0.007249594291939206,-0.002355531922365826
2021-08-25,0.007405237200770795,0.010968919026922591
2021-08-26,0.00726902862067183,0.006475640427813358
2021-08-27,-0.0014553962841991732,0.0007776723741846851
2021-08-30,0.01082160938615508,0.010304094046928948
2021-08-31,0.0026691653158863555,0.007582970389155038
2021-09-01,-0.0020978062624977326,-0.0024189833578011745
2021-09-02,0.008701803979232325,0.011243904138989565
2021-09-03,0.005778407843314149,0.006160150880662087
2021-09-06,-0.0031959036326610402,-0.0008133011647456406
2021-09-07,0.001903481740362368,0.001420921037201082
2021-09-08,0.0016712873589115973,0.0034950045181775134
2021-09-09,0.015685445952768242,0.013035013610538545
2021-09-13,-0.0008258895315295231,0.00047550350077237767
2021-09-14,-0.024576938228114638,-0.01788790416815032
2021-09-15,-0.0047256458618600665,0.003321462055337374
2021-09-16,0.011043995198364152,0.007522227895608074
2021-09-17,-0.008036729529375054,-0.0020669267632660725
2021-09-20,0.0012968773216256036,-0.0015925142901492587
2021-09-21,-0.0008642913526513093,-1.367930257861142e-05
2021-09-22,-0.011711283819360112,-0.0081941226762415
2021-09-23,0.0006832158649425731,-0.0006137130417661914
2021-09-24,-0.0034906399811342817,-0.005320385990573957
2021-09-27,-0.006535664690757668,-0.008268123033618468
2021-09-28,-0.009292156890013427,-0.0027692437250916033
2021-09-29,0.00031726559294283595,0.0025862333397851027
2021-09-30,-0.0025270286588131127,0.002535636026760911
2021-10-01,0.019613467857425564,0.0104754543487344
2021-10-04,0.006961268970551831,0.0066327247009335
2021-10-05,0.002985372604020316,0.0035200268419407973
2021-10-06,-0.01811298203587486,-0.013550997726346728
2021-10-07,0.0021392574186894875,0.008190465730919342
2021-10-08,0.010397703253874239,0.008757110486848687
2021-10-11,0.01012806233846137,0.005509478848354154
2021-10-12,-0.0019431594837440956,0.001354438889058752
2021-10-13,-0.006655816533849341,-0.006239607687596786
2021-10-14,0.006290584616544971,0.005508893630146871
2021-10-18,-0.008142694636652242,-0.005332303357886295
2021-10-19,-0.007969168457605593,-0.00933528752672062
2021-10-20,-0.00032927168263054314,-0.009987695119276043
2021-10-21,-0.006424739672320445,-0.006366313194522477
2021-10-22,-0.011143708884735452,-0.0062195791419049065
2021-10-25,0.0020763344819314956,-0.00033902138117540516
2021-10-26,-0.006451439797589507,-0.0027751554709041946
2021-10-27,0.012890634494183022,0.011232687754132544
2021-10-28,0.005133139211627743,-0.0024427758225369725
2021-10-29,0.010752965008306711,0.0020423517900497916
2021-11-01,0.012677077239678218,0.01372923223324461
2021-11-02,-0.011856860732619623,-0.003967837131337907
2021-11-03,0.006077559260186267,0.0014193586558222475
2021-11-04,0.01026809932793636,0.009753589777673117
2021-11-08,-0.018515285824377652,-0.0043293900290051895
2021-11-09,0.008046389978186918,0.006838602336073245
2021-11-10,-0.015239971488812105,-0.009934428148214151
2021-11-11,-0.0025306798783664166,-0.002170689607624928
2021-11-12,0.0010433454415770729,0.0013835489138230672
2021-11-15,-0.0056449001581945135,-0.002650227676576085
2021-11-16,0.0005935941442399884,-0.001688994943896044
2021-11-17,-0.0028891938308740596,-0.004334883304939858
2021-11-18,-0.008356145739295604,-0.007269411829834874
2021-11-22,-0.00011829758777500842,-0.0054094194016988065
2021-11-23,-0.005362762863082767,-9.335154415414758e-05
2021-11-24,-0.010779250078060694,-0.008185250133737918
2021-11-25,-0.007294518159606088,-0.004360304998745751
2021-11-26,0.009533507911784422,-0.001305247207984872
2021-11-29,-0.004759460882966923,-0.0015208661806440206
2021-11-30,-0.006192829414767284,-0.0016539037199296987
2021-12-01,-0.015841372725315734,-0.012062060530771813
2021-12-02,0.002695483693224255,0.003604402378443654
2021-12-03,0.0006756900929161631,-0.004759967985419728
2021-12-06,-0.006554842527528881,-0.008605280961228224
2021-12-07,0.005693504514891587,0.006800452101594243
2021-12-08,0.003600510448191585,0.0026215059187482993
2021-12-09,0.006502160222439624,0.005480691498936692
2021-12-10,-0.007753303037620965,-0.0020475398957514727
2021-12-13,-0.010067340562202797,-0.0039780481688961615
2021-12-14,0.0010334873977046518,0.001896874788513316
2021-12-15,0.0018460611447757517,0.0009711293727290046
2021-12-16,0.0035002617983809392,0.0005211424851200092
2021-12-17,-0.005120919913844104,-0.0037013528816582
2021-12-20,-0.007703050716179707,-0.009714745656310989
2021-12-21,0.012372217400370747,0.012293499434185645
2021-12-22,0.007475823829222074,0.006766788297621097
2021-12-23,0.012047723543087339,0.008612346107278743
2021-12-24,-0.002548393435227116,-0.002333891018992326
2021-12-27,-0.001336368140932632,-0.0020246913894924543
2021-12-28,0.002652681710191547,0.006740474904257134
2021-12-29,0.011324755980963932,0.0070501032786441375
2021-12-30,0.013100550899364034,0.004825103583478109
2021-12-31,0.0030525074669631776,0.005111843394074727
2022-01-03,0.0039041103770004536,0.006072849099503781
2022-01-04,0.002169263324587151,0.003390023927868948
2022-01-05,-0.0022616991168612393,0.0016229715396828721
2022-01-06,0.0006241806407236525,-0.0016003098777078524
2022-01-07,0.005560108597920466,0.003968653065217304
2022-01-10,0.008780654032417602,0.0048438630465000455
2022-01-11,-0.0011077487670419852,-0.0006582769931521466
2022-01-12,-0.00514036274488194,-0.0005019033029862903
2022-01-13,0.001804163756115122,0.0017304854122538588
2022-01-14,0.0032501873653374078,-0.0011445216099583216
2022-01-17,0.005523874383337589,0.006048929037186127
2022-01-18,-0.006948570278675687,-0.008405511214105004
2022-01-19,-0.005866713110632735,-0.0069231494446577715
2022-01-20,-0.004105370940708337,-0.004667204357371902
2022-01-21,0.0019529604646541235,-0.003222349859727581
2022-01-24,-0.016457887972452786,-0.01927763211012192
2022-01-25,0.004484866394696342,0.004455509090539865
2022-01-27,-0.012237791551115052,-0.012439495844744476
2022-01-28,0.0007554244058674835,0.0014109222744512605
2022-01-31,-0.003273679149045605,0.0018190463526619796
2022-02-01,-0.005633148821548414,-0.002777517779551144
2022-02-02,0.010739231878374353,0.008105275359436122
2022-02-03,-0.007520615467498184,-0.006505368578304685
2022-02-04,-0.0028178276939166153,-0.004167864605887294
2022-02-07,-0.00960715566900835,-0.009166000665671883
2022-02-08,-0.008923896103920522,-0.007636045867591128
2022-02-09,0.01136701468327378,0.010628197532463156
2022-02-10,-0.005331146198378562,-0.0020166984124626777
2022-02-11,0.0071207112508309455,0.002487480532871288
2022-02-14,-0.014094198920876985,-0.013666370862808565
2022-02-15,0.0015442218004492535,0.0036010982482233746
2022-02-16,0.008522109271525082,0.006762228722375519
2022-02-17,-0.002342648276646204,0.0005199539578394963
2022-02-18,-0.009537264242313827,-0.008237241294138479
2022-02-21,0.0006469398337587725,-0.0013873643878758355
2022-02-22,-0.0016874814311124606,-0.0020692169275253144
2022-02-23,-0.002434081454762789,-0.005913497221558401
2022-02-24,-0.014036422433744538,-0.019982162401721765
2022-02-25,0.00217433900030489,0.008263057650580692
2022-02-28,0.023128758084269393,0.019055890459646282
2022-03-02,-0.00995727068442241,-0.009757789323916626
2022-03-03,0.006468515063863803,0.009030948185598547
2022-03-04,-0.017689851064491568,-0.016498416807897848
2022-03-07,-0.01377714936741447,-0.01605233130074625
2022-03-08,0.0018551209899262924,0.005784601344346639
2022-03-09,0.0036704301796347833,0.004414058638800525
2022-03-10,0.0048374059069196795,0.00600898083584191
2022-03-11,0.0034185894462464756,0.004086170871115471
2022-03-14,-0.006225755823407472,-0.0039225429119358855
2022-03-15,0.008498858381209003,0.007110241553079233
2022-03-16,0.002782859882648728,0.004649506630803755
2022-03-17,-0.0007775220391546163,0.0003817633504574605
2022-03-21,-0.005725365394793747,-0.002982283174106242
2022-03-22,-0.004800465032586635,-0.004726091149179644
2022-03-23,-0.01270545206804461,-0.010804848677700086
2022-03-24,-0.0062176689727953625,-0.0034207902102552827
2022-03-25,-0.002334270511532246,-0.003543195414105657
2022-03-28,0.0002802103407866323,-0.0011684156382521806
2022-03-29,0.002213738851995834,0.0026434820579032234
2022-03-30,0.01541162417019733,0.009815038499280586
2022-03-31,0.011186198956001694,0.010098042535123069
2022-04-01,-6.586897955679002e-05,0.0023008571529312583
2022-04-04,0.0030323047807379183,0.00522386181073921
2022-04-05,0.02542952396004435,0.01432914145342856
2022-04-06,-0.00019437796021618884,0.0005357392828828518
2022-04-07,0.01871938219318135,0.010533112910142783
2022-04-08,-0.0016046083715845426,0.005465551791851802
2022-04-11,0.003885592028670803,0.002807431986459401
2022-04-12,-0.0046277829592530385,-0.005969289798003584
2022-04-13,-0.0009692444865289158,0.001570224645409506
2022-04-18,-0.00954742211402417,-0.008508635106501983
2022-04-19,-0.024753023175600443,-0.01185544236710757
2022-04-20,0.027407711799596765,0.010769955248058655
2022-04-21,0.0011881353955373987,0.004689882560341898
2022-04-22,0.003382083907631088,0.003125902483715764
2022-04-25,-0.009823353505406536,-0.006702863410610428
2022-04-26,0.006044006739322832,0.007907273891274477
2022-04-27,0.005643494151341202,0.0009814626828478603
2022-04-28,0.018942445993579433,0.01246295757525393
2022-04-29,-0.005142636803316699,-0.005394481844112895
2022-05-02,0.011353401509225635,0.005456934585890154
2022-05-04,0.007938250531867001,-0.0018881475229016965
2022-05-05,0.004240407564053309,0.0027562722826114145
2022-05-06,-0.0191477515611393,-0.015568186901045541
2022-05-09,0.0010763069491782212,-0.0035239589262550343
2022-05-10,-0.00484314412313458,-0.007691479797958719
2022-05-11,-0.02471291758578329,-0.017532476170866302
2022-05-12,-0.013623390931028592,-0.013092599906188863
2022-05-13,0.015420789868401556,0.008100544855367825
2022-05-16,-0.017391980541073254,-0.009016490343993183
2022-05-17,0.009251855934201334,0.009275721609568554
2022-05-18,0.006526493415550535,0.008241363038800124
2022-05-19,-0.019029486917543147,-0.01848246297743239
2022-05-20,0.007316276007386978,0.009628633523459794
2022-05-23,0.0033145726708537007,-4.668747780905795e-05
2022-05-24,0.0004976300987625243,-0.000888744397518563
2022-05-25,0.00024297208031292573,-0.004046656254840938
2022-05-26,0.01178201839750237,0.004832738863758431
2022-05-27,0.009743623329422519,0.014326182156076653
2022-05-30,-0.003423153125456061,0.00015213986701299116
2022-05-31,0.008818218010296761,0.0011291540802582795
2022-06-01,0.0037071487077877416,0.007348731453892985
2022-06-02,0.0011393506519287726,0.004997998922644345
2022-06-03,-0.008160888521280548,-0.006970859036147252
2022-06-06,-0.005992689444406786,-0.0038937157620195758
2022-06-07,-0.01803311046512955,-0.012579847141677113
2022-06-08,-0.011166438964849017,-0.0096669780635675
2022-06-09,-0.00205452193508519,-0.00041634664858834915
2022-06-10,-0.003966117346067807,-0.005666586702074139
2022-06-13,-0.005828125958125209,-0.004579255469905992
2022-06-14,0.0009341606928416129,-0.00011122011760200799
2022-06-15,-0.004828532018919676,-0.0021774973652130903
2022-06-16,-0.008392424025195213,-0.011706753019964343
2022-06-17,0.0027664270931049826,-0.005724372155613729
2022-06-20,0.019739938018569877,0.019265621593498438
2022-06-21,-0.009112164908781318,-0.00501938130558258
2022-06-22,-0.008501346739281736,-0.005988411696370056
2022-06-23,0.011743222345308564,0.010085271904247198
2022-06-24,-0.00652874056785409,-0.0031647187995338757
2022-06-27,0.0013233087501165932,0.003943082923798843
2022-06-28,-0.0006952337855194062,0.00169430519884737
2022-06-29,0.00693974438300725,0.006714466323420076
2022-06-30,0.012206216603280964,0.007484570732972227
2022-07-01,-0.00024661304810571653,0.0018842679887189702
2022-07-04,0.012891202129229586,0.01075929031279517
2022-07-05,-0.0020771076410595756,0.0018367735547439982
2022-07-06,0.013184924978932519,0.014626472523975372
2022-07-07,-0.004877456048446802,-0.0032965197688514278
2022-07-08,0.01268595423923888,0.011447454073120174
2022-07-11,0.0024157006460321403,0.0019400514931878438
2022-07-12,-0.00759771238124848,-0.008696566080304334
2022-07-13,0.01514884599628894,0.01053538493850063
2022-07-14,0.005617401162250949,0.005615964191529346
2022-07-15,0.008625427928995453,0.00721067059612892
2022-07-18,0.00822259238936697,0.008979216598545434
2022-07-19,-0.003393029552916426,-0.0013827968927771753
2022-07-20,0.007900783862536646,0.0050793450900629596
2022-07-21,0.007523689813944532,0.009048487151396514
2022-07-22,-0.005771508118974496,5.786644175300075e-05
2022-07-25,0.00124416179076812,-0.001891874799439563
2022-07-26,-0.0009062518188558872,-0.0034846667724820358
2022-07-27,0.0009803899731977061,0.0021160228057627906
2022-07-28,1.9547252970031473e-05,-0.0007778831159818739
2022-07-29,0.019931743967362747,0.014048736741246641
2022-08-01,-0.009483103092790306,0.0040645341119921454
2022-08-02,0.012405437401668823,0.010905429211224052
2022-08-03,0.0029335190728498337,0.0028184061384457604
2022-08-04,-0.0034243737563325965,0.001303245604434561
2022-08-05,0.004208816518459307,0.00020547742564363213
2022-08-08,0.0020100095923560077,0.0038766079742714667
2022-08-10,-0.00400116650972125,-0.0027414717651074068
2022-08-11,-0.010934092360706171,-0.009564729058638971
2022-08-12,-0.00030146472198763145,0.0007141135811816603
2022-08-16,-0.0016033431185909868,0.00046405275007503204
2022-08-17,-0.0010278296370715549,0.0036211031024143375
2022-08-18,0.0036733975638101766,-8.440358835956e-05
2022-08-19,0.0030186299106054484,-0.000948728982203259
2022-08-22,0.0003348104297234214,-0.0006948986052458105
2022-08-23,-0.007537882608158973,-0.0020752570889817894
2022-08-24,-0.00033637683770393746,0.002428556819818729
2022-08-25,-0.003958498738727064,-0.003854842413149894
2022-08-26,-0.006463833401459543,-0.00447654845122656
2022-08-29,0.00036245267173061566,-0.0024485153886979055
2022-08-30,0.0208517779542182,0.014641865146769512
2022-09-01,-0.0037683783604295553,-0.0068565078837176125
2022-09-02,-0.0044416978301034206,-0.0075825575171340415
2022-09-05,-0.003600139209080893,-0.0020908922737312343
2022-09-06,0.0030302658762798103,0.005460396364995405
2022-09-07,-0.004209787491255489,-0.0004248599044409921
2022-09-08,0.0031836885842937927,0.0016269092004479282
2022-09-09,-0.0012060446195096338,0.002700706008244305
2022-09-12,0.0010249417887433043,0.0009522573520949031
2022-09-13,0.006536109203748662,0.004520508929027484
2022-09-14,0.010348996463949585,0.005438200323488419
2022-09-15,0.009656913404498346,0.003579395474506804
2022-09-16,-0.028072119946288145,-0.02540800282514668
2022-09-19,-0.0029135997588046096,-0.0028751642359454597
2022-09-20,0.01659875158305933,0.01936072083129221
2022-09-21,0.0007431879929181897,0.004090496237897665
2022-09-22,-0.014449804274131632,-0.009397856218323472
2022-09-23,-0.016551241074592857,-0.010810020450281841
2022-09-26,-0.002512491522054465,-0.003868173948971803
2022-09-27,-0.002985682581189677,-0.00038895324039765484
2022-09-28,0.007076328109504459,0.004236741960494912
2022-09-29,0.009986869516123157,0.004721879072878151
2022-09-30,0.018358668359816213,0.013691970219504612
2022-10-03,-0.0019619299661088534,-0.0010376406636784289
2022-10-04,-0.003443955557426217,-0.001119811888075367
2022-10-06,-0.00707646922761993,-0.010546571696094544
2022-10-07,-0.00175190632263309,-0.004033135589511561
2022-10-10,0.012057932183115551,0.003227750799545125
2022-10-11,-0.0016972357287550947,-0.0025801808719773545
2022-10-12,-0.00010261949177120685,0.0037102852787630975
2022-10-13,-0.011900300547631425,-0.007189129803238649
2022-10-14,0.0013480541166720832,-0.0006962291300416592
2022-10-17,0.011178117804210106,0.008023255411629612
2022-10-18,0.01764800996264213,0.013065738465907854
2022-10-19,0.0011086934354964063,-0.0013385261945980612
2022-10-20,0.0003028226099998281,0.004338578577479856
2022-10-21,0.0027868777889605923,-0.0020495842997052633
2022-10-24,0.0015928533308865612,0.0024711798926170016
2022-10-25,0.00127197556809696,0.0022880657541934956
2022-10-27,0.00400566335353501,-0.0005259677320610788
2022-10-28,0.0019445455924649141,0.002344503668093291
2022-10-31,0.015930478543186494,0.011314832260149644
2022-11-01,0.004282712600656519,0.004703223778870745
2022-11-02,-0.00630843863427826,-0.0033692792108530175
2022-11-03,0.0075694083583821665,0.002855529092532511
2022-11-04,-0.009562113059686702,-0.007461740749224679
2022-11-07,-0.009307620596138107,-0.007873216466466784
2022-11-09,-0.0012872563374707426,0.002072015509119486
2022-11-10,-0.0033577843857137755,0.0006265811239458146
2022-11-11,-0.0074095385711271024,-0.009679207223218241
2022-11-14,-0.01523235974209327,-0.011787699788346997
2022-11-15,0.009427050763390664,0.007514624427170726
2022-11-16,0.013822290524257003,0.009099394537481055
2022-11-17,0.008534401887111435,0.0043946110365825075
2022-11-18,-0.0015322055272042295,-0.0012746468294548524
2022-11-21,0.007829426188989777,0.005949692652953284
2022-11-22,0.013834849390560969,0.008669267721689258
2022-11-23,0.00034853840766210363,-0.0012448835069887192
2022-11-24,0.002305323871483564,0.006251053543816774
2022-11-25,-0.00536124763410307,-0.006208477164409093
2022-11-28,0.008055909636835211,0.009007496520113045
2022-11-29,-0.00033505653035238194,0.0021557690795868546
2022-11-30,0.0071863958626093415,0.00792540265958777
2022-12-01,0.0030892077248470874,0.001568415114930993
2022-12-02,-0.007409426484259025,-0.004987940373475378
2022-12-05,0.0008473399093718141,-0.0047987607392919905
2022-12-06,-0.005335491578872093,-0.005777676554246995
2022-12-07,-0.0013057064523358487,0.003402607804270849
2022-12-08,0.007194074763037709,0.00502779018790605
2022-12-09,0.000892713661503925,0.0023934055763336188
2022-12-12,-0.00584867067493137,-0.007113113086841682
2022-12-13,0.01576216296665291,0.010505302678901764
2022-12-14,0.01226837233678231,0.005247557381030317
2022-12-15,-0.017350602484002813,-0.013316124031464134
2022-12-16,-0.008606709187390238,-0.006103927285383631
2022-12-19,0.014847055471011724,0.011120347540817978
2022-12-20,0.0018695541497437105,-0.0011800992946064933
2022-12-21,-0.009395357225984731,-0.00789512959041732
2022-12-22,0.0032409741877592736,0.0035167458370698444
2022-12-23,-0.006368675283296358,-0.008221712342838156
2022-12-26,0.0023894566081629313,-0.00026337534081702894
2022-12-27,-0.0006035952401942479,-0.0011797523209131082
2022-12-28,0.00441328632776492,0.0015763908693837143
2022-12-29,-0.004097445091914721,-0.004912373201901374
2022-12-30,-0.009626477375653369,-0.00494345186217193
2023-01-02,0.009104446335761834,0.0010379177355375761
2023-01-03,-0.009888673676718081,-0.0011678834244068428
2023-01-04,0.005398375845884872,0.00409177078643571
2023-01-05,0.018882699359455822,0.013740267335336828
2023-01-06,0.009661508871408469,0.005414738221488485
2023-01-09,0.010492063271033693,0.006456865657681961
2023-01-10,-0.008829219772107802,-0.008136224264786131
2023-01-11,-0.0095052413140858,-0.007928013793240206
2023-01-12,-0.001741314698643212,-0.0003778388236314141
2023-01-13,0.009595912299946498,0.006106381876780279
2023-01-16,0.005019647755130058,0.0010490827362792691
2023-01-17,0.004252236466469151,0.0031913061085378515
2023-01-18,-0.006800187600765144,-0.005366838908775642
2023-01-19,0.01261289911845908,0.006299467980246086
2023-01-20,-0.0060002286346599425,-0.006452330448690624
2023-01-23,-0.013629320649694817,-0.011606933208281087
2023-01-24,-0.008353665813411378,-0.005175241374175852
2023-01-25,-0.00205811216841151,0.0009171206745439196
2023-01-27,0.009015017967979195,0.005974327615593397
2023-01-30,0.014062674165685003,0.004096084042241173
2023-01-31,0.005473701013784401,0.003853846967101839
2023-02-01,0.018211688846527695,0.014392935670369807
2023-02-02,0.023653445028227547,0.01594368690271222
2023-02-03,-0.002738517124644473,0.004034575944636155
2023-02-06,-0.003956173416371212,-0.001098422873800523
2023-02-07,0.00780837777050207,0.005295480636679618
2023-02-08,-0.012922705782896029,-0.008223059691618727
2023-02-09,-0.006708727879999683,-0.008350456868292336
2023-02-10,-0.005502838363251676,0.000880944271426437
2023-02-13,0.0010982540898943603,-0.004899910703345738
2023-02-14,-0.008608233877164176,-0.005823848875613457
2023-02-15,0.004591137708057104,0.0024463707046929856
2023-02-16,0.0037858508641735425,0.004746590119697972
2023-02-17,0.0009203344182354713,0.0011443772837846401
2023-02-20,-0.014309440366040054,-0.009624238315537628
2023-02-21,-0.0003842846705360901,0.00025971312879333994
2023-02-22,0.008072326699549088,0.005022663150651632
2023-02-23,-0.00419423835808305,-0.0033621485783403965
2023-02-24,0.006759683162491508,0.004402819785036032
2023-02-27,0.002335576756977401,0.0021561030705964618
2023-02-28,-0.012705453787409473,-0.01135650330286739
2023-03-01,0.0005387826934365315,0.0023059457357881407
2023-03-02,-0.008450538710558696,-0.0052150106941369415
2023-03-03,-0.0021968490971690795,-0.004214434379070954
2023-03-06,0.00043300628549695474,0.0032338922014744174
2023-03-08,-0.011547122203590072,-0.007845454331168041
2023-03-09,-0.005560239570746407,-0.0026937816545201153
2023-03-10,0.0005623917876070882,0.0007061352189976695
2023-03-13,-0.002971677539346766,-0.005003192868247795
2023-03-14,-0.0008524208864561919,-0.007242614064195673
2023-03-15,-0.003737115689263472,-0.0031805980477490363
2023-03-16,-0.011795664076785924,-0.006150310377163057
2023-03-17,-0.0006096531855381323,-0.003640935991279205
2023-03-20,-0.001495713370560218,0.003696314158198741
2023-03-21,0.008547028758281817,0.007536017317562839
2023-03-22,0.0007048093476167405,0.0015394135957743985
2023-03-23,0.005481265614735359,-0.0003866473257182857
2023-03-24,-0.0035959425217782365,-0.0009419198900186921
2023-03-27,0.00039124967145192063,-0.0011353498460883063
2023-03-28,0.009651375798095328,0.007025346961916601
2023-03-29,0.00127483706133756,0.0032198982040214197
2023-03-31,0.012814951277168913,0.013183541614573215
2023-04-03,0.019508406475883835,0.009539139842356893
2023-04-05,0.007339770674708012,0.0055083468213082505
2023-04-06,-0.002699698305968147,-0.0024319329524823408
2023-04-10,-0.024293757544442008,-0.009772717211878855
2023-04-11,0.008678062941347847,0.005819858829124995
2023-04-12,-0.0008181185927930718,-0.0009015429613914716
2023-04-13,-0.0042191732881724725,-0.004448378073964689
2023-04-17,0.00564259447340106,0.0017785887347488804
2023-04-18,-0.0009621963241966539,0.0010835710942044114
2023-04-19,0.008291280397053718,0.0021763489496093944
2023-04-20,0.00824375331612711,0.001933987862581601
2023-04-21,0.015142262966501088,0.011085791304769124
2023-04-24,0.00021843887727909355,-0.001324802174058216
2023-04-25,0.010349192956686546,0.003917730704025006
2023-04-26,0.017186454266605047,0.014429146791791934
2023-04-27,0.010803163541528393,0.01091126163083681
2023-04-28,0.01120555663676171,0.008336156963969494
2023-05-02,-0.017564184836077745,-0.00938364140292267
2023-05-03,-0.0004440056116569392,0.0004840454234892078
2023-05-04,0.0038028939339549797,0.005415089637206611
2023-05-05,0.01690754021643694,0.011098921985868739
2023-05-08,-0.0026321636774376154,0.0012406575474749855
2023-05-09,-0.004969526804460366,-0.0027985141805399088
2023-05-10,0.008512412421599698,0.007828995959638027
2023-05-11,0.010447465489239822,0.010478733267769927
2023-05-12,-0.0032081714503419253,-0.004561300316214965
2023-05-15,0.003048223500219152,0.003781074909512043
2023-05-16,-0.0034481728150396046,-0.003821444130845836
2023-05-17,-0.0023083754763421685,0.00010062868188245188
2023-05-18,-0.0043312656621116215,-0.00038517003823959053
2023-05-19,-0.011930215251158373,-0.009062880385852392
2023-05-22,0.004518761176921066,0.004615050181474946
2023-05-23,0.014540686283267993,0.007157825431306812
2023-05-24,-0.0027033595220382753,-0.0033864884184990262
2023-05-25,0.006125698371431999,0.006725450602676563
2023-05-26,0.008487146350876596,0.010507701080252046
2023-05-29,0.009931344255568979,0.006525139540902562
2023-05-30,0.003926087375325815,0.0012653782813215639
2023-05-31,-0.009470749621577915,-0.0034226911346167113
2023-06-01,-0.005316560737475706,-0.0023732027149194744
2023-06-02,0.0017603003371917216,0.0038908810977493734
2023-06-05,-2.5224371980642697e-05,-0.0019767519899609744
2023-06-06,-0.004606469890480036,-0.002050364742902805
2023-06-07,0.021034473870641304,0.015811829254375326
2023-06-08,-0.00992978341269435,-0.005014695417428818
2023-06-09,-0.0061867936725925835,-0.005858351789441106
2023-06-12,0.009171773708827635,0.008801410316589275
2023-06-13,0.007695861595488988,0.010754392773217502
2023-06-14,0.008561093406916537,0.005816696391450115
2023-06-15,-0.0038700412609987455,5.4128554255008745e-05
2023-06-16,0.015786726054466186,0.011960918832749051
2023-06-19,0.004041954610137566,0.006038196768018492
2023-06-20,0.0027296879334685374,0.004507511595398769
2023-06-21,0.0001693812104115549,0.002322818025675354
2023-06-22,-0.005647951692016187,-0.003577888650682677
2023-06-23,-0.00496552595940917,-0.006006610574289663
2023-06-26,0.00716733851405029,0.008871069093859667
2023-06-27,0.005687600916361991,0.0027510342407820604
2023-06-28,0.0011655380627041587,0.001309367692228385
2023-06-30,0.0001018295036538265,0.0018130461256253441
2023-07-03,0.0031310297981050885,-0.0003127922111572117
2023-07-04,0.00530650762697877,0.0054902789903705
2023-07-05,0.008730842858043987,0.009048611944719459
2023-07-06,0.01232520919381854,0.008832639893414826
2023-07-07,-0.012971260500699492,-0.009451041260692019
2023-07-10,-0.008262746980714065,-0.005050011155145509
2023-07-11,0.004267814804270034,0.009051209625431707
2023-07-12,0.008469778353683961,0.00874553620638067
2023-07-13,-0.005013168823420632,-0.0038815344141827977
2023-07-14,-0.0007642488255373951,0.0017678962102077602
2023-07-17,-0.001230706886577516,0.002735000794227231
2023-07-18,-0.004471103193843204,-0.0012968055313575912
2023-07-19,0.0014680043734155918,0.0026188138656621177
2023-07-20,0.007180794906155266,0.0032818175745185276
2023-07-21,0.004828488270577474,0.002758239983579258
2023-07-24,-0.01143551346391526,-0.006021288051527995
2023-07-25,-0.010235192662860894,-0.0025550851028676284
2023-07-26,0.005763067029647088,0.0027246078912043148
2023-07-27,0.007843380195318883,0.0056289287562290725
2023-07-28,0.005399985176087073,0.004280260991047953
2023-07-31,0.007601993880310456,0.0053206216551230645
2023-08-01,0.0030958446373926135,0.002657238150148298
2023-08-02,-0.004708861993038805,-0.0072325298492688424
2023-08-03,-0.01183829769087613,-0.007352821251298425
2023-08-04,-0.008842526131954105,0.0005230157981938272
2023-08-07,-0.0033052939297804835,0.0013799252961226576
2023-08-08,-0.0025285613307413825,0.000977128259550691
2023-08-09,-0.003252212437389023,-0.0009813518006282686
2023-08-10,-0.0037785727574484126,-0.005487929444684691
2023-08-11,-0.0009246326225645995,-0.0012622658262786929
2023-08-14,-0.004153806841572023,-0.004399539415515722
2023-08-16,0.004214502752607793,0.0018512050972405237
2023-08-17,0.002192282302572793,0.0021282731458552953
2023-08-18,0.0038813706151592524,0.002561953284391842
2023-08-21,0.004359582281149169,0.004439064435597186
2023-08-22,-0.0022594507428573725,-0.0007574694173889782
2023-08-23,-0.006396282067034192,-0.0008656360819397273
2023-08-24,0.002874991363459021,0.0011821441538961974
2023-08-25,-0.0021904909731711624,-0.002321768759319022
2023-08-28,0.0011575313011334663,-0.00031171516896961603
2023-08-29,-0.0005448048022052406,0.0029222724144694315
2023-08-30,-0.011726932977350751,-0.005821815405865714
2023-08-31,-0.0003204695543108087,0.0003032057333884492
2023-09-01,-0.0004305746368802141,0.0031184673304398627
2023-09-04,5.293736152137791e-05,-0.0005516950860684876
2023-09-05,0.004059749643765507,0.008944951932279389
2023-09-06,0.010650097522306091,0.005997813717464397
2023-09-07,0.013321574745304656,0.006991374655962236
2023-09-08,0.0012380505026871073,0.0018479213566083928
2023-09-11,0.0014106524411645303,0.003941511246296793
2023-09-12,0.002241766708325373,-0.0038424533283612805
2023-09-13,0.009455479102621725,0.004028287791403366
2023-09-14,-0.004816795047697664,-0.0018203346657123332
2023-09-15,0.0009735016697558125,0.003316503634901461
2023-09-18,-0.003343055668387428,0.0013106570421340443
2023-09-20,-0.002905748330559844,-0.0033698138325819276
2023-09-21,-0.00744619420726466,-0.006879374404211422
2023-09-22,-0.007902238829482633,-0.006848909819845408
2023-09-25,0.004227421623359286,0.002744107762883922
2023-09-26,-0.002467228667783629,0.0006906881690331625
2023-09-27,0.0021330275221312462,0.005184898813103506
2023-09-28,-0.009415707214093556,-0.009098918877521863
2023-09-29,-0.0025747745120632617,0.001376753967944248
2023-10-03,0.0015947578082786626,0.000854983533303049
2023-10-04,-0.011036852720961492,-0.00905044080420022
2023-10-05,-0.004732484332063003,-0.0007113307781763878
2023-10-06,-0.006524842668834357,-0.0016850456609024574
2023-10-09,-0.002538085110429518,-0.002150654208289517
2023-10-10,0.00617023733579882,0.001848062487624684
2023-10-11,0.00036524834256947494,0.003289136024004506
2023-10-12,0.007849029959352162,0.0065229594977829946
2023-10-13,-0.006518996570180924,-0.001636531780856727
2023-10-16,-0.009317681579121228,-0.004424836650790401
2023-10-17,0.00920560802614516,0.006711158400911489
2023-10-18,0.010816406625220638,0.0033203341550566744
2023-10-19,-0.005556014437464212,-0.0018799390881045312
2023-10-20,0.007876154256989771,0.004314376472968759
2023-10-23,-0.019123413742553656,-0.015369335214172164
2023-10-25,-0.0072959396051032865,-0.009732354836671104
2023-10-26,-0.01448310715562002,-0.013320486235302745
2023-10-27,0.01970585401894864,0.01589054863310304
2023-10-30,-0.005278986335818489,-0.0013252041617985294
2023-10-31,-0.005252878067270938,-0.0011719120556077866
2023-11-01,0.0006744662567020735,-0.0013901537463676303
2023-11-02,-0.00107779403525383,0.002177842292762638
2023-11-03,0.008658838093543366,0.00814964543988274
2023-11-06,0.020612731435706418,0.013773673363831894
2023-11-07,0.010767533594302945,0.005965790260091735
2023-11-08,0.0034701528002767305,0.0037423511999487204
2023-11-09,-0.016329226198879956,-0.0069870727578094415
2023-11-10,0.0007254082185680681,0.00045392461799959006
2023-11-13,-0.0024835051254933887,-0.002031997911716781
2023-11-15,0.006492373664149163,0.0038388111722953613
2023-11-16,0.0008077478073634054,0.003994090328586223
2023-11-17,-0.006478060196025648,0.0012939121430066407
2023-11-20,-9.464640188884153e-05,0.0013893343261241636
2023-11-21,-0.004250476527794978,-0.00037233676663354595
2023-11-22,0.015396745318204673,0.01089478511769077
2023-11-23,-0.0028038614520223323,0.0006166419803664521
2023-11-24,0.012576022603645768,0.007355346405265524
2023-11-28,0.0036847725128409782,0.0028197215129162462
2023-11-29,0.012188564893283842,0.009657025629058963
2023-11-30,0.015178821344842084,0.01106583182935884
2023-12-01,-0.0014040529921571093,0.003608995262349844
2023-12-04,0.013169208557435922,0.012371781424581771
2023-12-05,-0.010461048458182557,-0.0012322303925146728
2023-12-06,-0.001939911717174044,-0.0028832158066143094
2023-12-07,0.008965966750947841,0.0011994980412188489
2023-12-08,-0.004429138582120119,-0.003958532455349845
2023-12-11,0.00866404288445953,0.003779338397994685
2023-12-12,-0.004405355323196714,-0.005563215425430382
2023-12-13,0.003510921579349887,0.002851316343910457
2023-12-14,-0.002066914024341674,0.0014098395905035215
2023-12-15,0.006207182107381525,0.003070488799976524
2023-12-18,-0.007019268147409374,-0.0031270499241839883
2023-12-19,0.001826001212107256,0.0008449904774719748
2023-12-20,-0.002808510757249049,-0.008777900786058153
2023-12-21,0.0012943251393837348,0.0014734554832239854
2023-12-22,0.006614893383364566,0.006101254388931095
2023-12-26,0.0062225876447784345,0.004177840729084636
2023-12-27,0.007754806369779609,0.0059556542100304265
2023-12-28,0.008727274857679724,0.008151927286614824
2023-12-29,0.0021279155389779926,0.0034514365376485147
2024-01-01,0.012497436297009881,0.005886568872334261
2024-01-02,-0.0004070029014753317,0.0021300477545175417
2024-01-03,0.0007991416840868385,-0.0007372382048922797
2024-01-04,0.002676855866516956,0.0011235730503953451
2024-01-05,0.0021833375133776074,0.003888132938022381
2024-01-08,-0.0092677077770988,-0.008318276294502673
2024-01-09,0.0014313402572142476,0.0020306893213482176
2024-01-10,-0.009395865191847307,-0.003882484309245771
2024-01-11,-0.0032902145462436225,0.0020478774502564532
2024-01-12,0.005239703450489257,0.006177262397755008
2024-01-15,0.006801630681474545,0.004380509687124447
2024-01-16,-0.003555131181587623,-0.0006255192254946848
2024-01-17,-0.011339958657497776,-0.010855126451959591
2024-01-18,-0.0073172603745366915,-0.005909444226484884
2024-01-19,0.012557938459862573,0.008499807340687381
2024-01-23,-0.010038573580290464,-0.014704853128358576
2024-01-24,0.0034387997226835183,0.007809674766518795
2024-01-25,-0.030509438129223656,-0.02024949155633037
2024-01-29,0.007294209380811553,0.008022454688130717
2024-01-30,-0.013395999294154694,-0.0056624286908232525
2024-01-31,0.02187171185056795,0.013756608485899265
2024-02-01,-0.0042463404154311326,-0.00428189790888854
2024-02-02,0.008019307459953502,0.0067850802759236205
2024-02-05,-0.005036465652177918,-0.0030429814552850516
2024-02-06,0.011553189484889212,0.006975180426447139
2024-02-07,0.020629835810399007,0.010987997550146754
2024-02-08,-0.00926459355616292,-0.010129241335775068
2024-02-09,-0.008681776728821408,-0.0015984722722519218
2024-02-12,0.013089865723853822,0.0047732022645812396
2024-02-13,-0.007032831990899692,-0.002179023015525006
2024-02-14,-0.003000388246445268,0.00045307930052777086
2024-02-15,0.01953805804565166,0.007281544820549223
2024-02-16,0.006187325113025364,0.013935707353083542
2024-02-19,0.024090100358138678,0.011834827195318792
2024-02-20,-0.0020017650275352614,-0.004596797551183491
2024-02-21,-0.004853307214887596,-0.004851261544106851
2024-02-22,0.0012317254107225702,-0.0010321538033871973
2024-02-23,-0.0040725764042117,0.0022065816575344275
2024-02-26,-0.0031436499116593466,-0.0024217494947845783
2024-02-27,-0.00812248370469826,0.0020569900518054743
2024-02-28,-0.0070749505635897035,-0.00791682925075184
2024-02-29,-0.0006007574971168112,0.0008808337474922833
2024-03-01,0.00955939890804136,0.008435339179938668
2024-03-04,-0.005455673799872904,-0.002801584291097102
2024-03-05,-0.008626396228540991,-0.005896955379078575
2024-03-06,0.0030831832586712886,0.0033263803694368057
2024-03-07,0.005523275597598038,0.001910649914550579
2024-03-11,-0.0036149672927842085,-0.0018530293017577561
2024-03-12,0.0015610381638396372,-0.0050540237851586164
2024-03-13,-0.011358287835418096,-0.015685005907469105
2024-03-14,0.005557333742345218,0.01099879652592455
2024-03-15,0.005390992341926532,-0.0006981714880928105
2024-03-18,0.007341736206811795,0.00350857252340328
2024-03-19,-0.00922262209043255,-0.010019260110470926
2024-03-20,0.0005801147933043043,0.0007682208210705873
2024-03-21,-0.0004239297700012906,0.010240992100869463
2024-03-22,0.0030202186349502598,0.0044065230903281485
2024-03-26,-0.001234347615720398,0.0011608247652156727
2024-03-27,0.004089447560599473,0.0023817690455896594
2024-03-28,0.018877882560375814,0.01290570023684688
2024-04-01,0.006327273769050919,0.0036008608048071176
2024-04-02,0.005930148441700413,0.0035358233984746456
2024-04-03,0.010111287818684629,0.003554308690354273
2024-04-04,-0.0031821660367770226,-0.004043023960740287
2024-04-05,0.0021861530083315556,0.0026695279951448173
2024-04-08,0.017124630033824646,0.009768717728477856
2024-04-09,-0.004151622441424284,-0.007414185587959313
2024-04-10,-0.008127140615489395,-0.0003409940974360299
2024-04-12,-0.0017612154418046326,-0.00515168052352347
2024-04-15,-0.0018052786060872472,-0.0046878386993597235
2024-04-16,-0.0029181151448545756,0.00020822689792645833
2024-04-18,-0.00023127215893216607,-0.001647933156865089
2024-04-19,-0.005252641724696302,0.0015591333609133466
2024-04-22,0.01032701453860655,0.009104368770004033
2024-04-23,0.010662474805894807,0.007647145962078829
2024-04-24,-0.0007003112971424757,0.005007659364633805
2024-04-25,0.003021505963841941,0.0037249860087198404
2024-04-26,0.00048065434229291917,-0.002462950437687497
2024-04-29,0.01177740280189118,0.009800156475719768
2024-04-30,0.0016585623656621242,0.0037118355923954987
2024-05-02,0.008713965678753096,0.005826696288985855
2024-05-03,-0.007356157993176545,-0.002059231501982224
2024-05-06,0.0047831305497473674,0.0013928534569504294
2024-05-07,-0.0059593792475336384,-0.0028910865331706944
2024-05-08,-0.0018754240038732278,-0.0003112391643703031
2024-05-09,-0.005337531732949062,-0.008466359303116053
2024-05-10,0.016174840803092158,0.010751105117538597
2024-05-13,0.01371920223017776,0.013960767869896864
2024-05-14,0.007089149982322627,0.0007108982561745256
2024-05-15,0.006314641654199443,0.0064257292988128475
2024-05-16,0.02536939999562759,0.018075448455845286
2024-05-17,-0.0005621247951916107,0.003582681184610142
2024-05-21,0.0030386337658175728,0.0022972029742329035
2024-05-22,0.006461239185536942,0.0035397960785850347
2024-05-23,0.009632143639016823,0.007262592528845733
2024-05-24,0.0037726931684325168,0.0028680012698814174
2024-05-27,0.002557650421175481,0.0011761392877442354
2024-05-28,-0.007806530698142203,-0.0019857373457202163
2024-05-29,-0.0002623976772487533,-0.001412504602734755
2024-05-30,-0.006615917351392389,-0.005863555474267253
2024-05-31,-0.016403423991021394,-0.007849829904824959
2024-06-03,0.018019055558193615,0.015718532604841365
2024-06-04,-0.014150146779304573,-0.012461495972493686
2024-06-05,0.02348440664060349,0.032561248534545804
2024-06-06,0.004676801897818005,-0.00026775427667561204
2024-06-07,0.024435646340845836,0.02486187837866577
2024-06-10,0.008187024577252944,0.008656526666798529
2024-06-11,-0.004743340432920848,-0.001081767621198466
2024-06-12,-0.00044153649883065557,2.5263235182748363e-05
2024-06-13,0.0025780337795898774,0.0023139778428006765
2024-06-14,0.005320032823027249,0.005689591132476059
2024-06-18,-0.01025765349921663,-0.004342228790235062
2024-06-19,0.007944535409294039,-0.005713845546448215
2024-06-20,-0.006092311773108739,-0.005009078512305867
2024-06-21,0.0010351548239326124,0.0008879963841050137
2024-06-24,0.007001386181018565,0.006180464275289449
2024-06-25,-0.005338488093962827,-0.0009722061241496317
2024-06-26,0.0004017339115051868,-0.0024546694278968855
2024-06-27,0.0021896854356130875,-0.001757498401657626
2024-06-28,0.002558292332351138,0.005967868876222873
2024-07-01,0.01549056753920277,0.01241046980828348
2024-07-02,-0.0018340338853468584,-0.007915184824788622
2024-07-03,0.00192672955112578,-0.0012139361085784202
2024-07-04,0.027503705903083313,0.01346086885960045
2024-07-05,0.0028314589320609764,0.00502837715523434
2024-07-08,0.009403064211749745,0.0020389861401039215
2024-07-09,0.009522359547732801,0.008419878940467782
2024-07-10,-0.009506640094767066,-0.005914321185683744
2024-07-11,0.004874358657686596,-0.004438400407889691
2024-07-12,-0.008385177201301481,-0.0038505322491236417
2024-07-15,-0.007358881532405241,-0.0018732208892721296
2024-07-16,0.010093680574529727,0.009535141108650823
2024-07-18,-0.007722625530415789,-0.006149325632042622
2024-07-19,-0.00950522152267657,-0.015512598944812364
2024-07-22,0.002408377146339152,0.0038489626496217683
2024-07-23,0.012743866901032852,0.010204856421821586
2024-07-24,0.009489939773858898,0.001382687946290997
2024-07-25,0.0015549047947032231,0.005055207339912331
2024-07-26,0.004508476977986314,0.009393486858931984
2024-07-29,0.006965272844563135,0.00043443941326424043
2024-07-30,-0.005815285146207736,0.00023211939366229778
2024-07-31,0.006367846682689673,0.007293429525482938
2024-08-01,-0.011170316005218903,-0.0012481558893403502
2024-08-02,-0.007471584355485416,-0.009797171725699489
2024-08-05,-0.01872843191238651,-0.01829341543065553
2024-08-06,-0.003359071764867762,-0.0003406694782057489
2024-08-07,0.020160023783598487,0.014876475874696258
2024-08-08,-0.0013723862263511626,-0.006145397910165687
2024-08-09,-0.0021154602232886497,0.0009365252790439775
2024-08-12,-0.0016194590559516148,-0.003822501367510515
2024-08-13,0.0049697569345002485,0.005419706259752387
2024-08-14,0.002554664617220079,-0.001584263866633869
2024-08-16,0.012382110873330519,0.01969748786944849
2024-08-19,0.0020400072112610043,0.00013082582861287937
2024-08-20,0.0009079680644203004,0.0061191490520712075
2024-08-21,-0.004695500324172558,0.0004893194445277074
2024-08-22,0.011613830808555728,0.009165481474291184
2024-08-23,-0.004664405750671606,-0.0019596240955994785
2024-08-26,0.0021946566267247165,0.003351136209278971
2024-08-27,0.004937633604799874,0.006088535655507266
2024-08-28,-0.003834586988067981,-0.00015489886720173208
2024-08-29,-0.0021883333752060574,-0.00046926908054126167
2024-08-30,0.012895677817367016,0.010232136688850904
2024-09-02,0.0006462731456006045,0.0004473521206787316
2024-09-03,0.0009969113556938796,0.0006633756697990634
2024-09-04,0.0038946046338355425,0.006729045398007589
2024-09-05,0.0026549524391158525,-0.001914434967719802
2024-09-06,0.0005362817471832087,-0.0009595978460544576
2024-09-09,0.005188423946127926,0.002927012703734151
2024-09-10,-0.0022860604955936116,0.004303121099703253
2024-09-11,0.008125252009752807,0.00461010624209218
2024-09-12,0.010155839158317491,0.010714097861872785
2024-09-13,-0.0017454637094486674,-0.0023815810025265257
2024-09-16,0.00850391419620457,0.004973844416285197
2024-09-17,0.005087325260045585,0.002861250898160442
2024-09-18,-0.0044142691806597426,-0.008650813516590264
2024-09-19,0.013419034639633912,0.009227923273133308
2024-09-20,-0.02083621913041388,-0.00976773162877695
2024-09-23,0.003682826697478477,0.0030700338268025216
2024-09-24,0.009401917245244192,0.00621596184508368
2024-09-25,-0.004268066994571292,-0.003808164821083893
2024-09-26,0.0016421900976402535,0.0026517783256382365
2024-09-27,0.009713291556820203,0.006528683510933987
2024-09-30,-0.010391986980629769,-0.004839332187440326
2024-10-01,-0.008400091918841484,7.995983062122318e-05
2024-10-03,-0.02828172307788398,-0.023443999641685153
2024-10-04,-0.014379059466988942,-0.010341561277776815
2024-10-07,-0.007405428059160557,-0.006457222164713338
2024-10-08,0.005174509108679572,0.007572091965401588
2024-10-09,0.005161251740358769,0.0074299342196024855
2024-10-10,-0.007382254723497906,-0.006212160499174809
2024-10-11,0.01219438203399471,0.008506703401121063
2024-10-14,0.0035821441567483398,0.005105525768960456
2024-10-15,0.0024260576477605285,0.002509076391658791
2024-10-16,0.005307148664686526,-0.0021519634883955412
2024-10-17,-0.011922936565679535,-0.01031073699716438
2024-10-18,-0.01611766051067392,-0.004030144152348218
2024-10-21,-0.008433871679238227,-0.008579056275138048
2024-10-22,-0.009926718238241204,-0.003524844069558186
2024-10-23,-0.01638979538082081,-0.013823604167822497
2024-10-24,-0.020706507714975415,-0.008770283254636009
2024-10-25,0.0006137460505386445,-0.008965098866245757
2024-10-28,-0.010843444498285688,-0.01004107093830848
2024-10-29,0.009261996416714846,0.000865894539365198
2024-10-30,0.0011945478319335039,0.003682661311569795
2024-10-31,0.008011006529977745,0.0065569942138329505
2024-11-01,-0.0026615038446561037,0.0014067861558130395
2024-11-04,0.0025965710521474055,-5.805730954453641e-05
2024-11-05,-0.006837377581160312,-0.004513405919649327
2024-11-06,0.010780155096120049,0.0067960238223068094
2024-11-07,0.012709555083076245,-0.004174042107379014
2024-11-08,-0.0024437742692650036,-0.007388322481809333
2024-11-11,-0.011924237668381498,-0.008388895049739243
2024-11-12,-0.014694022053259507,-0.01075011677159995
2024-11-13,-0.010977247821824557,-0.014553554132821112
2024-11-14,0.002274284968306128,0.0026372493481830305
2024-11-18,-0.009857502882275687,-0.006952347997920213
2024-11-19,-0.0015291093775552077,8.973628460149654e-05
2024-11-21,0.0013842033829444247,-2.8520407033802342e-05
2024-11-22,0.010991685022661913,0.011199790624012431
2024-11-25,0.006934288355015486,0.009920405709397853
2024-11-26,0.008430014260274529,0.006797751910718756
2024-11-27,-0.00452208056533619,-0.004188095354666462
2024-11-28,0.0010368369534324772,-0.004396810342823728
2024-11-29,0.00818411277600047,0.00759793642383451
2024-12-02,-0.0068638490363936286,-0.0032021802813042557
2024-12-03,0.005283539188379953,0.00686104141643545
2024-12-04,-1.7014858959518893e-05,0.004532656814855718
2024-12-05,0.0010828734518143052,0.0024801671108699865
2024-12-06,0.004003061514131958,-0.0011048657880601597
2024-12-09,-0.0007333449372598338,-0.001367763514110703
2024-12-10,0.012767733730250662,0.010358111535847621
2024-12-11,0.0036390842167260454,0.0029196083687712
2024-12-12,-0.001790379524175203,-0.004203433855262591
2024-12-13,0.007909991395403604,0.0047696783918964635
2024-12-16,-0.0015552116041438815,-0.001805237134315547
2024-12-17,-0.010038066815638366,-0.01090847674716935
2024-12-18,0.009090145910466635,0.008405826605432447
2024-12-19,0.0032729230901472157,-0.00045692082982371493
2024-12-20,0.0016926768478542123,-0.005527526033912782
2024-12-23,0.004954767783180061,0.0009744372566794753
2024-12-24,-0.005786650391276879,-0.004072380425532891
2024-12-26,0.005670478112063215,0.0005259784585289094
2024-12-27,-0.0031528395879678525,0.00242017923467922
2024-12-30,0.0142592331658594,0.011874103578111679
2024-12-31,0.018000349345763573,0.01017098165855792
2025-01-01,0.013630587165058602,0.0061480613519405754
2025-01-02,0.007502502093909602,0.011478890939063907
2025-01-03,0.00852606881054826,0.00434199252726852
2025-01-06,-0.0030754879992459247,-0.007238302348814464
2025-01-07,0.0060482494355483495,0.0016699848483257011
2025-01-08,-0.017513619272325733,-0.014454591092661548
2025-01-09,-0.006674496775413905,-0.002270279059600185
2025-01-10,-0.003914759336727243,-0.005662153883940152
2025-01-13,-0.017214952607151404,-0.017117483096311885
2025-01-14,0.0016200211745654703,5.679469872686059e-05
2025-01-15,0.006364077829206969,0.0031394676120200886
2025-01-16,-0.0027298546463067784,0.001156494516882577
2025-01-17,-0.006128345247643055,-0.0020096937580928557
2025-01-20,-0.004104261130818307,0.0027669855035899523
2025-01-21,-0.00659324435418744,-0.006325221928977733
2025-01-22,-0.000799926941602803,0.0008710701932061093
2025-01-23,-0.0015109791199146116,-0.0015372938215458688
2025-01-24,-0.02014294908772608,-0.01365999339172535
2025-01-27,-0.025567066641295186,-0.023860889247596415
2025-01-28,0.0066445522434111885,-0.001263017720504258
2025-01-29,0.016389143719782524,0.013425522290373476
2025-01-30,-0.000881126342006734,0.0007753958660688035
2025-01-31,0.022313591975112144,0.011777458546775605
2025-02-01,-0.0043974953886978954,0.0018500680380926905
2025-02-03,-0.012160018689581267,-0.00816079895689355
2025-02-04,0.01768415690756142,0.007183082393638921
2025-02-05,-0.005485673676825457,-0.0009463020410416709
2025-02-06,-0.007686159331197783,-0.006688291314115012
2025-02-07,0.01296618246700128,0.011338507821673094
2025-02-10,-0.013056397198156596,-0.011810878971820954
2025-02-11,-0.018402392266146903,-0.016356044339640306
2025-02-12,-0.005453917651372571,-0.009093418850071236
2025-02-13,0.0073213169712667,0.0003534826366034814
2025-02-14,-0.0013189477962293947,-0.004303538669538147
2025-02-17,-0.0034533585233192826,-0.006422210357393782
2025-02-18,0.0031748957382850924,0.0014355275152582577
2025-02-19,-0.019662467868714437,-0.01633929959317129
2025-02-20,0.012923566927115444,0.00932941718398755
2025-02-21,0.006230980984772844,0.000633160225386822
2025-02-24,-0.010664949340713768,-0.008030872884761137
2025-02-25,-0.0012933168312205352,-0.0005277694861237021
2025-02-27,0.0030692584023528447,-0.0016707031448530184
2025-02-28,-0.016935655336623157,-0.017612044623249487
2025-03-03,-0.0010303784000256955,-0.0008282272035660755
2025-03-04,-0.006020426234379075,-0.004650021172265342
2025-03-05,0.0006334585606887215,0.005122187463968346
2025-03-06,0.010030156257957376,0.012647246143118601
2025-03-07,0.003847753974659287,0.00414468585994228
2025-03-10,-7.911331418962073e-05,-0.0028399107140655373
2025-03-11,-0.012381400663168243,-0.00730258782389609
2025-03-12,0.0003179722140893241,0.0006379879879466184
2025-03-13,0.00613968051988655,0.004901788073104269
2025-03-17,0.014036847175543255,0.011370340667138766
2025-03-18,0.0014179324603420733,0.0017817551373094384
2025-03-19,0.010362712313251787,0.011245377816539628
2025-03-20,0.0006915479274287868,0.0051295463963390315
2025-03-21,0.012189580791107792,0.011469470662440815
2025-03-24,0.006631642677418313,0.005246456331928071
2025-03-25,0.014557130497020648,0.01403450133353292
2025-03-26,-0.013882135172119914,-0.008427065474823019
2025-03-27,0.002192782994689205,0.00026765349068473164
2025-03-28,0.00783624356335006,0.005857031366252794
2025-04-01,-0.013905921259843326,-0.012464038995154657
2025-04-02,0.006955697476116992,0.006003620136095776
2025-04-03,-0.005348515022556446,-0.004102840848415679
2025-04-04,-0.00515156267982286,-0.008242235754239545
2025-04-07,-0.013130388481656567,-0.01606901917913721
2025-04-08,0.013194333554115412,0.013628411273836573
2025-04-09,-0.012965510281912633,-0.009529698092227852
2025-04-11,-0.006669499613899914,0.005949962003343192
2025-04-15,0.0196765662544125,0.021692474629736877
2025-04-16,0.009147947081169375,0.006404213554959257
2025-04-17,0.0065674908720372155,0.005968571302494903
2025-04-21,-6.941751638936747e-05,0.004231710145198662
2025-04-22,0.01043501511789682,0.004967089529280946
2025-04-23,-0.010995745309692048,-0.005919648507444446
2025-04-24,0.015850166025005247,0.011078138685370697
2025-04-25,-0.010721946371957954,-0.012866800305284275
2025-04-28,0.012429658703981867,0.01245885844400569
2025-04-29,0.004423360157107946,0.0015023542684607335
2025-04-30,-0.009973331951462012,-0.005762609367368458
2025-05-02,-0.0037154240696564973,-0.0073699988067359385
2025-05-05,-0.006730818429743607,-0.002331788347315064
2025-05-06,0.0030928138267744022,0.0020707048579016716
2025-05-07,-0.00864867323336192,-0.0016701136034853905
2025-05-08,0.003338049569319911,0.0024144985168814475
2025-05-09,-0.0064874494223854376,-0.0026333146984015617
2025-05-12,0.0009604333618024753,0.005854709808160553
2025-05-13,0.012495102332625097,0.0071616505076286825
2025-05-14,0.002296710946686026,0.0038551647907479987
2025-05-15,0.0038116488848397314,0.007566384690761854
2025-05-16,0.0073417191127779936,0.0025293040494656993
2025-05-19,0.00897413020253524,0.005181708789766618
2025-05-20,-0.013585130138291832,-0.012517107684511353
2025-05-21,-0.00881741189376293,-0.0025698369619691886
2025-05-22,-0.003161276813036503,-0.004932695939090219
2025-05-23,-0.015079787611124636,-0.007753120941593736
2025-05-26,0.011328803672690438,0.009646700029742003
2025-05-27,0.0027209480925010298,0.00025186118226970175
2025-05-28,-0.006496725190705167,-0.007543797088805356
2025-05-29,-0.0011016199226029477,-0.0006328115080274858
2025-05-30,0.013326191311007454,0.010101311793868535
2025-06-02,0.001786328009134018,-0.0008456309993574067
2025-06-03,0.0009660413816500231,0.00013925112475768494
2025-06-04,0.00750389624970804,0.00711706021645224
2025-06-05,-0.0005733052272162114,-0.0004043047170149847
2025-06-06,-0.004964774607147919,-0.006870088104500183
2025-06-09,-0.004213332366696517,-0.00048782265950761427
2025-06-10,-0.007122820201797915,-0.001660789068006474
2025-06-11,-0.004334890761728723,-3.552740792437379e-05
2025-06-12,-0.0037803174435457033,-0.004424285564343319
2025-06-13,0.006809720094642458,0.0015167620497925313
2025-06-16,-0.00034553470335646746,0.000758221759976198
2025-06-17,0.005781555430034891,0.006407440105004434
2025-06-18,-0.004198288507449242,-0.004274361734472883
2025-06-19,0.003918006769971885,0.0014816198255563175
2025-06-20,-0.007571640141758106,-0.006031830284723542
2025-06-23,-0.001165786051149149,-0.0017312972722577729
2025-06-24,0.009411551915043156,0.008723795144570837
2025-06-25,0.007127830959574696,0.01083320608415359
2025-06-26,0.0007928905889036332,0.003817117502595762
2025-06-27,0.015282295984171575,0.009084734025754946
2025-06-30,1.3478460140169818e-05,0.004564670803602495
2025-07-01,-0.0025984571176415343,0.0002874252179897016
2025-07-02,0.008686600311120727,0.0052237430362675405
2025-07-03,0.006665139308077392,0.007602359253517024
2025-07-04,-0.006231160877463889,-0.0046757884923994365
2025-07-07,-0.00240868232360175,0.0017276467754072581
2025-07-08,-0.004388395388790929,0.001167118777458538
2025-07-09,0.00568061868414361,0.006815179607374348
2025-07-10,-0.00685612114242137,-0.0063650963061719305
2025-07-11,-0.002855331397505348,-0.003282592464592786
2025-07-14,0.0058742360513480306,0.0014308160487674654
2025-07-15,0.0009106720155211037,0.002267392635601396
2025-07-16,-0.002002998497594789,-2.542305606822136e-05
2025-07-17,-0.008689757652256564,-0.006692697520647104
2025-07-18,-0.005402766470333729,-0.008118840797327527
2025-07-21,0.00046782510126150835,-0.003559101713459354
2025-07-22,-0.0032290612124164096,-0.003882196543926925
2025-07-23,0.004339082918928161,0.005702280038608323
2025-07-24,0.004706915904015496,-0.002669022010053149
2025-07-25,-0.004094656375200594,-0.007228491426056017
2025-07-28,-0.0031632654705443307,-0.004923615120291139
2025-07-29,-0.012579457537784654,-0.007291953289449346
2025-07-30,0.006036465929176751,0.004461673661228288
2025-07-31,-0.012028478881683525,-0.006025399126117466
2025-08-01,-0.0077144122927292,-0.003249277743458157
2025-08-04,-0.005665452942295567,0.0012681585600950052
2025-08-05,0.005841173318942487,0.006224066933653462
2025-08-06,-0.01086618723964855,-0.008717261657424242
2025-08-07,-0.009026901858865774,-0.0034622359341896464
2025-08-08,-0.0006846154534979581,-0.0021085911686043414
2025-08-11,0.012392898478812375,0.012894333722663274
2025-08-12,-0.011529367360281586,-0.004030653275264028
2025-08-13,0.0026924784682789585,-0.0006894363683065102
2025-08-14,0.011909749033658872,0.011025692653974671
2025-08-18,0.016831649833181722,0.013173925602823806
2025-08-19,0.0018263527260065126,0.006086930057016328
2025-08-20,0.0039899518037076,0.005009357438516358
2025-08-21,-0.0013200396649148747,-0.0017610723714982658
2025-08-22,-0.012017194790431248,-0.01106064562126512
2025-08-25,0.006378602233572815,0.003099745625678796
2025-08-26,-0.0074113621202398115,-0.007392443975401288
2025-08-28,0.005209024940100429,0.0010686149388020724
2025-08-29,0.00925096074590975,0.007316469101495709
2025-09-01,-0.004160212642425935,-0.0024681580909328054
2025-09-02,0.013381783860607913,0.012727051191517616
2025-09-03,-0.0030116169252682127,-0.003271056956837828
2025-09-04,-0.0029838784110708914,-0.0006829235523817885
2025-09-05,-0.019255134542753734,-0.01734481607109457
2025-09-08,-0.011007633297396652,-0.006178715818105249
2025-09-09,-0.0036503008359801007,0.001955868796677712
2025-09-10,0.020025620178918138,0.01190522597816347
2025-09-11,0.00012840160691286848,0.0034168130515493354
2025-09-12,-0.011180764330007897,-0.011654772663140968
2025-09-15,-0.010486236794485477,-0.006564282995832712
2025-09-16,0.00509897177334336,0.005952773106623502
2025-09-17,0.004152230380200503,0.002031232498951519
2025-09-18,-0.0008217722784732574,-0.0020980258203512816
2025-09-19,-0.0027655897552498693,-0.007704086637169956
2025-09-22,-0.0017324829416949074,-0.00025644296762668837
2025-09-23,-0.0076424902525149725,-0.004026199266708597
2025-09-24,-0.0056614435053011225,-0.0019199151978181268
2025-09-25,-0.0034791526824747626,-0.0042965277223480725
2025-09-26,-0.01111565831505629,-0.009622383368362627
2025-09-29,-0.012323514581151345,-0.005988042672557539
2025-09-30,0.009644609148842055,0.009175303438622093
2025-10-01,0.006304725177147811,0.005292858831396769
2025-10-03,-0.009208484441482014,-0.0034865111209850036
2025-10-06,0.0009909390027591182,-0.00028802744493076167
2025-10-07,0.004547359188690729,0.005207223967056069
2025-10-08,0.008547533637422297,0.0014445464493663424
2025-10-09,0.008940324013587464,0.004275142185262815
2025-10-10,0.011531329751485636,0.006233523543487986
2025-10-13,-0.0010174479881798783,0.00033936546792739974
2025-10-14,-0.031461787819059416,-0.010846815230915142
2025-10-15,-0.0011504070103496465,-0.0021631970223180063
2025-10-16,0.006703762078736113,0.009583690275717895
2025-10-17,0.014920832617158406,0.008429375013453776
2025-10-20,0.01672361220586301,0.011896331212974846
2025-10-21,0.0017955839752850627,0.002071443696382479
2025-10-23,-0.0011672956009055467,-0.00125208128169319
2025-10-24,-0.016850128374778114,-0.012938443753037886
2025-10-27,0.0047231179428351006,0.005396027817269995
2025-10-28,-0.0012617960346789853,0.0012606275160825992
2025-10-29,0.006955260582562853,0.006668851041954614
2025-10-30,-0.015307810004270967,-0.013650516601718232
2025-10-31,-0.014089527693562127,-0.009736456647665166
2025-11-03,0.008625310946265433,0.007890620370445833
2025-11-04,0.004858644035602936,0.0032294665433127436
2025-11-06,0.018993075051626687,0.014587792697987694
2025-11-07,0.0064624554538323335,0.0013112132414425048
2025-11-10,0.004926490738978482,0.005851457158408667
2025-11-11,0.004604474904333271,0.0011676628253944582
2025-11-12,0.0073048345204097314,0.0074107870456822204
2025-11-13,0.004697353537734429,0.004252868142476417
2025-11-14,0.004728272430099348,0.006081709598721915
2025-11-17,-0.005542461127528221,-0.0009177847172420609
2025-11-18,-0.009673032964050863,-0.0065205442668295035
2025-11-19,0.016584383865019557,0.009437154235008299
2025-11-20,-0.00815936267687081,-0.003307599403144933
2025-11-21,-0.007825535810241018,-0.006968706807172928
2025-11-24,0.005980172408405672,0.001995637312467244
2025-11-25,-4.878594842889876e-05,-0.0011490490643116169
2025-11-26,0.00564958737753489,0.007877531664989121
2025-11-27,-0.0027500216269551138,-0.0018481174691123278
2025-11-28,0.0034812873609729694,0.002898727837292973
2025-12-01,-0.0006195626889171393,-0.002236889212935166
2025-12-02,-0.0029942365548360295,-0.0016327219059651947
2025-12-03,0.0024580051648364623,-0.0002507269681750789
2025-12-04,-0.0046714493347446515,-0.004089735400460693
2025-12-05,0.012013008723544891,0.011629511108486647
2025-12-08,0.008215767210165625,0.0007305764402014645
2025-12-09,-0.014396750417009559,-0.010773193301565493
2025-12-10,0.0023035077066783085,0.0005992620543696743
2025-12-11,0.003551159936932108,0.0025917758686416115
2025-12-12,0.0026585420984774413,0.005309244232044923
2025-12-15,0.01022595626736323,0.005357914452371532
2025-12-16,-0.005903764852473593,-0.006438986821901493
2025-12-17,-0.009892991800046411,-0.008167820338908489
2025-12-18,-0.008667629111467115,-0.008241814164805029
2025-12-19,0.010211644145041143,0.007238484886801337
2025-12-22,0.01501416013484966,0.00999302633795415
