Date,sample_return,lw_return
2015-07-08,0.0027164128049718917,0.0018678443311030079
2015-07-09,-0.007577401116266359,-0.008075725393739679
2015-07-10,-0.007025272936370985,-0.0048493047893813385
2015-07-13,0.014559829562903817,0.013406925529153638
2015-07-14,0.0037926042256444985,0.004501981889803713
2015-07-15,0.006556333964535312,0.006755293192194712
2015-07-16,0.008322545703925788,0.008446169636969777
2015-07-17,-0.005798119754552203,-0.0037059141246451334
2015-07-20,0.007853665704779621,0.006250527768630884
2015-07-21,-0.006538494773620283,-0.007802046408702544
2015-07-22,0.0017557583502796595,0.0015515447649434564
2015-07-23,-0.01122947470057888,-0.009996866434824255
2015-07-24,-0.00900308597618024,-0.010559535175539404
2015-07-27,-0.006452535986434369,-0.0061318468449504705
2015-07-28,0.003430426076420744,0.0036829607444614667
2015-07-29,0.00938558434238003,0.009293978132169471
2015-07-30,0.01436108842315616,0.014307257451989377
2015-07-31,0.00667938842838566,0.007092488473495264
2015-08-03,0.0040615673696111545,0.00390457935778656
2015-08-04,0.004287439771256256,0.004510785189082182
2015-08-05,0.001986508562906784,0.002945687765285496
2015-08-06,0.0012449337491565258,-0.0003302337385660103
2015-08-07,-0.0026329965633435435,-0.0017302907825937324
2015-08-10,0.0029022091002565095,0.0003250309126217026
2015-08-11,0.0025743895244581014,0.0004153867598047092
2015-08-12,-0.006557622805124413,-0.011766663835883772
2015-08-13,0.002908802149409121,0.00031822881678111913
2015-08-14,0.011660602406021906,0.01137529697045793
2015-08-17,-0.006117245186247034,-0.0036955691824905805
2015-08-18,-0.0028152985096084188,-0.0008728472400107005
2015-08-19,0.01246094637086062,0.009573373306519454
2015-08-20,-0.024520495854967246,-0.026302767437267772
2015-08-21,-0.017119862739826745,-0.017122215791825376
2015-08-24,-0.07329080904593704,-0.07588785016818086
2015-08-25,0.008306046674927597,0.006887783542823624
2015-08-26,0.0054997433493043126,0.005821576072600491
2015-08-27,0.013060199064473617,0.018306804512693255
2015-08-28,-0.00286513433305506,-0.0017205536517757615
2015-08-31,0.007155355662249358,0.005331763726987975
2015-09-01,-0.017417919523805926,-0.01824289497427861
2015-09-02,-6.204595417503081e-05,-0.000952075364227919
2015-09-03,0.012716568305799177,0.013960777565063181
2015-09-04,-0.015689672702957583,-0.015199598656715949
2015-09-07,-0.00628939120346845,-0.012612023833645047
2015-09-08,-0.003937793270739635,-0.0002735824149129101
2015-09-09,0.021831058720090578,0.019819788214607163
2015-09-10,-0.0045081717667235875,-0.0012702021754042907
2015-09-11,0.011430825036846564,0.0068674076847398974
2015-09-14,0.001588684934809514,0.004093432170900321
2015-09-15,-0.012095795678968915,-0.008232576169261437
2015-09-16,-0.018356161001769372,-0.013822530781257747
2015-09-18,-0.008282469721885826,0.0024143310188544168
2015-09-21,-0.006410982204244001,-0.011592702706407158
2015-09-22,-0.004467326910828105,-0.006152275408671238
2015-09-23,-0.0024798408381647677,-0.0019460751658016895
2015-09-24,0.005726058044959826,0.004651528169702517
2015-09-28,-0.013594826019714913,-0.012364882932535414
2015-09-29,-0.0031203979078310395,-0.0017230008401354752
2015-09-30,0.023982158298005107,0.020878225558474257
2015-10-01,0.004630767180736644,0.00467157950654365
2015-10-05,0.004387623750833334,0.0084064959353941
2015-10-06,-0.003692791785396589,-0.0006328328194935323
2015-10-07,-0.0033373871622283625,0.0004841363546834302
2015-10-08,0.007536478244181794,0.006925907818090611
2015-10-09,0.0034659587983163803,0.004798180653275584
2015-10-12,-0.0044744183897500065,-0.006444409435898625
2015-10-13,-0.008008768088838256,-0.002592764256962049
2015-10-14,0.003759988286454757,0.0032643058160182264
2015-10-15,-0.011026235271068364,-0.004744797838225515
2015-10-16,0.0096627675498899,0.007603909016161838
2015-10-19,-0.01234420355941388,-0.005756173454063308
2015-10-20,0.006125224381965935,0.006020559962314491
2015-10-21,-0.02289070440742469,-0.017744466843109652
2015-10-23,0.008817651828194911,0.0005193766766025242
2015-10-26,0.0010540504882262883,0.0019516752685750406
2015-10-27,-0.002835567676269527,-0.000997401989804276
2015-10-28,-0.004001157429822762,-0.004085683392971523
2015-10-29,0.0026578326897968543,-0.0005793461742665553
2015-10-30,0.013963905854532749,0.009467426159190027
2015-11-02,-0.0019346947903168394,-0.009058331076935077
2015-11-03,-0.012483442114355809,-0.008676498567947204
2015-11-04,-0.00901549261905913,-0.0077144245495467285
2015-11-05,-0.005576474017957574,-0.008105928545944165
2015-11-06,0.006034837685973843,0.007027432591286264
2015-11-09,0.015268277691213618,0.014428411547809845
2015-11-10,0.001532148966629733,-0.0035346214357707
2015-11-13,-0.004905079950394439,-0.004944498914104353
2015-11-16,-0.006720557943793669,-0.004990233360019199
2015-11-17,0.00108122015943806,0.0009084404351686235
2015-11-18,-0.0012113726817917822,-0.00220307366244691
2015-11-19,0.003352292784003117,0.005071208152938358
2015-11-20,0.01028313768914968,0.010524903571112226
2015-11-23,-0.002099742140964012,-0.0002901768121285049
2015-11-24,-0.0012304501752039257,-0.003676819399387899
2015-11-26,-0.00369138092301225,-0.004248723142165896
2015-11-27,0.007324583611283084,0.004928013537855701
2015-11-30,-0.01090139071848559,-0.006508065973144969
2015-12-01,0.008344785201352144,0.00819725953311022
2015-12-02,-0.00023212356026406007,0.00028588611608338033
2015-12-03,-0.005612064557760959,-0.004974986375203483
2015-12-04,-0.003578815694815056,-0.00566643092385048
2015-12-07,0.0038807915586135545,0.0013095795474943111
2015-12-08,0.008829552369524984,0.0031963241376077142
2015-12-09,-0.011988154069440005,-0.01376884676140248
2015-12-10,0.015286437755300752,0.014815729231491024
2015-12-11,-0.004265672643777892,-0.004798638637829559
2015-12-14,-0.01131851085167967,-0.0030995382319277073
2015-12-15,0.02702816837977288,0.02080108441397202
2015-12-16,-0.00823314608649713,-0.007216913175030104
2015-12-17,0.00022455018824994884,0.002803727210478285
2015-12-18,-0.0027227846276729603,-0.005978741789787054
2015-12-21,0.0016235730620383524,0.0043116196586635396
2015-12-22,-0.0048598435545148455,-0.0032561852686770285
2015-12-23,-0.004410230819515005,-0.0007518653940800619
2015-12-24,-0.0006119622458255751,0.002677174061602882
2015-12-28,0.0036286711224731063,0.006496152388517139
2015-12-29,-0.004929536495549402,-0.005759382765118206
2015-12-30,-0.0004449105974448713,-0.0011032803132769498
2015-12-31,0.007822310886444543,0.008225283106006257
2016-01-01,0.007362289158319099,0.006271995013358532
2016-01-04,-0.008706260045613005,-0.012586835737206497
2016-01-05,-0.008392680574932452,-0.00451760522980744
2016-01-06,0.0011535629946312408,-0.00221458766994427
2016-01-07,-0.00326389558036017,-0.009974526333679182
2016-01-08,0.0037571732685591297,0.005187633641975938
2016-01-11,-0.018704216572524208,-0.014850851356667432
2016-01-12,-0.023722052555723537,-0.0180148659189967
2016-01-13,-0.010510967747462666,-0.008336733802092747
2016-01-14,-0.0031163494276260084,-0.005352915500279969
2016-01-15,-0.004618259657544684,-0.01056853816776218
2016-01-18,-0.020513388006381174,-0.016621130404543227
2016-01-19,0.0009525123280216914,0.006499911795132226
2016-01-20,-0.0009563601929489904,-0.005149109322017483
2016-01-21,0.00305613669113944,0.0014998825560151672
2016-01-22,0.004031407977714821,0.008555975629074928
2016-01-25,0.011533094060873817,0.00896540636467204
2016-01-27,0.005043865226969656,0.0004118928341131146
2016-01-28,-0.003503850767855865,-0.0050479681763470514
2016-01-29,-0.002413359620127762,0.002106336073773375
2016-02-01,0.013777301641008887,0.011253758092580501
2016-02-02,0.007593153716098561,-0.00037600110293627967
2016-02-03,-0.0032345858642505824,-0.008483233028721185
2016-02-04,-0.01689239368108757,-0.01399559800770948
2016-02-05,0.016791127068531135,0.010785795995247188
2016-02-08,0.016356745065737404,0.01137114421434518
2016-02-09,-0.008517332213761261,-0.008136747393046581
2016-02-10,0.02549350900270582,0.007307348143155947
2016-02-11,-0.022107621008427364,-0.02173418840031162
2016-02-12,-0.012964339718431188,-0.009418222795237416
2016-02-15,0.02122307847778409,0.020515862846697985
2016-02-16,-0.0038505140004219704,-0.002924491006050618
2016-02-17,0.006377958507414509,0.006335810730028212
2016-02-18,-0.020401765648700616,-0.01763782652187688
2016-02-19,-0.0022461977745336045,-0.003615734517698371
2016-02-22,0.009980013251312148,0.009537562586886903
2016-02-23,-0.008659483216147202,-0.00646005594285482
2016-02-24,-0.004494422372362134,-0.006740797164224493
2016-02-25,0.0005554565917097604,-0.001179209998899507
2016-02-26,0.0008141348882757605,0.0002204921462307819
2016-02-29,0.010541760782012868,0.011072817095110186
2016-03-01,0.022447225090811103,0.02118173406603086
2016-03-02,0.027039400419440147,0.024067783925824565
2016-03-03,-0.010131450998784462,-0.005828372706549389
2016-03-04,-0.001999965978945814,-0.0012502438135385903
2016-03-08,-0.01006898238945589,-0.007773006922457887
2016-03-09,0.0033540864283373886,0.002233361595944205
2016-03-10,-0.013979907582059373,-0.010265878464730711
2016-03-11,-0.005443265283649298,-0.004595218950325626
2016-03-14,0.01526488557709273,0.01483140160302648
2016-03-15,0.0005683744773110168,-0.001216616327883825
2016-03-16,-0.0014777383939364502,0.0011165371267313757
2016-03-17,0.004339924353118254,0.003857179886203558
2016-03-18,-0.0024470016899292113,-0.001695464956490904
2016-03-21,0.014671908186915725,0.016397395793993998
2016-03-22,0.00032821546872403666,0.000714322438592367
2016-03-23,0.0049075218725255715,0.00474360568325042
2016-03-28,-0.009242055176851852,-0.0074336456232028374
2016-03-29,0.00018457603460183408,-0.000495606469650617
2016-03-30,0.015004067768492535,0.014364734926069232
2016-03-31,0.011557929538808744,0.011047626694161953
2016-04-01,0.00864560899712237,0.009227736037688275
2016-04-04,0.005774104964547196,0.004307737326036893
2016-04-05,-0.006179171655147457,-0.0062890600350702175
2016-04-06,-0.004515643872061484,-0.002112162279533662
2016-04-07,0.0030270978801356803,0.0025616234729448116
2016-04-08,0.005160730986680709,0.005129129001016132
2016-04-11,-0.014697825694619625,-0.0122405947679892
2016-04-12,0.010376969717288574,0.010761247267092256
2016-04-13,0.011151101412315692,0.009433464640779892
2016-04-18,0.021003982112956714,0.020033349264815672
2016-04-20,0.010556391323705429,0.010291098600025209
2016-04-21,-0.008777432723477415,-0.007265686550056629
2016-04-22,0.0021510521782749123,0.003290584961474748
2016-04-25,0.0008332085517108336,0.00022991720528036768
2016-04-26,0.001103373585377028,0.0009282011353029344
2016-04-27,-0.005176974635500265,-0.004903867161706557
2016-04-28,-0.0032816671421728905,-0.0038465287500178144
2016-04-29,-0.004483617668409254,-0.003147567544184057
2016-05-02,0.001371523783774106,-0.0006151045139550129
2016-05-03,0.012801064018647905,0.010752931684086664
2016-05-04,-0.004261721323848798,-0.003874689867133024
2016-05-05,-0.014327877798349903,-0.013751426951943252
2016-05-06,0.006414467874408358,0.00745585389840606
2016-05-09,0.007730305739327863,0.009648022178612211
2016-05-10,-0.0014697721618572653,-1.1821346338981116e-05
2016-05-11,0.011171005592657364,0.008186825845854692
2016-05-12,-0.001098036812905967,-0.0008509407335341404
2016-05-13,0.0022435919486017896,0.003690727294945554
2016-05-16,-0.002086743641463839,-0.0018436843058152544
2016-05-17,0.010705459136527592,0.008784874907635918
2016-05-18,0.00686115176767429,0.006505111696076515
2016-05-19,0.00011971370548007304,-0.0008382389606907976
2016-05-20,-0.0045966735121861415,-0.005819500261156182
2016-05-23,0.001674856327830882,4.3205411008487814e-05
2016-05-24,0.0043436325859756856,0.002765989634329485
2016-05-25,-0.0037986271446926734,-0.002717103118887448
2016-05-26,0.002018576222769421,0.0020655604064637617
2016-05-27,0.014566044265666387,0.013719347969153582
2016-05-30,-0.0008614873086433282,-0.0008554425147439124
2016-05-31,0.004870296054189286,0.0037069387611264053
2016-06-01,0.0004166760596508253,0.0028548178941134863
2016-06-02,0.00293088820447951,0.0020159679818145216
2016-06-03,0.0016968096438271774,0.0007904442076038776
2016-06-06,0.004870198052028578,0.0038889591863300807
2016-06-07,-0.0012533478813382118,-0.0001630318209086697
2016-06-08,-0.00015557378278152623,0.0021494083762602146
2016-06-09,0.0010755756954598887,0.0012348314285174143
2016-06-10,-0.0011403889084924642,-0.0015551054703597184
2016-06-13,-0.005553044149766592,-0.005114302798844553
2016-06-14,-0.01086048946918678,-0.010821847048842195
2016-06-15,0.003153159774691871,0.0025113763850876237
2016-06-16,0.0015981876335352323,0.001230851373588965
2016-06-17,0.01416909911604892,0.011482272977098142
2016-06-20,0.007160922808965812,0.00707709023788448
2016-06-21,-0.0037554972087554817,-0.00277059071026703
2016-06-22,0.005842011522186232,0.004719496959197286
2016-06-23,-0.007965505219848465,-0.007303921308730866
2016-06-24,0.0016699057141742802,0.0020166759364015157
2016-06-27,0.0033592567748054903,0.0042340108733585
2016-06-28,0.0009498979949264028,0.0012747699226228447
2016-06-29,0.000614747504307969,0.0032799495477275893
2016-06-30,0.008251647442395094,0.007545273863599589
2016-07-01,0.01418643508845641,0.01435346615572421
2016-07-04,-0.0029127788610355428,-0.0027516020552541083
2016-07-05,0.012179499026533244,0.010942055251764627
2016-07-07,-0.015814074395199905,-0.015458120583799287
2016-07-08,-0.004007950244298673,-0.003930978939712178
2016-07-11,0.008609089310236646,0.008563329759497739
2016-07-12,0.002692732262206756,0.0017716409440373326
2016-07-13,0.004999683004192415,0.0030393862893744604
2016-07-14,0.009434455536952144,0.009520006124052495
2016-07-15,0.0037440214495331574,0.0023992787912772923
2016-07-18,-0.006499412395916283,-0.007975852084571126
2016-07-19,-0.0011709751600083793,-0.001749510722171269
2016-07-20,0.008677536228353768,0.009685640896776017
2016-07-21,0.012499038895807663,0.011573847063449917
2016-07-22,-0.007192898215852565,-0.005323683484163221
2016-07-25,0.003107763590643032,0.0047308613795489065
2016-07-26,0.004626124226959858,0.0021131157310468477
2016-07-27,0.016229849088293082,0.014153736666700856
2016-07-28,-0.0038480091946327876,-0.0014958650185796622
2016-07-29,0.0028238298958648675,0.005251564372924923
2016-08-01,0.01963094673932592,0.016656706320727497
2016-08-02,-0.007309718160597503,-0.008498769057556246
2016-08-03,-0.006078516497604495,-0.006752678808678624
2016-08-04,0.0053155245917034435,0.00403740778190989
2016-08-05,0.011781030493357826,0.012064994257770368
2016-08-08,0.0020296988110979396,0.0017276747062192413
2016-08-09,-0.004364061889504686,-0.0033191146987303754
2016-08-10,-0.0038140957101751058,-0.0031452929428623516
2016-08-11,0.0008562334671616055,0.0008672271626831223
2016-08-12,0.008386223601671336,0.007052853344311038
2016-08-16,0.011829946629776471,0.009980749093553778
2016-08-17,0.007146274505187393,0.008264754487396072
2016-08-18,0.0051586918463786225,0.0033371648426652567
2016-08-19,-0.0005643953268155842,-0.00027903721314153924
2016-08-22,-0.007793115330375584,-0.006840628715456634
2016-08-23,-0.007753229213868276,-0.006562986613664633
2016-08-24,-0.002999998917469757,-0.0011908511105524534
2016-08-25,0.0024535639439930788,0.0013773638123349566
2016-08-26,0.0011413494219824215,0.00036845607172986605
2016-08-29,0.009375449250788483,0.008540066571040316
2016-08-30,0.01210855862222822,0.011565629674293122
2016-08-31,0.00012020174167204052,0.0031436369632959465
2016-09-01,0.00431581628267393,0.0030287991183622106
2016-09-02,-0.0013039666465403203,-0.0016220150261414745
2016-09-06,0.01782299705661273,0.015266728333387868
2016-09-07,0.0035641519960676,0.003241578327604631
2016-09-08,0.008413514673419251,0.008859743275100172
2016-09-09,-0.0046918314435666335,-0.005057663649906705
2016-09-12,-0.0188477039584513,-0.019346318706521544
2016-09-14,-0.002210011930264671,-0.0014143366608803604
2016-09-15,-0.0016164751787985912,-0.0015488571526218163
2016-09-16,-0.0026395662073567462,-0.0012324926678955598
2016-09-19,0.0073583243713252165,0.007512823217747161
2016-09-20,0.0003429297159940334,0.0002674137848163044
2016-09-21,0.004107615366486716,0.002077109379109344
2016-09-22,0.008289516589120588,0.009232697763200464
2016-09-23,-0.00805505267799832,-0.007636397287024494
2016-09-26,-0.00182618587423588,-0.003137013211920744
2016-09-27,0.0022427097899660564,0.002009622124714808
2016-09-28,0.006189039898823301,0.006962995898763974
2016-09-29,-0.02025871355310386,-0.022367581719632414
2016-09-30,0.011694839918489637,0.010426355308802671
2016-10-03,0.02173749952179915,0.02215630732823151
2016-10-04,0.0011580290014250477,0.000196080346163632
2016-10-05,-0.004070070461388362,-0.0018264375240605577
2016-10-06,-0.0035352917153572637,-0.004671333786248219
2016-10-07,0.0004098423721004839,6.71637474637817e-06
2016-10-10,0.006627392593934717,0.0047008088143289575
2016-10-13,-0.013873831123947638,-0.013760549112333065
2016-10-14,0.0010228000680997246,0.003206363410926345
2016-10-17,-0.007031900245343185,-0.007398955803767458
2016-10-18,0.012836457830152066,0.011482411025951884
2016-10-19,-0.009761395699156662,-0.007891402398482227
2016-10-20,-0.018632061536010897,-0.014591301087059406
2016-10-21,-0.01707549427143013,-0.013953896922223409
2016-10-24,2.0264119405629354e-05,-0.0007729358112502675
2016-10-25,-0.009176296006193355,-0.006379294531292002
2016-10-26,0.010687391828784107,0.006909079927868631
2016-10-27,-0.007479212725385884,-0.006661401036678949
2016-10-28,0.022819859193030565,0.021293918487633214
2016-11-01,0.006863317505790109,0.006700477311363504
2016-11-02,-0.010074512692287842,-0.010816433629036622
2016-11-03,-0.003837452809754626,-0.0037972929205997976
2016-11-04,-0.010726409883846974,-0.011533092776061439
2016-11-07,-0.002028291097684022,0.0003980549178021162
2016-11-08,-0.0005859951227476178,0.0005657779948813067
2016-11-09,-0.025836316778126908,-0.02371778625994171
2016-11-10,0.001394713381036426,0.004755284850205026
2016-11-11,-0.02947797508168511,-0.03005405535706493
2016-11-15,-0.027998946086183543,-0.03176818843226596
2016-11-16,-0.007634521095132548,-0.0068974833473686185
2016-11-17,-0.0047939002382692605,-0.006503362119742514
2016-11-18,0.010548829015202623,0.009263462705501465
2016-11-21,-0.021652635228342938,-0.022575664285331185
2016-11-22,0.01655144537559783,0.015484991506320347
2016-11-23,-0.004902844570637099,-0.004112797921212305
2016-11-24,-0.006273221557683541,-0.004909702712806385
2016-11-25,0.006020468561724921,0.006949788178696586
2016-11-28,0.0037342853441127994,0.003232510930940972
2016-11-29,-0.0034230935176401142,-0.001146398504718412
2016-11-30,0.006439799533026724,0.007622687749849813
2016-12-01,-0.0077409105464016515,-0.006561472447029159
2016-12-02,-0.0006992248603696922,-0.001357061988980707
2016-12-05,0.0013344557772966992,-9.776269598385891e-05
2016-12-06,0.002475881357966053,0.003064590298353169
2016-12-07,-0.005608517791000202,-0.005967743451446815
2016-12-08,0.007209665103981385,0.005619857838366791
2016-12-09,-0.001513728165966662,-0.002285074413806175
2016-12-12,-0.005144961897948587,-0.006213136807385792
2016-12-13,-0.007044056924417129,-0.006999425273297846
2016-12-14,-0.0005697151950039767,-0.002744652958217377
2016-12-15,-0.003107808857086133,-0.003668848703609637
2016-12-16,0.004139593770326003,0.0031656722681449975
2016-12-19,0.0012217613359354765,-0.0030089930285073308
2016-12-20,-0.01039915637417514,-0.007846185521951656
2016-12-21,-0.011779502064741411,-0.010128015760410496
2016-12-22,-0.0011503126742869372,-0.0020026433086966565
2016-12-23,-0.0019103020228998769,-0.0025417725600181294
2016-12-26,-0.002021257335306628,-0.00305587183520531
2016-12-27,-0.0007079394925386142,0.0012529099618828637
2016-12-28,0.0006282792501152502,0.0020890137608951084
2016-12-29,0.024446569804982936,0.021138474940178273
2016-12-30,0.0005193613301303625,0.002404778691607126
2017-01-02,0.008195879607396397,0.008770614045824883
2017-01-03,0.02186265247757206,0.01931258049395452
2017-01-04,-0.003800427627111154,-0.0037218979587863095
2017-01-05,0.008798204853223622,0.008982783232762855
2017-01-06,-0.004113428864233009,-0.003539322953308281
2017-01-09,0.008469953132770158,0.0064540434431334115
2017-01-10,0.0032677406861596806,0.0031613016090336326
2017-01-11,0.004739071963910132,0.0050578628555076445
2017-01-12,-0.0020304214287529395,-0.0018644186384552252
2017-01-13,0.0014376828451811863,0.0015738306701667307
2017-01-16,0.0007165683945494362,-8.072043637903057e-05
2017-01-17,0.0007565004414733847,0.0013415437525319848
2017-01-18,-0.00352084676723603,-0.0021472874496925795
2017-01-19,0.011780595081404013,0.010015499685258928
2017-01-20,-0.010347779779958842,-0.009209068676134385
2017-01-23,-0.0039006734248986,-0.002553881000719945
2017-01-24,0.0039445977591437975,0.004418464727654837
2017-01-25,0.0040793562566368916,0.003906496377283822
2017-01-27,0.005302658666173338,0.006006753146511166
2017-01-30,0.004837409521363993,0.0011939603917163035
2017-01-31,0.002804561896764162,0.003372098267399199
2017-02-01,0.02074158255051307,0.019630626769798352
2017-02-02,0.0037166935596146876,0.004948003908933368
2017-02-03,0.01339735484567582,0.014544064314549217
2017-02-06,0.005045536022939327,0.005307158813812113
2017-02-07,-0.0022647116025074046,-0.0031254941328386467
2017-02-08,-0.015839078058809377,-0.013511371995012431
2017-02-09,-0.0011970233592938128,0.0012323702372755668
2017-02-10,0.0037169516484009293,0.0022481905354877494
2017-02-13,0.0010629932408333148,-0.0004166131182466187
2017-02-14,-0.00617511692363449,-0.00622529250923487
2017-02-15,-0.008226458001443046,-0.009030491276275221
2017-02-16,-0.003483806720952176,-0.0014922482866715704
2017-02-17,-0.005497420652565157,-0.00593311608193485
2017-02-20,-0.0019877249370346627,0.0006829009353872006
2017-02-21,0.022976638627151623,0.01754536158523678
2017-02-22,-0.010403063913727355,-0.008476371736773305
2017-02-23,-0.00863889203683786,-0.006627236059236775
2017-02-27,0.005352112227703551,0.0035989766345601794
2017-02-28,0.0020826515343491257,0.0016651056685333641
2017-03-01,0.03409573245520603,0.030888516654288857
2017-03-02,0.01946252622330685,0.013902060277793728
2017-03-03,-0.0077849577209734315,-0.004931465184163633
2017-03-06,-0.003138437408943201,-0.002812844580636152
2017-03-07,-0.0018621015327060346,-0.0023959702190951256
2017-03-08,-0.007398308005302047,-0.006633203284670688
2017-03-09,-0.008916588059764537,-0.00830831709909657
2017-03-10,-0.0018000302752807864,-0.0009716375001362495
2017-03-14,-0.006828809649705854,-0.0036921169053605765
2017-03-15,0.0018823552048007528,0.0048721065538223415
2017-03-16,0.005111729405887078,0.0071966543306485236
2017-03-17,-0.005229720315346068,-0.004484192670836671
2017-03-20,0.011200329914064354,0.009681215212874834
2017-03-21,0.018064697139237626,0.01408194483001878
2017-03-22,-0.0031259415868976513,-0.004292777418188907
2017-03-23,-0.012478347520879073,-0.010011783150179372
2017-03-24,0.015509776168289269,0.015724135476031204
2017-03-27,0.003600915386953197,0.002877081218401548
2017-03-28,0.012810595926926713,0.01276231212866986
2017-03-29,0.022316882010399684,0.01686756540651115
2017-03-30,0.002932434090874924,0.003325726333956753
2017-03-31,0.024740448999415507,0.02229688123243466
2017-04-03,0.0043024987698545335,0.004151573063376145
2017-04-05,0.005828210062583183,0.005868069033723662
2017-04-06,0.006698675310083426,0.0049794291354074705
2017-04-07,0.004877847025456574,0.003928298008778178
2017-04-10,0.012802146424254592,0.011435696263354474
2017-04-11,0.008486097466492024,0.008619696763756882
2017-04-12,-0.006342739408397471,-0.006380076996688505
2017-04-13,0.003926320272855093,0.003474566847499407
2017-04-17,0.0014915241737229856,0.0008564544546510544
2017-04-18,-0.0029337807064523666,-0.0030589614790930706
2017-04-19,0.005981890114609451,0.004092071539692698
2017-04-20,-0.006931150880333408,-0.005806762058493351
2017-04-21,0.0008417574100577857,0.0012837446876139658
2017-04-24,0.005867218559726972,0.0056610127843172995
2017-04-25,-0.0015002734508115976,-0.0004371445008442322
2017-04-26,-0.0026645190842776887,-0.0019009993656788611
2017-04-27,0.005239887334813263,0.003946788248769415
2017-04-28,0.007753574901326587,0.007567579204620543
2017-05-02,-0.005965576492533673,-0.006313644083924047
2017-05-03,-0.008675408813331826,-0.005885857160381205
2017-05-04,0.012340701413317959,0.011490489112971864
2017-05-05,-0.012578956818128881,-0.012759055265736325
2017-05-08,0.0055071709917136735,0.005607632389760268
2017-05-09,-0.0008097204254907504,0.0018980116937678943
2017-05-10,0.00015153353203324187,0.0016610200671943467
2017-05-11,-0.008708240403341266,-0.006745950268324208
2017-05-12,-0.002857469848848848,-0.0028632553048214813
2017-05-15,-0.005387084938741147,-0.002991530018777939
2017-05-16,0.0029358319317796763,0.0029691552532066737
2017-05-17,-0.002595329144076578,-0.0023312530630902107
2017-05-18,0.00018754676229767862,-0.004191177425332796
2017-05-19,-0.000603289389261106,-0.0028371825496214392
2017-05-22,-0.003266935074749409,-0.005305983357907688
2017-05-23,-0.021049754955929603,-0.018822369372238783
2017-05-24,-0.015020685674780815,-0.017940386154405966
2017-05-25,0.005794101206305348,0.007359318858909924
2017-05-26,0.01228697232368135,0.01300983525751214
2017-05-29,-0.011135412071921992,-0.016364697936402495
2017-05-30,-0.004435689311607369,0.0024592615177696214
2017-05-31,0.0053461776351652526,0.0039630833137645665
2017-06-01,-1.946016022391292e-05,0.00038019819742145136
2017-06-02,0.007038028128309512,0.00647405688426545
2017-06-05,0.0020420989459021973,0.002808941741525782
2017-06-06,-0.004192022239964615,-0.0057690049664071204
2017-06-07,-0.001823885263798519,-1.8359999821972953e-05
2017-06-08,-0.0064792289730116635,-0.004486141540988905
2017-06-09,-0.00020191303460589884,0.0015482135013963842
2017-06-12,-0.0035875759265578382,-0.0047030933681967025
2017-06-13,0.0025971843865097207,0.0025896671971179174
2017-06-14,0.009688149992810972,0.010118445055419662
2017-06-15,-0.01264580569985078,-0.009635956655378388
2017-06-16,0.010799039085528015,0.009935467675078854
2017-06-19,0.0015021453941917277,0.003147562655053014
2017-06-20,0.0010095206336862162,-0.0002190200521106139
2017-06-21,-0.0012433536082124995,-0.0013256412154934432
2017-06-22,-0.0009285537441682519,-0.0021013722033033262
2017-06-23,-0.008366027659767933,-0.008479738693187328
2017-06-27,-0.007799229204867085,-0.008812394392375727
2017-06-28,0.0006292844872595191,0.00029593256216432816
2017-06-29,0.006847548835769422,0.005480899227927307
2017-06-30,0.002816962307304538,0.003258468909891161
2017-07-03,0.007687388802176148,0.008469262079456247
2017-07-04,0.01817057489270675,0.01472649620763294
2017-07-05,0.005221089299939589,0.005314882259744054
2017-07-06,-0.0020843660256678266,-0.0010294966458325922
2017-07-07,-0.0060330830644774805,-0.003637770553202225
2017-07-10,-0.0018004981644644882,0.0012060743095244095
2017-07-11,-0.001828084661452302,-0.004262416870342977
2017-07-12,0.0012478920031936556,0.0011543732815022714
2017-07-13,0.0020519409224532765,0.002716841602264907
2017-07-14,0.004894799679665536,0.004168745705730767
2017-07-17,-0.0013121707444774759,-0.0006205470324142552
2017-07-18,-0.008392637973956254,-0.008740055167987839
2017-07-19,-0.0019892180698020956,0.0030575852401123794
2017-07-20,-0.00585542042467856,-0.0047798165224023845
2017-07-21,-0.0035595422503736573,0.0006616836641195826
2017-07-24,-0.0029918966477886976,-0.0005591314007690816
2017-07-25,-0.0019932445668365334,0.0003169071910276446
2017-07-26,-0.005218881781070816,-0.0008015512722367203
2017-07-27,0.00808743657802734,0.0042414502411752715
2017-07-28,-0.010812331653138387,-0.0062129285634835016
2017-07-31,0.003287452963524517,0.004326250545147396
2017-08-01,-0.0006057207616069721,-0.00037891610261090277
2017-08-02,0.002642606540373805,0.001690617293068259
2017-08-03,0.00047531454431207914,-0.0004641337643703086
2017-08-04,-0.002432203010632317,0.0003313341123446779
2017-08-07,-0.0003956072193875145,0.0006813029452772597
2017-08-08,-0.004007775091723113,-0.0034847055392995653
2017-08-09,-0.01169325112742553,-0.013192220607879135
2017-08-10,-0.009805183966845923,-0.01875721163791075
2017-08-11,0.0016544861609384541,-0.0002457778056351889
2017-08-14,0.010544948909316648,0.015967013765774748
2017-08-16,0.004999144484725852,0.00575486804458001
2017-08-17,0.0030700985971434547,0.0033981178244280163
2017-08-18,0.00014093479614712013,-0.002792286629584569
2017-08-21,-0.0005175490933492724,-0.0014013768856670468
2017-08-22,0.007274423977020266,0.00415825036751157
2017-08-23,-0.0009087482958214208,0.001023410551336559
2017-08-24,0.006181755963328601,0.008606371415769691
2017-08-28,0.012389587095710405,0.011802800060809615
2017-08-29,-0.006748053950020977,-0.008444287082895447
2017-08-30,0.00919188228472496,0.011945379620088082
2017-08-31,0.007894824344258988,0.006453309427949817
2017-09-01,0.00802145925976984,0.006995093924774942
2017-09-04,-0.0007417288210074412,-0.00420931992855842
2017-09-05,0.003236977730094749,0.005304362992662381
2017-09-06,0.0048720875688672656,0.004751176228481097
2017-09-07,0.0029995286450872943,0.0035433970209804893
2017-09-08,0.015102329048237943,0.01398845047784959
2017-09-11,0.0038724692908886503,0.004908334591070815
2017-09-12,0.007076808949839637,0.008606589027125435
2017-09-13,-0.004930593374734217,-0.0029192539866531356
2017-09-14,0.00040649656473325913,0.0008460240005342493
2017-09-15,0.004433617520859621,0.0018120371354143705
2017-09-18,-0.0007978368238221111,-0.0007264589729941632
2017-09-19,0.004942995442607625,0.004750295990907673
2017-09-20,-9.669882002134162e-05,-0.000889065384560314
2017-09-21,-0.0052199514883527216,-0.006130335436165105
2017-09-22,-0.02283079290729242,-0.02499575044635723
2017-09-25,-0.017268087220092477,-0.018324603657633498
2017-09-26,0.0044215564359524236,0.006318560094300605
2017-09-27,-0.015150040055890459,-0.018075089061388477
2017-09-28,0.007100273360091027,0.006978154435424647
2017-09-29,0.007897452086346063,0.010454707218976353
2017-10-03,-0.0014747688450570948,0.0004366172470338227
2017-10-04,0.005847382566715651,0.008090668577942078
2017-10-05,-0.005022496372029022,-0.002228432334433544
2017-10-06,0.008428571289137658,0.009098763852121208
2017-10-09,-0.0009833233685293682,0.0015737958244750072
2017-10-10,0.0035858625791163495,0.0048412272890896975
2017-10-11,-0.0012961545116263772,-0.0033796475282662623
2017-10-12,0.009528287506237798,0.007770134744174865
2017-10-13,0.009723070372208766,0.007796976426488102
2017-10-16,0.010187605522687502,0.0063058468726533085
2017-10-17,0.001427186129955339,0.00035627949636032056
2017-10-18,-0.020875065893428534,-0.01196153856341019
2017-10-19,0.0021836605319632534,-0.001165009958850608
2017-10-23,-0.003145186481566507,-0.000932016356298346
2017-10-24,0.0011586331626379934,0.001863828985856038
2017-10-25,0.01682432307545503,0.02283578397581726
2017-10-26,0.006391467365400573,0.0015758412174053137
2017-10-27,0.0010566735936131208,0.0034897694726748847
2017-10-30,0.009040002783390521,0.008331824846710573
2017-10-31,-0.0030200884617946257,-0.00012603493007089836
2017-11-01,0.0018304805997228077,0.002743390967905923
2017-11-02,0.003459691603623765,0.0033609994555175156
2017-11-03,-0.011919569045437946,-0.005394766472519109
2017-11-06,0.007753405065069473,0.007621855841465691
2017-11-07,-0.004721281492046952,-0.007954092026898238
2017-11-08,-0.00424541772242212,-0.005873124523519349
2017-11-09,0.001338660623360752,0.0023538035358435217
2017-11-10,0.007591995487840559,0.006417956009133193
2017-11-13,0.0015296707055664745,-0.0053791102441982375
2017-11-14,-0.0028095312737939273,-0.0037747389643567877
2017-11-15,-0.004397119467686258,-0.006493946176124561
2017-11-16,0.008405961590995048,0.006128247688203891
2017-11-17,0.003565232107137739,0.002938261409368138
2017-11-20,0.0038690486720858947,0.004799855137253963
2017-11-21,0.0007714813859818787,0.0038576123757411386
2017-11-22,-0.006581808376699,-0.0033367778242367327
2017-11-23,0.0003793476067481,-0.0034206959892726756
2017-11-24,0.007446782063877792,0.0069943368833785295
2017-11-27,0.007587788248185027,0.00757697130686917
2017-11-28,0.003218559335747204,0.0019161899571830479
2017-11-29,-0.0027841047876999386,-0.001956531092260863
2017-11-30,0.0011988570475059304,-0.000705494678043694
2017-12-01,-0.011790706990191623,-0.010808379187683573
2017-12-04,-0.007756052552592397,-0.004709788069684731
2017-12-05,-0.005025621751109604,-0.004242915134834817
2017-12-06,-0.007470371147902398,-0.007147466923538215
2017-12-07,0.004560089874226593,0.006309957884357951
2017-12-08,0.0011588787943885986,0.002215621282586964
2017-12-11,0.0063924659727916475,0.004161088270427639
2017-12-12,-0.004829412475011296,-0.004775281009296662
2017-12-13,0.006305558541435363,0.0011320705247797364
2017-12-14,-0.0034872716157398793,-0.005323190573959674
2017-12-15,0.014715972246368182,0.00877079980418524
2017-12-18,0.007596530018600939,0.004023766846029651
2017-12-19,0.008570711394459184,0.007405756338315668
2017-12-20,-0.0026059817229115794,-0.0011025274543106757
2017-12-21,-0.017600788102414205,-0.006931141674664941
2017-12-22,0.0017311128597135659,0.0013811128590800886
2017-12-26,0.0015379461095029853,0.006997268613188453
2017-12-27,-0.002450026538349618,-0.003445570031247537
2017-12-28,-0.002530909677154127,0.00034931336222764796
2017-12-29,0.007047296223835755,0.006751185166555924
2018-01-01,0.0017294433670653883,-0.0008562815681044259
2018-01-02,-0.004471624283679708,-0.006126681978320006
2018-01-03,0.0038100852110517875,0.006753161312577418
2018-01-04,0.012530461620488683,0.010481701811375595
2018-01-05,0.004995743636317874,0.004494240594170679
2018-01-08,-0.0007281015159574641,0.00038995384239545944
2018-01-09,0.0036246197849036377,0.0004663496841975039
2018-01-10,-0.0021934789067512015,0.006108155141775035
2018-01-11,-0.01169218790339594,-0.010707574000146911
2018-01-12,0.0006987518236031112,0.0012949567965011418
2018-01-15,0.004983630139552161,0.0017931637527483439
2018-01-16,-0.0027578911401816984,-0.007887452488994114
2018-01-17,-0.007965643564267866,-0.004906248379857513
2018-01-18,0.0038949174902445367,0.002587270957360678
2018-01-19,0.004765996206435001,0.005524382413108534
2018-01-22,0.008937139312323544,0.004763765682416706
2018-01-23,-0.0045965570672765145,-0.000930862016400372
2018-01-24,-0.0022243366887781885,-0.003417748132182305
2018-01-25,-0.0027765745693680705,-0.007226949833161971
2018-01-29,-0.0005562365780711074,-0.004757396310756036
2018-01-30,-0.021782238773291992,-0.020661245090841867
2018-01-31,-0.012248374562060852,-0.010259094896873324
2018-02-01,0.006116773442877112,0.002520310150356823
2018-02-02,-0.026569136718387263,-0.028816372175761162
2018-02-05,-0.0015245195893141108,-0.0017451259506350396
2018-02-06,-0.0011090139078574815,-0.005716078708784057
2018-02-07,0.008722967032223814,0.011443093316524626
2018-02-08,0.007940939019051128,0.00599821739487689
2018-02-09,-0.01137948335766186,-0.00911477511951294
2018-02-12,0.005563797749888986,0.005561818150102135
2018-02-14,0.002249049412939819,-0.00031316705782137675
2018-02-15,-0.0008598185256848303,-0.0013586518832833503
2018-02-16,-0.002781762836048467,-0.004500299225045466
2018-02-19,-0.0058301842700769,-0.009428176686735276
2018-02-20,-0.003394950853863813,-0.003009777237552837
2018-02-21,-0.010636241351932264,-0.006563243550829877
2018-02-22,-0.005550191825815378,-0.004079955608195407
2018-02-23,0.0037714702982367876,0.0067558986373759495
2018-02-26,0.00983133964882782,0.011739401482346718
2018-02-27,0.001756522275069034,0.0009734050631315645
2018-02-28,0.00914825197659391,0.0058156395408753
2018-03-01,0.008436972526792185,0.004914322439854519
2018-03-05,0.0032659717010099167,-0.0016515220171716013
2018-03-06,-0.000127850634300721,-0.0017595900743882125
2018-03-07,-0.01108285940527235,-0.011320961077626342
2018-03-08,-0.002816974202393346,-0.0009582422993001525
2018-03-09,0.0009637230422181967,4.649194377137047e-05
2018-03-12,0.003043969370762477,0.0009671085542732598
2018-03-13,0.00019087666677608701,0.002514507807045939
2018-03-14,0.0005741389452084832,-0.000606908543541127
2018-03-15,-0.004154465571589231,-0.004655898678607322
2018-03-16,-0.013205461785641805,-0.014826609320731392
2018-03-19,0.002032029888737697,-3.5362419441300422e-06
2018-03-20,-0.004458244263282486,-0.004920581801864837
2018-03-21,-0.00036722700642029434,0.001419658010514739
2018-03-22,-0.013701090319085106,-0.013542907265662554
2018-03-23,-0.011610296110230317,-0.011062856541295397
2018-03-26,-0.003251188314323774,0.0004310010113282739
2018-03-27,-0.0004532914891833479,0.002174807803553216
2018-03-28,0.0009791826233941266,0.0014238901834388068
2018-04-02,0.005755079493439029,0.011637573521961582
2018-04-03,-0.005128494793364515,-0.00026137609033984716
2018-04-04,-0.0010732050204762243,-0.003931455686843811
2018-04-05,0.014724701703985748,0.013919455542562433
2018-04-06,-0.00342079734334055,0.0016725194701415038
2018-04-09,-0.001078745198429185,-0.0013623142089883983
2018-04-10,0.005665487408517349,0.005135542318968787
2018-04-11,0.0028703255814863946,0.0019851075357180665
2018-04-12,-0.003200843565962096,-0.004410951248793041
2018-04-13,0.0013701260078335044,0.000569795719489548
2018-04-16,0.005546410359177701,0.004154618768440908
2018-04-17,0.0003892361262897318,0.0010729584645696388
2018-04-18,-0.0025377417924392675,-0.002737377686869988
2018-04-19,0.007507359424130245,0.00929504238268068
2018-04-20,-0.0027852253930121746,-0.0018033527554012498
2018-04-23,0.00923617328615737,0.009687822093285326
2018-04-24,-0.006255164238062286,-0.0048616564047729354
2018-04-25,0.005723951904024442,0.0029930740207648808
2018-04-26,-0.00905973681747115,-0.00615688090189503
2018-04-27,0.0037651130697387725,0.0025160115490904756
2018-04-30,0.0066011405878544805,0.006858631234231455
2018-05-02,0.002795051650350977,-0.00021554166289344844
2018-05-03,-0.005999191903550055,-0.006899733593536378
2018-05-04,0.0034406565538281832,0.0018567545118987308
2018-05-07,0.004273356860904676,0.0021443344120451444
2018-05-08,0.0008458355429755296,0.0024203352432471585
2018-05-09,-0.0012048046537324385,-0.002684936739774478
2018-05-10,-0.0010581660452285023,-0.00021094301315025874
2018-05-11,0.0034466103937118115,0.0051184909363771
2018-05-14,-0.0065210210913579595,-0.00585522624767279
2018-05-15,-0.0024467087494227458,-0.002476028407709965
2018-05-16,-0.007983427575608902,-0.008102967193284114
2018-05-17,-0.0008219471433345267,-0.0026124881704121822
2018-05-18,-0.009296050037035482,-0.008729996352896353
2018-05-21,-0.017245020219306084,-0.017186294131458703
2018-05-22,-0.005502788813729919,-0.004296089162758972
2018-05-23,0.005030270361656057,0.003810786236868812
2018-05-24,0.0008398901594831018,0.0016357615029788213
2018-05-25,-0.00448753699429345,-0.0019743138120567787
2018-05-28,0.016569873282268468,0.015121232177507347
2018-05-29,-0.00014431705236029148,0.001690742559915458
2018-05-30,0.020010939968354315,0.014128149880257328
2018-05-31,0.001054432280216764,0.0027351979975859643
2018-06-01,-0.0010294096643328199,-0.005373774612705738
2018-06-04,-0.006625647744816271,-0.006569115451973826
2018-06-05,-0.0011809453058239951,-0.0033063926578769825
2018-06-06,0.0035371385248301615,0.0035730952321411454
2018-06-07,-0.00048438756716921716,0.0023583253029746763
2018-06-08,-0.0028374333115542385,0.0032868057456025704
2018-06-11,-0.0033919375513835276,-0.00022748569730368998
2018-06-12,0.0032762980469593548,0.004279209258286796
2018-06-13,-0.0046847652970328675,-0.004370317973951644
2018-06-14,-0.007551896620252874,-0.007195460315081878
2018-06-15,-0.0027555718622415274,-0.003856909132653286
2018-06-18,-0.009278831538551498,-0.00775930959138987
2018-06-19,-0.0046492519045744545,-0.003625056396185664
2018-06-20,0.00014474438594050664,0.00026828670895898214
2018-06-21,0.0008874657406847625,-0.0010347428174888407
2018-06-22,-0.00268892664240809,-0.001838115224565869
2018-06-25,0.005354674752853042,0.000745908431276651
2018-06-26,0.0016327356540379995,0.001994888275892869
2018-06-27,-0.0022764161296179976,-0.004939869650239745
2018-06-28,-0.006941508149388128,-0.0061932274304310085
2018-06-29,0.010169996478495067,0.010069474721002726
2018-07-02,-0.006498289746806839,-0.008819971802892916
2018-07-03,-0.011760907464605163,-0.009823744233737006
2018-07-04,0.005201779728230882,0.005295983837119799
2018-07-05,-0.003155540257350156,-0.0021078496537779673
2018-07-06,0.0010357966670723172,0.0037194917545122982
2018-07-09,0.005740243604888256,0.005061333229113951
2018-07-10,0.0032903815390966035,0.0037915987959734913
2018-07-11,0.00599383948708451,0.006583990985530041
2018-07-12,-0.010182632897315264,-0.009448723226307004
2018-07-13,0.0051402411127074955,0.002841971381647454
2018-07-16,-0.018742409928861063,-0.018406791108568556
2018-07-17,0.008588690742130454,0.008546686540411233
2018-07-18,-0.0064810945671540405,-0.005812232156694899
2018-07-19,-0.005742307008455392,-0.0041590770423825816
2018-07-20,-0.006243546553261773,-0.005159961495833471
2018-07-23,0.009216151561828374,0.009276841914345572
2018-07-24,0.0012599594120768888,0.004025509292887779
2018-07-25,0.00506481627964075,0.0032854706027626124
2018-07-26,-0.0014862082299882768,0.0007934727240445009
2018-07-27,0.004341588348948758,0.005889606329786643
2018-07-30,0.008821714433649288,0.007681595350268771
2018-07-31,-0.0038589573131048004,-0.002290262407223942
2018-08-01,0.011145945754453782,0.009040157948065482
2018-08-02,-0.007540122194460965,-0.0063561112878895935
2018-08-03,0.009589600690209017,0.009670218863077448
2018-08-06,-0.00888006852460757,-0.008103997138545899
2018-08-07,0.005467688723471703,0.0037231618190650658
2018-08-08,0.008181910270884558,0.008366490395480796
2018-08-09,0.013935168985347017,0.013485869559984692
2018-08-10,-0.0042317631420927745,-0.0039890057320544495
2018-08-13,-0.011522763366432119,-0.010704773680410864
2018-08-14,0.008529924078158843,0.007801233119027915
2018-08-16,-0.002923749511283922,-0.004702419355023344
2018-08-17,0.00043866093062044144,0.001945043900484547
2018-08-20,-0.015701616857626846,-0.014432492200401058
2018-08-21,0.01751286488614269,0.01551027435617684
2018-08-23,0.009203294706492546,0.008799903817380963
2018-08-24,0.005420669518617983,0.005492469359297256
2018-08-27,8.171599155285154e-05,0.000815403470417685
2018-08-28,0.007590341287706655,0.00700218124195023
2018-08-29,0.0016354772692259408,0.0023101639958555847
2018-08-30,0.005134143876080442,0.00517054262871058
2018-08-31,0.013024166137528973,0.01161019588925989
2018-09-03,-0.001638444883467839,-0.003031893034395633
2018-09-04,-0.011069076813456504,-0.01170154219570891
2018-09-05,0.0014480550704005773,0.000863533779522783
2018-09-06,-0.0018921695100295143,-0.0009458872902279149
2018-09-07,0.005615698918265281,0.005914682151174076
2018-09-10,-0.002023650020751699,-0.003355134042603447
2018-09-11,-0.0002961604814808638,-0.002415749607568727
2018-09-12,-0.007783001717212405,-0.007069424993658505
2018-09-14,-0.00011213998447360879,0.002810475726396127
2018-09-17,-0.006809570757132577,-0.0066106486078220065
2018-09-18,-0.0016855726471444702,-0.0031185502750918914
2018-09-19,-0.003175427185720853,-0.0036850667296040385
2018-09-21,-0.022545477408299604,-0.024226574410781222
2018-09-24,-0.010003309011655873,-0.012392765195354939
2018-09-25,-0.011123060512673874,-0.011645184880271135
2018-09-26,0.02100837802767718,0.01892624557648985
2018-09-27,-0.014000519906964526,-0.014042170281191604
2018-09-28,-0.006175353052551724,-0.008010720758575257
2018-10-01,-0.01521920060836585,-0.012277268125677674
2018-10-03,-0.0019550577893176855,-0.0024051973255911317
2018-10-04,-0.019705992670202885,-0.01899097455546792
2018-10-05,-0.009040097341788024,-0.0121233793839636
2018-10-08,-0.005229304745521752,-0.01041777012593496
2018-10-09,-0.0012190080263498578,-0.00038170351102609747
2018-10-10,0.01555575085786928,0.01897652032969856
2018-10-11,-0.012384038587135928,-0.01416993289239438
2018-10-12,-0.002604515710593165,0.001548383901410191
2018-10-15,-0.01275883514615453,-0.011236133804529369
2018-10-16,0.0016773608916625768,0.0031223349247352285
2018-10-17,-0.0065727402935573795,-0.00866944997536401
2018-10-19,-0.005856100471459005,-0.0066456937302101105
2018-10-22,-0.023401363111971947,-0.02245844120629279
2018-10-23,-0.006483351030687967,-0.006447589732432727
2018-10-24,-0.009199870621746925,-0.006543831581545285
2018-10-25,-0.013397668272873678,-0.012158794406233717
2018-10-26,0.0036285003063965967,0.00580543622643534
2018-10-29,0.020583892426189545,0.021665599789775496
2018-10-30,0.019458618241220735,0.01723638466355959
2018-10-31,0.007111249576441102,0.007786343607595763
2018-11-01,0.008077772594260216,0.009660344805577962
2018-11-02,0.02680214530832625,0.026196089950366083
2018-11-05,-7.877479964435463e-05,0.0012806146764907853
2018-11-06,0.0018111072021689515,0.00135555213431425
2018-11-07,0.008396437524537451,0.008283764754554772
2018-11-09,-0.005566122172251792,-0.003662451861213175
2018-11-12,-0.006222684189364579,-0.006944599110361848
2018-11-13,0.005417840790296664,0.0066406749759915
2018-11-14,-0.0032350201046016215,-0.002677377440385565
2018-11-15,0.013543082696189066,0.013595131334401035
2018-11-16,-0.004202303157640495,-0.004090255293243638
2018-11-19,0.022629787383971114,0.02029404242255946
2018-11-20,-0.007136645555616145,-0.007326760085491253
2018-11-21,-0.002044287392379371,-0.0015228896729446119
2018-11-22,-0.012756180489207824,-0.012642810038795093
2018-11-26,0.0035179341189140786,0.002431155121161407
2018-11-27,0.0016324364583530015,0.0017799817065388412
2018-11-28,0.006673964224338482,0.004589792104237891
2018-11-29,0.008951240605387096,0.009149828319705922
2018-11-30,-0.006405051253090243,-0.006138495798257491
2018-12-03,-0.005492127027561081,-0.005004985680466251
2018-12-04,0.011216400240027404,0.010568554850332031
2018-12-05,-0.004090633309173695,-0.0045126123473697745
2018-12-06,-0.00131199524196733,-0.004794901087356265
2018-12-07,-0.00034963802415069055,-0.0002854923327966373
2018-12-10,-0.020985579200275703,-0.020100215322848503
2018-12-11,0.018240427531506447,0.01884125799186738
2018-12-12,0.013409775783597045,0.015242062868636533
2018-12-13,0.006090032729928602,0.007136115041506203
2018-12-14,-0.008711578951362124,-0.005850557374976016
2018-12-17,0.010130988952007754,0.009865746702852903
2018-12-18,-0.00507488280530519,-0.004790135129769551
2018-12-19,0.014472960941047618,0.013698680724920018
2018-12-20,-0.004248256131058692,-0.003942430895286725
2018-12-21,-0.004299827573752601,-0.005240727824258576
2018-12-24,-0.016176425254515563,-0.01619432748155966
2018-12-26,0.0035875446629942335,0.002204438617354771
2018-12-27,-0.007022249496189658,-0.006214881080571263
2018-12-28,0.0056096091644920465,0.006491644440685755
2018-12-31,0.009545342626254297,0.00915170365423119
2019-01-01,0.0023612614264220755,0.002041281106067997
2019-01-02,0.002050413037620812,0.0036255538705394514
2019-01-03,-0.005033080683040672,-0.006010699457002398
2019-01-04,0.0010551659949831367,0.0007686096031752252
2019-01-07,-0.006558187814315568,-0.006328018737124473
2019-01-08,0.004742077249180191,0.0047634658087659905
2019-01-09,0.0027424120733409987,0.0021646982153936487
2019-01-10,0.011385763831032309,0.01123565015616709
2019-01-11,-0.004714262187015628,-0.003983797016226948
2019-01-14,-0.007255394600934494,-0.007184679190246873
2019-01-15,0.004994154768447972,0.005355851540324115
2019-01-16,-0.0034883102814081773,-0.0026713864224310706
2019-01-17,0.005975285173206404,0.004137069317400609
2019-01-18,0.00787242649239984,0.006130195373220791
2019-01-21,-0.0026108215405257255,-0.0020327407203084968
2019-01-22,0.0009196388843547236,0.0005321548168422675
2019-01-23,-0.011631434375527548,-0.012183845457693441
2019-01-24,0.007566207811948299,0.005461655953073474
2019-01-25,-0.010404529216215274,-0.012035954571955087
2019-01-28,-0.017041261531718747,-0.01786284321902386
2019-01-29,0.00896804573611432,0.0067555860957615
2019-01-30,0.003093043479336919,0.00696366463204432
2019-01-31,-0.0037981051874894545,-0.0017370078409862273
2019-02-01,0.007077846791526957,0.00426272033619768
2019-02-04,-0.010696073593963688,-0.010859635712668491
2019-02-05,0.0016286884911787991,2.7001207619285067e-05
2019-02-06,0.0013261607568835461,-0.0002231658537840582
2019-02-07,0.0018149544301248812,0.003156458443351542
2019-02-08,-0.008083570958118801,-0.009156707610540996
2019-02-11,-0.009801045765690176,-0.01077532234098487
2019-02-12,0.016871860741872725,0.010921201110091233
2019-02-14,0.005864151069220013,0.004747168577791314
2019-02-15,-0.0195528980467752,-0.01645731311725784
2019-02-18,-0.021584228313972907,-0.017911519527341237
2019-02-19,-0.00331451855553889,0.0024337909682111275
2019-02-20,0.0026961820907006073,0.0038878471934653464
2019-02-21,0.012172435643027155,0.015703745594706626
2019-02-22,0.00193116745843174,0.0020859676057895637
2019-02-25,-0.0005553731771373734,0.004054353861587972
2019-02-26,-0.011203459165371278,-0.005454067455132709
2019-02-27,0.002763318103754261,0.0028562003816718666
2019-02-28,0.002186702456239092,0.0026096127971419296
2019-03-01,0.002389018132681696,0.003681642907013878
2019-03-05,0.010475755677696031,0.012964219300068719
2019-03-06,0.006301225931752263,0.00518737173957888
2019-03-07,0.0013968966593738406,0.00042438150846452324
2019-03-08,-0.014894472461294243,-0.01273390060209606
2019-03-11,0.008857136381925142,0.009232665642971467
2019-03-12,0.018039455434354274,0.018285826637131332
2019-03-13,0.00285166093835351,0.0023247246246781376
2019-03-14,-0.012813387333237228,-0.012827965450803005
2019-03-15,0.0007518744225811472,-0.0003017312118014158
2019-03-18,0.006953116596912181,0.0066528521122989764
2019-03-19,-0.0055105904411733,-0.005007796532265319
2019-03-20,-0.0019668302386469747,-0.003292773221789666
2019-03-22,0.010285603601701382,0.007899660467701249
2019-03-25,-0.00027900139294885474,-0.002834729309628985
2019-03-26,0.0007884064803234678,0.0014914735764160214
2019-03-27,0.01004070786730977,0.00892850259148645
2019-03-28,-0.006674105494492397,-0.004474105615067146
2019-04-01,0.028787066549377,0.02895820351980723
2019-04-02,-0.0008851813033894035,-0.0007617847543678561
2019-04-03,-0.009544572561638575,-0.00923040331817239
2019-04-04,0.008258921207266613,0.007832798724013528
2019-04-05,-0.0007665171300623026,0.0006833031709439363
2019-04-08,-0.01188309538461904,-0.010247618419144802
2019-04-09,-0.0002479643965054522,0.0004979367964759843
2019-04-10,-0.0005516403935481114,0.0002153038904526719
2019-04-11,-0.009183034313235595,-0.0068257356299666234
2019-04-12,0.004412962103995805,0.003659617489519146
2019-04-15,-0.001472227469527293,-0.0009627068003127735
2019-04-16,0.002800084524632663,0.003431731194209583
2019-04-18,-0.008078845468988079,-0.008317075912016018
2019-04-22,-0.013887265948158107,-0.013944817586539076
2019-04-23,0.006216692035628588,0.0058766676577440185
2019-04-24,-0.003842656648122216,-0.0020192726526454116
2019-04-25,-0.012428015363711806,-0.010657071456192897
2019-04-26,0.00403449364753736,0.0037101737462185394
2019-04-30,-4.490958375506608e-05,0.0015122044504994904
2019-05-02,0.004360124346287827,0.0035889919646770563
2019-05-03,-0.004537333406058143,-0.004689955934595482
2019-05-06,-0.003485091696632625,-0.005369091693541038
2019-05-07,0.0017960576530133307,-0.000297268055505984
2019-05-08,0.00010766883376118975,-0.0021302070135026186
2019-05-09,-0.006631828223770791,-0.005676715217593885
2019-05-10,0.006735338022675823,0.00470545494814451
2019-05-13,-0.010218927448819137,-0.011932089456315471
2019-05-14,-0.007396908996730868,-0.004900605610634768
2019-05-15,0.003162103219479633,0.0027683402580874323
2019-05-16,-0.008097248234445341,-0.006363888784747583
2019-05-17,0.0036877082504336908,0.0005068868734614644
2019-05-20,0.013573626761503803,0.019036196412676946
2019-05-21,0.007040837191896162,0.0022166912702360603
2019-05-22,-0.005395480141228737,-0.004296607524570121
2019-05-23,0.016999165263491687,0.014433464778347865
2019-05-24,0.002534411471870732,0.006248796552906411
2019-05-27,0.0145491155393096,0.014981657991921343
2019-05-28,-0.010453032992562368,-0.0054216630925645794
2019-05-29,0.004933457453005542,0.0038943646029932196
2019-05-30,-0.0025004206373303592,-0.00422942005513312
2019-05-31,-0.00460243599026058,-0.003218622567392645
2019-06-03,0.0017222141574907348,0.002675209392675719
2019-06-04,0.007298886144574669,0.0045378627847218415
2019-06-06,-0.01060155924887512,-0.010499067716423437
2019-06-07,-0.0006860121077444097,-0.0029198602518024546
2019-06-10,0.008167815444301224,0.006685782086461132
2019-06-11,-0.004902497717605934,-0.003094845145607726
2019-06-12,0.002820631677949539,0.00048654373911361697
2019-06-13,-0.006999164344558206,-0.0060997553371054366
2019-06-14,-0.0015257493489220844,-0.002319455607768873
2019-06-17,-0.001389649395088222,-0.0029754219015994668
2019-06-18,-0.011779691462348781,-0.009379546182423088
2019-06-19,0.0022061767691184007,-0.000559442204595398
2019-06-20,0.005645562478270628,0.00442591354465326
2019-06-21,-0.01822939056507373,-0.016520477260182583
2019-06-24,-0.018837711103925407,-0.015283440119570283
2019-06-25,0.015181940120217908,0.012087559564884052
2019-06-26,0.019435843965919467,0.017436209043353766
2019-06-27,-0.0022185527929681715,-0.0010271423267734013
2019-06-28,0.005182931874276955,0.004776613322221676
2019-07-01,-0.000770841253266279,-0.0005346242243615969
2019-07-02,0.0008183558070827708,0.004171972855306043
2019-07-03,-0.0145275900705058,-0.010589608612406936
2019-07-04,0.002181418263335686,0.0005067000176643642
2019-07-05,-0.0067425904180088946,-0.010602418641460139
2019-07-08,-0.012353059265616528,-0.012922946417744472
2019-07-09,-0.010713778285943724,-0.007560426198800007
2019-07-10,0.005859842705730072,0.0010128734537409624
2019-07-11,0.006339016505693436,0.0077031938901515745
2019-07-12,-0.0026997179553017205,-0.0006534646805902174
2019-07-15,-0.004179478892303056,-0.005539848935338281
2019-07-16,0.003132962440580334,0.004417321762872366
2019-07-17,-0.00070313210404981,-3.154791913085133e-05
2019-07-18,-0.0045865212017531755,-0.0065393025633682786
2019-07-19,-0.01163104279694338,-0.011180561695796842
2019-07-22,0.005566099184838289,0.005722005402372736
2019-07-23,0.00024924845511577415,-0.001495482885182356
2019-07-24,-0.012962819178689217,-0.014357223182203557
2019-07-25,-0.0009542476123706883,-0.0010513263835827315
2019-07-26,-0.0036536868653089367,-0.0009735843636750831
2019-07-29,-0.006083487282384463,-0.008260674752617565
2019-07-30,-0.006550367803020126,-0.007997831678861483
2019-07-31,0.009449907320750914,0.008273114469596584
2019-08-01,-0.011964548364849148,-0.011901320507177671
2019-08-02,-0.004924184741961055,-0.0061651367226326645
2019-08-05,-0.015924591352734184,-0.01619282785132828
2019-08-06,0.005878383354732989,0.008505350087437035
2019-08-07,0.015859011526625284,0.011178713253441233
2019-08-08,0.007533007806811173,0.00853632200243607
2019-08-09,0.001107697141395183,-2.833410027006523e-05
2019-08-13,-0.01689176646220823,-0.01475773547702785
2019-08-14,-0.005841075873570608,-0.00357690825653786
2019-08-16,0.001502657897398642,8.613182294599621e-05
2019-08-19,0.0028082585298496586,0.00378300649627686
2019-08-20,-0.0020783502303213233,-7.78126692490104e-05
2019-08-21,-0.01197211246844641,-0.01068194229438227
2019-08-22,-0.006176699393109038,-0.008287385151372301
2019-08-23,-0.010001707276246276,-0.006472609531604315
2019-08-26,0.01494179166057645,0.014419749114826625
2019-08-27,0.01975771307191298,0.018892044196100723
2019-08-28,-0.007753113327446886,-0.008845863512131971
2019-08-29,-0.00520356410406247,-0.006135253063927016
2019-08-30,0.010128726648265838,0.010805623305446033
2019-09-03,-0.01699674520859954,-0.014986284405699532
2019-09-04,0.001826056781959403,0.0014957472220773855
2019-09-05,0.0010005419562202902,0.0023986014053553406
2019-09-06,0.003607484670463818,0.003751926279820522
2019-09-09,0.004750134901968425,0.0055087182228225375
2019-09-11,-0.00048732064914216734,-0.0018051073034973109
2019-09-12,0.0012813135534110115,0.001148491857972741
2019-09-13,0.0011370790289550875,0.0031153523165886503
2019-09-16,0.0011446037016875205,0.001546894005952022
2019-09-17,-0.007277251951781886,-0.008478618395510054
2019-09-18,0.0027555651994130947,0.0023778585424353562
2019-09-19,-0.0019124639965226267,-0.0028306424369294748
2019-09-20,0.01852123704383077,0.02652516802146838
2019-09-23,0.03414875154063826,0.031338390192539894
2019-09-24,-0.011883441248453305,-0.0069466215686797865
2019-09-25,0.00881592416889597,0.001123909071010049
2019-09-26,0.002072140102903569,0.006948746260675642
2019-09-27,-0.003385569166034115,-0.007165848112667411
2019-09-30,0.005313307171947976,0.003497764960522104
2019-10-01,-0.01888298613410148,-0.015210247635348536
2019-10-03,-0.009337681166647,-0.009646807494329862
2019-10-04,-0.0018099381714968984,-0.0025507218643176046
2019-10-07,-0.01991340960827447,-0.02255438059791438
2019-10-09,0.0014062373940865688,0.004213956879924328
2019-10-10,0.011352387893338993,0.006464274117828601
2019-10-11,0.044193121945725465,0.011268065459902728
2019-10-14,0.007808912352227991,0.004318408987005613
2019-10-15,0.004867336992210766,0.0066084646509101475
2019-10-16,-0.00015209097779421977,0.001863159622332316
2019-10-17,0.0015241639471281205,0.005788103709007151
2019-10-18,0.0018889350918496635,0.01307116222759383
2019-10-22,-0.003945722755459634,-0.0025185135064223767
2019-10-23,-0.00926099837114883,-0.0020042496593017296
2019-10-24,-0.024176413146403043,-0.019967330255130155
2019-10-25,0.0049868969310084945,-0.0007324601814402919
2019-10-27,-0.0030451383325841696,0.0035470177030896355
2019-10-29,0.0016574041092289815,0.0017223458346412237
2019-10-30,0.002938849420950925,0.006913864849309641
2019-10-31,0.004889978928478819,0.011145509146057985
2019-11-01,0.010736562350951497,0.011895997920765304
2019-11-04,0.003362066780355205,0.008706012300071383
2019-11-05,-0.007196598602555854,-0.011724482940858684
2019-11-06,-0.0013405277437523728,-0.002646459109827092
2019-11-07,0.01230875947860458,0.010893026817253654
2019-11-08,-0.0067776456292370744,-0.009696083033285244
2019-11-11,-0.005350182695810623,-0.003939856700917172
2019-11-13,-0.0046575831237976855,-0.0072428120130254865
2019-11-14,0.007835135982800421,-0.0020902627850226054
2019-11-15,0.004336088353759605,0.008201206799999928
2019-11-18,0.00345697946668753,0.0029477611710682083
2019-11-19,0.0035049193650662034,0.006722560636887792
2019-11-20,0.0025577352505239846,0.007276765896312385
2019-11-21,0.004864523250813035,0.004001963408225447
2019-11-22,-0.003551788394205606,-0.003070282066013745
2019-11-25,0.0040671734365825985,0.005592716890431089
2019-11-26,0.006580347698339325,-0.0004040053674040947
2019-11-27,0.0004224030429609646,0.001987698246646138
2019-11-28,-0.0010240801139536511,0.0009349100985487015
2019-11-29,0.0027221148873565575,0.006772968940760061
2019-12-02,0.000540775426174724,-0.0020025650485512962
2019-12-03,0.00026733448592471056,-0.003781643533079748
2019-12-04,0.004219078563543549,0.0063764785269313715
2019-12-05,0.0015513585586378704,0.0008540345511637512
2019-12-06,-0.003237359626027601,-0.009966695759852066
2019-12-09,-0.001122467577232689,-0.0011777087372665251
2019-12-10,-0.0011844104792106572,-0.009385426068622273
2019-12-11,-0.0024517809938794663,-0.006157616292596255
2019-12-12,1.1576713210953958e-05,0.0030902931355693804
2019-12-13,0.005743345967093459,0.008718739657806052
2019-12-16,-0.00026562932933301385,-0.0034076502500998166
2019-12-17,0.01958791736415443,0.013054406013695605
2019-12-18,0.0028895157331109466,-0.002288760863091936
2019-12-19,-0.004316002119205959,-0.003370534658511091
2019-12-20,0.004919288219221165,0.010165223918940345
2019-12-23,0.010525118029460186,0.005454851050771063
2019-12-24,-0.014374606254285296,-0.0072204837376979945
2019-12-26,0.00725168238562643,0.006348840722578999
2019-12-27,-0.002255141835281801,5.436921216413475e-05
2019-12-30,0.019149478832977053,0.00816939448362826
2019-12-31,0.001725491292394798,0.005584255246271205
2020-01-01,0.00019023299197509858,0.0009183560982236222
2020-01-02,0.0037997325135599924,0.0036243118240358203
2020-01-03,0.00014421964445563232,-0.0013724342757919059
2020-01-06,-0.014966241107615649,-0.017979774175125356
2020-01-07,0.008054925429898937,0.005517018538143211
2020-01-08,0.003053628456527533,-7.437634632069469e-05
2020-01-09,-0.0004973187432268727,0.006894530559090809
2020-01-10,0.010950310078497042,0.010868404653773919
2020-01-13,-0.0053672793924537275,0.0022798059651571306
2020-01-14,-0.006756168758791428,0.0003491066655361909
2020-01-15,-0.0017651924233029943,0.0031292344586245505
2020-01-16,0.006201990932409489,0.006339016872660312
2020-01-17,-0.00028608055561459695,0.003981292972854954
2020-01-20,0.0034003117537290788,-0.0042545187101559
2020-01-21,-0.004128417612515461,-0.007023034672803553
2020-01-22,-0.007816171130917962,-0.0036721832089049943
2020-01-23,0.0049077739519520725,0.002651573043459402
2020-01-24,0.019536143365974656,0.008542436152895936
2020-01-27,-0.0010964597202698517,-0.0023009886157242653
2020-01-28,0.007683830570159727,-0.0001842696889972446
2020-01-29,0.0032356657593978393,0.0037915496594441217
2020-01-30,0.002461162453419947,-0.009791950479083468
2020-01-31,0.005049573661778418,-0.00780971933847527
2020-02-03,-0.014898381136189676,-0.017757940327643027
2020-02-04,0.014351191204250692,0.017093948470189545
2020-02-05,0.008298327049687002,0.011725973782287024
2020-02-06,0.001543280288059442,0.004748178089483915
2020-02-07,0.005553717022144046,0.004395740542164012
2020-02-10,-0.0030742008471679287,-0.008143921251216057
2020-02-11,0.00957366981501006,0.005710941198895223
2020-02-12,-0.003016347950762741,-0.0011483098789835285
2020-02-13,-0.0072779801977932755,-0.014853311717219275
2020-02-14,-0.016170832169249534,-0.011078688729993309
2020-02-17,0.0003226864801206537,-0.005541396397993392
2020-02-18,-0.0011645158458761116,-0.005709478141693213
2020-02-19,0.008069577791523728,0.013907690917659737
2020-02-20,0.008568734516550748,0.005331377389635014
2020-02-24,-0.007472837369414415,-0.02049858715244483
2020-02-25,-0.004364603622660848,-0.009436885124069181
2020-02-26,-0.00541101423464296,-0.009591309443103033
2020-02-27,-0.00623721629249516,-0.008290625103838834
2020-02-28,-0.009584960410333018,-0.020406437816421853
2020-03-02,-0.005611375401601491,-0.007881164337053517
2020-03-03,0.009358314632364653,0.008622118958768072
2020-03-04,-0.012161655779516934,-0.01688184514171507
2020-03-05,-0.002106753896364299,-0.0009616806343353024
2020-03-06,-0.011930861447656347,-0.020526961317284764
2020-03-09,-0.025814730847598416,-0.039664316182614005
2020-03-11,0.0004995348087431118,-0.0080893805645898
2020-03-12,-0.05252766802662043,-0.0680101685951081
2020-03-13,0.028283310882361017,0.02832026121811871
2020-03-16,-0.042290957494762235,-0.05541194566521675
2020-03-17,0.0022577922623600332,-0.012445057487324832
2020-03-18,-0.05952009770096996,-0.049562605831916226
2020-03-19,-0.03745541611355997,-0.04252231259936303
2020-03-20,0.029856351427788523,0.030699222760291123
2020-03-23,-0.07252747036528633,-0.08652153685996469
2020-03-24,-0.026947145818744495,-0.0030807745865066363
2020-03-25,0.06505607781356978,0.04025552632411418
2020-03-26,0.026013832409615696,0.026377717422451312
2020-03-27,0.005649773093506287,-0.010486388744462576
2020-03-30,-0.026099142224267433,-0.022394698716939793
2020-03-31,0.014037977783420478,0.021923292562194913
2020-04-01,-0.003278872181663047,-0.015563762477612464
2020-04-03,-0.005486417889272699,-0.0032729592957388464
2020-04-07,0.013798045838505114,0.021812015873998038
2020-04-08,0.00477400079689822,0.01784985974466713
2020-04-09,0.014161789137251676,0.03464425503374305
2020-04-13,0.006449409327893037,0.011309971408066702
2020-04-15,0.008928482108776118,0.010493930262674277
2020-04-16,-0.0019448021692144535,-0.005622229472120542
2020-04-17,0.005877263933587543,0.013738774031550285
2020-04-20,0.01011416054255918,0.021219736875050476
2020-04-21,0.0022300758988409632,-0.01571060380548801
2020-04-22,0.02174359358443724,0.029026371287422956
2020-04-23,-0.005672951442609047,-0.0009710297929595753
2020-04-24,0.004290479580727678,-0.007565542465191028
2020-04-27,-0.005986688693078238,-0.003466252342712035
2020-04-28,0.0035423630261079207,0.006187584662674748
2020-04-29,-0.005833440367345344,0.012436504201155484
2020-04-30,0.0008771165507662202,-0.0017438781659349057
2020-05-04,-0.0023074461055666556,-0.025076364482489184
2020-05-05,-0.003856424889125818,-0.005171395570658541
2020-05-06,-0.010093743792318307,-0.009237313223084302
2020-05-07,-0.005546953082030995,-0.0003150410704240084
2020-05-08,-0.00552636287003689,-0.005497988709810552
2020-05-11,0.0008931774256075349,-0.006698797468415976
2020-05-12,-0.021664877671988447,-0.028084000218896243
2020-05-13,-0.026107222558189182,0.0023234303879420297
2020-05-14,-0.00477215388507863,-0.005602936229323319
2020-05-15,-0.008701932407545661,-0.00911858634106288
2020-05-18,0.08239481296332561,0.02429371616683813
2020-05-19,-0.010629981162804218,3.530039719063004e-05
2020-05-20,0.024695163603394316,0.018096039454653545
2020-05-21,-0.0062193719940461896,-0.006478797634896315
2020-05-22,-0.0013241990917449173,-0.00441519891393515
2020-05-26,0.0005757280133056361,-0.003306183620764426
2020-05-27,-0.0039058751890677793,0.00161587139856945
2020-05-28,0.008380684738190628,0.010507507070451162
2020-05-29,0.00515057796680261,0.006661542448349069
2020-06-01,0.00745541670710311,0.01722750546884138
2020-06-02,0.01853290681807588,0.024281437225198342
2020-06-03,0.0056187067135271135,0.009724157163478561
2020-06-04,-9.348604731653854e-05,-3.401879144783134e-05
2020-06-05,0.01946120465844022,0.022578478011406184
2020-06-08,0.007204290050195278,0.011763636999750892
2020-06-09,-0.0024394331064799303,-0.005658752241706301
2020-06-10,0.00290180052207896,0.006881439654102995
2020-06-11,0.007920325650409878,-0.00045176647302461523
2020-06-12,0.008949920170947142,0.008425609591223815
2020-06-15,0.0008129521844273151,-0.0014585628714726593
2020-06-16,0.003983265688938244,0.003074985865341697
2020-06-17,0.007104440380580376,0.008208475442624218
2020-06-18,-0.015582143197851017,-0.01036603000013947
2020-06-19,0.007925801950100014,0.007185335815604762
2020-06-22,0.026033171903083924,0.02542312442901073
2020-06-23,0.02116612709442561,0.020895132283846752
2020-06-24,-0.005518733583964924,-0.003502008115118022
2020-06-25,0.010343882477828673,0.010078736341666814
2020-06-26,0.006505457179690155,0.014856262737024865
2020-06-29,-0.0005989949052263369,-0.004409179840977372
2020-06-30,0.008687324712617019,0.008846524347882837
2020-07-01,0.0117755531262813,0.0121801922178145
2020-07-02,0.008034256913150736,0.007568464905357369
2020-07-03,-0.004754712371621247,-0.0008314229502507739
2020-07-06,0.001429459868924494,0.0038573208061360824
2020-07-07,0.004412204132293838,0.0034771391216845806
2020-07-08,-0.0050209570432844675,-0.007242199043103679
2020-07-09,-0.0058402129159561954,-0.003801062339886967
2020-07-10,-0.0016501523264508826,-0.005182664600229109
2020-07-13,-3.2186391296583046e-06,0.0007054280290170823
2020-07-14,-0.005362337069609983,-0.010454530532987193
2020-07-15,-0.003132181708025576,-0.0055359801856511475
2020-07-16,0.0014196056089384008,0.0027044441030038965
2020-07-17,0.006675979144679997,0.008571534912617435
2020-07-20,0.008171413873331526,0.011074465542827828
2020-07-21,0.005830960034184489,0.00689134483496849
2020-07-22,-0.0065245637707365784,-0.010134493061649654
2020-07-23,0.01086645529300238,0.009539768684823459
2020-07-24,0.007432104048339401,0.004655003019895526
2020-07-27,0.0006546208969026635,-0.0026330459186108893
2020-07-28,-0.0046944213538037466,-0.004502141215453513
2020-07-29,0.022082940021927792,0.01934587074554469
2020-07-30,-0.010069274497608083,-0.004039229874434239
2020-07-31,-0.0006981184728175606,0.0032053784641958355
2020-08-03,0.008109970601842235,0.013158587916991435
2020-08-04,-0.0013441859279755101,0.0009430364453900756
2020-08-05,-0.00587034850379358,-0.004265014551225383
2020-08-06,0.0021815295149336398,0.0018648020055745125
2020-08-07,-0.005079929460807895,0.0002039792481013465
2020-08-10,0.03179705623578164,0.036661176335152146
2020-08-11,0.008653461045924479,0.008988335410089863
2020-08-12,-0.0006849165894117733,0.0018907832780236126
2020-08-13,0.01173618464614525,0.011804657154080621
2020-08-14,0.007181824575221799,0.007174833382455658
2020-08-17,0.002456387622576765,0.005982178141124934
2020-08-18,0.005375901146921958,0.006045701001773197
2020-08-19,0.0059108796170571805,0.007591980158896428
2020-08-20,0.012003442611821076,0.009577989248199371
2020-08-21,0.03029851241155118,0.0333688625128785
2020-08-24,0.013264127305022319,0.018936523350563488
2020-08-25,0.010115986208036262,0.007939724082181097
2020-08-26,-0.008556302102743536,0.00011411584378040191
2020-08-27,-0.029702262402071623,-0.011562317022629054
2020-08-28,0.017099868898337922,0.01308263430409552
2020-08-31,-0.005124340652807643,-0.0186152212106725
2020-09-01,-0.020261154562493146,-0.014492334358293923
2020-09-02,0.01853837680495567,0.017018091238070347
2020-09-03,-0.0025426078551345497,0.0033719184726796127
2020-09-04,0.0017006316266080365,-0.0025853565889580542
2020-09-07,0.03504749427987805,0.019880851866314865
2020-09-08,-0.011065162037782994,-0.010412343352833028
2020-09-09,-0.03894095194631246,-0.0334076777946763
2020-09-10,0.028230589557379226,0.02477645664915313
2020-09-11,-0.012311154025924954,-0.006530461445047572
2020-09-14,-0.02037135671989961,0.003744365786023457
2020-09-15,0.009844601962594533,0.01691058816389142
2020-09-16,-0.0454820397013707,-0.032745528498584864
2020-09-17,-0.005295591262745907,-0.011939710177530396
2020-09-18,-0.002631007773058154,-0.0011536940619035845
2020-09-21,-0.02619387866757729,-0.030439566311786657
2020-09-22,-0.02098995421163369,-0.012685897052825666
2020-09-23,0.0141469583911457,0.004293826428309814
2020-09-24,-0.0020452473138341818,-0.01166666229078359
2020-09-25,0.00868535583013217,0.01463683428412897
2020-09-28,0.013422058512923477,0.01515919858049146
2020-09-29,0.0033763362752910367,0.0024590008147549925
2020-09-30,-0.004768731638497337,-0.006640440451759907
2020-10-01,-0.010825311845849046,-0.004137825006282195
2020-10-05,-0.004628865148833644,-0.0012504384227078405
2020-10-06,0.0024462557087669133,0.0008856189551111523
2020-10-07,0.0004684282239572541,-0.00413136025891362
2020-10-08,0.005897953076853247,0.0030045596897679983
2020-10-09,-0.005633843050688252,-0.0031900677098912135
2020-10-12,-0.0013226295725299792,-0.007707860331347395
2020-10-13,-0.002529035996357859,-0.0026448017088338475
2020-10-14,0.0007778741155078925,0.0015710136329984072
2020-10-15,-0.020709350746580795,-0.020301861688521636
2020-10-16,0.0007170786399235292,0.004353870610410071
2020-10-19,0.012238994907948914,0.015112655264043907
2020-10-20,-0.0016251331569382627,-0.0006972122840108812
2020-10-21,0.0039633922546890785,0.004632703951933947
2020-10-22,0.00903650050266124,0.010290420526882971
2020-10-23,-0.0038421643001058012,-0.0031184558728416718
2020-10-26,-0.00023146470850541077,-0.001414206596064617
2020-10-27,0.011554983233945496,0.010864103197190784
2020-10-28,-0.008044901035702993,-0.008332302665271685
2020-10-29,0.008309833763572732,0.007515818420565631
2020-10-30,-9.055551239632126e-05,0.000961531923336446
2020-11-02,-0.010690492778517668,-0.010893936287472013
2020-11-03,0.0036926700388478333,0.007238271128891767
2020-11-04,-0.0023176155226269173,-0.0018142047810836759
2020-11-05,0.013879954673557165,0.014947823921980477
2020-11-06,-0.007877382675872622,-0.0066792014732115915
2020-11-09,-0.001497801618947009,0.0012149151302249346
2020-11-10,-0.0017083093404184862,-0.0027615548801522604
2020-11-11,0.009433072875407754,0.011937764554318397
2020-11-12,0.00939068023885301,0.010767976455682912
2020-11-13,0.007220495127208646,0.008962147658229225
2020-11-14,0.006043413641685585,0.006715211666849362
2020-11-17,0.04925667403191999,0.036110346090848844
2020-11-18,0.028475938301692698,0.021591890698510894
2020-11-19,-0.014143874249705693,-0.01180047289418543
2020-11-20,0.007185234844724759,0.005672298106624507
2020-11-23,-0.002212886607981393,0.0012099931585027356
2020-11-24,0.006846724930549338,0.009139884471257496
2020-11-25,-0.01095944406469817,-0.010089146943115438
2020-11-26,0.0007702538236529832,0.005801906643881733
2020-11-27,0.006667705367737739,0.008723048868814007
2020-12-01,0.023281811360941897,0.022155592353099565
2020-12-02,-0.001283619488166432,0.0031551865871747822
2020-12-03,0.00043974084443314997,0.006086015848675872
2020-12-04,0.013513775014491629,0.012093596320657301
2020-12-07,0.0011147807396568493,0.003933602247343522
2020-12-08,0.006757996366040505,0.0007876157372306855
2020-12-09,-0.00940933286773905,-0.008017690256445938
2020-12-10,-0.017524133247781803,-0.011631772520312845
2020-12-11,0.0024900167188534493,0.0009209447008537973
2020-12-14,0.004129641719751292,0.0014104583822125562
2020-12-15,-0.003486682780910025,-0.0026491607774602422
2020-12-16,-0.0012805429785689739,0.0020485270998218293
2020-12-17,0.0006106756789303791,-0.0013537841221688274
2020-12-18,-0.0008797038853213317,-0.00447877365793509
2020-12-21,-0.025288915145019634,-0.030166614004563937
2020-12-22,0.009651585573000181,0.008893501252376633
2020-12-23,0.016811756050702138,0.021057203149007987
2020-12-24,0.007489769238020707,0.006195361267631655
2020-12-28,0.0037153324616374813,0.010345893637646247
2020-12-29,0.0018586432484862837,0.0003288526730370336
2020-12-30,0.00851073329122863,0.005124351121976839
2020-12-31,-0.0032541062033734384,-0.0008073021742248686
2021-01-01,0.007071373435992789,0.007711039662665369
2021-01-04,0.009982751218896229,0.010272986633856488
2021-01-05,0.003855029754656237,0.004635004390774584
2021-01-06,0.009286958056728103,0.006891554846417282
2021-01-07,0.00368914988577275,0.00406082805863242
2021-01-08,0.00976225678525486,0.007133467342804197
2021-01-11,0.0005989039859270301,-0.00010711933678130266
2021-01-12,0.008728879570796745,0.010899541104692958
2021-01-13,0.001263265922166898,-0.0005713612364626024
2021-01-14,0.0016999422115481617,0.00010753028819949653
2021-01-15,-0.011165312716509829,-0.010638933220620067
2021-01-18,-0.011511961978656634,-0.012459350926161966
2021-01-19,0.006859150960402284,0.011861229941578379
2021-01-20,0.011338401256756673,0.010354579511199303
2021-01-21,-0.0034713856027061537,-0.00550489997462063
2021-01-22,0.0026416855308283795,-0.0005883628779023648
2021-01-25,0.008584540807390796,0.0010196734921096174
2021-01-27,-0.0064352939951041665,-0.0067909996540141
2021-01-28,-0.00834644475338299,-0.003395188217925861
2021-01-29,-0.01261510492771324,-0.009311970644868696
2021-02-01,0.03273174017638256,0.03075349075974457
2021-02-02,0.012778546475761975,0.015789354478854392
2021-02-03,0.006265389957791893,0.009048432927394452
2021-02-04,0.009565822552728715,0.01030844465594453
2021-02-05,-7.741820115242009e-05,-0.0019468835726652348
2021-02-08,0.01049212457752185,0.01306250487223006
2021-02-09,0.005630869081626603,0.0005429138971278022
2021-02-10,0.0063553689363270854,0.0038294703460168738
2021-02-11,0.009790272275131531,0.011590597179676301
2021-02-12,0.019275641762811706,0.014580284431997508
2021-02-15,0.007129813504140902,0.004498122660904184
2021-02-16,-0.01145258129649343,0.0024204798158427884
2021-02-17,-0.00932035169805572,0.003158819537178468
2021-02-18,0.01056702325993343,0.013389443577630831
2021-02-19,-0.009025286123244419,-0.011472862259419217
2021-02-22,-0.01259701826966497,-0.011621192615697338
2021-02-23,-0.0005659758064449297,0.0015368743865496629
2021-02-24,0.005526491612149052,0.0058794924603854356
2021-02-25,-0.0028434635924142063,0.005201728396748339
2021-02-26,-0.01069209439920717,-0.011929586719139816
2021-03-01,0.011294823281139106,0.012039455447274118
2021-03-02,0.014273563437185709,0.020230744628721233
2021-03-03,0.014622653331694694,0.01692388574762086
2021-03-04,0.008808158356430331,0.009333303888135849
2021-03-05,0.0001999012405947872,3.055684748327664e-05
2021-03-08,0.010019007810003719,0.01550084641183774
2021-03-09,0.0041963659439876195,0.00039178765889043884
2021-03-10,0.0030759244821826903,0.002369431960568246
2021-03-12,0.012911009581039027,0.009920458067349765
2021-03-15,0.00866283224018687,0.0032938423105197986
2021-03-16,0.00561335536446251,0.0038033337970545017
2021-03-17,-0.017763542479292533,-0.02080865259822547
2021-03-18,-0.013250484823792468,-0.012916345188492164
2021-03-19,0.0026331036984792236,0.005285773504600162
2021-03-22,0.005609193698200244,0.0029925201311886704
2021-03-23,-0.002261397974133238,-0.00029300026208959793
2021-03-24,-0.020859718785101813,-0.019343681329558667
2021-03-25,-0.027067937523682924,-0.02077134709990555
2021-03-26,0.014498435237433742,0.01739562638125732
2021-03-30,0.02042510229044212,0.02118205806517744
2021-03-31,-0.011904813516515764,-0.008322043992730175
2021-04-01,0.0019113258304594596,0.005559246676895013
2021-04-05,-0.003931022716277102,-0.005309591507178346
2021-04-06,0.007017720679057533,0.008362225529328419
2021-04-07,0.01952437933823961,0.01777547053643272
2021-04-08,-0.0034634870101350928,0.002084190794585464
2021-04-09,0.010763918183029113,0.005909680484581564
2021-04-12,-0.034493018335786066,-0.03777744415730292
2021-04-13,0.0048117032232544606,0.006820356917313952
2021-04-15,0.017666426411767185,0.012560883713130315
2021-04-16,0.0034507604012061588,0.008742863360808721
2021-04-19,-0.008952501777404809,-0.012895341858486238
2021-04-20,-0.007263306951892706,-0.003746089262798491
2021-04-22,0.0007062055398209667,0.0007255444857769938
2021-04-23,0.006060758437887394,0.005644313021098795
2021-04-26,-0.006294159563938652,-0.002946843640914127
2021-04-27,0.009965421716100684,0.009956812627542659
2021-04-28,0.0023502777324949427,0.003311855816187245
2021-04-29,-0.008745337707214017,-0.005437100786493016
2021-04-30,-0.005046086941112504,-0.0023601547301455093
2021-05-03,0.008595797801642787,0.01187944746796605
2021-05-04,0.0033109704204804407,0.0028023603824503867
2021-05-05,0.011267222535688522,0.015514800383431827
2021-05-06,-0.003973700467964687,-0.0033139270623239563
2021-05-07,-0.004017620335378123,0.00016000294272736272
2021-05-10,0.0038589362704215505,0.003459125966130484
2021-05-11,-0.0015719335940082956,-0.0023444769669544604
2021-05-12,0.0026979065154395924,-0.0038626374470065806
2021-05-14,-0.0009555384805212872,-0.0019184429804304714
2021-05-17,0.007759442216969889,0.00903582579274953
2021-05-18,0.011105455889290272,0.011893213188604288
2021-05-19,-0.001018550890643712,0.0012191166845062144
2021-05-20,-0.008346563289090331,-0.006642194478848301
2021-05-21,0.0009416597863038247,0.0011130760646046215
2021-05-24,0.008720062792774303,0.01072586918207616
2021-05-25,-0.008651342190843389,-0.005188476517417942
2021-05-26,0.0023901791265682967,0.0032827988757564647
2021-05-27,0.014907605472892814,0.012410280694540508
2021-05-28,-0.005923852044180785,-0.002880116102848734
2021-05-31,-0.0006620248838776711,-0.002131876114680509
2021-06-01,0.00017671470343441273,-0.0029522039587531936
2021-06-02,0.020335574844743878,0.017162924067367535
2021-06-03,0.021141990047552302,0.018474127630208274
2021-06-04,-0.015083603008064692,-0.012942566937403423
2021-06-07,0.007837475307514954,0.006604099421932438
2021-06-08,0.027140714639248827,0.019213469986064782
2021-06-09,0.023281293766680793,0.00941514494789208
2021-06-10,-0.004179286843994521,4.501453905240158e-05
2021-06-11,0.01879945100024518,0.013129513314699045
2021-06-14,-0.00240396917789553,-0.003405358009494621
2021-06-15,0.01392786936849561,0.008237372098590769
2021-06-16,-0.001031663911520748,-0.0006904259718227677
2021-06-17,0.001917368900006904,-0.0024347134839363157
2021-06-18,0.009860642294056808,0.0033016126434028976
2021-06-21,0.029720257155272586,0.020124465347720378
2021-06-22,0.01337362908889439,0.008555904211206252
2021-06-23,0.010072893717521554,0.00873641882515697
2021-06-24,0.0008061546203069403,-1.960269899780524e-05
2021-06-25,-0.016042961664521682,-0.011263993000283926
2021-06-28,-0.009050760457036388,-0.0035919841873541646
2021-06-29,-0.003556487423342693,-0.001949064062289514
2021-06-30,-0.0008770527768679915,0.0003003619345106369
2021-07-01,-0.0003050139066658069,-0.00022531167525310475
2021-07-02,0.014868500527750508,0.014153363951136705
2021-07-05,0.00203855942014582,0.006098490691327955
2021-07-06,-0.0074805614605635805,-0.005096232236753091
2021-07-07,-0.003556622878042769,-0.002425164811681629
2021-07-08,-0.006549974516771476,-0.006899926962533718
2021-07-09,0.0022444898197412537,0.0023845043465161165
2021-07-12,0.00425813520146977,0.004446421177819612
2021-07-13,0.007959686376049938,0.005499386941319937
2021-07-14,-0.004733614185438623,-0.0028924072855016723
2021-07-15,0.0023883329649250994,0.0017156919846720298
2021-07-16,0.0050141586772160995,0.00543623242265866
2021-07-19,0.022355092596911753,0.015022467956855688
2021-07-20,-0.01904560632262862,-0.0167351773424082
2021-07-22,0.01716677654698024,0.017205004551118307
2021-07-23,-0.008639886743959014,-0.005363402135840427
2021-07-26,-0.0009578929670610787,-0.0018111361855834972
2021-07-27,-0.014914230354541992,-0.01077713044807869
2021-07-28,-0.016377327280725246,-0.010017392134135645
2021-07-29,-0.0006223999443334802,-0.001110412991687293
2021-07-30,0.003431954793630867,0.004959611965755663
2021-08-02,0.02059210264689544,0.019008893945418125
2021-08-03,0.006071558589848951,0.004185709991125594
2021-08-04,-0.00647786575172652,-0.008516742747940825
2021-08-05,-0.002373379890014291,-0.00395375884069433
2021-08-06,-0.008082154880140668,-0.00459913350192957
2021-08-09,-0.006838646347990599,-0.008805683283026937
2021-08-10,-0.01747901992127476,-0.019212372353947495
2021-08-11,-0.01369602591649114,-0.010462423489888887
2021-08-12,0.008642371597735923,0.009831072128630053
2021-08-13,-0.004760777022682168,-0.0041549905583745704
2021-08-16,-0.0009345996040141806,-0.0006711377660219712
2021-08-17,0.011282803015191741,0.006894946538208698
2021-08-18,0.01332331704972601,0.008658082854872202
2021-08-20,-0.02492641282667893,-0.026502834149578852
2021-08-23,0.0012088076077830154,-0.0029008380210728364
2021-08-24,-0.0013135971578999014,0.0038725199811610583
2021-08-25,0.0062465102255265335,0.007719302914715288
2021-08-26,0.0062789299896222695,0.006370854607992509
2021-08-27,0.01334737056486745,0.011218627260532481
2021-08-30,0.011290010560997293,0.011620396802226719
2021-08-31,-0.0006707250301386292,0.0005997662758166102
2021-09-01,0.003017544951401209,0.0027469141646649935
2021-09-02,0.018622975630609676,0.020093007846116756
2021-09-03,-0.00220860379393429,-0.0005880172970014181
2021-09-06,0.0029083424161052843,0.0031392642347461415
2021-09-07,-0.00477614103165308,-0.002999240383252693
2021-09-08,0.004645644343333909,0.0061116910212946456
2021-09-09,0.013273467321611125,0.011279123575038675
2021-09-13,-0.008303883097093248,-0.006725962253676315
2021-09-14,-0.0022414374517629974,-0.0018921527298955926
2021-09-15,-0.00559264311696491,-0.00411405243303728
2021-09-16,0.004955117732866795,0.004288696647752796
2021-09-17,-0.018131462605511406,-0.014275144984158664
2021-09-20,-0.015841233012133357,-0.01809662481883219
2021-09-21,0.0009671225538296911,0.0022913931980289145
2021-09-22,0.008284704387530708,0.010797512622076856
2021-09-23,0.0029208978909295506,0.004504120300763083
2021-09-24,0.004382397372273429,0.0037992636767779624
2021-09-27,0.0019500105431347723,-0.0013719822983619266
2021-09-28,-0.0056459018948708676,-0.0032952641223783874
2021-09-29,0.009188276661041512,0.010527310799296622
2021-09-30,0.002046214276366869,0.004989494656851622
2021-10-01,0.0029471172800610503,0.003023707564567624
2021-10-04,0.0008143237078315303,0.005456831885208754
2021-10-05,-0.007611318172250571,-0.004714245820006539
2021-10-06,-0.006273799106331324,-0.005967531531583401
2021-10-07,0.006123641733006257,0.00530167462899328
2021-10-08,0.007582450635611955,0.006170324558249993
2021-10-11,0.005304241787304436,0.00871015459190806
2021-10-12,-0.0016280882026846364,0.002007877893472099
2021-10-13,0.004246399434641835,0.002791503635213517
2021-10-14,0.00905239220584118,0.010428992464276823
2021-10-18,-0.007674601214554571,-0.0012870593295989936
2021-10-19,-0.017397736352214085,-0.016426480063441093
2021-10-20,-0.010282288587554924,-0.009523852602021201
2021-10-21,-0.0004582683128958483,-0.003641634509801817
2021-10-22,0.0072894998151952625,0.006150039156708347
2021-10-25,0.0009362497691358636,-0.0031684226094847727
2021-10-26,0.007063135056931378,0.009081781167097456
2021-10-27,0.01076291530742097,0.005612689386309558
2021-10-28,-0.00906615192928755,-0.014865706392880873
2021-10-29,0.014033732133389711,0.008411696738452172
2021-11-01,0.01590626748159405,0.015055058533356624
2021-11-02,0.009971973649053846,0.012911410375358017
2021-11-03,0.0014013933625193773,-0.0002823176884162279
2021-11-04,0.0064885470978635704,0.008923933141212061
2021-11-08,0.0053414532015411,0.0027346774632339378
2021-11-09,0.012653211284800946,0.009226711378772498
2021-11-10,-0.0018203442612480265,-0.0024813192842363693
2021-11-11,-0.004141133499699048,-0.0016029590029286488
2021-11-12,-0.00017191818114929513,-0.0004521192103928744
2021-11-15,-0.012505765262014093,-0.01266291196547192
2021-11-16,-0.009138763595761828,-0.005400575295479442
2021-11-17,-0.012529452259156634,-0.010024977596014024
2021-11-18,-0.008085193072078337,-0.011052720956884128
2021-11-22,-0.011865813885901444,-0.014387015501259127
2021-11-23,0.007393679382860482,0.011182574368462669
2021-11-24,-0.005304524422047417,-0.0011364983068060694
2021-11-25,-0.0031275575477665526,-8.890041748071411e-05
2021-11-26,-0.0184302852262864,-0.022929204869209092
2021-11-29,-0.011813154673367953,-0.011484216303815693
2021-11-30,0.006058030982806758,0.006941543332049201
2021-12-01,-0.0063186618446836275,-0.0008403965785754928
2021-12-02,0.01178645001059007,0.015177557605569244
2021-12-03,0.003310618882755924,0.0016278178081050657
2021-12-06,-0.012071951940222814,-0.012066474321332583
2021-12-07,0.011610989997428923,0.013596622120156164
2021-12-08,0.011514171750573846,0.011252068827017639
2021-12-09,-0.002330007395720746,-0.0004480317451229821
2021-12-10,0.007311122212144588,0.010564985242648742
2021-12-13,-0.0011202066417250987,-0.0025303754027072873
2021-12-14,0.004879537917767007,0.004335298785269481
2021-12-15,0.0010351559159444885,0.00013644108872634426
2021-12-16,-0.007003757807025638,-0.00642719329805613
2021-12-17,-0.0021796566723303614,-0.005634760002350782
2021-12-20,-0.024133828126215742,-0.025045082134742623
2021-12-21,0.008197084267358058,0.008772673710159917
2021-12-22,0.011479545033381245,0.01320383136406638
2021-12-23,0.005208782312755997,0.005025483079965913
2021-12-24,-0.012104531841653693,-0.010413404085552094
2021-12-27,0.0020416507995323135,0.0061817722214239645
2021-12-28,0.017134715913268966,0.012486181210807797
2021-12-29,0.003214961705462407,0.0020741442004688095
2021-12-30,0.0006836282239391447,2.9629020470889507e-06
2021-12-31,0.00689137890508308,0.0067676674324876375
2022-01-03,0.008834136350243188,0.008017261443545934
2022-01-04,-0.0038686214119229554,0.000178429867917529
2022-01-05,-0.0015186274245692047,0.000910634828858868
2022-01-06,-0.008793660254849331,-0.006591809873731213
2022-01-07,0.0015264865018528528,7.257739506100707e-05
2022-01-10,0.005034439800534543,0.005515181868622938
2022-01-11,-0.008018016623696389,-0.007517663483960883
2022-01-12,0.00544729312018643,0.006204450418581381
2022-01-13,-0.0016420740445566026,0.002604939026025375
2022-01-14,-0.0024923348570343486,0.0014533511621347777
2022-01-17,0.005216972731821145,0.005715836611349933
2022-01-18,-0.014969310719890133,-0.014288397133214127
2022-01-19,-0.004408399947895607,-0.004542146523127355
2022-01-20,-0.001109182797714545,-0.0033189249919492216
2022-01-21,-0.014901008008025334,-0.017037904598231242
2022-01-24,-0.025209860664410923,-0.028691801089647122
2022-01-25,0.010271784128491362,0.010457587260379942
2022-01-27,-0.0020637265748301575,-0.002313215394099416
2022-01-28,-0.005029764230638455,-0.001998462975491037
2022-01-31,0.009907161973762294,0.012395736951788899
2022-02-01,0.004852762132255158,0.006268877995740377
2022-02-02,0.01372119974799509,0.015697446437606136
2022-02-03,0.007010380808997227,0.002097455734051762
2022-02-04,0.00365158248222958,-0.0006786902010208309
2022-02-07,-0.0027267773582605242,-0.007040140872822056
2022-02-08,-0.001844835240536202,-0.002879187017365123
2022-02-09,-0.0010897157294362933,-0.0007759431386314204
2022-02-10,0.004755833936434281,0.006552725996170719
2022-02-11,-0.010694675617474267,-0.008555919080867792
2022-02-14,-0.00903680107918454,-0.016403316115279582
2022-02-15,0.00863144704551438,0.010490722153065821
2022-02-16,0.004186434419717626,0.006688591447728335
2022-02-17,-0.003892748980070217,-0.0037805814984617197
2022-02-18,-0.008231001929888173,-0.00682479674616701
2022-02-21,-0.012005305851168116,-0.012029475246387002
2022-02-22,0.005338117604655583,-0.00023651313930608353
2022-02-23,-0.005663555979320306,-0.004275291393525697
2022-02-24,-0.03608601829622596,-0.04046739001855519
2022-02-25,0.01451353511333066,0.019385433134606247
2022-02-28,0.0054829038465903385,0.009034548057478263
2022-03-02,-0.025774837305678804,-0.020359115156727392
2022-03-03,-0.01860573129639476,-0.014269418462685854
2022-03-04,-0.010314996649398125,-0.010925404728672842
2022-03-07,-0.051899389207858526,-0.04269845469344952
2022-03-08,0.013948149620858143,0.010375004251663246
2022-03-09,0.01962569963744622,0.017372325052996837
2022-03-10,0.01676565802879528,0.017743048912262006
2022-03-11,-0.004824660233581044,-0.0021056479278873776
2022-03-14,0.0029291072120869823,0.0035699475645139343
2022-03-15,-0.002854679816865382,-0.004480383933386384
2022-03-16,0.008412493777251976,0.008907408385847014
2022-03-17,-0.0009334134798676814,0.0016134879348100805
2022-03-21,0.011837357388693764,0.009083899348572112
2022-03-22,-0.007199633706248086,-0.00439875667875583
2022-03-23,0.003364771480511984,0.0024920470731742365
2022-03-24,-0.015268958042114979,-0.010131313686639337
2022-03-25,-0.0045410310375612346,0.0004749402483094467
2022-03-28,0.00023197754746444912,-0.0023286644238208224
2022-03-29,-0.00860470984372106,-0.004849846503645302
2022-03-30,0.023840546460543937,0.021434246509973543
2022-03-31,0.008556653324162012,0.007691734059049553
2022-04-01,0.011346555886537874,0.01216548390594114
2022-04-04,0.012253185250906769,0.013099706779878095
2022-04-05,0.011693830046262552,0.013929943830012951
2022-04-06,0.007957921196651462,0.007304475781343514
2022-04-07,0.005257663859353137,0.0030917810276308855
2022-04-08,-2.6734931625634295e-05,0.002208544426507759
2022-04-11,0.009813715459064861,0.011976011431082843
2022-04-12,-0.011599427914970838,-0.011530874784835823
2022-04-13,-0.0034799787540618146,-0.003677420176915917
2022-04-18,-0.0034459836544348285,-0.004522080034374183
2022-04-19,0.010492405598900061,0.004005403619686534
2022-04-20,0.002267944273309895,0.002387290501141063
2022-04-21,0.007671778965910827,0.009781411231487487
2022-04-22,-0.007481830018618522,-0.004390501215693094
2022-04-25,-0.008716532509074863,-0.00876481748576797
2022-04-26,-0.005189892142138208,0.000616700151211531
2022-04-27,-0.0044343827351133,-0.005269272125754773
2022-04-28,0.0026205493322260616,0.004712611121990194
2022-04-29,-0.00019446286297793077,-0.0019185710302212786
2022-05-02,0.007210286825770792,0.004863458823818854
2022-05-04,-0.010541499709517461,-0.014132095389756313
2022-05-05,-0.006602002826039925,-0.006956101108092924
2022-05-06,-0.009321015877371018,-0.011448800464685159
2022-05-09,0.0004632087103959405,-0.00238022407683226
2022-05-10,-0.01292333875295801,-0.014919125279732787
2022-05-11,-0.021577087730848342,-0.021117413740283197
2022-05-12,-0.015689531892850942,-0.017054225257239743
2022-05-13,0.011631952283466024,0.009061285121968772
2022-05-16,0.002434483625439647,0.005470672927429367
2022-05-17,-0.0012215664367634907,0.003508230701402117
2022-05-18,0.025731005589279234,0.024079481811634707
2022-05-19,-0.02224042997331611,-0.022449739417287232
2022-05-20,0.01865769072781439,0.018689524756094818
2022-05-23,-0.009479497896380695,-0.005777120390807555
2022-05-24,-0.00985575901071827,-0.009757548410384946
2022-05-25,-0.012015818204062993,-0.01421147032146303
2022-05-26,0.007804438094038173,0.008080520974447633
2022-05-27,0.012364604147285276,0.012370745332385498
2022-05-30,-1.8189023612454275e-05,0.006025308767368777
2022-05-31,-0.010442262273645324,-0.00946589862947401
2022-06-01,-0.017186102340317245,-0.012514314636289318
2022-06-02,0.008314756374169402,0.0052156816069215415
2022-06-03,-0.006975175216814682,-0.005979549967510386
2022-06-06,0.0061764619462869545,0.004116308334470455
2022-06-07,-0.011875367168161817,-0.011889212658980765
2022-06-08,-0.0005916295962740088,-0.0013610546155918384
2022-06-09,-0.0075383475989826915,-0.005036232836849361
2022-06-10,0.00015610032191174439,-0.0006785138486893624
2022-06-13,-0.009986145460018856,-0.011915400435242855
2022-06-14,-0.0015173364629263342,-0.0007967396940433477
2022-06-15,0.01105478346759891,0.009028103709451734
2022-06-16,-0.022576847675811813,-0.02175857951110962
2022-06-17,-0.012338011831627915,-0.009984625125168296
2022-06-20,-0.011453736151987942,-0.01082064332943863
2022-06-21,0.00620593592660684,0.0078467892975681
2022-06-22,-0.01297910881832633,-0.010940547543788558
2022-06-23,0.006810873333122439,0.006200985106452092
2022-06-24,-0.008167758396025418,-0.00489806090250364
2022-06-27,0.006642161679819781,0.006777139401263807
2022-06-28,0.014911360872719027,0.012587321741976012
2022-06-29,0.004287288324040154,0.0037569212295875676
2022-06-30,0.014407551555525923,0.01174534174721714
2022-07-01,-0.0022222631051287047,-0.00198536990303071
2022-07-04,0.011603066038874578,0.014297802427139674
2022-07-05,0.013433793774563786,0.013208141099325619
2022-07-06,0.020492545736948573,0.019972377541162163
2022-07-07,0.0014924604786183604,0.003055370011141665
2022-07-08,-0.00021937634838427067,0.0013392203084693715
2022-07-11,0.0103715972640123,0.01006157660828558
2022-07-12,-0.010860504177096504,-0.01037460418274874
2022-07-13,0.0010170253201379907,0.0001803529502780405
2022-07-14,0.002875772179976815,0.0036921166390268484
2022-07-15,0.011013335686346076,0.009630048418675534
2022-07-18,0.016233834202304242,0.01338275714974913
2022-07-19,0.016238000495008297,0.01538741530884087
2022-07-20,0.001718425754276527,0.0005803925530206243
2022-07-21,0.01115360728094161,0.013162613619204264
2022-07-22,0.007533505091861639,0.008145862446895559
2022-07-25,0.007859758009242677,0.006325659750928901
2022-07-26,-0.0011172260692993066,-0.0036194367781778596
2022-07-27,-0.001476394499647877,-0.0008932546939077944
2022-07-28,-3.770135520695109e-05,-0.001310164946213335
2022-07-29,0.017305068788851352,0.01696826415276412
2022-08-01,-0.001842006500284135,0.0004532587099078841
2022-08-02,0.012600005048496328,0.009862995530476953
2022-08-03,-0.005765892160633741,-0.007901898153192977
2022-08-04,0.003989277315507782,0.001329658505860664
2022-08-05,-0.010375273010709637,-0.006119560699058569
2022-08-08,0.013704788483657427,0.011245901037559007
2022-08-10,0.004241540848781286,0.0033447129108929705
2022-08-11,0.00036194552314335943,0.0013565223983867673
2022-08-12,0.00507804690184051,0.003845371272053977
2022-08-16,-0.0035124926982762652,-0.0006130598260636898
2022-08-17,0.021802829525406058,0.01787759338678357
2022-08-18,-0.016182760682453383,-0.011130047938361375
2022-08-19,-0.006186250862787744,-0.004294862025727613
2022-08-22,-0.005440717631490569,-0.0027948522914409304
2022-08-23,-0.0023940976135703104,-0.0024322185660158122
2022-08-24,0.01665806981523958,0.015417099625157488
2022-08-25,0.00632678593477432,0.00953734116407944
2022-08-26,0.012861474254386706,0.008227958634440806
2022-08-29,-0.009591817687488732,-0.009459492218038153
2022-08-30,0.0007847022842191458,0.0021283675113541543
2022-09-01,-0.020355790451705588,-0.017373782194225938
2022-09-02,0.0004605244789559239,-0.001115521768575877
2022-09-05,0.008422034241833451,0.006540585330102315
2022-09-06,-0.003775971166446593,-0.0016357513789275922
2022-09-07,0.0193381010903584,0.019756809632922753
2022-09-08,0.004798525692164118,0.0058348171780269725
2022-09-09,0.010289455777576182,0.009486562577222055
2022-09-12,-0.006465654711198366,-0.003437424195479383
2022-09-13,0.01567336619081829,0.014562333402013322
2022-09-14,0.004174798287193279,0.0036966190212104058
2022-09-15,0.0048691614373120706,0.004986777284144812
2022-09-16,-0.045336283346440125,-0.04056810692015438
2022-09-19,-0.01001201612979355,-0.009139540629025769
2022-09-20,0.021620915780056833,0.01965999398652067
2022-09-21,-0.001096997600812232,0.0004727226468554669
2022-09-22,-0.003494216380144477,-0.0007402381139310403
2022-09-23,-0.006689177171669582,-0.008712930580064417
2022-09-26,0.007650793622492071,0.0016015710082842402
2022-09-27,0.0032924547303389423,0.001185920055380175
2022-09-28,0.0017992065057054743,-0.0006219890087264089
2022-09-29,0.007990510737506127,0.008057049126151473
2022-09-30,0.010433539703443725,0.010083077265930244
2022-10-03,0.010577917998011641,0.008383336779423219
2022-10-04,0.004685656557230797,0.007244938200989274
2022-10-06,-0.009926062224113377,-0.010156965688347636
2022-10-07,-0.011665466574216566,-0.009330948084744982
2022-10-10,-0.005376345637844783,-0.004120345548532474
2022-10-11,-0.004128351338497365,-0.0037140637660879
2022-10-12,0.010353825064673352,0.011442632971079206
2022-10-13,-0.009826170368757105,-0.010151294112287079
2022-10-14,0.0041370140526368945,0.00411459736188606
2022-10-17,0.004953776681609908,0.0067158269095292334
2022-10-18,0.002599478149404877,0.0016696362409467076
2022-10-19,0.009831690488002798,0.007790191821230908
2022-10-20,0.0006657780491868797,0.0006525690403480681
2022-10-21,0.01116557735271776,0.007078509150673014
2022-10-24,2.4918256497718214e-05,0.00045548945533270503
2022-10-25,0.012772511908579746,0.00974480518918847
2022-10-27,0.018187193164641142,0.01621234119577412
2022-10-28,-0.014693153190842684,-0.012982655705448102
2022-10-31,0.01495040391062923,0.011746206056424811
2022-11-01,0.0029616052303838743,0.002965864480740335
2022-11-02,-0.008331295311822121,-0.008074241306994993
2022-11-03,0.008865225153969085,0.005290284048320606
2022-11-04,0.007728246790945571,0.008125908061911243
2022-11-07,0.010874413380834691,0.008536598237585392
2022-11-09,-0.011420314461328,-0.00960250482017337
2022-11-10,-0.004785960372756293,-0.004437830672059927
2022-11-11,0.005498780214809137,0.0040206212720155675
2022-11-14,-0.00424579572582544,-0.003206588263461296
2022-11-15,-0.004239908888851188,-0.0016901257116618798
2022-11-16,-0.0012412676202277011,-0.004384775508401563
2022-11-17,-0.005929469161638908,-0.005915799672324365
2022-11-18,0.01376516567387843,0.01137513997152304
2022-11-21,0.03084829850984856,0.020565689233187936
2022-11-22,0.03401541775205517,0.020963870715276233
2022-11-23,-0.00791817283376575,-0.005479998151058571
2022-11-24,0.009556388004611761,0.006665269362258426
2022-11-25,0.012017274893553991,0.010529958856321936
2022-11-28,0.016199337202933598,0.015195557872721808
2022-11-29,0.0033578208765350625,0.0034743890102918494
2022-11-30,0.005058708994580388,0.00602090078428412
2022-12-01,-0.001004170915311158,-0.001788527582742401
2022-12-02,-0.0003371289295504223,0.0007328550568064716
2022-12-05,-0.007707509569447846,-0.005607875813243334
2022-12-06,0.00043535630015732274,-0.000448840158100656
2022-12-07,0.004784391792371893,0.0037117824765530603
2022-12-08,0.01593037606545395,0.01287057975273303
2022-12-09,-0.004809306341808892,-0.008178292684630474
2022-12-12,0.0031750766756460606,0.004755483069046096
2022-12-13,0.022990074768055563,0.02308107735571617
2022-12-14,0.012048361221981954,0.012878287426664305
2022-12-15,-0.011282453201693793,-0.009191648821445216
2022-12-16,-0.00244626503541769,-0.004843082666629948
2022-12-19,-0.0034673652313835187,-0.002409428293364254
2022-12-20,-0.005639863169166679,-0.005838134938271236
2022-12-21,-0.0033907146056181437,-0.006793583672837771
2022-12-22,-0.012965065669148651,-0.012348448680094036
2022-12-23,-0.02484573336363584,-0.031194665093161128
2022-12-26,0.013203739878430614,0.019511432198685907
2022-12-27,0.018612365772297097,0.01889214386999379
2022-12-28,-0.0014725046700264424,-0.0020061054502587923
2022-12-29,0.005464457607259099,0.003427293302717008
2022-12-30,0.00812559968748172,0.008525201765536047
2023-01-02,-0.003713732184102854,-0.001319010906141787
2023-01-03,-0.0037110259919212575,-0.0013804908745646907
2023-01-04,-0.0015480590309445096,-0.002388727102758162
2023-01-05,0.005633868896723445,0.005199089305706218
2023-01-06,-0.009386718860244921,-0.009308676458230072
2023-01-09,0.005675046594558681,0.006986973189269695
2023-01-10,0.0024052419116802736,0.0009181643513717089
2023-01-11,0.007036044303947207,0.006056258355164356
2023-01-12,0.0002958713550558378,-0.0009790551724795798
2023-01-13,0.0038884989950114033,0.002417460307933536
2023-01-16,0.0007412498930543165,0.000766692316261296
2023-01-17,-0.00142808378106954,-0.0023283801205618818
2023-01-18,-0.0006151460527626109,0.00074022205578978
2023-01-19,-0.006296580336163764,-0.004141727628535241
2023-01-20,-0.003671123362459246,-0.004550708153715647
2023-01-23,-0.009501512707454569,-0.008291664203696088
2023-01-24,-0.002806285422507114,-0.004465406391510189
2023-01-25,0.0012159199200510865,-0.002088254502767002
2023-01-27,0.005480487898622234,0.002416853949772682
2023-01-30,-0.0027484392843630545,-0.003634154390400001
2023-01-31,0.014512067126616368,0.01483138856570205
2023-02-01,-0.0007623021256036249,-0.0032670200491090534
2023-02-02,0.017811481775036046,0.014418105805468961
2023-02-03,0.01140970696453547,0.008570543563002924
2023-02-06,0.008232717961587813,0.0056961822608387665
2023-02-07,0.007375209959208503,0.006077606109773239
2023-02-08,0.014165222846227222,0.013293886708575332
2023-02-09,-0.011958317901082751,-0.010304532725605891
2023-02-10,0.019913293021912498,0.017435071521889094
2023-02-13,-0.009467818483942755,-0.01005070742358486
2023-02-14,-0.0027990140702871223,-0.00023591795377438682
2023-02-15,0.0035514670685220092,0.0024559209821396364
2023-02-16,0.00786161267305931,0.0059856376789575875
2023-02-17,4.017249657972021e-05,-0.0012892748708363936
2023-02-20,0.0077810351757264876,0.004766776741974141
2023-02-21,0.0007829736656921773,1.091827320593092e-05
2023-02-22,-0.002576474915199284,-0.0032401772522706223
2023-02-23,-0.003340755792791344,-0.0038333872867865938
2023-02-24,0.01135053523871246,0.008487226255310466
2023-02-27,0.004898156034165988,0.002902461292670298
2023-02-28,0.008770170284508466,0.008360646867405761
2023-03-01,0.005364619564961083,0.0064667058459021605
2023-03-02,-0.0031723955334867983,-0.004959834580020286
2023-03-03,-0.006726369603305662,-0.0034638155731062043
2023-03-06,0.0020210074707294316,0.00418688832196939
2023-03-08,0.0036818346925612476,0.004378778867416387
2023-03-09,-9.300601632202234e-05,0.0005676516516859884
2023-03-10,-0.00352543237751716,-0.0034975214604366176
2023-03-13,-0.014603546987943772,-0.01601719830787372
2023-03-14,-0.0064301150503360775,-0.006986362526913249
2023-03-15,0.00047212993143738605,0.0008524649903999587
2023-03-16,-0.013269092393980301,-0.0118145271201397
2023-03-17,-0.001415252983079749,-0.00037189451503634924
2023-03-20,-0.00018485287764125567,-0.0031964687496344978
2023-03-21,0.01018892543819372,0.010065769217774469
2023-03-22,0.0007630461514993371,0.002752588406219575
2023-03-23,0.0021026357531812,0.0005218370079412338
2023-03-24,-0.006545550328694266,-0.006609080483714767
2023-03-27,-0.0023832352310475874,-0.003626006962678841
2023-03-28,0.0023177158431520453,0.003470014278641869
2023-03-29,0.02187467685781499,0.021438304738773284
2023-03-31,0.00586630929488606,0.005769220106798028
2023-04-03,-0.0021739847055078565,-0.0005374080377301325
2023-04-05,0.0037089940406994392,0.003200086073422744
2023-04-06,0.00438200093859897,0.0039046579134338955
2023-04-10,0.008826550886826809,0.009540081085529404
2023-04-11,0.0034434442624302238,0.004815473259638715
2023-04-12,0.005336017693417502,0.006504264129360059
2023-04-13,0.0038378885490563475,0.0033662214005206314
2023-04-17,0.0046216859182081705,0.0032887737439493913
2023-04-18,-0.0016601145192931854,-0.0006677036969621084
2023-04-19,-0.003976448927137632,-0.0020561103714745285
2023-04-20,-0.008970508140053856,-0.007155381372406942
2023-04-21,-0.001632691880231238,-0.0021520807898976844
2023-04-24,0.00469548207139452,0.004285653009904492
2023-04-25,7.859193181969121e-05,0.00012351147803387735
2023-04-26,0.008862123635529105,0.011164321615256718
2023-04-27,0.004834137652501383,0.007187761435417206
2023-04-28,0.0050260683315116305,0.00522486113442581
2023-05-02,-0.0040771932230926405,-0.003639060929947173
2023-05-03,0.0005188826357994811,-0.0008267103020785551
2023-05-04,0.007328811236523881,0.007525401372186785
2023-05-05,-0.001538850842824826,-0.00414886093465943
2023-05-08,0.0041671177776444876,0.007998980367955813
2023-05-09,-0.005378434666838278,-0.002761057227650874
2023-05-10,0.003368689704491677,0.0033065233587590516
2023-05-11,0.004783716555034993,0.006352566328809322
2023-05-12,-0.004171441909317491,-0.002347677211557317
2023-05-15,0.005907225471535706,0.007804494718796204
2023-05-16,-0.004024849639572025,-0.0026381124906032175
2023-05-17,-0.005577008019345794,-0.00476271020534295
2023-05-18,-0.0053097232954115465,-0.0043900381124230645
2023-05-19,-0.0017248891715445254,-0.003073785547451653
2023-05-22,0.008156655606765211,0.01034812346264356
2023-05-23,-0.00038353673207033515,-8.197941559829567e-05
2023-05-24,0.003776644909208035,0.004062555592671522
2023-05-25,0.007934184809668718,0.006552443889770869
2023-05-26,0.00998929018876829,0.010741878341907842
2023-05-29,0.01146585796627888,0.0064156186115717755
2023-05-30,0.005245510045215965,0.00678966490818713
2023-05-31,-0.007331270271872468,-0.0031485576294680994
2023-06-01,-0.005792802703983149,-0.006149328721045938
2023-06-02,0.006996334139632559,0.005036301863137949
2023-06-05,0.010639713321864957,0.008177484902903123
2023-06-06,0.006484127461685144,0.004272722092944849
2023-06-07,0.01552505337750402,0.014542317192633526
2023-06-08,-0.005056204977306613,-0.0026871835959092496
2023-06-09,0.0014911000477050983,0.0006352621666674188
2023-06-12,0.002656218189130788,0.001674905974214886
2023-06-13,0.011773363233171533,0.010836815763296212
2023-06-14,0.0081206435451446,0.007331485524600555
2023-06-15,-0.003077141511372369,-0.0010728791197145897
2023-06-16,0.012432309656078592,0.011551759039587894
2023-06-19,0.005779871000987625,0.00406348936968893
2023-06-20,0.005896368564555172,0.006568341276907163
2023-06-21,0.002355366568512276,0.004438236260163105
2023-06-22,0.0035982664606799544,0.0004957680163338858
2023-06-23,-0.006416796444623149,-0.007221399915982018
2023-06-26,0.00734841908738949,0.010712631144745827
2023-06-27,-0.008221141382548038,-0.005887914918674577
2023-06-28,0.003498763435839591,0.004499794297913253
2023-06-30,0.0025137621951101335,0.0033565110224032216
2023-07-03,-0.0014513961540978215,-0.0018011694951123468
2023-07-04,-0.0008320290630405195,0.0011299564158961958
2023-07-05,0.003431548998865983,0.005347109147503364
2023-07-06,0.005397931999760273,0.007481747071792033
2023-07-07,-0.012466007788220615,-0.011057090563273175
2023-07-10,0.00230461054754677,0.004315024381915095
2023-07-11,-0.0018059792538115526,-0.001237764231735262
2023-07-12,0.003001628688091429,0.00448922478778334
2023-07-13,0.00575530767040637,0.0023986857430264184
2023-07-14,0.007762788546973454,0.010050408237264951
2023-07-17,0.0009261316454788194,-0.0006069452229287564
2023-07-18,-0.003771975378244688,-0.002840309435628784
2023-07-19,0.007726036431342891,0.007753449181915019
2023-07-20,-0.0018200125608426457,-0.0006139747677938747
2023-07-21,-0.008035292089271338,-0.00625862033794624
2023-07-24,-0.0016835265911254672,-0.0032579000738942876
2023-07-25,0.0028161764664971956,0.0032113511373520936
2023-07-26,-0.0014503152016444411,-0.0008099208104254451
2023-07-27,-3.08444243503162e-05,0.0015563224241346612
2023-07-28,0.014005780775074157,0.011563230960303539
2023-07-31,0.018673943624573287,0.01637309933366801
2023-08-01,0.007878031308369452,0.00821172655298327
2023-08-02,-0.013714131161103038,-0.014496010728243526
2023-08-03,-0.00614827762483896,-0.0026539817229719494
2023-08-04,-0.0029409521137636475,-0.0028544817671216716
2023-08-07,0.0001789621724266187,-0.0006611579986042156
2023-08-08,0.007990070310006717,0.005988153014611979
2023-08-09,0.003919117244657555,0.007476095471505986
2023-08-10,-0.005735873679066456,-0.002288314586092003
2023-08-11,-0.003301608901444869,-0.0024524693234671798
2023-08-14,-0.0077534915621873465,-0.008095286996716593
2023-08-16,0.003280212558062519,0.0034497180404729037
2023-08-17,0.0018459500343352704,0.0020251148128423283
2023-08-18,0.0012032481714508217,0.001652072771142292
2023-08-21,0.004655120377514329,0.0040350636945626584
2023-08-22,-0.0007016931993035494,0.0001493866305106197
2023-08-23,-0.0025492715442050865,-0.0012711662090199066
2023-08-24,-0.005911878306569523,-0.00776849205649694
2023-08-25,-0.013879686691534823,-0.011777401551490962
2023-08-28,0.005561395571539148,0.003296911076534099
2023-08-29,0.0027337266348567714,0.00248418845648373
2023-08-30,0.010417318048732114,0.007787264562028876
2023-08-31,0.0065990891248632715,0.008512927092491927
2023-09-01,0.010849443900163661,0.011300734928499935
2023-09-04,0.002864433654104143,0.0026050194620755845
2023-09-05,0.007506217963519997,0.009392903277692172
2023-09-06,0.007480236276549783,0.004741339886283998
2023-09-07,0.011097188003653558,0.013536263017096779
2023-09-08,0.005519276511833434,0.005649325135650603
2023-09-11,0.002089189982608934,0.006358959188495835
2023-09-12,-0.008543394940777221,-0.016449407530435403
2023-09-13,0.013796105141765786,0.012694375074160361
2023-09-14,0.0023603685094488545,0.004546098509997939
2023-09-15,-0.004456226982640562,-0.002231268587386359
2023-09-18,0.006212740256146333,0.004801101071379999
2023-09-20,0.007497148097698211,0.0014026735174093286
2023-09-21,-0.011523041687665063,-0.012638801686478072
2023-09-22,-0.009137389328059365,-0.0017869301753244346
2023-09-25,0.007950159770923964,0.0061267938414235525
2023-09-26,-0.008969622252500009,-0.0035802836771514535
2023-09-27,-0.001484252728514496,-0.0026184919440422542
2023-09-28,-0.003538127911245716,-0.003852614233026643
2023-09-29,0.012046608125902922,0.01451932685697001
2023-10-03,0.004382004869848935,0.004421198156959898
2023-10-04,-0.013963704344248687,-0.015003995314032221
2023-10-05,-0.0024324790577773705,-0.004407513942971638
2023-10-06,0.0014972425174378237,0.0020752093355855474
2023-10-09,-0.010928593817381382,-0.013488360149131282
2023-10-10,0.006462280023861379,0.009065972292640417
2023-10-11,0.010112382564092226,0.006804231273363535
2023-10-12,0.005833204625874469,0.005116112977816348
2023-10-13,-0.0012631928281061481,-0.0028328202944704777
2023-10-16,-0.0071082037730663085,-0.003665694021620811
2023-10-17,0.003292595481968599,0.0030784189142375367
2023-10-18,0.0037563501362264757,0.002766247786544754
2023-10-19,0.00466889395148812,0.0009020392645045887
2023-10-20,-0.008999468018685366,-0.010278660432124009
2023-10-23,-0.018162562830745844,-0.02474214358012429
2023-10-25,-0.004499524048461757,-0.006010758502174328
2023-10-26,-0.014107757863750537,-0.014042784271960434
2023-10-27,0.011781136966435554,0.017293438262215296
2023-10-30,0.00956551840133209,0.004545226638571309
2023-10-31,-0.0019446186438968624,-9.0221601732035e-05
2023-11-01,0.006835460935376281,0.006382985507962629
2023-11-02,0.0029601731348493916,0.008009727473528986
2023-11-03,0.01130137976125254,0.010589633838593064
2023-11-06,0.015708636388040716,0.012861254639978557
2023-11-07,0.005110973962681199,0.006854348758899818
2023-11-08,0.0009107432740739251,0.0023300447350273687
2023-11-09,-0.004692549072157422,-0.003356760526028376
2023-11-10,0.006635074780761863,0.007543250023953462
2023-11-13,0.002647704773397388,0.0033171791700742485
2023-11-15,0.008741859659942586,0.006297486931016629
2023-11-16,0.003840389012343673,0.003236659686814248
2023-11-17,-0.0007461921911152752,0.001113220019652856
2023-11-20,-0.004929390921373205,-0.0027587152187601607
2023-11-21,0.007328577321814996,0.006868201338363958
2023-11-22,0.02587408821124145,0.01746541699339316
2023-11-23,-0.005246091379036425,-0.001555631948388086
2023-11-24,-0.004106499811636789,-0.0027242440499516633
2023-11-28,0.004134690907258045,0.0031561488657922436
2023-11-29,0.00393441517375841,0.0024529388883495493
2023-11-30,0.022364066105923085,0.019385808549685683
2023-12-01,0.0024162857862485244,0.0036452814526024865
2023-12-04,0.016833756360290567,0.01589365009187124
2023-12-05,0.001062901699976513,0.0070625968308904614
2023-12-06,-0.016136255551233648,-0.010252239174813436
2023-12-07,0.009254971313219106,0.005409427117666422
2023-12-08,0.0020402393393387556,0.0005152330901128893
2023-12-11,0.005483112971733174,0.003358010375431052
2023-12-12,-2.2790439205949432e-05,-0.002564878517412866
2023-12-13,0.003348441108505621,0.005745878134486897
2023-12-14,0.009171496882110736,0.006851202993468521
2023-12-15,-0.003974915167817047,-0.001818994641702099
2023-12-18,-0.0066861653079819585,-0.004214307815435169
2023-12-19,0.004102642258340388,0.0049809610204588056
2023-12-20,-0.015529593017600577,-0.018014749272889825
2023-12-21,0.00936160651260688,0.00978081682419047
2023-12-22,0.0020714809081700124,0.0033369845466194054
2023-12-26,0.0022647973052705643,0.003887202486773161
2023-12-27,0.009854638561396869,0.004751002003548743
2023-12-28,0.0023942664281199058,0.004183152857006394
2023-12-29,0.00744703777208655,0.007496319670271009
2024-01-01,-0.0015333649789841253,-0.0006286272139523165
2024-01-02,-0.007689056854366788,-0.0028740798653692245
2024-01-03,-0.011657051652312896,-0.008098158183589221
2024-01-04,0.005158794071144395,0.007833562288124237
2024-01-05,0.004437292038273084,0.0035095388248894016
2024-01-08,-0.005371854777660688,-0.005933199648847599
2024-01-09,0.0040864402114447924,0.0037444806890362713
2024-01-10,-0.004904452152059886,-0.0017758075446770443
2024-01-11,0.0047794052967131285,0.004024227588782305
2024-01-12,0.00105213104010604,-0.00016400615888949083
2024-01-15,0.015575950402766495,0.013012087940623177
2024-01-16,-0.007761518366725579,-0.006973211141561398
2024-01-17,-0.009061881336722885,-0.01087026228050634
2024-01-18,0.0021799432622955314,-1.6371991203046232e-05
2024-01-19,0.009501641835554492,0.008379443784704243
2024-01-23,-0.023104122165922048,-0.022634652267920316
2024-01-24,0.003080960326443508,0.004529526721042025
2024-01-25,-0.010397918805809998,-0.003145809392188153
2024-01-29,0.015389572323580307,0.015574527472211188
2024-01-30,-0.0011585592440959173,-0.002604443121974758
2024-01-31,0.015026547748487369,0.014287224977633156
2024-02-01,-0.012788269571798436,-0.010341914200349406
2024-02-02,-0.00583656344780038,-0.005209169336577735
2024-02-05,-0.019355052346363942,-0.01685677855640044
2024-02-06,0.008640497774099854,0.013258162174536266
2024-02-07,0.010458570165801344,0.00893369457269139
2024-02-08,-0.000799615761448021,-0.0017371610392681014
2024-02-09,-0.00485277398443664,-0.0039954284482613504
2024-02-12,-0.0024294554924105655,-0.006492851517804147
2024-02-13,0.0003092099066995309,0.0026082387700670437
2024-02-14,-0.0003632286280451918,0.0018196948653954595
2024-02-15,0.01856875732764103,0.016945671847663792
2024-02-16,0.012361790589527265,0.010954473547619616
2024-02-19,0.018650695581290126,0.015568141068415522
2024-02-20,-0.0017179585762991537,-0.001536381067349313
2024-02-21,-0.004779218409094206,-0.005436630157201256
2024-02-22,-0.0013852189193197403,-0.0009320344299080844
2024-02-23,-0.00026535866292826826,0.0003114900528912384
2024-02-26,0.00020177740871296168,0.00018527159862432224
2024-02-27,0.006161050222051402,0.00641929247112968
2024-02-28,-0.008511570437158923,-0.008949853656326058
2024-02-29,0.007738096798392796,0.0071595366615929525
2024-03-01,0.007578644060835843,0.00822169376052658
2024-03-04,0.006685989354824756,0.0072263533214449085
2024-03-05,-0.015507996342916048,-0.012524825353834977
2024-03-06,-0.008326802642494469,-0.010458256439172947
2024-03-07,0.0026685513085472124,0.003691369074082604
2024-03-11,-0.004036215990645454,-0.006746277057185797
2024-03-12,-0.0091396574940976,-0.009533884718153727
2024-03-13,-0.018194975555262137,-0.021621161440837203
2024-03-14,-0.0009861470859903346,0.0033261046367504166
2024-03-15,0.004812020617393757,0.005742588539994377
2024-03-18,0.01639516512244878,0.015266017352759658
2024-03-19,-0.014954696018300396,-0.013827089677982397
2024-03-20,0.0015549139570787812,0.0018057799925752295
2024-03-21,0.012624999001674825,0.013966397126553553
2024-03-22,0.0014151180318839913,0.0017566364876227384
2024-03-26,-0.0020056511289154883,-0.0004608900407071537
2024-03-27,0.0004566355388821593,0.0012879240757336734
2024-03-28,0.006749373881498228,0.005900762870424632
2024-04-01,0.015950635746011875,0.015345925087201154
2024-04-02,0.009697898597397756,0.010411793200644719
2024-04-03,-0.001585954108499454,0.0004513245645458711
2024-04-04,-0.0032156192929571155,-0.001406856292628931
2024-04-05,0.002297832118605561,0.00252202853716974
2024-04-08,0.0009230794127619952,0.00024979205194158795
2024-04-09,0.0008743750855907992,0.0015475852676989548
2024-04-10,0.002749007117122418,0.004375149344813228
2024-04-12,-0.015325509973891205,-0.014353614475655236
2024-04-15,-0.006026400882545655,-0.006299535151523143
2024-04-16,-0.005511165339755437,-0.002939417948497498
2024-04-18,-0.0018575523887801812,9.258541924928744e-05
2024-04-19,-0.0036902779277484736,-0.0023278570702860183
2024-04-22,0.002023780844654664,0.0023496687042633257
2024-04-23,-0.0013140882852485433,-0.001342416095616898
2024-04-24,0.006677105123397343,0.005602374916170597
2024-04-25,0.016752081806078768,0.01567085299814503
2024-04-26,0.007332630341886474,0.008577109037559453
2024-04-29,0.004575392247553052,0.004038815025658797
2024-04-30,-0.00011108386985326439,-0.0005786324597234337
2024-05-02,-0.0029267360769479737,-0.0022061215282205954
2024-05-03,-0.0022738189641005073,-0.002462639361132629
2024-05-06,-0.005165375237083741,-0.005772436950596546
2024-05-07,0.0008202426665837592,-0.001019956301797898
2024-05-08,-0.003466675893394514,-0.00036840422046336015
2024-05-09,-0.012735817879307736,-0.013428306905227705
2024-05-10,0.011656329835648498,0.011343434581838882
2024-05-13,0.0033265741522151425,0.0017312250441770753
2024-05-14,0.010887792831233836,0.01285202540761911
2024-05-15,0.004112293712399187,0.004771500316449162
2024-05-16,0.012403373716355595,0.012486914794302391
2024-05-17,0.004665920105193541,0.007698503065083947
2024-05-21,-0.0028055729084189326,-0.0020585904778581366
2024-05-22,0.006052319603491625,0.0030460404763375084
2024-05-23,0.0029253564279620114,0.004330233158179212
2024-05-24,0.003617333367540563,0.003730265840689579
2024-05-27,0.02107332455409839,0.020040480763945524
2024-05-28,0.004877563905958528,0.004249571993856973
2024-05-29,-0.008596464648527377,-0.007708174285358083
2024-05-30,0.009203542635777957,0.009157242445017593
2024-05-31,0.011060257773882459,0.011962365854348575
2024-06-03,0.008666541430596695,0.01557624695339442
2024-06-04,-0.023471802076644285,-0.03508022805871766
2024-06-05,0.03335154142165935,0.03419303076240778
2024-06-06,-0.0029624515890605083,0.0023009800670657017
2024-06-07,0.02641600459269364,0.023545794458026795
2024-06-10,0.00813031030437703,0.008092089887724719
2024-06-11,0.009315430158978788,0.009512231416245742
2024-06-12,-0.0011849225314436468,0.001403980564245962
2024-06-13,-0.0010912138649641103,-0.0011526318776365703
2024-06-14,0.0063191705959176996,0.006808649471937328
2024-06-18,0.009897593427767899,0.009820412613513782
2024-06-19,-0.012923005843519254,-0.015124768305842497
2024-06-20,0.00944318483125434,0.004911723465589094
2024-06-21,-0.005301178570337198,-0.00397283877382919
2024-06-24,0.008756071411913986,0.00953116085294953
2024-06-25,0.001645667574645441,0.0020140331297597196
2024-06-26,-0.0065955487696361115,-0.006562688901224924
2024-06-27,-0.000683291475412195,-9.624473381324661e-05
2024-06-28,0.013119747538374747,0.011112533730144912
2024-07-01,0.0203063614117706,0.020958822654915048
2024-07-02,-0.0037818456958595725,-0.004291540969332146
2024-07-03,0.002964498889713457,0.003373853553332031
2024-07-04,0.004180371544801062,0.0038928680913423034
2024-07-05,0.008302114257236268,0.009053352444322465
2024-07-08,-0.009874807848988344,-0.006992407806724988
2024-07-09,0.028379058945209045,0.027487088054924166
2024-07-10,-0.021443016101230304,-0.019824982593404365
2024-07-11,0.0015215803968352285,0.003029695124549134
2024-07-12,-0.0036541950639866773,-0.0035935359244368133
2024-07-15,0.010450958845725278,0.008217461746198508
2024-07-16,0.0002636683587507742,0.0015814516798371447
2024-07-18,-0.008051215134940488,-0.011105431223859022
2024-07-19,-0.019071404849247568,-0.01987536830929063
2024-07-22,0.01039273976127468,0.010570400536358156
2024-07-23,0.006074442239231997,0.0039348688863579916
2024-07-24,0.0032651001154648633,0.005901796931109581
2024-07-25,0.008527235712258942,0.0063582658368410575
2024-07-26,0.007246705035261045,0.0067417325340446465
2024-07-29,0.01083827554627205,0.011616734407884093
2024-07-30,-0.0005631429192796508,0.003334736644666459
2024-07-31,0.025464715455276,0.017042567155307848
2024-08-01,-0.007793385281552791,-0.004709457195990292
2024-08-02,-0.014341202560300706,-0.01073553659726205
2024-08-05,-0.030807156816325544,-0.03221152079107219
2024-08-06,-0.003859520861040678,-0.0008938424371370647
2024-08-07,0.025497438931766318,0.02249602956488883
2024-08-08,0.005051166653879373,0.006907812732890849
2024-08-09,0.0023648025117405584,0.0009091359195327516
2024-08-12,0.004344703940138317,0.005931665938703805
2024-08-13,0.016924366798584178,0.01582631935005707
2024-08-14,-0.0025821374184340864,-0.003841124981552751
2024-08-16,0.015837847820469746,0.014550109655739262
2024-08-19,0.007134120041262727,0.006873557423255107
2024-08-20,0.003475599239729737,0.002150028277544876
2024-08-21,-0.006028665967919244,-0.0029575291784229656
2024-08-22,0.0015395727822521013,0.0018766680529075125
2024-08-23,-0.003112764444460732,-0.002417341614237556
2024-08-26,-0.005765685992081222,-0.0042199685181376016
2024-08-27,0.011524049601453826,0.009392550074431393
2024-08-28,-0.0038350865651239096,-0.0016684656794946167
2024-08-29,-0.005685000487268947,-0.00685057173274335
2024-08-30,0.003170535960831616,0.002443036931443928
2024-09-02,0.0026059232942009444,0.0007123461994643263
2024-09-03,0.005037015812587363,0.005330050139791874
2024-09-04,0.030809728834287953,0.026179156583327392
2024-09-05,-0.008050845121861432,-0.006274200554604982
2024-09-06,-0.003950122213942446,-0.003160976091120997
2024-09-09,-0.003967360550109868,-0.0037728950311435483
2024-09-10,0.011222434290796585,0.010513363358103617
2024-09-11,-0.0031611750995125193,-0.0018213658879019494
2024-09-12,0.01706129591121938,0.01594393717688841
2024-09-13,0.0020028862055919195,0.0012152104354381844
2024-09-16,-0.008430558131562923,-0.004786067239420916
2024-09-17,-0.004686822019722271,-0.00430512658876452
2024-09-18,-0.0017951065016409578,-0.0023350791182577936
2024-09-19,0.004227514401335968,0.0025481293840186716
2024-09-20,-0.0003610414664594422,0.0013659325878973263
2024-09-23,0.0029002064857924312,0.003660504525455367
2024-09-24,0.00564233967856151,0.005770901304746001
2024-09-25,0.009968756366133182,0.005783040030384402
2024-09-26,0.0020804515961254477,0.00135132524431142
2024-09-27,-0.007510694596736778,-0.006216420765590874
2024-09-30,0.004366671684983324,0.005071649538388776
2024-10-01,0.007692862727313316,0.007125751864214534
2024-10-03,-0.010820168240670914,-0.011643298952659519
2024-10-04,-0.02402811218777704,-0.021990743337816546
2024-10-07,-0.01390183868996283,-0.01626943565086552
2024-10-08,0.022633671751459264,0.021712406913342985
2024-10-09,0.0039895309925882545,0.006454320605909292
2024-10-10,-0.0013695105410346331,-0.00019439772463701127
2024-10-11,0.024741894404354144,0.023884611670478475
2024-10-14,-0.009415339400132809,-0.00824417948177135
2024-10-15,0.009106383686755926,0.009134195314841928
2024-10-16,-0.0007363974715668499,0.0010496732879516088
2024-10-17,-0.01860887181730059,-0.018950512837508805
2024-10-18,-0.006998709800665346,-0.008781017886343152
2024-10-21,-0.013906058021964086,-0.01344442590184969
2024-10-22,-0.009741530386223468,-0.012888748950946573
2024-10-23,-0.0027952706659766396,-0.0027021785289023073
2024-10-24,0.002836924959620674,0.0011892260589399129
2024-10-25,0.000583363044544878,-0.003134909008762619
2024-10-28,0.006327053044318691,0.005895744892304688
2024-10-29,-0.009514375128337138,-0.004459713221750027
2024-10-30,0.003943717234151206,0.005378491951021637
2024-10-31,0.01214461699327494,0.01706383717047659
2024-11-01,0.006486843526134331,0.007422724251041063
2024-11-04,0.00033392133322342893,-0.005397962660751444
2024-11-05,0.0076197226480752885,0.005922116955077493
2024-11-06,-0.0021449762743938664,0.0031864882889972284
2024-11-07,-0.014708288373948499,-0.015255483818427187
2024-11-08,-0.006464131815221957,-0.008115910692499421
2024-11-11,-0.013246395524199187,-0.007129159619523931
2024-11-12,-0.005361134133021955,-0.00453981369189009
2024-11-13,-0.017701109364122194,-0.01873140205391912
2024-11-14,0.005817559376127526,0.006143358520844251
2024-11-18,-0.009497109016805933,-0.00861165786660329
2024-11-19,0.01360816724219052,0.012397215744190093
2024-11-21,0.021295364855785214,0.011872526520259394
2024-11-22,0.01307697452562443,0.01107999805357921
2024-11-25,-0.005861952376278518,0.004256809103165617
2024-11-26,0.003015858976959959,0.001816753736534752
2024-11-27,-0.011866473106626892,-0.0033829163783201054
2024-11-28,0.0023567333997838416,0.000371601234447258
2024-11-29,0.01178898611572063,0.009165654808623804
2024-12-02,0.0018538115038467784,0.0011666975056173708
2024-12-03,-0.004550920043461709,0.003163325709913832
2024-12-04,0.005473794869562565,0.0033644066744032254
2024-12-05,-0.0010080955543353993,0.0014817480691435723
2024-12-06,-0.006759583899476311,0.0011895092194181879
2024-12-09,-0.004945183270583076,-0.005389837154942412
2024-12-10,0.009797168424999713,0.009841637761343483
2024-12-11,-0.008481903766677725,-0.0036529408019345573
2024-12-12,-0.01030840633358978,-0.011457816154732093
2024-12-13,0.0035469418621050294,0.002080220964534507
2024-12-16,0.010170586826523397,0.005918066483561773
2024-12-17,-0.013621237547398902,-0.01262075749536201
2024-12-18,0.003852121355408902,0.001005052094364566
2024-12-19,-0.007149712801734466,-0.0062307222704880184
2024-12-20,-0.011978607273032703,-0.015161940297339057
2024-12-23,0.0008333642439201552,-0.0027205650448108047
2024-12-24,-0.0005360039669258136,-0.00048257628788444
2024-12-26,-0.006781006886759697,-0.004248628604925254
2024-12-27,0.0038777321036969044,0.0024310985922012056
2024-12-30,0.014369793606475332,0.010569084038373706
2024-12-31,0.021462661330120265,0.01927439702212617
2025-01-01,-0.00810536331114883,-0.006887543617757527
2025-01-02,-0.0023753529606340418,-0.0007352763348241328
2025-01-03,-0.00812825540068674,-0.004596525625418513
2025-01-06,-0.018791428949493524,-0.023091636526750385
2025-01-07,0.0002033106099835558,0.001693916845752754
2025-01-08,-0.014315295897405413,-0.014373065227298046
2025-01-09,-0.010810788911391122,-0.010779541749940627
2025-01-10,-0.016354457030365064,-0.017465427726564387
2025-01-13,-0.01901453515700843,-0.023501465522266615
2025-01-14,0.013816370027907239,0.016761842180122603
2025-01-15,-0.0063205048996720125,-0.0031528140851286002
2025-01-16,0.00373597014064905,0.008237029445759976
2025-01-17,0.0015365609295751824,-0.0005872946540434972
2025-01-20,0.005387617470539255,0.004177417895629834
2025-01-21,-0.006858366274512561,-0.009256905262468066
2025-01-22,-0.0014717198771816422,-0.002272450660213825
2025-01-23,0.008355627832145851,0.007713425566710385
2025-01-24,-0.00910396688063579,-0.011781651640104761
2025-01-27,-0.026695253418466097,-0.02719972815080092
2025-01-28,-0.00450670876378781,-0.003070903733841268
2025-01-29,0.026554527984716664,0.030381013319666007
2025-01-30,0.005493282271577898,0.0005152896511475478
2025-01-31,0.00457225553799459,0.00826364444659332
2025-02-01,-0.011661380489209835,-0.0044722643804058085
2025-02-03,-0.004267904301198312,-0.004335649480949801
2025-02-04,0.007271548240119424,0.008045327044137608
2025-02-05,0.008063658979963776,0.006492757288398325
2025-02-06,-0.013513636917310884,-0.013345844969677646
2025-02-07,0.025996994375932052,0.0225932552405847
2025-02-10,-0.01260265287402994,-0.013177733698124505
2025-02-11,-0.0166677813736286,-0.018131760306832466
2025-02-12,-0.0072520191162285825,-0.007134567396354897
2025-02-13,0.0015890518596823394,0.00038401442660559234
2025-02-14,-0.02114101776327736,-0.02238207405323724
2025-02-17,0.0035713894497279865,0.0031149167908844293
2025-02-18,-0.002768124530703983,-0.006970520451501379
2025-02-19,0.0007132006506169603,0.003681400905590144
2025-02-20,-0.0016982720982384944,0.00014395239580186603
2025-02-21,-0.0032390650032759127,-0.004175438584636907
2025-02-24,-0.010525084079073882,-0.010975787125127595
2025-02-25,-0.0009046866987907391,-0.0014209282620643406
2025-02-27,-0.0003774417988431412,-0.0044127246797546205
2025-02-28,-0.030528173477578587,-0.027725339538135798
2025-03-03,0.0121429432361715,0.01064013221728676
2025-03-04,0.0012528269828297293,0.003218397207652533
2025-03-05,0.025801433672614473,0.025078819817931072
2025-03-06,0.006204743185199677,0.009338039302649813
2025-03-07,0.002145695289422727,0.00223060995268904
2025-03-10,0.009265711325728756,0.003621667040365089
2025-03-11,-0.006427544754552465,-0.006964032976844763
2025-03-12,0.009156951572770314,0.00834858392734801
2025-03-13,-0.005110291836868603,-0.003235854870138098
2025-03-17,0.012642938672787667,0.011021724452220402
2025-03-18,0.0,0.0
2025-03-19,0.014520752638331875,0.01806258801943028
2025-03-20,0.005657249364838166,0.005159092396621629
2025-03-21,0.008593132669825095,0.004873744076777011
2025-03-24,0.00014086855693251887,0.0006715554952388526
2025-03-25,0.0026433277756026503,0.002009773371269817
2025-03-26,-0.008797977256345107,-0.006799728070876155
2025-03-27,0.0033122957304735578,0.0032268995216715663
2025-03-28,-0.0006856201971515031,-0.001614087673846898
2025-04-01,-0.006228158451834602,-0.007655682753511773
2025-04-02,0.005825508119654717,0.006245633931290736
2025-04-03,-0.00019378356647433402,0.0003610619123037154
2025-04-04,-0.023374593763524923,-0.02447319910062697
2025-04-07,-0.02349720489665362,-0.0236106146190514
2025-04-08,0.012313032045145934,0.012436645221839217
2025-04-09,-0.0075951987655231935,-0.006542154936046781
2025-04-11,0.03386203043072123,0.030291752408463716
2025-04-15,0.02251409693126989,0.02287813674962628
2025-04-16,0.005327820412956369,0.006961499072099505
2025-04-17,0.004375294412732937,0.006472045408509363
2025-04-21,0.013882340588023435,0.013244849798923168
2025-04-22,0.006799976064741743,0.006074142242324237
2025-04-23,-0.0047633723165227074,-0.0032809000760339827
2025-04-24,0.009745110077470257,0.008379784852858762
2025-04-25,-0.02138156206628133,-0.022577795428613896
2025-04-28,0.005461029694827476,0.005186769803740078
2025-04-29,-0.01361119421139493,-0.010284712317836626
2025-04-30,-0.0018711580914048784,-0.003009549290296891
2025-05-02,-0.01052708912054825,-0.007614946994426874
2025-05-05,0.014391611561872816,0.016811572679260874
2025-05-06,0.022093483932806697,0.01779227334467258
2025-05-07,0.0252950082224305,0.024253817846280463
2025-05-08,-0.003199049502055731,-0.0027616944889590866
2025-05-09,0.00034630831578540697,-0.0001320732291293788
2025-05-12,0.013579085084689269,0.015121407945472403
2025-05-13,-0.0026625378255422595,-0.000233256158838375
2025-05-14,0.00036549604974782466,0.00196216430176001
2025-05-15,0.0279700938420533,0.023624497316915363
2025-05-16,-0.01250021322323464,-0.01051475851251639
2025-05-19,0.011241482925436606,0.010734271090253095
2025-05-20,-0.001307387087623299,-0.002026577615167343
2025-05-21,0.0008669111521733247,0.0020833440313303376
2025-05-22,-0.0023482779858509583,-0.002609878763691884
2025-05-23,-0.01634308918743035,-0.014411306526793398
2025-05-26,0.0015257796913229528,0.002988515774893138
2025-05-27,-0.014076683856687871,-0.010987207009137637
2025-05-28,-0.027874458756001953,-0.025231233529784517
2025-05-29,0.0006153831592224349,0.0012337550630319078
2025-05-30,0.014403790409417331,0.014230200066191644
2025-06-02,0.005158856409042907,0.005922000565173402
2025-06-03,-0.00288690872124175,-0.002459751588248602
2025-06-04,0.0046735194410015965,0.003747270947450937
2025-06-05,-0.00026508827437668865,3.2461510937144603e-06
2025-06-06,0.005285014765178128,0.006785477663851203
2025-06-09,-0.0020467635546291846,-0.0007973300432854147
2025-06-10,0.0034614273600572887,0.003450879156980603
2025-06-11,0.0025189708158197145,0.0026398761766668866
2025-06-12,-0.019864899155359272,-0.018931703601591257
2025-06-13,-0.009769244280111077,-0.00846249819333056
2025-06-16,0.00635880340257153,0.00513871057227575
2025-06-17,-2.2783283686613875e-05,-0.0010501851459943882
2025-06-18,-0.003536493817161398,-0.004389585395082307
2025-06-19,-0.003352887920996093,-0.0044345894789125165
2025-06-20,0.0006713620823949563,-0.00033687447762380826
2025-06-23,0.012700447159147846,0.010873591469475379
2025-06-24,0.017316270201515837,0.017857892480690866
2025-06-25,0.017381983776722267,0.013970881993272382
2025-06-26,0.013403706474469004,0.013215368340380795
2025-06-27,-0.004013394681913329,-0.002173776819683492
2025-06-30,-0.0028592376862119615,0.001174388230087003
2025-07-01,0.0027829385900385094,0.004215463950737916
2025-07-02,0.012116296405951424,0.010322435621668926
2025-07-03,0.0034322551920094695,0.003978786384004774
2025-07-04,0.0019042621991873113,0.002239332792252882
2025-07-07,0.006781451849239015,0.004718158155265395
2025-07-08,0.0055058802324759355,0.003681152158146276
2025-07-09,0.018035889845310644,0.014743565243141306
2025-07-10,-0.0031988550095287055,-0.003540740775778718
2025-07-11,-0.01309477984481322,-0.010762310698994129
2025-07-14,-0.018785407857884805,-0.013124094352934174
2025-07-15,-0.007228836828033243,-0.002918065173751749
2025-07-16,0.006692007216855912,0.0041392828363308815
2025-07-17,0.009779330671708136,0.008908547529630382
2025-07-18,0.0007516649095560183,-8.488444376665832e-05
2025-07-21,0.0017903432346972692,0.0022446803041650107
2025-07-22,-0.008691210731399125,-0.008978112797942773
2025-07-23,0.0009645947950574613,0.00019467337482207737
2025-07-24,-0.008083448732665236,-0.007936796059331501
2025-07-25,-0.008873217895876301,-0.008669228831073907
2025-07-28,-0.010481925602789627,-0.010922316409592722
2025-07-29,0.006707605823742442,0.00536756929041898
2025-07-30,0.0019833152743157266,0.0011640204677388025
2025-07-31,0.01738384371144109,0.014937693317907898
2025-08-01,-0.004850472812596567,-0.004995876693565626
2025-08-04,0.015479553224148877,0.015304028259778892
2025-08-05,0.005968345938220467,0.0054675639873186166
2025-08-06,-0.0043953459262473585,-0.006226152727288415
2025-08-07,7.213166950250695e-05,0.001099889478101622
2025-08-08,-0.006753298938947621,-0.003775773978056003
2025-08-11,0.019793282437842927,0.015077089762277802
2025-08-12,-0.002415099821108271,-0.003587098453802641
2025-08-13,-0.0004708371817164315,0.00025840887849640313
2025-08-14,0.00516634426374358,0.0036896923443333327
2025-08-18,0.02074635036250941,0.020492395547090647
2025-08-19,0.005922195727585036,0.007519416821770794
2025-08-20,-0.0024458937932187942,-0.0026581488647257857
2025-08-21,-0.0025170055198899567,-0.002817201525760973
2025-08-22,-0.011475072702299355,-0.010974678951690162
2025-08-25,-0.006768207195792315,-0.0074686346704956105
2025-08-26,-0.013160727640960934,-0.014343877518459922
2025-08-28,-0.017764252505269338,-0.016348807168850187
2025-08-29,0.0026711686899771603,0.0027529407922399084
2025-09-01,0.01313676655550405,0.014203099807412526
2025-09-02,-0.0006749799949730091,0.0014464741583682214
2025-09-03,-0.0011855124161048842,-0.0005964760662997379
2025-09-04,0.005569858370133412,0.004531259665987383
2025-09-05,-0.003047788012158619,-0.00282078301252204
2025-09-08,-0.0009085010113493143,-0.00028111046317766625
2025-09-09,-0.0005285810158484816,0.00039456134329377284
2025-09-10,0.005703321770146604,0.006727328327343062
2025-09-11,-0.0034758518379829047,-0.0030577038832277138
2025-09-12,-0.00937667758532042,-0.007524435970064948
2025-09-15,0.0024737376304458762,0.0023138417791689057
2025-09-16,0.013985793329688792,0.013571924913967132
2025-09-17,-9.394886792141615e-05,-0.001699379121309736
2025-09-18,-0.001679477059596833,-0.0015285194645920058
2025-09-19,-0.010164022336827654,-0.008819883587902673
2025-09-22,0.00023745721760929988,9.682683440937314e-05
2025-09-23,-0.01671159977033572,-0.012480195025327644
2025-09-24,-0.006373281827988351,-0.003560602201127814
2025-09-25,0.00010702163979335957,-0.002954128259840821
2025-09-26,-0.009726971395705117,-0.011472232656050182
2025-09-29,-0.008698903390335938,-0.00908984318392347
2025-09-30,0.0072977893591780005,0.006309085966013185
2025-10-01,-0.0005504728726690969,0.0008206064558152608
2025-10-03,0.012901160368138594,0.013354825155535013
2025-10-06,0.005801887173320797,0.0034653334350848142
2025-10-07,0.004628797719062244,0.0033518228670882297
2025-10-08,-0.020505153387203517,-0.01863097276476017
2025-10-09,0.006319241751000466,0.006507908826353853
2025-10-10,0.006282167381617963,0.0060231867924194354
2025-10-13,-8.05263364849183e-05,-5.977984405470052e-05
2025-10-14,-0.006998586719707987,-0.007256080938189167
2025-10-15,0.008960139674076072,0.0101685980104344
2025-10-16,-0.0027741512834762753,0.001513157317502837
2025-10-17,-0.0011303747714166445,-0.0012585664926915204
2025-10-20,0.007543299918401515,0.005800644828943821
2025-10-21,0.0011479894840980642,0.0017003479596741132
2025-10-23,-0.0029171429194358124,-0.002342959450457597
2025-10-24,-0.005124080854400791,-0.004543872035738384
2025-10-27,0.009649629345300594,0.009490914232093263
2025-10-28,0.004266086651197792,0.004226143744310743
2025-10-29,0.00476989810304762,0.007705859665513066
2025-10-30,-0.0011224598512713567,-0.0025114805823659063
2025-10-31,-0.003514839020890924,-0.004489162502459652
2025-11-03,0.00816767292865572,0.007348005205635969
2025-11-04,-0.0020052133439998794,-0.0007356271558144186
2025-11-06,-0.007027240927776068,-0.009277876559125592
2025-11-07,-0.009177385163154632,-0.005262877798392776
2025-11-10,0.008723914375602295,0.008254036239596639
2025-11-11,-0.0023842936158817935,-0.001285649814450289
2025-11-12,-0.0022975494502894224,0.0009817035858447677
2025-11-13,0.0025664426837543747,0.0007855178964868996
2025-11-14,0.001985772612746777,0.002825013697871307
2025-11-17,2.165228926642531e-05,0.0021254009522467124
2025-11-18,-0.006616118481807365,-0.0065074678043085
2025-11-19,-0.007197424601805674,-0.0048258548748025655
2025-11-20,-0.005600539125477556,-0.005623866622862327
2025-11-21,-0.014307770835418978,-0.013938134984031387
2025-11-24,-0.008881747301122598,-0.006630005423722508
2025-11-25,0.0041987275114457765,0.002728763234117133
2025-11-26,0.016318443313039388,0.016251193461345344
2025-11-27,0.0057606027430200935,0.004025996154304185
2025-11-28,-0.0025789407703920393,-0.001831736766858996
2025-12-01,0.00791445400502026,0.007572210771774578
2025-12-02,-0.008049212180120986,-0.009102724087694716
2025-12-03,-0.0018565468329878022,-0.0016507937575337686
2025-12-04,-0.002074831242182729,-0.002561564480146685
2025-12-05,0.0020723061325799395,0.0008549669680675366
2025-12-08,-0.024033003010585557,-0.022778057014701727
2025-12-09,0.008719806582563812,0.007416448877778367
2025-12-10,-0.0015806274094195055,-0.0012178943628443374
2025-12-11,0.0005483323642660393,0.001104434808780736
2025-12-12,0.012228881008855743,0.014150515341967575
2025-12-15,0.008523571209558671,0.007782692566605301
2025-12-16,-0.004648974940935045,-0.005394927034223206
2025-12-17,-0.010368530850281827,-0.007599561716325677
2025-12-18,-0.004792532838401446,-0.003120354487093358
2025-12-19,0.004844385835506123,0.003435478853792693
2025-12-22,0.004391666203304778,0.004417596366792627
