Date,sample_return,lw_return
2015-07-08,0.11082300623034341,-0.006272115189975098
2015-07-09,0.11400434019397122,-0.005872535632698892
2015-07-10,-0.002620474590257076,-0.0002056677739162799
2015-07-13,0.04931002411266272,0.0080333297848646
2015-07-14,-0.0015560783727732053,0.0063556570687896136
2015-07-15,-0.1294543821358754,-0.005401104486271295
2015-07-16,0.06349375083139897,0.0013004106125946773
2015-07-17,0.01013943012472688,0.002942258583358168
2015-07-20,0.04472129404334856,-0.0041460736040981536
2015-07-21,-0.0800480459247443,0.00217670557784595
2015-07-22,0.04277482760733093,0.0034257580960660302
2015-07-23,-0.05395401429613506,-0.007706681896874099
2015-07-24,0.1037666233994763,-0.007378463961351708
2015-07-27,-0.03829446951952749,-0.005691721268759927
2015-07-28,-0.04443340795115281,-0.007524484133968164
2015-07-29,-0.1775036433347933,0.014100095977000706
2015-07-30,-0.04329231756126185,0.0017047057345860779
2015-07-31,0.13229069947944003,0.010134137484137593
2015-08-03,0.10975979291618251,-0.005884555567699064
2015-08-04,0.0073233150894692605,0.007222905736315662
2015-08-05,-0.03345061742802429,0.006957991646837296
2015-08-06,-0.009663862546114956,-0.003741606940782914
2015-08-07,-0.09807459647076228,0.005544660294636197
2015-08-10,-0.021900035851268745,-0.006641073625784013
2015-08-11,-0.14257544560447977,0.002927289486178757
2015-08-12,0.12346238442906032,-0.0056732225735780335
2015-08-13,0.06727737683791633,0.0012733772855481756
2015-08-14,-0.04770641915205916,0.001527581267026398
2015-08-17,0.0025349178764238977,0.0034450095928033496
2015-08-18,0.05545895977194831,0.00015323969351962145
2015-08-19,0.11232217435471131,0.010671685846508494
2015-08-20,-0.04411203167006297,-0.01494354700959687
2015-08-21,0.04227684106375195,-0.00552168318686557
2015-08-24,-0.1664488124632821,-0.05028322270216278
2015-08-25,-0.04042267091165266,0.0019525196679908753
2015-08-26,-0.0317877791771841,-0.004387749309712613
2015-08-27,0.02079859845076317,0.01591514887932192
2015-08-28,-0.14871990100547164,-0.00519458911392268
2015-08-31,0.04748934877001528,0.004864901974673204
2015-09-01,0.004199510705670709,-0.004991225182613486
2015-09-02,0.025289776402432705,0.00367621505161932
2015-09-03,-0.08397125332007768,0.013778636818681186
2015-09-04,-0.06836015824774003,0.000427237528720998
2015-09-07,-0.07506938010231201,-0.006635234044727312
2015-09-08,0.06189505418694933,-0.0029920480866343696
2015-09-09,-0.005492030584914943,0.014093041545192505
2015-09-10,-0.01881751010278597,-0.005661538749718625
2015-09-11,0.07092961386076638,-0.002050657574011417
2015-09-14,0.1758475026683669,0.006218980606342188
2015-09-15,-0.02208890366945148,-0.005195826960503758
2015-09-16,0.0839409888380362,-0.0019736291977470286
2015-09-18,-0.2630585297387133,0.00431451424697187
2015-09-21,-0.07753349587662921,-0.005240755409156095
2015-09-22,-0.14531979645849125,-0.012069908715242019
2015-09-23,-0.15795975314271465,-0.0044832546952673445
2015-09-24,-0.014675259355662936,-0.003177374895573826
2015-09-28,-0.13686030273205205,-0.010653727378550672
2015-09-29,0.006556900218907143,-0.0004578859314277964
2015-09-30,0.1376774373720281,0.009117532328976757
2015-10-01,-0.11520624488575697,0.005856497689237391
2015-10-05,-0.03177149069907045,0.00775210884608527
2015-10-06,-0.15619078335868933,-0.0017733414486168963
2015-10-07,-0.1111911362251745,0.00023071545897982403
2015-10-08,-0.0014783802390501645,0.002804763128940813
2015-10-09,0.00647756672804156,0.00020574055784840814
2015-10-12,0.004175450064502829,-0.008167714199553297
2015-10-13,0.007708710291294034,-0.004863734754718427
2015-10-14,0.015991504272688,0.001328706556120125
2015-10-15,-0.008845619570038432,-0.00034311130153362327
2015-10-16,0.025575789095227643,0.00482551377271188
2015-10-19,0.025295795314138798,0.0005604613434262867
2015-10-20,0.001093058473562867,0.005935852670782055
2015-10-21,-0.02215878890194581,-0.004483542890204706
2015-10-23,0.01068108436308003,0.0006175987776685993
2015-10-26,0.009858712508763176,0.0021154573996554665
2015-10-27,-0.0247780927546866,-0.007088529102421969
2015-10-28,0.03478329418877289,0.0015649467007225466
2015-10-29,-0.005153199936998922,0.008720800611927666
2015-10-30,-0.004762285798590953,-0.0014040014571973266
2015-11-02,0.03524758196609654,-0.0020643254368508204
2015-11-03,0.0696593078067049,0.003646872121417322
2015-11-04,-0.019365843629485034,-0.0006924830243491067
2015-11-05,-0.016393725487351688,-0.0027164806941951686
2015-11-06,-0.016697935260839753,0.0010528504514445431
2015-11-09,0.007406411659105163,-0.002933839447688884
2015-11-10,0.026033051818774647,-0.008668767792017522
2015-11-13,-0.15205186143872548,-0.005109386353382377
2015-11-16,-0.16676597480867447,-0.00355897888359699
2015-11-17,-0.004262985462804986,0.0023320047416765894
2015-11-18,0.043710310252270394,0.003162758309245196
2015-11-19,-0.015307215247883865,0.005240911132476439
2015-11-20,0.0028308304251807802,0.008769755096692165
2015-11-23,-0.024986728638366502,0.000609140742085626
2015-11-24,-0.08071540800006029,0.003740306717034379
2015-11-26,0.03295694756222889,-0.0012981182008126172
2015-11-27,-0.053759021473200885,0.0008607243798120113
2015-11-30,-0.00017232068726083863,-0.006444698520830401
2015-12-01,-0.05953464667028795,0.009577867787575862
2015-12-02,0.12084180006235379,0.0033402529566427283
2015-12-03,-0.02178093392135976,-0.005400936970988707
2015-12-04,0.11571002702350625,-0.00391478974663324
2015-12-07,-0.012921901323299907,0.00778544558216829
2015-12-08,0.10990801272432821,0.004275409926187435
2015-12-09,-0.04476394876191449,-0.0035630933484747194
2015-12-10,-0.14064337074150723,0.004279549713532211
2015-12-11,-0.3616737302395946,-0.0016484323374894086
2015-12-14,-0.16202341752948074,-0.0028963640509792332
2015-12-15,0.7946492234023343,0.012424743434668943
2015-12-16,-0.3473492448792378,-0.003832868906381271
2015-12-17,-0.5997836115928713,0.008146019550227951
2015-12-18,0.21591614090092517,-0.0014873731540352513
2015-12-21,-0.2450397454122117,0.005508677122116539
2015-12-22,-0.04496131868472815,-0.0062080294139035385
2015-12-23,-0.39090857476816493,0.004610776711359357
2015-12-24,-0.9004680821973522,0.002717557833666565
2015-12-28,0.20027863631573745,-0.0018139308563956348
2015-12-29,-0.32999083154435194,-0.0023030468307851776
2015-12-30,0.2160882080790506,0.0067050797272164035
2015-12-31,0.42679464331194933,0.008317903987167249
2016-01-01,0.060809651007458804,-0.001968735142554087
2016-01-04,0.32525552154159754,-0.007036474625773161
2016-01-05,-0.8896592938034594,-0.0070842544802285886
2016-01-06,0.017362695296095132,-0.0020369649442474567
2016-01-07,-0.3369691470418401,-0.0007016871148507297
2016-01-08,-0.5865445092188516,0.005854007202575744
2016-01-11,0.37250828613776865,-0.005191395781115294
2016-01-12,0.017416750652957166,-0.0037473107100314375
2016-01-13,0.0566405812091712,-0.0029363589036592286
2016-01-14,0.06372035420352792,-0.00011650494488211994
2016-01-15,0.09208732777986653,-0.006384858915953939
2016-01-18,-0.04462340402874041,-0.010393105870194163
2016-01-19,-0.055001055830134475,-0.004564688910388949
2016-01-20,-0.006327978410855455,-0.0023744572665684526
2016-01-21,-0.009948189928492186,-0.004918595666357592
2016-01-22,0.02966155520190683,0.003582206856926808
2016-01-25,-0.02934179928954529,0.005349943941213614
2016-01-27,-0.0322739456150556,0.0010975722309813428
2016-01-28,0.04075811467850153,0.0016754800894737362
2016-01-29,0.08315682690220708,0.01673160325547099
2016-02-01,0.001996517167309508,0.002461464043315912
2016-02-02,0.015496913666633865,-0.0010397472159877665
2016-02-03,0.04282885164491544,-0.0011690301282029597
2016-02-04,0.07560938741373703,0.004708930080857437
2016-02-05,-0.007693686086028248,0.009042996703844236
2016-02-08,-0.06629482065665107,-0.0017983765260962997
2016-02-09,0.010734748188947438,-0.002771667986099766
2016-02-10,0.06130135345532427,-0.0004131862929480876
2016-02-11,0.18652173272163347,-0.01629737685131337
2016-02-12,0.9654789604579317,-0.0018242762102300138
2016-02-15,-1.965217028163863,0.005416693984084303
2016-02-16,0.5118182562350728,0.003687471257053171
2016-02-17,-0.5575081305724374,0.0032954037766023798
2016-02-18,0.3030032307285512,0.0017784919362781866
2016-02-19,-0.47784408939379247,-0.003247671547309089
2016-02-22,-0.36887745691114654,-0.0022767972082581626
2016-02-23,0.05835561893601478,-0.004929768251434729
2016-02-24,0.434565619465557,-0.007744790663670201
2016-02-25,-0.11810327459040035,-0.0034733328300071984
2016-02-26,0.6402479983418028,0.002685939563018506
2016-02-29,-0.1698239756287761,0.007901895142174941
2016-03-01,0.19231430630173468,0.012557435377686322
2016-03-02,0.05733822511287962,0.008359306729531085
2016-03-03,0.4564582882993836,0.005423555073713669
2016-03-04,0.041158479048734584,-0.0016449809615398576
2016-03-08,-0.29598665799856416,-0.0010543200532130098
2016-03-09,-0.3714873160319927,-0.0025451072176075804
2016-03-10,0.1036363550143559,-0.0014944655858228637
2016-03-11,-0.46581218784748873,-0.0004343802792312961
2016-03-14,-0.12226854445289942,0.002761964135775381
2016-03-15,0.3013891364089627,-0.0037657903858677602
2016-03-16,0.009079894977548894,0.0014081750337047497
2016-03-17,0.3405284068043302,0.008939535716753058
2016-03-18,0.17892269304807734,0.000402798773828324
2016-03-21,0.6914461646347749,0.01437402167066123
2016-03-22,0.07232863127566996,-0.002356414426612854
2016-03-23,0.9870575888139758,0.00039626235616793074
2016-03-28,-0.2532583940578762,-0.001876549262675887
2016-03-29,0.28345599206588545,0.004355817451854296
2016-03-30,-0.07311126348541114,0.0025396101901633914
2016-03-31,0.09840106810944636,0.002372258932439899
2016-04-01,-0.7322977933786015,0.00013265853499847555
2016-04-04,-0.1343168058940178,0.006882234731311684
2016-04-05,-0.019921068354825294,-0.0065215530925959485
2016-04-06,-0.36907309350767553,-0.0066843889075187835
2016-04-07,-0.2999049489717388,-0.0022337978752641156
2016-04-08,0.67431210656529,0.007158264870589448
2016-04-11,-0.4932478961516471,0.002700847355954007
2016-04-12,0.19430607621145612,0.001902554695323201
2016-04-13,0.4714162321555325,0.009913255475708734
2016-04-18,0.05903863041725542,0.015704601670687122
2016-04-20,0.005822003410897264,0.006481681830313072
2016-04-21,-0.03211681704999262,0.0005920780506079198
2016-04-22,-0.018811586589346122,-0.0032326191221077978
2016-04-25,-0.02798856363646253,-0.0033687087619996064
2016-04-26,0.028547426878153228,-0.002883198026950618
2016-04-27,0.02606576459193814,0.003918447595299462
2016-04-28,0.04762511900221746,-3.777934819714943e-05
2016-04-29,0.004754923218980165,-0.00038772131239509536
2016-05-02,-0.05752542138565445,-0.0005584669021738453
2016-05-03,-0.06437796587314534,0.002451725189111194
2016-05-04,0.03419457609280186,0.007054566696196267
2016-05-05,0.01602505014394488,-0.0027822480634968334
2016-05-06,0.04850123169970904,0.003442747186501464
2016-05-09,0.021624294671312827,0.015111125383345775
2016-05-10,-0.032950842732762636,-0.0051527576051144846
2016-05-11,-0.037281240142899436,0.0007540060297764701
2016-05-12,-0.039008371037949144,-0.002042839817242555
2016-05-13,-0.03659560773032517,0.0017485578274034426
2016-05-16,0.03491639954244467,-0.006863519744343119
2016-05-17,-0.015121777504967748,0.002659657168917336
2016-05-18,-0.11323526789514227,0.0009469360846366215
2016-05-19,0.14383114686928525,0.0036155131213027407
2016-05-20,0.04055216778628964,-0.008340269225632189
2016-05-23,0.033589133070917064,0.01215483873996698
2016-05-24,0.14195682175789195,0.006505612046634406
2016-05-25,-0.2882652447291118,0.005541561002220697
2016-05-26,-0.05503422661267886,0.0032892741190622735
2016-05-27,0.334768073737343,0.011266208229400542
2016-05-30,0.2961379098309628,0.01158211449956696
2016-05-31,-0.23681137743478486,0.0013708376288258297
2016-06-01,-0.0286192482413236,0.00760570935196973
2016-06-02,-0.0550949959590267,-0.003890364083407782
2016-06-03,0.2400327966961611,0.006161889384576088
2016-06-06,0.1464946572800379,0.0013175768842455344
2016-06-07,-0.15319081834303847,0.0030094444764564112
2016-06-08,0.1768566016282199,0.002380479207976638
2016-06-09,-0.11978234060986505,-0.002997999855414491
2016-06-10,0.08809519872835117,-0.006204271210565211
2016-06-13,0.03607940898276527,-0.008582695919626479
2016-06-14,-0.05814074851235576,-0.005420991987945093
2016-06-15,-0.16585383708886778,-0.0018389809427920112
2016-06-16,0.21279130078437267,-0.004700995405902186
2016-06-17,0.02029541350203126,0.006377771373851949
2016-06-20,-0.12228972682856132,-0.001135043518302081
2016-06-21,0.0775575063823844,-0.002450463764087752
2016-06-22,0.07535371432617655,0.006490668682098737
2016-06-23,0.08541920202646136,0.003108609855699167
2016-06-24,0.32740120756778207,0.0045309873126589024
2016-06-27,0.04618058765592282,0.0005356659063145051
2016-06-28,0.06481345655486273,0.006093950863241495
2016-06-29,0.09257548688301315,0.009670300061654253
2016-06-30,0.5285832872878065,0.004531428579425727
2016-07-01,0.24590416268585955,0.0013524883418939485
2016-07-04,-0.13670962616664295,0.001433133374273317
2016-07-05,-0.2132578959652601,0.0028972957839513863
2016-07-07,-0.12617586330660863,-0.005573136293298484
2016-07-08,-0.2217479364034856,0.0034772652517963544
2016-07-11,0.13563428369033692,0.00530484530631478
2016-07-12,-0.1217720492355451,0.002842010511521088
2016-07-13,0.10050762055338042,0.005972171780216504
2016-07-14,-0.3010577705260699,0.00822006655749395
2016-07-15,-0.06433148548061611,-0.0013476772917464198
2016-07-18,0.01707833117332947,-0.0026845254614307
2016-07-19,0.03398039484292314,0.010190413401464406
2016-07-20,0.016104344134723718,-0.0007812696602948372
2016-07-21,0.035368475950634796,0.007637711056224308
2016-07-22,0.0839787797716643,-0.0013447711498013372
2016-07-25,-0.006301623669310296,0.008033728658118432
2016-07-26,-0.0457575207104656,-0.0048221545702825195
2016-07-27,0.03657165597420127,0.011632489396015534
2016-07-28,0.019935697598948483,0.004224702191097911
2016-07-29,-0.018324744929364513,0.004583629910320471
2016-08-01,-0.07591562174005252,0.007271023642632848
2016-08-02,0.020232015932304212,-0.000208722469632085
2016-08-03,-0.0415781031002421,-0.005805098773018022
2016-08-04,0.0045356701067104516,0.0006392634457801284
2016-08-05,0.08756960310557971,0.018720771315009804
2016-08-08,0.025434057177454797,0.005700721968159566
2016-08-09,0.014437092749768664,-0.008291834373589912
2016-08-10,-0.023471500441121295,-0.011948141124394195
2016-08-11,-0.035627370174942885,0.004856459026908252
2016-08-12,-0.038282848118000035,-3.217414259262828e-05
2016-08-16,0.05046016274007744,0.006351941192219116
2016-08-17,0.04779942817117663,-0.0007890850952544436
2016-08-18,-0.09548912501236444,0.0015283449763615277
2016-08-19,0.033118371442237275,-0.0008161993197136693
2016-08-22,-0.14253455358890066,-0.004677370975706734
2016-08-23,-0.004363751093476731,-0.0013178074684689065
2016-08-24,-0.027043631442428908,0.002655344872924353
2016-08-25,-0.07280614143086567,0.0016200094150522358
2016-08-26,-0.08391558669697488,-0.0018220125742864982
2016-08-29,-0.10117541987176769,-0.002134673746569239
2016-08-30,0.07495590112968836,0.01089028104638045
2016-08-31,-0.15591958359128996,0.007897995134021939
2016-09-01,-0.019046476620195832,0.001054901893564008
2016-09-02,0.056241608001742424,-0.0012840098871656107
2016-09-06,0.11029927988515514,0.012318054971564765
2016-09-07,-0.019030485667775144,0.0009700182672484909
2016-09-08,-0.054530019581742015,0.0034400752788370527
2016-09-09,-0.04573340717050918,-0.004510626580059818
2016-09-12,-0.010936328018760495,-0.007468829437781643
2016-09-14,-0.09638850762600591,-0.005336617506182876
2016-09-15,0.07992178129320032,0.003037575998694407
2016-09-16,0.25908922528513245,0.0021327149248856502
2016-09-19,0.026913878998341387,0.0023287594500701774
2016-09-20,0.012464276404919136,0.0030454192461622826
2016-09-21,-0.022665520005796292,-0.0015450919245257933
2016-09-22,-0.08773537949651608,0.0037431335532637083
2016-09-23,0.0796908887433943,-0.0029366212968681416
2016-09-26,-0.07522945562738187,-0.004578802090051401
2016-09-27,0.07679166664270988,0.005257750388792868
2016-09-28,-0.051991551327840335,0.001649365596531563
2016-09-29,0.017603489968293737,-0.010856973641225474
2016-09-30,0.11341215372988458,0.009796828520020411
2016-10-03,-0.07921832393805862,0.011194785001797563
2016-10-04,0.1391381522641464,0.010209599028531052
2016-10-05,-0.06763233747196724,-0.0039058857597929243
2016-10-06,-0.0383911775236282,-0.003045306033995483
2016-10-07,-0.10665862713987896,-0.005012820415007437
2016-10-10,-0.1558732246235379,-0.0018145665377684906
2016-10-13,-0.04684008655728078,-0.0032280041289545693
2016-10-14,0.09443550392699382,0.0018540537637642622
2016-10-17,-0.008546047256522945,-0.0050078499451528796
2016-10-18,-0.12131667215334103,0.01186644525841771
2016-10-19,0.06297057350617492,0.0026048163993095757
2016-10-20,-0.08522249049449407,-0.008579311560385602
2016-10-21,0.12097596392491985,-0.0001909626802109218
2016-10-24,-0.2575262489882768,0.0008511243221636371
2016-10-25,0.1255063551695086,-0.005539002973810999
2016-10-26,0.07025288749198105,-0.00306351040166883
2016-10-27,-0.11754860265803224,-0.008376580350623365
2016-10-28,0.08135163778021168,0.014180744795981644
2016-11-01,0.25376517181107466,0.003696682760024619
2016-11-02,-0.2922348197055408,-0.004849303656642922
2016-11-03,-0.06650686542095521,-0.00016925857752844362
2016-11-04,0.010613039211353361,-0.005730065399403825
2016-11-07,0.12164075532126929,-0.002176341276669837
2016-11-08,-0.1609525361817918,0.0012112441694954392
2016-11-09,0.07684138886999578,0.0007681789683208572
2016-11-10,0.004951036697773702,0.012114725442864105
2016-11-11,-0.11726847534884187,-0.017641118861683118
2016-11-15,-0.16538836005627341,-0.024874054420326166
2016-11-16,0.09472288923797778,0.01042012948938576
2016-11-17,-0.003378845726774449,-0.005788796936631901
2016-11-18,-0.10927699891027678,-0.0007686390221453598
2016-11-21,0.05476731977756048,-0.012113209605234066
2016-11-22,-0.008162293681897703,0.0016802545661365911
2016-11-23,0.11672323952060926,9.684439894169306e-06
2016-11-24,-0.07551038884711739,-0.005016896438953271
2016-11-25,-0.03972866533645252,0.00472283915375356
2016-11-28,0.03177834524330892,0.005094891258367175
2016-11-29,0.005601718526844691,0.006533482712106942
2016-11-30,-0.004395535961344063,0.007036045837045637
2016-12-01,-0.04689178734094622,-0.00245554478571815
2016-12-02,-0.013348222758706887,-0.004999958839922932
2016-12-05,0.02783757578996972,-0.0005517408150147341
2016-12-06,-0.05636248658410308,-0.0013745586038669973
2016-12-07,-0.03257632619249918,-0.007837076241184288
2016-12-08,-0.07330221521495092,0.009314364113240303
2016-12-09,0.056802941026793737,-0.013127201380977574
2016-12-12,0.02423429404268631,0.0017470795853145647
2016-12-13,-0.003118618924420342,0.0019204359208432162
2016-12-14,0.0061618976991198865,-0.002418257134102176
2016-12-15,0.03582865348862293,5.9974091478504966e-05
2016-12-16,-0.04177550069683335,0.002559861308309307
2016-12-19,0.0017570248336541087,-0.0011066277170964022
2016-12-20,0.010380095824155184,-0.0018984467504212065
2016-12-21,-0.19935521601270328,-0.00650915997846622
2016-12-22,0.10316969335848128,-0.0044081825962788215
2016-12-23,0.24029848781396115,0.0012394995665490742
2016-12-26,-0.08916357226494583,-0.003085368404053947
2016-12-27,0.07595325749370649,0.0005237456683273956
2016-12-28,-0.014324664982646758,0.0012447301166919101
2016-12-29,0.5046094309546759,0.00846828642123974
2016-12-30,-0.2607641739190475,0.008568207378280214
2017-01-02,-0.2122141624576502,0.000612207879825443
2017-01-03,0.26342705798175525,0.0016124833129856806
2017-01-04,0.22577187754781886,-0.0013860917334325134
2017-01-05,0.18953712995634805,0.002650032557075586
2017-01-06,-0.3177170232432206,-0.003819043515055756
2017-01-09,0.23382349795941326,0.0010557497479495059
2017-01-10,0.4003414523765041,0.008789631360563698
2017-01-11,0.2050426684886965,-0.00384509706777305
2017-01-12,-0.23405856173390568,0.0028475045927720067
2017-01-13,0.5325006371734122,-0.0027449802995656953
2017-01-16,0.13122414442769698,-0.006153786334055138
2017-01-17,0.4260582148082609,0.00016479017884510333
2017-01-18,-0.21249799313838366,0.003946418597266505
2017-01-19,0.013257117340414796,-0.004813126690455669
2017-01-20,0.07068802080043819,0.0023614395134652242
2017-01-23,0.027606345518758565,-0.0019529408357015943
2017-01-24,0.029082558190031124,0.007327905971397171
2017-01-25,-0.03420142515314477,-0.0014134484166087949
2017-01-27,0.04230647598767315,0.0030835580722543094
2017-01-30,0.007289259056261947,-0.0009492606263058435
2017-01-31,-0.009094808807368432,0.003147449882471329
2017-02-01,0.01784262021843483,0.003890130490491051
2017-02-02,-0.02312874609754941,0.016039295186241146
2017-02-03,-0.0565352887761745,0.006208302154574916
2017-02-06,0.027658678796682528,0.007621743494549424
2017-02-07,0.01373194381516334,0.004492856335219969
2017-02-08,-0.031840967438095356,-0.010181739409449213
2017-02-09,-0.05616298544750412,-0.008603254918443864
2017-02-10,0.027900311320671924,0.003596729518537703
2017-02-13,-0.02619028424230914,-0.0014971508681244047
2017-02-14,-0.03821729300838291,0.005244289991987368
2017-02-15,-0.010122782233963503,-0.0027731157933060854
2017-02-16,0.014257822768425365,6.504295751482943e-05
2017-02-17,0.011953415729631668,0.0004746080548593008
2017-02-20,-0.07896155976220151,-0.000716864290903427
2017-02-21,-0.0551470131198809,0.006465494312880942
2017-02-22,0.046576884514243654,-0.0007237782024021844
2017-02-23,-0.016238943550958097,-0.0008484271043455378
2017-02-27,-0.17377895992239506,-0.0068369672670893136
2017-02-28,-0.29050090154483976,0.0009358753287467517
2017-03-01,0.0655123781718392,0.008845829162589157
2017-03-02,0.39696124798594284,0.005930109792487647
2017-03-03,-0.11182625387408762,-0.0003307550100862471
2017-03-06,-0.05023731965216104,-0.002397251545782849
2017-03-07,-0.2732742629322816,-0.003811996308799657
2017-03-08,0.030319351275276303,0.0038342752078933703
2017-03-09,0.04429941562269691,-0.0008845266621679089
2017-03-10,-0.17150178289932153,0.0047353474667419584
2017-03-14,0.09855375952370017,0.004970869486347001
2017-03-15,-0.09738093411444199,0.006899539622990194
2017-03-16,0.051890934166786036,0.006999971238746354
2017-03-17,0.1525223039739035,-0.0006370152596731948
2017-03-20,-0.194264485372568,0.001913932444093322
2017-03-21,0.34648322218334016,0.007230454532792767
2017-03-22,0.1196653986421913,-0.002084841179240998
2017-03-23,-0.011176378655287705,0.0017971410145791657
2017-03-24,-0.0031226012416399078,0.003225316477112403
2017-03-27,-0.0013488125028514597,8.064923093686996e-05
2017-03-28,0.009938887601178054,0.0011242280694494042
2017-03-29,0.04529088502233125,0.009639143642956835
2017-03-30,-0.017611224589957255,0.005655119912430007
2017-03-31,0.018931501553503764,0.017422079312753462
2017-04-03,0.01876619518558276,0.008251379441961986
2017-04-05,0.021881647411174557,0.007297140916367461
2017-04-06,0.013573178326339735,-0.0014337441052381028
2017-04-07,-0.0016387941186459256,-0.0034660461092281434
2017-04-10,0.01147383655185337,-0.000425408229976486
2017-04-11,0.023624787009453394,0.008961122576160462
2017-04-12,-0.00784409316690835,-0.0038470196841835854
2017-04-13,-0.017591543393452223,-0.00029652122588269666
2017-04-17,-0.00829987494159707,-0.00035780344561187885
2017-04-18,-0.0018238340997964713,-0.004074006001250264
2017-04-19,0.006291588196013065,-0.003888863042511058
2017-04-20,-0.022174443041881726,-0.003218526026443591
2017-04-21,-0.002551584977780618,0.0039012902059644967
2017-04-24,-0.01718046352395317,0.0017862280031471541
2017-04-25,-0.03135812036981118,0.0043533264112967105
2017-04-26,0.13406597820670504,0.0025992629707734982
2017-04-27,0.006698201222843964,-0.0015119966456918913
2017-04-28,-0.08848444452219796,0.0007899557130659588
2017-05-02,0.038642127285390945,-0.00021727081753029768
2017-05-03,0.03974924653702722,-0.0034060716762541136
2017-05-04,0.004256831848207162,-0.0010124397591371032
2017-05-05,0.06003196798127555,-0.00867448126676775
2017-05-08,-0.019807477243253574,0.006955666525614991
2017-05-09,0.18253639426553445,0.0007792468726485243
2017-05-10,0.04212193611421541,0.004928921604473429
2017-05-11,0.02278937459333517,-0.005194957794037242
2017-05-12,0.008526354798463583,0.0037839352368972613
2017-05-15,0.2936816305913726,-0.00330847876376083
2017-05-16,-0.015457441316128261,0.007140153443102255
2017-05-17,-0.028728382983649638,-0.0036651992847206894
2017-05-18,-0.04553477981731681,-0.0016558127169922147
2017-05-19,-0.0529329752443519,0.0021228800962080616
2017-05-22,-0.03368580464146252,-0.0037935987128777456
2017-05-23,-0.006699717014378002,-0.004586566499475187
2017-05-24,-0.031030353046256173,-0.0051539157711570655
2017-05-25,-0.01808200932146465,0.0005026565562603815
2017-05-26,-0.15981097340519987,0.0007528169818742463
2017-05-29,-0.034163377853380715,0.006697550359853251
2017-05-30,-0.042189623995515485,-0.004264610554172436
2017-05-31,0.01809254360280381,0.003753442758468396
2017-06-01,-0.046279625359115034,0.0025126175825032925
2017-06-02,0.0975465820547702,0.0012413212903217763
2017-06-05,-0.06200603281851052,0.000525175814102735
2017-06-06,2.293535633034194e-05,0.004169474102687408
2017-06-07,0.008844813614750683,0.0002695110134615498
2017-06-08,-0.14011629855694277,0.004486907308698311
2017-06-09,-0.005270356934496293,-0.0005283499882870715
2017-06-12,0.027318926928065798,-0.006435559666526949
2017-06-13,-0.02358932838562332,-0.006935117243135807
2017-06-14,0.2552188895714847,-0.0016757651242508952
2017-06-15,-0.056088058074325424,-0.011846936831364395
2017-06-16,-0.11449048441597086,0.004307915105788105
2017-06-19,-0.12725357184477246,0.002298147443817766
2017-06-20,-0.051418841973445976,0.004116808673678335
2017-06-21,-0.12096092324898954,-0.0021700135255355714
2017-06-22,0.06534657009616464,-0.00016059824594683969
2017-06-23,-0.06038914582191971,-0.001256551743728367
2017-06-27,0.05493243863097249,-0.0032697462531506394
2017-06-28,-0.06378667767029197,-0.007525926539297208
2017-06-29,-0.11951743200525011,0.000908011493748625
2017-06-30,-0.1124773728401188,0.01030516958250156
2017-07-03,-0.010997329374233688,0.006828144985735123
2017-07-04,0.14773039785859354,0.0036009918551938576
2017-07-05,0.02782722270612466,0.0006481215981201526
2017-07-06,0.1188808017052816,0.0008541157161833063
2017-07-07,-0.11402165514444555,-0.00449626022190821
2017-07-10,0.004419091610504883,0.0042266068585648945
2017-07-11,-0.05811913790478989,-0.0027310544823320577
2017-07-12,0.08245055661752207,-0.004587450649547368
2017-07-13,-0.07884599727926178,0.00445746957308529
2017-07-14,0.021777410811295046,-0.0032953396763933536
2017-07-17,0.005399603214089353,0.0031501728537784994
2017-07-18,0.0071664518702183565,0.00021342545259323258
2017-07-19,0.07364065553879777,0.002217396313294595
2017-07-20,0.07372843460210471,-0.0010288853482154742
2017-07-21,-0.0887416890838012,0.002574090666775711
2017-07-24,-0.004372081428071947,-6.523947762606335e-05
2017-07-25,-0.03102365248832676,-0.005810396749714008
2017-07-26,0.020332430511354253,-0.00043811575295716503
2017-07-27,-0.014158281982981791,0.0023571595783320226
2017-07-28,-0.02193618486648667,-0.0030661551037547167
2017-07-31,-0.04915692921660289,0.000878364436219398
2017-08-01,0.026620134261742825,0.004539334660430159
2017-08-02,0.011990956538683028,0.0021959009668454186
2017-08-03,-0.023372407322239365,0.0022150557330247924
2017-08-04,-0.03982356787731637,0.00098163700508266
2017-08-07,-0.029161966951261102,-0.0027337626384786435
2017-08-08,0.00047242979894459474,-0.007804417939956296
2017-08-09,0.033382293589118504,-0.0070888008924236846
2017-08-10,0.013091894784198964,-0.006321098748091236
2017-08-11,0.004577867254355745,-0.0008536323060963683
2017-08-14,0.00860421798867548,0.011180252890408752
2017-08-16,0.016072486305951126,0.010003671950874529
2017-08-17,-0.009901983069876915,-0.0015329529763243295
2017-08-18,-0.00231703648286372,-0.0059621530700877555
2017-08-21,-0.02305641017164264,-0.003746523689756927
2017-08-22,-0.014984869779078558,0.0039650768682608474
2017-08-23,-0.0010311590234250317,5.802693584473421e-05
2017-08-24,0.03511576819594199,0.00178596248988211
2017-08-28,0.05375573076372319,0.009093240300538789
2017-08-29,-0.032958415141119156,-0.006202052105221611
2017-08-30,-0.050761796716228415,0.0037427551275708184
2017-08-31,0.02924420016424759,0.009229137241430022
2017-09-01,-0.008953303328771593,0.0011016422208776652
2017-09-04,-0.004345296186521701,-0.003134585787289275
2017-09-05,-0.04561527431047455,-0.0032698485368576435
2017-09-06,-0.04839506124625538,0.0011530137979257546
2017-09-07,0.04325620922043651,0.0032671979110575726
2017-09-08,-0.053468672783440765,0.005004829435499788
2017-09-11,-0.03613967480909403,-0.0025066950833577684
2017-09-12,-0.010922809758621482,0.0027691633303081054
2017-09-13,-0.051811864593302365,-0.002947369687090606
2017-09-14,-0.011464883056577077,-0.0036472306535741206
2017-09-15,-0.012151607816728952,0.01053029838913261
2017-09-18,-0.052414838101439994,-0.0006852132272097013
2017-09-19,0.09718270958758338,0.0050737920978920215
2017-09-20,0.002417418977537932,-0.0031221459053328705
2017-09-21,0.09535847670028685,-0.0009708766981806839
2017-09-22,0.04812691633301317,-0.008684326229296355
2017-09-25,-0.3070996641020172,-0.007627236617380121
2017-09-26,0.05698375649728399,0.0009002450622053001
2017-09-27,0.01740549020240555,-0.009296235527176204
2017-09-28,-0.08654227784536749,0.007176573052323871
2017-09-29,0.014723915217549774,0.008186780952017077
2017-10-03,-0.0724274402831028,0.0012211323299149925
2017-10-04,-0.011675926942463577,0.00655288847925717
2017-10-05,0.006291017217582206,-0.004450398722439318
2017-10-06,0.0894782147059182,0.004083824747186436
2017-10-09,0.11629190682068788,-0.003930461874307064
2017-10-10,-0.023783091377734482,0.0018781524004377584
2017-10-11,-0.14620613976730717,0.00215805965931151
2017-10-12,-0.08061680116667316,0.0036416851352454355
2017-10-13,0.029854959930819533,0.008136514682263113
2017-10-16,-0.04701797923018599,0.0032238126424701504
2017-10-17,0.059212952011112215,0.00165982744285413
2017-10-18,0.17069782791569418,-0.0028941037180561374
2017-10-19,-0.041572192151793926,-3.835402030325999e-05
2017-10-23,-0.1184968748492612,-0.001576336491629656
2017-10-24,0.016450830344519028,0.0019412720722081149
2017-10-25,-0.06467532538984237,-0.00326023218683708
2017-10-26,0.09313400796459305,0.0011775954531751329
2017-10-27,0.06670649939643919,0.0023105422053001775
2017-10-30,0.03788299172520024,0.007302042621159126
2017-10-31,0.0690890502802381,-0.00254535534701662
2017-11-01,0.024832523677156187,0.008574359230887695
2017-11-02,-0.03465986129144765,0.003595230093005372
2017-11-03,0.058172948989230415,0.0003933173230023006
2017-11-06,0.047906229833136235,0.008602025150410286
2017-11-07,0.055089362830061835,-0.003184860550375533
2017-11-08,-0.0007360747287640272,-0.0005319539777105251
2017-11-09,-0.0036744852889060288,0.0050820240083409825
2017-11-10,-0.03689575170969742,0.0037992311029672625
2017-11-13,-0.00017989111196521916,0.00015496085574934684
2017-11-14,-0.02817169107748379,-0.0031773969537397125
2017-11-15,0.011359597506241999,0.0002882858477191262
2017-11-16,-0.0288561548529179,0.006219695576856199
2017-11-17,-0.06680632679686668,0.0024452009110469556
2017-11-20,-0.06821282998157238,-0.004475828298122538
2017-11-21,-0.00598145747111993,0.0060032280466529656
2017-11-22,-0.011289408458653788,-0.0019770517763183833
2017-11-23,0.06618273755145032,0.003212672407016766
2017-11-24,-0.03385295748016013,-0.0006165602140240768
2017-11-27,-0.0007153051761881106,0.0010454491025801702
2017-11-28,0.02968370468012724,0.0027575890625044334
2017-11-29,-0.009381198809310104,-0.003177743591154016
2017-11-30,-0.010003762547848223,-0.0009510350246393401
2017-12-01,0.0026597927590635965,-0.004461156639897976
2017-12-04,0.004131754469014184,0.0023819425060472195
2017-12-05,0.0053181857296671995,-0.0031761731395795107
2017-12-06,-0.0068954395547301305,-0.005719075060258376
2017-12-07,0.015793834720672112,0.007209390095440639
2017-12-08,0.01959130992702975,0.005285863534998895
2017-12-11,-0.0016220275759837631,0.0017233746524995617
2017-12-12,-0.02204155668155379,-0.005027496280568114
2017-12-13,0.015124507182342307,0.001918284363510611
2017-12-14,0.015257079250240755,-0.00020564721936197703
2017-12-15,0.0018339682547093019,0.0024877290227195916
2017-12-18,0.02706073716318494,0.005490766040305921
2017-12-19,0.004226517907051698,0.003693282484031539
2017-12-20,-0.035492833210452775,0.0008185981379715187
2017-12-21,-0.018024980510452506,-0.004412796796857271
2017-12-22,0.007053058986560668,0.005201107784047853
2017-12-26,-3.696852657924469e-05,0.0034807217109118307
2017-12-27,0.06480424112090562,-0.0031446594132036455
2017-12-28,0.055714584001628834,-0.002364167653934856
2017-12-29,0.04219616360148439,0.006978890783596412
2018-01-01,0.005957899141926585,0.0030792531225191967
2018-01-02,0.008010396947352675,-0.0008077931707642152
2018-01-03,-0.02934862166543148,-0.0003762883250103975
2018-01-04,-0.1174121172595632,0.010191554709147501
2018-01-05,0.0427828535817066,0.007616544192563084
2018-01-08,0.10763244221890962,-0.0006457645038975169
2018-01-09,0.04155194453299408,-0.004824652227636942
2018-01-10,0.0502514475593112,0.00013396816910367167
2018-01-11,-0.0701821574421804,-0.004692703622882735
2018-01-12,-0.0634668205563999,0.0008131117326817642
2018-01-15,0.0036691155931181723,-0.00044943940172673417
2018-01-16,-0.025568602779928493,-0.0029891222072475536
2018-01-17,0.03066834670706209,-0.0011775082193475237
2018-01-18,-0.042053246285198846,0.003951510403927147
2018-01-19,0.06942181161162167,0.006335087703452789
2018-01-22,-0.01152741810703085,0.007049502314687775
2018-01-23,-0.011731940926716929,-0.0030070952044998363
2018-01-24,-0.08488872664068714,0.001236289427203247
2018-01-25,-0.15607221545141825,-0.008506438975017488
2018-01-29,0.18367496408204717,-0.004529713690708568
2018-01-30,0.14047567647884895,-0.007705371085300762
2018-01-31,0.022752697860099293,0.0006375519955098965
2018-02-01,0.2474434379788074,0.009455778315095248
2018-02-02,-0.2017662787315977,-0.013762347978546795
2018-02-05,0.026176693363929856,-0.002613940209583712
2018-02-06,0.0579525446646088,-0.011330365298868196
2018-02-07,-0.092117264107256,0.0004367468837298235
2018-02-08,0.09551204178966294,0.01192311457285789
2018-02-09,0.07905613763065114,-0.006614456931130444
2018-02-12,0.0051630081682964984,0.008888629867218108
2018-02-14,0.09243181655456573,-0.0023258254003664523
2018-02-15,-0.20427642347368366,-0.0016937027624630615
2018-02-16,0.09795009869979866,-0.006127508700536334
2018-02-19,0.09804718237517776,-0.00022202031424158161
2018-02-20,-0.10302501169970264,-0.0006432210333667547
2018-02-21,0.03770540250737882,-0.0007140470609809455
2018-02-22,0.0031872546208529945,-0.00016931335769089137
2018-02-23,0.04935427402803576,0.0023595994240861377
2018-02-26,0.32796121396921796,0.00619621036170931
2018-02-27,0.5501308094063853,0.0005007529196099812
2018-02-28,-0.11752699630289269,0.0030167101065761283
2018-03-01,0.032787037731929015,-0.0021848273856944606
2018-03-05,0.30350690180205636,-0.005180845687798666
2018-03-06,-0.5921674113570649,-0.0021194295366084174
2018-03-07,-0.10362323050018725,-0.0038503858969273046
2018-03-08,0.4637908079596427,0.0019863479473896852
2018-03-09,0.29086596891906014,0.0005801764894593492
2018-03-12,0.7133917744726334,0.003948571039440449
2018-03-13,-0.1280307972556246,-0.002730619242930768
2018-03-14,0.22578175403411122,-0.003530061973147035
2018-03-15,0.6624941519170721,-0.0028127390073712055
2018-03-16,0.395622699592891,-0.007008091761280921
2018-03-19,-1.2866145340272652,-0.0060753487059506525
2018-03-20,0.2575299682274207,0.004921429437989068
2018-03-21,-0.022229653961570534,0.001981425649946537
2018-03-22,-0.1790831827541856,-0.004907204586991192
2018-03-23,0.4967448876328168,-0.0038236779639645624
2018-03-26,0.2941741535683944,-0.002870563075672011
2018-03-27,0.016782898788190448,-0.0037449683909352807
2018-03-28,1.0525202992180294,0.00239218038164546
2018-04-02,-4.785669251869337,0.007487847248981012
2018-04-03,2.559235981097895,-0.0013546320811228332
2018-04-04,4.85778739341174,-0.005628235374726009
2018-04-05,-2.421471518539932,0.007516813823033061
2018-04-06,-0.6774989670864231,0.0013659850875844723
2018-04-09,3.6806483060317334,0.0011107477474219403
2018-04-10,-3.133283019591848,-0.0041821109299659785
2018-04-11,1.3701707006112334,0.001967416032236604
2018-04-12,0.3625532753643169,0.005692614958908168
2018-04-13,-1.5517814209841825,0.00046211178136666307
2018-04-16,-2.314235271291782,0.00046980115661830843
2018-04-17,-1.5932396786256833,-0.0008384019161050147
2018-04-18,-0.1805460406465315,0.002708697877830926
2018-04-19,-5.159029427814515,-0.001000604208677719
2018-04-20,-4.56272190098972,0.004868112756363798
2018-04-23,-2.8638642879498866,0.012978605339454705
2018-04-24,-0.1270666360569528,-0.0038700978503142967
2018-04-25,0.3475835190675963,0.0008916106741840767
2018-04-26,-0.5413925362900651,0.002066601222319566
2018-04-27,-2.4806409699249863,0.0009447292761100367
2018-04-30,0.009297892629970442,0.008248749643338842
2018-05-02,0.03548424382476807,0.004715255595733837
2018-05-03,-0.027278253721617473,0.0014642268303776025
2018-05-04,-0.06845024057055793,-0.006988110818545483
2018-05-07,-0.011487957833633489,-0.00153614525314129
2018-05-08,0.016018539866251274,0.0021712927455913886
2018-05-09,0.00396001572529043,-0.0007852795634682952
2018-05-10,0.021630306789883456,-6.866885003353477e-05
2018-05-11,-0.02149276099723595,0.0013699983474501772
2018-05-14,-0.0016757084069416992,-0.0018569487631063884
2018-05-15,0.0010792689628649418,0.004056688731429153
2018-05-16,-0.007863411188874408,0.004056769068873343
2018-05-17,-0.04627372063597861,-0.010274654565192672
2018-05-18,0.015475243903722295,0.004171154731135608
2018-05-21,-0.01803244903975779,-0.008057311329352964
2018-05-22,0.01046879978087432,-0.0029078718288273937
2018-05-23,-0.008434844645260323,-0.0028271531396391676
2018-05-24,0.007718068757519672,0.0014318753425221187
2018-05-25,0.08218865748579833,0.008608329371850255
2018-05-28,-0.007367492073191685,0.004455526015193512
2018-05-29,0.05991101184620206,-0.00751631272158324
2018-05-30,0.322105684958824,0.007278623780808221
2018-05-31,-4.628242960836656,0.004031864190845229
2018-06-01,2.0528589589998822,-0.0025879238103368564
2018-06-04,1.1619061777872743,0.0017192883618626976
2018-06-05,0.30988398627003133,-0.0018706549431822116
2018-06-06,-1.6615111067496489,0.0024679359806955526
2018-06-07,0.10032525854921524,0.004277398466814142
2018-06-08,2.573344518462264,0.007038920646141275
2018-06-11,1.2500344221679265,-0.0039593383003867205
2018-06-12,-0.030052874071163777,-0.0024866351390954934
2018-06-13,0.49851718198475947,-0.004036914961491383
2018-06-14,-0.908820508335333,-0.0024572260335356836
2018-06-15,-1.3288014948742757,0.0015888355667128028
2018-06-18,-1.3494021972422907,0.005608594133613767
2018-06-19,4.4513151781734726,0.001009313663725865
2018-06-20,0.800007973540797,-0.002872430817020308
2018-06-21,-0.4082456031771191,0.0005788220660604064
2018-06-22,1.2593920148885902,-0.0005094199442807262
2018-06-25,1.1323139343580886,0.0031733829868515863
2018-06-26,4.081951754347464,-5.454892254582529e-05
2018-06-27,1.7002949544008215,0.0015608196584690724
2018-06-28,0.38704764640421874,-0.01152436849271619
2018-06-29,-0.23405960535396791,0.008334392202201803
2018-07-02,0.11320286616449496,-0.006571722578195066
2018-07-03,0.1164695667758715,0.0027253314922507715
2018-07-04,0.10561187662974991,-8.75668696173272e-05
2018-07-05,0.49752832817484904,-0.004383470222947735
2018-07-06,-0.18029203678038597,0.003130461240716918
2018-07-09,-0.47839104001217486,0.002278439837363133
2018-07-10,0.15837372107594244,-0.0025181010739109807
2018-07-11,0.0065936560972729395,-0.003149778191479476
2018-07-12,0.08908226919401978,-0.003007714051146534
2018-07-13,-0.08095421036634051,0.0012658824674871573
2018-07-16,-0.1179443080087231,-0.007694294884106411
2018-07-17,0.1767543006337831,0.008423585877413545
2018-07-18,-0.3549715812908767,-0.002231746592581946
2018-07-19,0.09115675425974504,-0.005043978435582924
2018-07-20,0.5017388828463442,-0.00041185706297766135
2018-07-23,0.5162658435137776,0.004423567395125548
2018-07-24,0.705064908105957,-0.004058128839362325
2018-07-25,-0.6787671732182805,4.787794084043799e-05
2018-07-26,0.6564384648188475,0.01310562920087934
2018-07-27,0.05319253340926618,0.013060622688547045
2018-07-30,-0.006447368272750732,0.015815853448081507
2018-07-31,0.09039322935475226,0.0037635768568655744
2018-08-01,-0.01215010524206945,0.005002392065318288
2018-08-02,-0.03433904838895574,-0.004971288678576262
2018-08-03,-0.025497334373846586,0.006261705238236377
2018-08-06,-0.035098217960271814,-0.005806131184066475
2018-08-07,-0.0548682670788684,-0.001321261566161812
2018-08-08,-0.03709152761322701,0.0022455441516264873
2018-08-09,-0.036822684251049884,-0.0034221782743956613
2018-08-10,-0.006883091883931111,0.00284287621693924
2018-08-13,0.0491881239959195,0.0027523412284198023
2018-08-14,0.007658834167541151,0.0051043755397503195
2018-08-16,0.016958571920570563,-0.0023558743984061674
2018-08-17,-8.787860047402651e-05,0.006035864870356713
2018-08-20,0.01211464571034641,-0.0020599492219915347
2018-08-21,0.03308544786724412,0.006151397778239245
2018-08-23,-0.0157575751331415,0.002617855749954504
2018-08-24,0.028895157781518112,-0.0032431940015677945
2018-08-27,0.023507351231700207,0.008808426040086012
2018-08-28,0.039764827473236806,0.0009690208487590034
2018-08-29,-0.046464626135426096,-0.00255667987028214
2018-08-30,0.15424365371364296,0.0026003850156705527
2018-08-31,-0.0658622940579688,0.0006958565957880163
2018-09-03,-0.13247684910417667,-0.0014345720723112213
2018-09-04,-0.08066726997621082,-0.010215234868085336
2018-09-05,0.11718236219363425,0.00024541252576068323
2018-09-06,-0.007102795975468396,0.0023934042751549735
2018-09-07,-0.015021724287445345,0.0034600340531065294
2018-09-10,-0.11686365781440004,-0.0055809395943073655
2018-09-11,-0.017930318579800562,-0.005768737749817123
2018-09-12,-0.08671001077481343,0.004467480799072908
2018-09-14,0.08493987894815143,0.0019427223316050197
2018-09-17,-0.09702438820528252,-0.006383108227708272
2018-09-18,0.20551122165486493,-0.0008111322420092223
2018-09-19,-0.08429209632097467,-0.010096442062949762
2018-09-21,0.016827017070281294,-0.0023729817403319742
2018-09-24,0.015057097992233686,-0.003937659154637141
2018-09-25,0.25943272814866697,-0.0015468340845408725
2018-09-26,-0.15938416974186428,-0.0017175943381192462
2018-09-27,0.015770256700353605,-0.006552476713917993
2018-09-28,-0.07668993099718577,0.0017629614094754914
2018-10-01,-0.055104414236509414,-0.005812979097872796
2018-10-03,0.009110000956770285,-0.015905286177275598
2018-10-04,-0.14052838023509295,-0.016373235135207637
2018-10-05,-0.014296441752682139,-0.011489441905370002
2018-10-08,0.11582612933924666,-0.006073917711082459
2018-10-09,0.08519216690653827,-0.007851141939591928
2018-10-10,-0.11560837373134884,0.005641245345875523
2018-10-11,0.0634930471173063,-0.011292010888166249
2018-10-12,0.07856923773315294,0.005113636006536771
2018-10-15,-0.02591731171389843,0.004997345745222254
2018-10-16,-0.06114269252637536,0.003625296617431095
2018-10-17,0.027918753875414617,-0.0013756650197952938
2018-10-19,-0.034696832989848686,-0.0025105757659321165
2018-10-22,-0.05152132009437958,-0.013672235014515005
2018-10-23,0.00700993345806005,-0.010597328408843951
2018-10-24,0.08133037755356012,0.0009082169215583226
2018-10-25,-0.10957589869521409,-0.0022783112066088714
2018-10-26,-0.01923627262446516,-0.0024733137413064906
2018-10-29,0.06937368682099779,0.005393305940935944
2018-10-30,-0.19658518971757197,0.0035002433348911626
2018-10-31,0.12038002079219767,0.010686114986122812
2018-11-01,0.011967481823206352,-0.009713664787437645
2018-11-02,0.0252685614415719,0.020957395705103764
2018-11-05,0.025864441818218883,-0.009117798504973846
2018-11-06,0.03208924960068581,-0.005437787909089134
2018-11-07,-0.006740674622279785,0.00767879441198358
2018-11-09,-0.07424567243323629,0.004119370078047015
2018-11-12,-0.07411461443028827,-0.007386708284544384
2018-11-13,0.01779687742533048,0.004379747791627045
2018-11-14,0.0289467723718979,0.005379639589047663
2018-11-15,0.038825148805081616,0.015599586600983503
2018-11-16,-0.0304426799938668,0.003619533248331064
2018-11-19,0.02135216007426912,0.001843144654642454
2018-11-20,0.05346318914051678,-0.009631673420340799
2018-11-21,-0.0027496152291273095,-0.008968376467115444
2018-11-22,0.043056833889275364,0.002224932411316111
2018-11-26,0.029266715706001006,0.008861372583533023
2018-11-27,0.05367708390124032,0.004612004543048849
2018-11-28,-0.07362092652104157,-0.0021043674573587214
2018-11-29,-0.10707792486828319,0.005266514053165206
2018-11-30,0.05963231596535912,-0.007567034738673248
2018-12-03,-0.0059493789797133816,0.002758345414797879
2018-12-04,0.011680261784646402,0.01118184129767295
2018-12-05,-0.0042031929188886845,-0.0033549240952528347
2018-12-06,-0.02009233720676124,-0.005270868859824906
2018-12-07,-0.0020367821816729796,-0.002148611801742117
2018-12-10,-0.017143302787739047,-0.013099952522426305
2018-12-11,-0.010611666358009484,0.007313249681750192
2018-12-12,-0.007409005360725301,0.006610275823209468
2018-12-13,0.019518477793528662,0.017305097158129737
2018-12-14,0.009785097242112357,0.008852416359806735
2018-12-17,0.005264260686265411,-0.002643151196642165
2018-12-18,-0.0011958053254395404,-0.000799991575744091
2018-12-19,0.018616730957327292,0.012037326299618302
2018-12-20,0.000428664234162531,-0.0009993506590225917
2018-12-21,-0.021370293149786973,-0.009429503119310097
2018-12-24,0.0001970715536594044,-0.0005653197794562867
2018-12-26,0.014043978929262924,-0.00097974011325788
2018-12-27,0.004619781634066985,0.0035684394786248373
2018-12-28,6.740580654218122e-05,0.005095615568030187
2018-12-31,-0.00876928694700434,0.0020387112757676946
2019-01-01,0.00595750863335278,0.001543622794944888
2019-01-02,-0.00350453769099676,-0.004154450913768666
2019-01-03,0.008980180670666554,-0.010919853975742097
2019-01-04,-0.03075851406217721,-0.0026869659141333067
2019-01-07,0.021127801418464726,-0.00033474111264658157
2019-01-08,-0.018683294888503593,-0.004995958574221514
2019-01-09,0.0017784344692994784,-0.001597567669037635
2019-01-10,0.0195247490685119,0.007322455890861192
2019-01-11,0.04304101354583085,-0.0005843988544463702
2019-01-14,0.06158558101233073,0.002825265751674503
2019-01-15,-0.058068603700668874,0.004102172948593883
2019-01-16,-0.040317305060671084,0.005194113731071895
2019-01-17,0.0032667566910962818,0.000351008293260114
2019-01-18,-0.02443857746870927,0.004311269935175119
2019-01-21,0.021901016151168406,0.0017932954840232601
2019-01-22,0.0118133582564882,-0.010457323672099603
2019-01-23,-0.020348648539762502,-0.0021392725893391532
2019-01-24,-0.02266107443597105,-0.0007148340480045487
2019-01-25,0.04131340353282874,-0.00931345991954624
2019-01-28,0.05226269585235215,-0.00868610066950001
2019-01-29,0.05988108565298405,0.007947777938691109
2019-01-30,-0.16074016709735842,-0.0004499046526444553
2019-01-31,0.030879813475029265,0.01031653898085487
2019-02-01,0.021717806031652496,0.013196029411516985
2019-02-04,0.08878803017198048,-0.000386861268252699
2019-02-05,-0.03400071310227903,0.0004948497307044818
2019-02-06,0.023567909922219844,-0.002085389066549248
2019-02-07,-0.12728171861651325,0.0023561380424179795
2019-02-08,-0.045051151326856775,0.0009610943714881847
2019-02-11,-0.051999582710079546,-0.011360081888047636
2019-02-12,0.12138873027319477,0.004448264405621321
2019-02-14,0.038696648363397104,-0.01080633118373359
2019-02-15,0.06784581070224008,0.0007835315394208349
2019-02-18,0.02811560433653082,-0.005732031969813478
2019-02-19,0.050558250723324503,-0.0018094022782132928
2019-02-20,-0.13141734120838297,-0.002675591576097918
2019-02-21,-0.08632278658987806,0.007492472169588269
2019-02-22,0.08033593465577482,0.009021894185446364
2019-02-25,-0.09680926466393294,0.006809080192678932
2019-02-26,0.1048396927067283,-0.0050276444383555
2019-02-27,-0.10350343924947004,0.000365884603808348
2019-02-28,0.13623120467265487,0.006111224094424788
2019-03-01,-0.09744775148134996,0.005652272847471074
2019-03-05,-0.06072384999864143,0.01025658324027162
2019-03-06,-0.007295689051895109,0.005164255494244017
2019-03-07,-0.03163584175243171,0.0018093537889057856
2019-03-08,-0.012232838524017256,0.0008149906936784545
2019-03-11,0.09105204112951969,0.009534805501170545
2019-03-12,0.011027971878133817,0.0005268582558745581
2019-03-13,-0.046792846650424505,-0.002857965051447976
2019-03-14,-0.057411729151624964,-0.008032641674615735
2019-03-15,0.042678431627798,0.0035451808105052495
2019-03-18,-0.046718525533255395,-0.006007561543191592
2019-03-19,0.01643494957562111,0.002381245818951576
2019-03-20,-0.08997185107953104,0.0005490869006280184
2019-03-22,0.02282614489996119,0.0029001764063474205
2019-03-25,0.0333810405166545,-0.0059576702682111495
2019-03-26,-0.05152062947608918,-0.001995547613866941
2019-03-27,-0.029447616329435364,0.009684131205232704
2019-03-28,0.011118366262758233,0.005838949279638378
2019-04-01,0.019472304921677713,0.011427421038389486
2019-04-02,-0.05868490554751936,-0.0003174519701510333
2019-04-03,0.11544265881229487,-0.001353676994678133
2019-04-04,-0.03138845226675253,0.0003273538690101767
2019-04-05,0.017214381666408613,0.001358964435752004
2019-04-08,-0.032476739044035065,0.0014015512774635584
2019-04-09,-0.008035474072478798,5.514423764590282e-05
2019-04-10,0.01683038356859586,0.002777984196690373
2019-04-11,-0.00013872210170109392,-0.005194576614696433
2019-04-12,-0.04633595145521387,-0.0030225830167664755
2019-04-15,0.014615325310603139,0.004673653771054712
2019-04-16,-0.002968215904864977,0.005308863466468646
2019-04-18,-0.03577968044798226,-0.007204703388433125
2019-04-22,-0.0066030079366114925,-0.002288993481434388
2019-04-23,-0.028035010532809435,2.3190454946713738e-05
2019-04-24,-0.04407022198361437,-0.0032340940409833372
2019-04-25,-0.009140899512305296,-0.01125259864776544
2019-04-26,0.002570849323736346,0.0049310794135280535
2019-04-30,-0.04452014563514112,0.0034877477336275066
2019-05-02,0.032065630272644106,0.006254073122488146
2019-05-03,0.033528842511854166,-0.0012795903199970117
2019-05-06,0.0225302546623077,-0.00839636120249091
2019-05-07,-0.013756585784662859,0.003494497319047595
2019-05-08,0.009604756823728218,-0.00862088089148865
2019-05-09,-0.02109865082278045,-0.0021112334366415924
2019-05-10,-0.009077577295832612,-0.007554367617676274
2019-05-13,-0.14036991429524528,-0.0024120001145059022
2019-05-14,0.7443115491217173,-0.0011071431568625471
2019-05-15,0.1690616747260661,0.0033447534677563786
2019-05-16,-0.7493804188290892,-0.006017210945491059
2019-05-17,-0.016561185328670625,0.0023058270535126803
2019-05-20,-0.3593110008199202,0.010882171968303706
2019-05-21,0.8047270295248294,0.0010856673504338731
2019-05-22,-0.2795760436934794,-0.0023014178095579875
2019-05-23,-0.5256768544991871,0.004128626732450174
2019-05-24,-1.0498067780574125,0.006188548478300295
2019-05-27,-1.8225857017578146,0.02261270643649738
2019-05-28,0.5037519785220302,0.0032321718784496236
2019-05-29,0.7661060964996317,0.0017389496847439853
2019-05-30,-1.1697876885025524,0.0029711198112069466
2019-05-31,1.5915146105154225,0.010519715376802227
2019-06-03,0.04742504078555895,0.004454586246986242
2019-06-04,-0.39552576757572133,-0.0026862976327666436
2019-06-06,0.0057055387696242355,-0.0025394938550840716
2019-06-07,0.23489057619035963,0.0002113923137606375
2019-06-10,0.0021482171441152328,0.009813043694466683
2019-06-11,0.39804425248091135,0.0009241805624012292
2019-06-12,-0.03196032162759604,-0.0012135789804846677
2019-06-13,-0.07274467942342429,-0.006756269539360241
2019-06-14,0.001753700025355691,-0.005670337076332341
2019-06-17,-0.019294361683515407,-0.004158850087796639
2019-06-18,-0.012383654431910055,0.0020038466738786123
2019-06-19,0.07110022336959605,0.0032022971644071075
2019-06-20,-0.06412668429212125,0.0011114898468718433
2019-06-21,0.0219573283005006,-0.008099801972467442
2019-06-24,-0.017872771712818925,-0.003684243880715544
2019-06-25,-0.030525387965425654,0.004695740128806669
2019-06-26,0.1085497891241772,-0.0051217039415643985
2019-06-27,-0.05139122857580741,0.003907454497802554
2019-06-28,-0.032253436661247616,0.005481960394416326
2019-07-01,-0.08167962081778131,-0.0035046483431437287
2019-07-02,0.015036141564869723,-0.0021376383040112605
2019-07-03,-0.053889816937675895,-0.0033531161709820676
2019-07-04,-0.08085496318124367,-0.003496640574291838
2019-07-05,-0.049367269489004224,-0.011074716890776815
2019-07-08,-0.09964356697044668,-0.016648812163903518
2019-07-09,0.09188054771185418,-0.007463157732667624
2019-07-10,-0.02326243815006261,0.0018944088704022316
2019-07-11,-0.056209036444620025,0.0066541731608341405
2019-07-12,-0.03254861950639253,8.363843650430837e-05
2019-07-15,-0.010356095042153115,0.003787808938234839
2019-07-16,0.008339115054710978,0.004212892715970883
2019-07-17,0.013083227036347568,-0.0034326866634082605
2019-07-18,-0.022126480931346684,-0.00314802026079363
2019-07-19,0.018687604479087155,-0.01787308682151536
2019-07-22,-0.05275548501484085,-0.006601511025137424
2019-07-23,-0.014794306053927736,0.006385592492136786
2019-07-24,0.03892749378492893,-0.001981822245563593
2019-07-25,-0.023681754060565316,-0.0035738986721851745
2019-07-26,-0.01099664361066001,-0.0034168724250396047
2019-07-29,-0.013284623316778123,-0.0032157849747068085
2019-07-30,-0.039704207351888954,0.003477037230849055
2019-07-31,-0.03165244120117775,0.005883136707373346
2019-08-01,0.010806088774611915,-0.006605958276051427
2019-08-02,0.06811484842410422,0.007687471733512756
2019-08-05,0.06790709881417706,-0.0009508172072453624
2019-08-06,0.060444351875497584,0.00480369680800483
2019-08-07,0.0006775566368802198,0.010155615977187473
2019-08-08,0.018360560875165237,0.007513524195465942
2019-08-09,-0.06700267567279566,0.0029380931437059193
2019-08-13,-0.04245016760121371,-0.009970248377864295
2019-08-14,-0.026505564649184882,-0.004297011621373981
2019-08-16,0.12159174531599082,-0.008459173078177023
2019-08-19,-0.025286570843388336,0.0056206393915156135
2019-08-20,-0.050709784199057834,0.0008816362523627573
2019-08-21,-0.0500826438105304,-0.0044170227658656015
2019-08-22,-0.07938087023082865,0.0007993735879055937
2019-08-23,0.030777207807700685,0.0020153208038357425
2019-08-26,0.1446072673631641,0.003759541691188575
2019-08-27,0.13441492219151915,-0.0035894045144854846
2019-08-28,0.01421789449085448,0.002554893860951066
2019-08-29,-0.005696206071742989,-0.00505713525791043
2019-08-30,0.008624710046233913,0.004202310888227166
2019-09-03,0.010732056759078729,-0.0068081950830237905
2019-09-04,-0.0206176023181411,-0.005916697764839722
2019-09-05,0.014191777166916497,-0.0029797509930580275
2019-09-06,0.049656159514231676,0.004255450537195316
2019-09-09,-0.029244092453010975,0.0042342366241547285
2019-09-11,-0.007621681600210189,-0.006410657643151858
2019-09-12,0.01126626540828781,-0.00297589625439006
2019-09-13,-0.01766971782714722,0.004998369806247224
2019-09-16,-0.0697402398029782,-0.0005005389415435893
2019-09-17,-0.10820216526340486,-0.008653908654641712
2019-09-18,-0.09630272452400589,0.001554802613878523
2019-09-19,-0.006704460080664953,-0.008483186076919523
2019-09-20,0.018449628194566685,0.017759153315271493
2019-09-23,0.12807821856035861,0.027685261494212368
2019-09-24,-0.18908905260694553,-0.0016244131981112148
2019-09-25,-0.010052425923783442,-0.007810229207803953
2019-09-26,-0.056832233540029024,-4.436360723521476e-05
2019-09-27,-0.07057654091439937,-0.00038408489281654365
2019-09-30,0.005304162778868633,0.00808094566794404
2019-10-01,0.04579446801670908,-0.01129140116890021
2019-10-03,-0.0002418590718705865,-0.003334497355388421
2019-10-04,-0.0010495442461725037,-0.005423853208335231
2019-10-07,-0.18710848104663,-0.012120256626861262
2019-10-09,-0.0662900820948246,0.005669003573150189
2019-10-10,-0.055512546222525376,0.005587626525195027
2019-10-11,0.12776050577048487,0.011520113972806691
2019-10-14,0.15645593687494128,0.000655364406839967
2019-10-15,-0.03756114849652504,0.0061458890754802235
2019-10-16,-0.0657699548250818,-0.0003631660513129765
2019-10-17,0.04618020764108221,0.0038504915536093664
2019-10-18,0.13798239567454768,0.012181405300845095
2019-10-22,0.03953987431897748,-0.004457029260923668
2019-10-23,-0.005850098233511034,0.002708240109425824
2019-10-24,0.030674098493232466,-0.0014462713430234734
2019-10-25,-0.116800017237365,-0.0029985113482122972
2019-10-27,-0.02388933732301089,0.006573081510070542
2019-10-29,0.012372041358472266,-0.007562289814012574
2019-10-30,-0.02613521387510179,-0.0007518427849327607
2019-10-31,-0.09862053338400828,0.004855799956831775
2019-11-01,-0.004459467859398749,0.003677324803528369
2019-11-04,-0.0088528452935846,0.00659006074517201
2019-11-05,0.0018676115796515584,-0.007750369531135008
2019-11-06,-0.07697920508382979,0.0077628112984663945
2019-11-07,0.08059572924901824,0.008869583092416861
2019-11-08,-0.0488160694448888,-0.012555657811835118
2019-11-11,0.05807774296474565,0.00278797025348659
2019-11-13,-0.031435592600211816,-0.0039495758006231705
2019-11-14,0.041469925641588606,0.0009947622318350314
2019-11-15,-0.06946000251801615,0.0010160614387101881
2019-11-18,-0.16300360835456557,0.004331098530925212
2019-11-19,0.34054021457053474,0.0011613849103220735
2019-11-20,0.7751733513637687,0.008159168834653728
2019-11-21,0.42690251725052253,0.0014842223293660849
2019-11-22,0.020221834768627434,-0.0018798581391934214
2019-11-25,-0.16254138732843798,0.00020375925864871895
2019-11-26,-0.04737136492115886,-0.012631955129369456
2019-11-27,0.15138422463068976,-8.142707736448333e-05
2019-11-28,-0.05875655941973135,0.010951262059782628
2019-11-29,-0.1583257858695725,-0.0014155808820456807
2019-12-02,-0.1373044151517015,0.001549683412517322
2019-12-03,0.026356635189530027,-0.006659480486850386
2019-12-04,-0.13088013098328613,0.008710616557910146
2019-12-05,-0.0117568407371966,0.003062369472527528
2019-12-06,-0.17166505966846396,-0.0028357801701310286
2019-12-09,-0.09610240110965948,0.0018079243220964804
2019-12-10,-0.07246380992766137,-0.008008726832616069
2019-12-11,-0.0987074758835528,-0.0047251880426504925
2019-12-12,-0.01636885149746938,0.0003912141988691515
2019-12-13,0.5139281462852009,0.002846366424391504
2019-12-16,0.01251184437859392,0.0033951405338901995
2019-12-17,0.0014502426054574516,0.005234141881934217
2019-12-18,0.009706934081293854,0.002638224042271353
2019-12-19,-0.010476909212024306,-0.0022807922912372854
2019-12-20,0.018955618496514393,0.00024312985665536708
2019-12-23,0.02616543355743629,0.008764101856043214
2019-12-24,0.009247964376381111,-0.0024558413740681396
2019-12-26,0.08833393791343991,-7.82006317460995e-05
2019-12-27,-0.022059756446019468,0.004747610517296584
2019-12-30,0.035247730020960925,0.0025779203783734663
2019-12-31,0.023850584678159488,0.0024192616868487257
2020-01-01,0.0023253442477769856,0.0018502769937107982
2020-01-02,-0.00028712564623853236,-0.0048133651948012585
2020-01-03,0.02809837892507221,0.00017465859838997142
2020-01-06,0.010538284825546834,-0.010596163651029089
2020-01-07,0.04144580654294979,0.006863517489884698
2020-01-08,-0.08799820883698273,-0.005766346789320307
2020-01-09,0.03138832861384642,0.0042978360338404315
2020-01-10,0.03609975829989502,0.005844549662822164
2020-01-13,0.054010414658754495,0.009588993849352363
2020-01-14,0.014324182323727102,0.0035325100788882414
2020-01-15,-0.005611601907916502,-0.00042877681014108585
2020-01-16,0.11701415769740556,0.0033786514853266655
2020-01-17,0.10492323412003858,0.004628157513437016
2020-01-20,-0.2638409482999029,0.0010976468235759525
2020-01-21,0.10796047934485914,-0.0010641098747355279
2020-01-22,-0.18385380508358404,-0.005064762191059363
2020-01-23,0.16814825858484775,0.002629172167108976
2020-01-24,0.48198497924712363,0.01280793777744088
2020-01-27,0.2364587487310316,0.004442064959129332
2020-01-28,-0.20423362325932512,0.0038429681319531966
2020-01-29,0.009082571881645463,0.008196304963182507
2020-01-30,-0.007054210828253117,-0.007260499989485707
2020-01-31,-0.19412693416720522,-0.004318340036530418
2020-02-03,-1.0762993775189087,-0.00872714199543213
2020-02-04,-0.16080537405860396,0.022907501148232208
2020-02-05,0.14403191951563135,0.005701784386894573
2020-02-06,-0.03829017497323617,-0.002377125393249161
2020-02-07,-0.2828959717111338,0.02031546029246593
2020-02-10,-0.15069239790251315,0.008301613639499668
2020-02-11,-0.6796937175680438,0.009839584797215653
2020-02-12,0.32542968596480376,-0.005587845806582518
2020-02-13,-0.28431847858880793,-0.006052889913301821
2020-02-14,0.10649398037224612,-0.0005436093866005112
2020-02-17,-0.19015558254949466,0.005982739680791696
2020-02-18,0.17877384211556469,-0.0010102986409683224
2020-02-19,0.07228217684887185,0.006691796151560525
2020-02-20,0.03994582081190991,0.004330840218218611
2020-02-24,0.018959937061589417,-0.009747903370379653
2020-02-25,0.07671803044432624,-0.003483992649929069
2020-02-26,0.09550352664180016,-0.008793282374490502
2020-02-27,0.015771145813344198,-0.0031047606053010556
2020-02-28,-0.11602546448053197,-0.01706678341822041
2020-03-02,0.14595488332296983,-0.005667255746280404
2020-03-03,0.014104720004250332,0.011050153484140077
2020-03-04,0.13097566053438892,-0.001496493198224954
2020-03-05,0.24323146938830678,0.0018161075722842603
2020-03-06,-0.1839565498896881,-0.011462821309545733
2020-03-09,-0.37599461350763297,-0.022497748624355083
2020-03-11,-0.06673236670052679,0.0016562255968176965
2020-03-12,-0.24249124998212687,-0.04450198345708614
2020-03-13,-0.3385166623702823,0.013587269820260572
2020-03-16,0.016681866969582085,-0.057245195724170764
2020-03-17,-0.02775940808316648,-0.014918805207610526
2020-03-18,1.1650061470563153,-0.03632497224215581
2020-03-19,-1.4817400541569448,-0.02705306951080312
2020-03-20,2.709610026037124,0.028070936660278153
2020-03-23,0.9733229404990127,-0.08050551089349127
2020-03-24,0.3232752429253299,-0.011781182453679444
2020-03-25,-0.8996801813357107,0.013535768869680224
2020-03-26,-0.08135767821966597,-0.00035591182610035575
2020-03-27,-0.12167612142373316,0.0011866586436809629
2020-03-30,1.435352375316198,-0.004276818209470792
2020-03-31,0.9472851424603119,0.021822841421253188
2020-04-01,-0.22633329903810162,-0.021535880657120986
2020-04-03,1.4704448889249082,0.01222347753185732
2020-04-07,-0.5435789050181565,0.034746985921796925
2020-04-08,-0.39865220057499506,0.010952898419975154
2020-04-09,-1.6501575777642041,0.025798730087717547
2020-04-13,2.9213979095536042,0.006694732617347765
2020-04-15,2.876277687426442,0.010428285948137321
2020-04-16,-1.7478811442633888,-0.0019499969241198356
2020-04-17,-2.7520397403531764,0.01154142742709708
2020-04-20,-0.19731289986931466,0.0060769742163069365
2020-04-21,-0.8450275531764455,0.003057733367533704
2020-04-22,0.08459742483797528,0.01935805753162585
2020-04-23,0.047979538897714454,0.005107033180293322
2020-04-24,0.1035566794630291,0.001954501137582477
2020-04-27,-0.004635333551163714,0.003730907433316868
2020-04-28,-0.3008975911143599,-0.016530056883172804
2020-04-29,-0.03844935788639279,-0.003841802579856688
2020-04-30,-0.04129809667318148,0.006845549529266986
2020-05-04,-0.14168206008749434,-0.009000920696497508
2020-05-05,-0.266055657772755,-0.009975707094367023
2020-05-06,0.01875907539802257,-0.008462479336233264
2020-05-07,-0.08330396017065697,-0.01094132378377229
2020-05-08,0.08347713356152557,-0.004445748345701825
2020-05-11,0.03624267733161522,-0.00021784946011038251
2020-05-12,0.005982828337411106,-0.023227975825195098
2020-05-13,0.05022249326421445,0.006815808178996574
2020-05-14,0.10844574912370812,-0.0070491921401139345
2020-05-15,0.09650237098878371,-0.00991749796711572
2020-05-18,0.13702889888177386,0.008016676671293401
2020-05-19,-0.001322688874394613,0.0035454802723787824
2020-05-20,-0.1110965731094345,0.010092049437789201
2020-05-21,0.021145713178995558,0.00748871412080786
2020-05-22,0.01633395941695931,0.005246016328922705
2020-05-26,0.09330387539705191,0.00954876723815892
2020-05-27,0.08654467873139103,-0.004569141719336938
2020-05-28,-0.022280110253604477,0.006553680935422946
2020-05-29,-0.004357265079708226,0.01560387793383258
2020-06-01,-0.025320999711645847,0.0011049768457875014
2020-06-02,0.14415573795270398,0.016263717444307952
2020-06-03,-0.093680873308668,0.011552884740318077
2020-06-04,0.22132715390751576,0.008463091855922932
2020-06-05,0.05004965526699923,0.011063495153254091
2020-06-08,-0.026438966439478503,0.0095726619027301
2020-06-09,-0.05061849470659287,-0.00650570425315627
2020-06-10,0.02539154752770244,-0.004014023613821079
2020-06-11,-0.038338832364651076,-0.009948651163951699
2020-06-12,-0.08659774321899269,-0.005731844492236468
2020-06-15,0.03706919954445346,-0.0001497595112180069
2020-06-16,0.006303964573425514,0.0075992127029673555
2020-06-17,-0.05211884111474592,0.0010780837090022526
2020-06-18,0.024628043331559213,-0.01556401215403509
2020-06-19,0.2771588718903505,0.01080183985674418
2020-06-22,-0.08964710854837206,0.02107749724165914
2020-06-23,-0.44989740037915266,0.01357850094746436
2020-06-24,0.058293015155455104,0.007489349430338297
2020-06-25,0.45935234365859984,0.003694697573112599
2020-06-26,0.3693880345718601,0.021474083353067167
2020-06-29,-1.0618335586036256,0.005439028059370398
2020-06-30,0.5140397961994108,0.0012765994960541507
2020-07-01,0.10027644802447216,-0.0023524303592551967
2020-07-02,-0.35841964229525636,0.008534492925792194
2020-07-03,0.03377500247605545,0.010380542483205728
2020-07-06,0.5343787072750315,0.003749190016011089
2020-07-07,-0.3121789467792876,-0.01489625277088152
2020-07-08,-0.17137431419926508,-0.020001448064903463
2020-07-09,0.08539417028561481,-0.014490054285296743
2020-07-10,-0.29154771571931704,-0.00845641239105625
2020-07-13,-0.09430011904292541,0.003189872525324766
2020-07-14,0.12738259918264017,-0.005557878542087291
2020-07-15,0.8673279660288556,0.004245367497269431
2020-07-16,0.6655268409380853,0.003971089976532146
2020-07-17,-0.8250682492187803,0.0004513691048970217
2020-07-20,0.2712887850971272,0.0036874647523802394
2020-07-21,0.02617930939398695,0.006507954479070967
2020-07-22,-0.2631048717357704,-0.00935539633630765
2020-07-23,0.04293110130328889,0.004449100575322211
2020-07-24,-0.1303597742558705,0.01336389867019009
2020-07-27,-0.43367462877506524,-0.0051362297861929015
2020-07-28,0.4667348428464731,-0.006325068839826928
2020-07-29,0.3041118981335507,0.005918887642312222
2020-07-30,-0.27059762256219944,0.004975349945138252
2020-07-31,0.4707925272902575,0.0036607259401186345
2020-08-03,-0.6940874579817734,0.003507090308116787
2020-08-04,-0.1748372555015684,0.005643740599369047
2020-08-05,-0.2646042139723678,-0.010223123324536227
2020-08-06,0.06081398604539876,-0.0006662599247337672
2020-08-07,-0.31165771182503643,-0.011852617965082234
2020-08-10,0.7463215218381056,0.023173002002014973
2020-08-11,0.42374645739748307,0.0014378545525802855
2020-08-12,0.16428400493770123,0.0020419522887938995
2020-08-13,0.8957072093305661,0.027613106956555864
2020-08-14,0.13260642595268793,0.005800261279679744
2020-08-17,-0.1467659195660586,0.0012250313318732673
2020-08-18,0.10590945060187776,0.00540716135620275
2020-08-19,-0.1246275821832427,0.009922983672609884
2020-08-20,0.16437365673292678,0.014542221079681686
2020-08-21,0.013815091313235786,0.020640254690534276
2020-08-24,-0.04747594640269498,0.018524627792704213
2020-08-25,0.09137525606813186,-0.01601886747424526
2020-08-26,0.06368745481295253,0.015143330461165939
2020-08-27,0.011150045443411454,-0.007962909271805752
2020-08-28,-0.031942236344359366,0.01542018489376219
2020-08-31,-0.13613875751997462,-0.024983871462740538
2020-09-01,0.07984241552267923,0.0049627824403785485
2020-09-02,0.025031678950548926,0.015020548646463258
2020-09-03,-0.19211300409788631,-0.006912486071765067
2020-09-04,-0.06739491789034698,-0.010044258064080377
2020-09-07,-0.02464506385577588,0.02082636415098167
2020-09-08,0.012686597813942841,-0.014567892552653599
2020-09-09,-0.03489403567342923,-0.007185190436250082
2020-09-10,-0.058476818730137006,0.0177830224709866
2020-09-11,0.044688397883048056,-0.011242287037841312
2020-09-14,-0.11093872377250616,0.011676404753518565
2020-09-15,-0.06330261126717007,0.014884171406052926
2020-09-16,-0.020998358188031068,-0.014730036650445772
2020-09-17,-0.08565241239439457,-0.0017273056124411782
2020-09-18,0.05544383880376393,-0.0045114582852903064
2020-09-21,0.010326624045227623,-0.0268202858885959
2020-09-22,0.33044738762736553,-0.027130172432501223
2020-09-23,0.08709824532339433,-0.00014298067163334878
2020-09-24,-0.052207421305517164,-0.006140732761145233
2020-09-25,-0.11170992935807723,0.017348370885600494
2020-09-28,-0.2985715783381735,0.006575774261474272
2020-09-29,0.4365328569057105,-0.0108617491178289
2020-09-30,-0.35425070031858075,0.005561832607186377
2020-10-01,-0.08472566439495804,-0.0014223812720527374
2020-10-05,0.1084058190802479,0.003544474285534455
2020-10-06,-0.15372809164146214,-0.0018254727633050638
2020-10-07,0.17070099417936274,-0.003217937868754367
2020-10-08,0.05903438127663148,0.009093825016811559
2020-10-09,-0.21566719063534387,0.004628822577437393
2020-10-12,0.16059238357116107,0.0009704405222201996
2020-10-13,0.11763637551137791,-0.0036525785611539576
2020-10-14,-0.09578557788306082,-0.007365866626021106
2020-10-15,-0.0035178241037133774,-0.008256580729186426
2020-10-16,-0.10752070799843089,-0.008880212050717847
2020-10-19,0.2392638015334876,0.009340891594910498
2020-10-20,-0.14368315540960389,0.000315469052908608
2020-10-21,-0.03645834452000568,-0.001557682332534097
2020-10-22,-0.0066176348198238024,0.000273630670567032
2020-10-23,-0.0037588304102323437,0.002447197336041397
2020-10-26,-0.07773143539268243,-0.0052390014333063535
2020-10-27,-0.04052806678483831,0.0141437676550316
2020-10-28,-0.058662193827048556,0.003926865865610232
2020-10-29,0.0699731147791656,-0.00036793753906644094
2020-10-30,0.17799799498463725,-0.0019000112384091397
2020-11-02,-0.04711149414695962,-0.004722517840202783
2020-11-03,0.001582885531938477,0.0030103963579621094
2020-11-04,-0.019366175771690447,0.0025510679028854137
2020-11-05,-0.0005985343790262335,0.007607319072272339
2020-11-06,0.1024819165902061,0.002803313908783994
2020-11-09,-0.0931918475973815,0.006937631265343824
2020-11-10,0.01625362770848712,-0.02221453675425341
2020-11-11,-0.03683689783068662,0.011048202095332992
2020-11-12,0.06820346122825688,-0.0022600547634024476
2020-11-13,-0.09023176106978675,0.0024372388481845838
2020-11-14,0.004108148971963535,0.009312568582132143
2020-11-17,0.03145866405988823,0.013330150956322971
2020-11-18,-0.052863494688144906,-0.004257567075332975
2020-11-19,0.07698380444044824,0.005600912635015396
2020-11-20,-0.09219567059590536,0.015932215082247157
2020-11-23,0.023103162276235364,-0.0013058664754961036
2020-11-24,0.0941934401248558,0.008018189190805904
2020-11-25,0.03891751066937813,-0.011794650438575954
2020-11-26,0.09755842995074461,-0.0016264179800359255
2020-11-27,-0.0354829735996513,0.005466752201187832
2020-12-01,0.009965111640282031,0.013276785438179915
2020-12-02,-0.02606746312639287,-0.0067902732574042085
2020-12-03,-0.0470536877482358,-0.004709160230591142
2020-12-04,-0.030616092271315776,0.010140954283510034
2020-12-07,0.023877275887031722,-0.00361086255972748
2020-12-08,0.010711633599871968,0.007172826100570677
2020-12-09,0.10476385006760391,0.0075467757109398586
2020-12-10,-0.0048894173632871175,-0.003246761310661839
2020-12-11,-0.10413536642496533,0.0005925570320254703
2020-12-14,-0.054188857545333036,0.00769918439721202
2020-12-15,0.014708511844224507,-0.00029302243998589623
2020-12-16,0.03329529547543535,-0.001314054290498258
2020-12-17,0.014792538173952664,-0.004120799703982181
2020-12-18,-0.010442174430105727,0.002676496825323225
2020-12-21,-0.1820296222838765,-0.01700582410625464
2020-12-22,-0.15558640288284184,0.0075803766839873665
2020-12-23,0.16024413253433084,0.008769813361720622
2020-12-24,-0.04985910749747171,0.0020116074437100933
2020-12-28,-0.26434462206005316,0.005372999679475312
2020-12-29,-0.07144802118537143,-0.0011719889042378397
2020-12-30,0.2500256934960665,0.002535673149732466
2020-12-31,0.14745399155856992,-0.007080934339798045
2021-01-01,-0.43575996930576966,0.003971202457246026
2021-01-04,0.11857581405294446,0.0017541434322521587
2021-01-05,0.013628456270480349,0.0002291425604999996
2021-01-06,0.2456095114126133,0.003312657888188837
2021-01-07,-0.05377337000985771,0.010637138832396554
2021-01-08,0.6049559028128276,0.009558093967720815
2021-01-11,0.6647205797329839,0.0008910676002183582
2021-01-12,-0.19576525059101357,-0.003720774593216687
2021-01-13,-0.3308609158036311,-0.005842957000649895
2021-01-14,0.30052463210314023,0.0020621780170605227
2021-01-15,0.24709088253588038,-0.010006817805451462
2021-01-18,0.00945201941309367,-0.01535442392291874
2021-01-19,-0.08540899514863362,0.000298362494468608
2021-01-20,-0.18021641777349168,0.0028824689233313073
2021-01-21,-0.1857305043919235,-0.0057116659206911235
2021-01-22,-0.23345689733147765,-0.006177212112084928
2021-01-25,0.13739214861178026,0.0030932937210443904
2021-01-27,-0.2959649321937767,-0.009460399907345707
2021-01-28,-0.282597482449403,-0.00620601371149742
2021-01-29,-0.5037815592343335,-0.0040678555310438924
2021-02-01,-0.16934420118657495,0.010234850221764496
2021-02-02,-0.17034945669157636,0.009529351009896395
2021-02-03,-0.29447238678730003,-0.00031261677802943443
2021-02-04,-0.25304155458960775,0.012265088602567871
2021-02-05,-0.2122784058023313,-0.005765598687976311
2021-02-08,-0.43706449541525455,-0.001916681712969002
2021-02-09,0.289015906271173,0.003650581018396754
2021-02-10,-0.22001940934223616,-0.0003263831344696643
2021-02-11,-0.32537999731922956,0.007422781456679323
2021-02-12,-0.0774756602874765,0.013204321359283655
2021-02-15,-0.005963332971923634,0.009500118854369891
2021-02-16,0.5085072428920216,0.009715695057051254
2021-02-17,-0.08254158114827496,0.0026223362048071394
2021-02-18,-0.04925676108080716,0.013569144278427762
2021-02-19,-0.08352943060392258,-0.008611055599673817
2021-02-22,-0.20588441851133807,-0.012346721633259046
2021-02-23,0.19220726624713605,-0.007516532488590659
2021-02-24,0.0568284226124596,0.0029676842207009813
2021-02-25,-0.05000141791595916,0.0028024693726135925
2021-02-26,-0.050470188812646005,-0.0003298272075854666
2021-03-01,-0.08611792778845885,-0.00033980755645536477
2021-03-02,-0.009911271101931761,0.01229151592996513
2021-03-03,-0.06419311495628985,0.010409126918846871
2021-03-04,0.1275175690983463,0.003581023568056525
2021-03-05,0.1528303847743952,-0.0034240066397755544
2021-03-08,0.23576375652124096,0.01563505745224263
2021-03-09,-0.16035716959432397,0.007779000895187329
2021-03-10,0.01737557493338527,-0.0018862135155406621
2021-03-12,0.10076599290937104,-0.0020690066528878184
2021-03-15,-0.12423823142167235,-6.83941273881395e-05
2021-03-16,-0.1275411090742055,0.006904729224274145
2021-03-17,-0.03579297852337637,-0.011677771254141501
2021-03-18,-0.051699187804089566,-0.0073638419999492374
2021-03-19,-0.10922775547902853,0.008511948096741351
2021-03-22,0.1946151370474534,0.006863122927979349
2021-03-23,0.30734545331027346,0.007586189854988404
2021-03-24,0.1811097056348416,-0.010251644760654162
2021-03-25,0.2862513397812617,-0.011118596413366925
2021-03-26,-0.08670242881214277,0.008879825809579455
2021-03-30,0.3272916875477147,0.021880298936867146
2021-03-31,0.07877899626898864,-0.00022328843994154335
2021-04-01,-0.0264809564754154,-0.0036858511054290674
2021-04-05,0.2719448677627883,-0.005954700581921311
2021-04-06,-0.10561071283245382,0.0010279368985848083
2021-04-07,0.04444667733086813,0.01393163030418398
2021-04-08,0.2892761345632128,0.0038735659931195304
2021-04-09,-0.16446763471482398,0.007206973220602544
2021-04-12,0.0870986288887387,-0.021812295197879337
2021-04-13,0.05547591262242696,-0.0003821371032390649
2021-04-15,-0.013196236603507463,0.005210792879784068
2021-04-16,0.17251610717799,0.004133708118315775
2021-04-19,-0.011402488758451363,-0.017869827606417282
2021-04-20,-0.3086323925177896,-0.004635036761956077
2021-04-22,0.020187019225599644,2.0975881166416195e-06
2021-04-23,-0.09632042241144177,0.002013018944464515
2021-04-26,-0.6432344993732039,0.014368529405574487
2021-04-27,0.15443001610298399,0.00024181211042973512
2021-04-28,0.012962703385461998,0.006619964314497861
2021-04-29,-0.21039271169365875,0.001041293945245742
2021-04-30,-0.3264749073433566,-0.002304850118343497
2021-05-03,0.49317246461075637,0.009870290793423851
2021-05-04,-0.14474714438488917,7.551193766093295e-05
2021-05-05,-0.3512880190730616,0.0012262701182580607
2021-05-06,-0.12805484646828041,0.009621965570637624
2021-05-07,0.04942484340262011,0.006150291307906003
2021-05-10,-0.24850860581355458,-0.01124194450997302
2021-05-11,-0.045991995394228435,0.015038779623534402
2021-05-12,0.46983361078988484,0.001262694516943195
2021-05-14,0.5827144265612376,-0.005508588598754054
2021-05-17,-0.13699630969594903,0.005809064362742498
2021-05-18,-0.16503100885117658,0.013100458385703884
2021-05-19,0.0021900868343299514,0.0089137465787651
2021-05-20,0.3663124201813025,-0.009729651195135289
2021-05-21,-0.05605814659670888,0.003930272903726305
2021-05-24,0.2750720511749912,0.004822319981587724
2021-05-25,0.22693078794618565,0.0051467941658882195
2021-05-26,-0.6211033598286986,0.0038901372413452026
2021-05-27,0.2078106971451333,0.00987974929992703
2021-05-28,0.9829279791141466,0.00471938709889652
2021-05-31,0.210635147355712,0.0033839683604757424
2021-06-01,-0.22936269985360377,-0.004326942426022622
2021-06-02,-0.28534854324750625,0.013140441046278342
2021-06-03,-0.6181708368682417,0.013878809594547976
2021-06-04,-0.8006159835339957,-0.003992098809749569
2021-06-07,0.04234791291276102,0.008472149718075224
2021-06-08,-0.03218779812275893,0.012848391795437513
2021-06-09,0.08983061104596093,0.003028223585256285
2021-06-10,-0.2628894289271245,0.0026330343982260166
2021-06-11,-0.17690070666986074,0.005412441020232555
2021-06-14,-0.3251113611173168,0.007890278537527653
2021-06-15,0.3830195667977937,-0.00357400054909185
2021-06-16,0.0221565247013247,-0.00044005326534678804
2021-06-17,0.7644243100664203,0.007615459703881474
2021-06-18,0.12257113716754486,0.006718727326990448
2021-06-21,0.32201459826562384,0.007442452186667922
2021-06-22,-0.10418142697341592,0.005475158415654289
2021-06-23,0.36573170533348576,-0.002488306823667332
2021-06-24,-3.9143812989790856,0.0032970963431776324
2021-06-25,-4.881359111016606,-0.00940475313108487
2021-06-28,-2.7038087430540676,0.003925237154750241
2021-06-29,0.3413832769991537,0.005853593528156408
2021-06-30,-7.522953797094282,0.007178097008784281
2021-07-01,-9.10190048346419,0.005407912501699298
2021-07-02,-4.088406702289882,0.0038874346121269394
2021-07-05,-1.4328185128351478,0.0022570152066485947
2021-07-06,-0.5299109995597965,0.007984933086167429
2021-07-07,-12.631587507526422,-0.0012526778694887028
2021-07-08,2.112252742188061,0.002323707781293503
2021-07-09,0.03363177286791935,-0.0038680993111957986
2021-07-12,-0.44412231093213483,0.004122234687659822
2021-07-13,-3.108130015905811,0.007451754991750327
2021-07-14,-0.4706994843539042,-0.0031946590849319485
2021-07-15,-2.7309789893615526,-0.0008205660702641309
2021-07-16,-10.484831265379801,0.005918239099500669
2021-07-19,4.399108077885819,0.0073729446844051465
2021-07-20,1.1031730817264016,-0.009418337039356633
2021-07-22,-10.02295531872436,0.01357419142209901
2021-07-23,-6.429470911967064,0.004645208774469354
2021-07-26,0.0199265989732738,0.006227235326783136
2021-07-27,0.4792873347202633,-0.010353150166648605
2021-07-28,-0.5643176384612454,0.0004717179462000722
2021-07-29,-0.012565864805693376,0.0008409729184157545
2021-07-30,-0.05531874978046838,0.005634144931085072
2021-08-02,0.4774849345672886,0.012836119068501003
2021-08-03,-0.40516466657285205,0.0061123761112867004
2021-08-04,-0.19076203107792483,-0.007455969630584271
2021-08-05,0.4461790269505954,-0.0012716311386056648
2021-08-06,0.17257615632301393,-0.007805787896419541
2021-08-09,0.12072527140314929,0.0012498685720546431
2021-08-10,-0.04600397958994515,0.0014472370419710188
2021-08-11,0.6351135626400926,-0.005078799610398551
2021-08-12,0.07414073058586555,0.003217102022263121
2021-08-13,-0.5870713782762882,0.003581198758838821
2021-08-16,0.15034305862713893,0.009070463827121646
2021-08-17,0.02113014706192455,0.004421209759478821
2021-08-18,-0.1386565467065146,0.004426760562260562
2021-08-20,-0.6655596209987319,-0.003235544403485096
2021-08-23,-1.3677194205631704,-0.0032537398218031154
2021-08-24,0.40607594509072037,0.006505578360492604
2021-08-25,-0.5895316776583884,0.008714136696689238
2021-08-26,-0.8689649650978747,0.003085217066533152
2021-08-27,0.7925459467849324,0.00800993662286247
2021-08-30,0.348289776469542,0.007950124024132626
2021-08-31,0.38674828991066873,0.008788074836796118
2021-09-01,-0.03273118450095103,-0.0025007922382952507
2021-09-02,-0.8543836055015311,0.015475403230443888
2021-09-03,0.2900059521577753,0.0025099311868224884
2021-09-06,-0.27981676912177555,0.0037089630819688644
2021-09-07,0.19968198031086304,0.0006662045768490934
2021-09-08,0.16358002245286268,0.007459707021055065
2021-09-09,-2.0053253660418515,0.014444075012645715
2021-09-13,1.524354227253466,0.0011144381125175156
2021-09-14,4.614722010922043,-0.01183972979486114
2021-09-15,1.484433799724658,0.007829098392936724
2021-09-16,-0.4601017463918951,-0.003351839023855443
2021-09-17,0.9449152841018198,-0.0074647367367838965
2021-09-20,-0.381906410280696,-0.006687686853840821
2021-09-21,1.713761289959684,0.001590014189282528
2021-09-22,3.1275079418711287,-0.004090725934429095
2021-09-23,-1.3607142283605962,-0.001988073954745984
2021-09-24,-0.08255265158912467,-0.0040392602308300714
2021-09-27,-0.05816335857643098,-0.007418625740603592
2021-09-28,-0.03412379053666569,-0.005921146339135029
2021-09-29,0.008874527824185711,0.0027238591977996867
2021-09-30,-0.05481362637025823,-0.0013818228470804561
2021-10-01,0.012698102069130197,0.006150877488430628
2021-10-04,-0.07585879369920982,0.0029421478146337394
2021-10-05,-0.07711498098609729,0.002911455383679218
2021-10-06,0.02644767501055212,-0.006639470453291711
2021-10-07,0.07393427382092049,0.008472165939651603
2021-10-08,0.07703709846288857,0.0004244720331697196
2021-10-11,-0.07620181646778273,0.003190202263501235
2021-10-12,0.019485458361248886,0.006271409863959373
2021-10-13,0.09171937264573345,-0.002551979409395904
2021-10-14,-0.02175789497350763,0.004725831301133984
2021-10-18,-0.01947310363572384,-0.008272666616599153
2021-10-19,-0.043000769372739445,-0.008648264217678192
2021-10-20,-0.06427681750911733,-0.012542882271055763
2021-10-21,0.020208311318910568,-0.0035940094077945074
2021-10-22,-0.0271965589808367,-0.002118736470988791
2021-10-25,-0.1470251284629056,-0.004528997740406864
2021-10-26,-0.10796814833440017,0.0010992600884048714
2021-10-27,-0.007428096437305893,0.005179631726243368
2021-10-28,0.04048825373157422,-0.008359452046702132
2021-10-29,0.023110558224796157,0.00016208992899275948
2021-11-01,-0.007613682146810238,0.010128655192577366
2021-11-02,-0.048856218710324695,0.003106133911755424
2021-11-03,0.020825316579192583,-0.0005303709427160024
2021-11-04,-0.03539996337455076,0.00779402914451709
2021-11-08,0.07059465166594353,0.0025253409913725978
2021-11-09,0.00952108424105303,0.007524095391150069
2021-11-10,0.06124698216385975,-0.000812041318804189
2021-11-11,-0.009544449783847268,-0.0008278229428225594
2021-11-12,-0.09332045463627055,-0.0007075462536065708
2021-11-15,0.0504002215334525,-0.0014805157757692084
2021-11-16,-0.012350840558649604,-0.0036464052240006094
2021-11-17,-0.029085529315660493,-0.0016281950580330246
2021-11-18,0.03933096247069482,-0.007679949577399838
2021-11-22,-0.09611121597561416,-0.008343027506940003
2021-11-23,0.03575423818217081,0.004109283096196062
2021-11-24,-0.05995785030693521,-0.006120985039139117
2021-11-25,-0.1481234318173679,-0.005438517713122412
2021-11-26,-0.08376397931909677,-0.011980591580750124
2021-11-29,0.019145808780562493,-0.0006691234910427005
2021-11-30,0.03879627510653179,-0.003827854564250292
2021-12-01,0.07479507917153179,-0.008476816875846463
2021-12-02,-0.09920399071041072,0.006875010009579918
2021-12-03,0.0568544025785111,-0.005576635220185941
2021-12-06,-0.08338802060251105,-0.010209766828070068
2021-12-07,0.04360972306027591,0.006585713248241516
2021-12-08,-0.0812610530406144,0.003920663748887246
2021-12-09,0.02963047970503171,0.010044918815154128
2021-12-10,-0.06871646961216223,0.0033864496785730143
2021-12-13,-0.08684779602949463,-0.006312600827336931
2021-12-14,0.056700037781300866,-0.0006117009563136558
2021-12-15,-0.01800557698176055,0.0006865938741769392
2021-12-16,0.044866722564361194,-0.002714701934377798
2021-12-17,-0.032758718732752316,-0.00846394259260872
2021-12-20,-0.11548582469463503,-0.018850515051025637
2021-12-21,-0.01361776148924387,0.00739447884959068
2021-12-22,0.04611298696516528,0.007500020615490516
2021-12-23,0.22124671481655453,0.010965883484367268
2021-12-24,-0.06409357435213654,-0.005794861625512174
2021-12-27,0.19657320425468583,-0.0014460610122421784
2021-12-28,-0.06747099067963169,0.01366070219049837
2021-12-29,0.0684574193992508,0.00333805275846709
2021-12-30,0.014078482877441905,0.0005992499442327964
2021-12-31,-0.10919083837375804,0.005168303075841137
2022-01-03,0.11535233996508602,0.007240837459746208
2022-01-04,0.006966270710616097,0.003536503432004795
2022-01-05,-0.04087042077677729,0.002977208693991024
2022-01-06,-0.06837740499931765,-0.002045928702955689
2022-01-07,0.002913581893453492,0.0051676023907405244
2022-01-10,-0.00547647890988603,0.0029348129298807303
2022-01-11,-0.054530984912716976,0.0010650058961782767
2022-01-12,-0.05102951014913067,0.001171519216165261
2022-01-13,-0.08109651826184694,0.0007393022894330624
2022-01-14,-0.030800353496074042,0.003465296030143033
2022-01-17,0.041337408981083984,0.002635951367681553
2022-01-18,-0.026722249850780633,-0.012353937550313943
2022-01-19,-0.1866508097440817,-0.0075827412815889905
2022-01-20,0.02054563654523196,-0.004652906636072454
2022-01-21,0.014290622088689317,-0.0056941492744654225
2022-01-24,-0.01294224562144308,-0.025037414198801875
2022-01-25,-0.05271435593179366,0.0021915044807039067
2022-01-27,0.32981499274956544,-0.008333228956110734
2022-01-28,-0.11041865768573252,-0.004815842389205282
2022-01-31,-0.05747460633983899,0.00789587398958199
2022-02-01,-0.019262148068416675,-0.01162042561784069
2022-02-02,-0.04793092861485021,0.007175518188738274
2022-02-03,0.08985497306583928,-0.010464334349080182
2022-02-04,-0.04247121877448429,-0.007664130805361697
2022-02-07,-0.15567883873443505,-0.01608004761531094
2022-02-08,-0.12738388181880375,-0.00611217510241515
2022-02-09,-0.03553124398853739,0.012148999144843355
2022-02-10,0.20357463440140186,-0.0036930913656136074
2022-02-11,-0.16675138593612074,-0.0022463715947263836
2022-02-14,-0.06506557065437435,-0.009403278252198416
2022-02-15,0.23614288429323244,0.003965442047089957
2022-02-16,0.11805911312070562,0.006472962279421545
2022-02-17,0.00772850943633796,0.005099673168470705
2022-02-18,0.011754950293972553,-0.00906438021892867
2022-02-21,-0.06169333959879374,-0.003981303650851208
2022-02-22,-0.4007041007650894,-0.0064243489848148086
2022-02-23,-0.23996479696485537,-0.00869064195666903
2022-02-24,-0.001360137141483416,-0.019638456324470532
2022-02-25,-0.057809291112356685,0.009973024215605537
2022-02-28,0.0029051868325423932,0.01638643900552611
2022-03-02,0.012740279953098566,-0.0086786787580826
2022-03-03,0.10567063846366906,0.010393127196882557
2022-03-04,-0.017987509734385183,-0.018115785384925608
2022-03-07,-0.05468962124273769,-0.022082986914715295
2022-03-08,0.0036288830006584497,0.005351540071337301
2022-03-09,0.02043044721742891,0.009827145820026209
2022-03-10,-0.06701271374570582,0.006484312303286466
2022-03-11,0.10326363421957031,-0.0032659573149303677
2022-03-14,-0.03677693789421554,-0.003658377729064188
2022-03-15,0.017161689773170515,0.0006746023145240033
2022-03-16,-0.04528508531926297,0.007184522187548785
2022-03-17,0.004826731707701008,0.0017145480295032273
2022-03-21,-0.02971792930007397,0.0013635064666949939
2022-03-22,0.00631740168074488,-0.003497312163252969
2022-03-23,0.008583167934951126,-0.010695756484688153
2022-03-24,-0.04676275789183376,0.0007869336357134156
2022-03-25,0.014747564962214563,-0.002032181319760946
2022-03-28,0.0491140294220827,0.002490874224744161
2022-03-29,0.17029780314887755,-0.0023109075341593505
2022-03-30,0.05983153328979158,0.014294213699434736
2022-03-31,-0.23468854806228967,0.009770961687529433
2022-04-01,-0.003743398960280135,-0.0014301356939692826
2022-04-04,0.2069901991903078,0.00989601874372969
2022-04-05,0.12551026341202945,0.00926708926981074
2022-04-06,-0.08179534499989652,-0.0023885430130505076
2022-04-07,-0.2600199293400074,0.0036370530004251325
2022-04-08,0.20426997258259633,0.011021302596171116
2022-04-11,0.047537408181223595,0.00039370170760530057
2022-04-12,0.12152585671491722,-0.0033919371475371663
2022-04-13,-0.20458822425120898,-0.0026536415670865565
2022-04-18,-0.033923043215205506,-0.0068680368288692424
2022-04-19,0.12665831435756067,-0.0005916366344986848
2022-04-20,0.21022353926874188,0.0043907574345753595
2022-04-21,-0.09799239320945922,-0.002669954145439233
2022-04-22,0.05734096560037834,-0.0034602630318517737
2022-04-25,-0.07962545818847142,-0.00696467863871092
2022-04-26,-0.11484677393783346,0.004288432253403829
2022-04-27,0.08062386578701924,-0.0053386066983305575
2022-04-28,0.1319706945797382,0.0075646837967909535
2022-04-29,-0.11480786710243669,-0.004748669082423415
2022-05-02,-0.09346212361002856,0.0034101106175150756
2022-05-04,0.040196416131662055,-0.003330667060923428
2022-05-05,0.015414330541465137,0.0014003048352730695
2022-05-06,0.03119654310740689,-0.007150179341697988
2022-05-09,0.04682791103072891,-0.0020687607491136385
2022-05-10,-0.03823957622789917,-0.016162117252591472
2022-05-11,-0.20884719560790366,-0.01464950648716005
2022-05-12,-0.14644950839501616,-0.015322256657176379
2022-05-13,-0.1914198959407235,0.0018030714510365
2022-05-16,-0.08064252030114523,-0.012496600909320935
2022-05-17,0.22012101194870173,0.008951908448268275
2022-05-18,0.05715548286677379,0.009566033990853144
2022-05-19,-0.09602351323703989,-0.020107918370771506
2022-05-20,0.01016203001454548,0.011022620805190354
2022-05-23,0.029838000457306696,0.00021839169786342592
2022-05-24,-0.06366702316282123,-0.00107614588005655
2022-05-25,-0.06517702792752901,-0.007300857289559005
2022-05-26,0.14925937932528632,0.007751908855117058
2022-05-27,-0.047119560831138996,0.02179534624376684
2022-05-30,-0.005946022578537902,0.001666692890765884
2022-05-31,0.4992504535864536,-0.0019800384674812056
2022-06-01,0.0988109656783028,0.0020929011626238843
2022-06-02,-0.38239504423604753,0.0023048907809607986
2022-06-03,-0.3441000113889496,-0.015873243941830005
2022-06-06,-0.07031737278081752,-0.0052570188028501
2022-06-07,-0.7014130991925485,-0.01619976047262604
2022-06-08,-0.0582139904042909,-0.008807791272014935
2022-06-09,-0.26111638674061893,-0.00022272935082035198
2022-06-10,0.0694035114399413,-0.00370276398208765
2022-06-13,-0.06409507900752268,-0.0009001103802061717
2022-06-14,0.35351427536335767,0.004559791357004934
2022-06-15,0.1462405172067066,0.0006486880795203075
2022-06-16,-0.1998911323869433,-0.012561705692403682
2022-06-17,0.24234159582563441,-0.006519675022554944
2022-06-20,-0.8074364883068992,0.018984477501588104
2022-06-21,-0.281558941047762,-0.004550385464307462
2022-06-22,-0.6022059224181965,-0.010251871956086863
2022-06-23,0.02776574741235471,0.009148090144046042
2022-06-24,0.2620522028116411,0.0007436765294435303
2022-06-27,0.16622784600034962,0.0019427267188536351
2022-06-28,0.129139688950281,0.0017063789822289114
2022-06-29,0.08041625178906478,0.012279027659916987
2022-06-30,0.005679135304325128,0.006523594138458239
2022-07-01,0.03511440398250262,0.004686992599045591
2022-07-04,-0.07677816688856426,0.012555978004077414
2022-07-05,0.01826084650282021,0.007122681670180055
2022-07-06,-0.02737820661998076,0.011927976467061497
2022-07-07,-0.04433078173507534,-0.0004407144053952649
2022-07-08,0.018193705498624313,0.009404156164001152
2022-07-11,0.019816085476451997,-0.0002137070915456016
2022-07-12,0.03608018157285143,-0.012427073727015625
2022-07-13,-0.009391767911271347,0.004872464184330044
2022-07-14,-0.03249157276568894,0.003978640815997533
2022-07-15,0.03921185796237863,0.009181936603252587
2022-07-18,0.021263176521899473,0.011430349333541695
2022-07-19,-0.021904849576915575,-0.004032545785904541
2022-07-20,-0.03590097266279657,-0.004275401480976132
2022-07-21,-0.017946166701673896,0.008833374659650188
2022-07-22,0.0032811419760071505,0.0010623905366625862
2022-07-25,-0.05207571672027112,0.00681026739850869
2022-07-26,-0.0206854955457148,-0.0037796471281635446
2022-07-27,-0.043638305644881054,-0.0009712932495742475
2022-07-28,-0.0106399918506597,-0.0058104972001997825
2022-07-29,-0.09632111812509503,0.01352186683634651
2022-08-01,0.1092466549839308,0.006914491884830517
2022-08-02,0.08143877842535963,0.010233737591560292
2022-08-03,0.053198252772790264,0.004151902206306111
2022-08-04,0.07272990349839092,0.005794869357825189
2022-08-05,-0.1449003167860467,-0.0034174207919509584
2022-08-08,-0.041122861603478306,-7.006823163731429e-05
2022-08-10,0.03317489129390594,-0.0025977411873623693
2022-08-11,0.016051954478181137,-0.003109117198345093
2022-08-12,0.016441761870162143,-0.0012593394105313094
2022-08-16,0.07378902879565148,0.009174262857740591
2022-08-17,-0.032380204701912135,0.004409212713353968
2022-08-18,0.011047684950333763,-0.0036944622028553184
2022-08-19,-0.00846974678809097,-0.004577277588693305
2022-08-22,0.06384483303032694,-0.001640452128386021
2022-08-23,0.05705384236935097,0.0029196661587076317
2022-08-24,0.012716987122612784,0.003166203630400817
2022-08-25,0.04898607757887576,-0.006732162042448317
2022-08-26,0.0933713600680462,-0.0008420626964620033
2022-08-29,-0.04989092041557833,-0.006407183009896657
2022-08-30,0.024974558699586834,0.007177351473332271
2022-09-01,-0.056756425378600636,-0.0053635004349043315
2022-09-02,-0.023359056880406178,-0.004410015762845373
2022-09-05,0.016668734533390683,0.005722269544150602
2022-09-06,-0.029657429820210187,0.006590288686559142
2022-09-07,0.011692304606293634,0.002871520742577857
2022-09-08,0.005323606801539669,0.0024828171039649365
2022-09-09,-0.01915238393593432,0.0006143830738360168
2022-09-12,-0.12825540344114847,0.010411444124243647
2022-09-13,0.06101021910623689,0.005200914948245133
2022-09-14,0.06614900537927512,0.0023390435790675425
2022-09-15,0.07379076892280809,0.0011579120855376393
2022-09-16,-0.0404994752740587,-0.03186136543111951
2022-09-19,0.04604947588421018,0.0019929769404361144
2022-09-20,0.030683143308824396,0.023516599258762105
2022-09-21,0.02705703193282981,0.005017118872732166
2022-09-22,0.00669301489851634,-0.009522001271051567
2022-09-23,-0.033526315203977294,-0.013199829322503024
2022-09-26,-0.02519613476714106,-0.009239014183890892
2022-09-27,0.015613791011040098,0.003739675264977504
2022-09-28,-0.005661783974684384,0.0019193744633899282
2022-09-29,-0.01497877597449894,0.003901638988053592
2022-09-30,-0.11766140610279927,0.015033640226632615
2022-10-03,0.0026924707444315778,0.008808001389130694
2022-10-04,0.023815830237643956,-0.0007552387906275094
2022-10-06,0.05410740825038042,-0.014593501867788154
2022-10-07,0.1213396269161121,-0.0011625522830120746
2022-10-10,0.06520221413758406,0.0018287342072583104
2022-10-11,-0.07932239071999075,-0.0023354501185541953
2022-10-12,-0.011719388743569085,0.005030495460405416
2022-10-13,-0.10799112347152766,-0.008349538985928304
2022-10-14,-0.10623304977780884,0.002558126911568107
2022-10-17,-0.04909042150395198,0.004512457919910909
2022-10-18,-0.08653026110639812,0.007607518879948779
2022-10-19,-0.06938508302972081,0.0014229765632811002
2022-10-20,-0.022835608590366836,0.0055737722542958884
2022-10-21,0.08430578141565859,0.0020706263493068633
2022-10-24,0.02044722313553257,0.0012819816582702464
2022-10-25,-0.030113949807972728,0.001200259033862607
2022-10-27,0.1179737420659873,0.005602382056141316
2022-10-28,-0.024093630254633982,-0.0047093742479449065
2022-10-31,0.0313024799276719,0.0034202643414574393
2022-11-01,-0.05750480858335319,0.0031544768374958047
2022-11-02,0.19494175169093023,0.0007706057623778487
2022-11-03,0.09491906337969688,-0.0019701447069830954
2022-11-04,0.06364086527923013,-0.005603889476505996
2022-11-07,0.04502721316872568,-0.006502428238069569
2022-11-09,0.14528824667101586,0.0021583603733153936
2022-11-10,-0.03926674982605106,0.007449350166176938
2022-11-11,0.04434341241265432,-0.011497201744929398
2022-11-14,-0.12256264378389853,-0.01260774896124795
2022-11-15,-0.024760585413550102,0.00879397988225532
2022-11-16,0.130110228694877,0.007180922499028053
2022-11-17,0.061428647633242225,-0.0018140395036535194
2022-11-18,0.11964680700453068,0.0011556651517643623
2022-11-21,0.642364202240242,-0.0023619931949222066
2022-11-22,0.4856839311814338,0.003487081951596909
2022-11-23,-0.19327025262936282,0.0012320588830291006
2022-11-24,0.08020616050112066,0.008643868222977257
2022-11-25,-0.118074600107091,-0.006508123999522569
2022-11-28,-0.040641528023048476,0.007983550036700435
2022-11-29,-0.11302504690945744,0.0011097697693275448
2022-11-30,-0.14649394309430602,0.015232425392726056
2022-12-01,-0.001443980229487535,0.0014558543521351192
2022-12-02,-0.017531670966701725,0.0004049673056774375
2022-12-05,0.014570695703937472,-0.00654838176666995
2022-12-06,0.027049928230001616,-0.007610430708794764
2022-12-07,0.0010864118343299643,0.002617205860945234
2022-12-08,0.07876687029885154,0.004793351488571856
2022-12-09,0.0007501987426254599,-0.0037691590117292146
2022-12-12,-0.048573197310380754,0.00016429620813567902
2022-12-13,0.09484357701319922,0.005538159688137741
2022-12-14,0.12678212228321553,0.006422883868170531
2022-12-15,0.037922677931471464,-0.0010761460290178483
2022-12-16,-0.0006179428684946133,-0.005512400475735415
2022-12-19,-0.05074650461301146,0.00045012684119215426
2022-12-20,0.03046238530694897,0.0028111312359097216
2022-12-21,0.06407968008426188,-0.0031866289358686954
2022-12-22,0.05660738692992925,-0.012894254415236884
2022-12-23,0.003797470204039386,-0.02136307748086029
2022-12-26,-0.1016979565817078,0.007720120428937849
2022-12-27,0.007670965271211573,0.009061209411205773
2022-12-28,0.009698883237464625,0.005305477292914326
2022-12-29,-0.02724803136496055,0.002505781647836032
2022-12-30,-0.026656433146078608,-0.0031114976577721657
2023-01-02,-0.012672302465470825,-0.005444447848524934
2023-01-03,0.044488379248921545,-0.0006219760547865918
2023-01-04,0.0032021931037433293,-6.416245880151147e-05
2023-01-05,-0.01382470699783975,0.0069465238202502866
2023-01-06,-0.07011017579921987,-0.0013084265619015397
2023-01-09,-0.08760001143882597,0.003211615130744893
2023-01-10,-0.07008704216105097,-0.003489793834100952
2023-01-11,-0.0201610502514624,-0.0031871291526212493
2023-01-12,-0.011332267753358334,-0.0012970846434920682
2023-01-13,-0.02771399204383454,0.004089367999813692
2023-01-16,-0.02124067298616037,-0.0031472652090896594
2023-01-17,-0.05013126501685288,0.004561316221599364
2023-01-18,0.02278794867700042,-0.0015267371632137563
2023-01-19,-0.037515531698634356,-0.0022976583198140855
2023-01-20,0.020325555306633748,-0.00813708154169371
2023-01-23,-0.011092037647376329,-0.003513704294318882
2023-01-24,-0.03547929206533289,-0.002705494021343366
2023-01-25,-0.0061230987543413416,0.0003103121243168858
2023-01-27,0.08518812548018431,-0.0033420762264282874
2023-01-30,0.04179114878711016,0.008890881469825957
2023-01-31,0.04151408970144546,0.007726979828782401
2023-02-01,0.03834363734210776,0.0036426273562936854
2023-02-02,0.07988938541659749,0.004767423028864331
2023-02-03,-0.06627428794201128,0.010127942852283264
2023-02-06,-0.1743299371276096,0.006987328703295702
2023-02-07,0.12745253482540997,8.506416965471344e-05
2023-02-08,0.23543647820322525,0.0019733698456686436
2023-02-09,0.013876568608291914,-0.006223268096734518
2023-02-10,0.0962780468295706,0.004870749686638937
2023-02-13,0.3463953873683023,-0.008298568749070692
2023-02-14,-0.14790886166335468,0.0005766270785433473
2023-02-15,-0.048037447111628884,0.005797695178138479
2023-02-16,0.05029867798358075,0.007001869285479625
2023-02-17,0.09549181586213687,0.00020065770021162314
2023-02-20,0.04966157452255933,-0.003010818110019502
2023-02-21,0.1659520338746092,0.003791279049372279
2023-02-22,0.04226818784118515,-0.0012909957310920186
2023-02-23,-0.19752231260131006,0.00125106848014137
2023-02-24,0.10270478205742395,0.003250449121851814
2023-02-27,-0.1407984061239005,0.003200533586421084
2023-02-28,0.08033652814093835,-0.010455684964658096
2023-03-01,-0.08430679011432832,0.003927749902448061
2023-03-02,0.10397558537315409,-0.0019419647639424954
2023-03-03,-0.20896798592549923,-0.005971625699801942
2023-03-06,-0.056239147768068154,0.006758613715483781
2023-03-08,0.11028037520047988,-0.002574744516990702
2023-03-09,0.3827177794240197,-0.0027886985645741236
2023-03-10,0.0725846156200996,0.001243518800655194
2023-03-13,0.23438989566389098,-0.011885762008809109
2023-03-14,-0.1777792647483114,-0.006860438764086476
2023-03-15,0.11612122533187987,0.001670693445014395
2023-03-16,0.01179444288972744,-0.004118703597076839
2023-03-17,-0.12462474279705989,-0.0037985621060231574
2023-03-20,-0.07990420214518704,0.002646557077266552
2023-03-21,0.05884089423237843,0.002439715219376928
2023-03-22,0.07482636904901868,0.0008894288394168488
2023-03-23,0.1232522051044826,0.0007273320446017325
2023-03-24,-0.02243861307361151,-0.001837102430916862
2023-03-27,0.2832976839314679,0.0015424724471984805
2023-03-28,-0.010326842393281847,-0.0003375056212011119
2023-03-29,-0.0448208098793282,0.0033310809082090923
2023-03-31,0.010355133051466778,0.013020283576625364
2023-04-03,0.10195144320891586,0.0038316829075017316
2023-04-05,-0.03587103968087248,0.007296567390138572
2023-04-06,-0.02325916756403805,0.00177704814117404
2023-04-10,-0.1078501870275413,-0.0030131480502480013
2023-04-11,-0.06112310520771611,-0.0020059661799069683
2023-04-12,0.042009038643162064,0.0033480002417461
2023-04-13,0.03700337487460785,-0.004180630576822024
2023-04-17,0.019845979742664308,0.0008736920038906914
2023-04-18,0.1164306714494036,0.00714634480093164
2023-04-19,0.018616915181236773,0.0009384220500030787
2023-04-20,0.07199906648328887,-0.0017589172037227143
2023-04-21,0.052176883891710116,0.0063948819835618976
2023-04-24,-0.013214766597937804,0.0013407341989998573
2023-04-25,0.07511094644756243,0.0031323347559775237
2023-04-26,0.03557095757812611,0.008619682782516685
2023-04-27,-0.046119446717576326,0.0072528787292083785
2023-04-28,0.05296139324360192,0.00352558686610219
2023-05-02,0.06280183819365173,-0.0033690270096338954
2023-05-03,0.06704219080689051,0.008437378815214176
2023-05-04,0.07156335055775664,0.0034293248824164317
2023-05-05,0.07100082809305394,0.0032207419168702876
2023-05-08,-0.028101076762152705,0.009322044213396715
2023-05-09,0.003135815650568697,0.0006435501489605694
2023-05-10,-0.026322240606110013,0.0076084403078678555
2023-05-11,-0.0882004642276531,0.006277644631949271
2023-05-12,-0.07554772985896051,-0.0008322323203508778
2023-05-15,-0.02409515266898821,0.0057139160101351266
2023-05-16,-0.07171590103910817,-0.0017478830435135031
2023-05-17,0.08565606471828,-0.005747465597013289
2023-05-18,-0.05411916240186557,-0.0046240276679825965
2023-05-19,0.030039073333543956,0.0005737089238943521
2023-05-22,0.11401480087746843,0.008220210587666402
2023-05-23,-0.04653270572866296,0.0001083659781467052
2023-05-24,-0.013551609114716895,-0.00301430483295576
2023-05-25,0.02236940063925337,0.0026344691556017793
2023-05-26,-0.026356080460361718,0.013631893197229067
2023-05-29,0.08541020208218247,0.007695335439234734
2023-05-30,-0.03668229466015599,0.001730028409797432
2023-05-31,0.022685700482083022,-0.00042923236970594813
2023-06-01,0.00795577690675562,-0.00016039516809058396
2023-06-02,0.09501083152000069,0.005501599386635491
2023-06-05,0.028826009880984268,-0.0010005121506033283
2023-06-06,0.010045828510183043,0.004506522661165809
2023-06-07,0.017673922614881567,0.013872921276894634
2023-06-08,-0.028058164841981245,-0.007904852962032114
2023-06-09,-0.007016640139321965,-0.005178620971878727
2023-06-12,-0.005279033278931834,0.00714177538537074
2023-06-13,0.015358432665785722,0.011278732709329891
2023-06-14,-0.01153403297619738,0.0062799721703924736
2023-06-15,0.013815384825166373,0.001769432668179101
2023-06-16,-0.011292087299019763,0.005097637885220742
2023-06-19,0.03562509321656328,0.006549955353496252
2023-06-20,0.01222605219790484,0.007841036805236479
2023-06-21,-0.022661724352053724,0.002077338059851527
2023-06-22,-0.016866091957420407,-0.0018733701887274344
2023-06-23,-0.01177534857286401,-0.005365231968442564
2023-06-26,0.007294199967713618,0.005571231896381214
2023-06-27,0.002057093573072903,0.0023803851151927655
2023-06-28,0.0022870832061311604,0.0016929418108937383
2023-06-30,0.000705001121468171,0.0016100372101790887
2023-07-03,0.004837775455498029,-9.39412010389075e-05
2023-07-04,0.0028378723189193,0.0022668759703178267
2023-07-05,0.01446413791045699,0.010176159286880695
2023-07-06,-0.004776388237134854,0.010707789878828021
2023-07-07,-0.0442536967494976,-0.008579002727694268
2023-07-10,0.0012602106833323776,-0.004051414040020432
2023-07-11,0.018674530850438954,0.008409287863339365
2023-07-12,-0.0296935235521918,0.006827808548188857
2023-07-13,0.0333850919463147,-0.0030492478676442947
2023-07-14,-0.07934251579750073,0.003469065435620381
2023-07-17,0.02646956906274789,0.0009293879944748325
2023-07-18,0.052656256413243265,-0.0035865672030199916
2023-07-19,0.027733401129138552,0.004142857174675201
2023-07-20,0.007847915954024948,0.0005667903910184684
2023-07-21,-0.004584287389523102,-0.0009907584113218724
2023-07-24,-0.0029173784272616757,0.00021673459041849876
2023-07-25,-0.002816624661423111,0.0029389257612830923
2023-07-26,-0.05298549229267455,0.0003917529585939145
2023-07-27,-0.13977524649881543,0.004181624278401486
2023-07-28,-0.0768782691284055,0.00437695587692449
2023-07-31,2.1726159234017155e-05,0.005899502570276357
2023-08-01,-0.028889965890580568,5.8197510341414716e-05
2023-08-02,0.06182245279221513,-0.010194796981890865
2023-08-03,-0.07776837660873383,-0.00861505825379862
2023-08-04,-0.004788824323978107,-0.0015750315431352396
2023-08-07,0.021916646338372644,0.004312212016932075
2023-08-08,-0.017998778251890606,0.003575700020838945
2023-08-09,0.009307781704649309,0.0014571753205027218
2023-08-10,-0.05290382465471216,-0.007674519305778329
2023-08-11,-0.08051058307853867,-0.005400220572558236
2023-08-14,-0.020812550453146138,-0.0069854854959758034
2023-08-16,-0.02101393572477816,0.002330387034012169
2023-08-17,0.010920666821941906,0.001496510001148794
2023-08-18,-0.0325930119474023,0.003709899633097453
2023-08-21,0.028973534075522427,0.002690155594328277
2023-08-22,-0.044217626318472036,-0.0009600920517268475
2023-08-23,-0.016364789155617062,4.329358988641477e-05
2023-08-24,0.055740578932267124,0.002242190440194283
2023-08-25,-0.0055314930691874415,-0.006039472189562094
2023-08-28,0.02280965646178363,0.0006123629323952707
2023-08-29,-0.0022980089360542695,-0.0004549875639483673
2023-08-30,-0.04000644334034088,-0.002861407460434433
2023-08-31,0.015187609400621409,0.0010643608945389148
2023-09-01,0.013520295576056288,0.004699498322552156
2023-09-04,-0.012991628387605947,0.0007471168269541909
2023-09-05,0.0866685766252184,0.012120345227909486
2023-09-06,0.04976017484354338,0.002438763839082729
2023-09-07,-0.055536236703569414,0.003712717974604807
2023-09-08,-0.12270396836389869,-0.0013642165720410605
2023-09-11,0.04298018594747405,0.00832527546654249
2023-09-12,-0.061630431364757786,-0.00579583419868645
2023-09-13,-0.12646107559152375,0.004929571844593313
2023-09-14,-0.10129310200591826,-0.0008642965057376174
2023-09-15,0.20427969693242648,-0.0014949349444490297
2023-09-18,0.08797827248857952,0.0014427396877372018
2023-09-20,-0.00027774926390017026,-0.004600786660372453
2023-09-21,-0.10524346120922529,-0.007074914652257378
2023-09-22,-0.1531044643418693,-0.005506247188203993
2023-09-25,0.046819448505285924,0.005966487784908879
2023-09-26,-0.038943051608243684,0.002236533672102183
2023-09-27,0.04635221362271205,0.005280875680710442
2023-09-28,-0.06355264721460048,-0.011773844670902704
2023-09-29,-0.06310322247710491,0.006335319789800062
2023-10-03,0.06565458737863304,0.0018528969440991944
2023-10-04,0.1343992556035488,-0.011493965248353305
2023-10-05,-0.013838435553489984,-0.0011322300174338275
2023-10-06,-0.013234126281787096,0.003993278514957345
2023-10-09,0.05107978025067808,-0.008773859054724692
2023-10-10,0.014597991375254832,0.005384236423349705
2023-10-11,0.628859919720616,0.009001789836344273
2023-10-12,0.0035580352282959943,0.006848450833287945
2023-10-13,0.30566566168485937,-8.55198621118983e-05
2023-10-16,0.10334020413828325,9.553076893964845e-05
2023-10-17,0.5072620025503554,0.006748331791066795
2023-10-18,0.35132647136378664,-0.0018280195088287018
2023-10-19,-0.2637627049437616,-0.0037239354096699905
2023-10-20,-0.1023317142171685,-0.0028113324510943396
2023-10-23,0.04297723392494569,-0.02161385197073982
2023-10-25,-0.19406755316421967,-0.007725736196932666
2023-10-26,-0.3941981666751682,-0.012072323096670036
2023-10-27,0.4532594052411999,0.013052871118342003
2023-10-30,0.4266827098172655,0.005996859712564107
2023-10-31,1.3415044403570673,0.0012834741493203453
2023-11-01,0.4112984706580161,-0.003582232293788649
2023-11-02,1.0459681052857739,0.0073230600888805585
2023-11-03,-0.23779161645870345,0.007441532540460548
2023-11-06,0.025276168575269094,0.01016884315749641
2023-11-07,0.0126483256647504,-0.002859629853825603
2023-11-08,0.1478671481405112,0.0037760163770195116
2023-11-09,0.08818626975811547,-0.004194177307039063
2023-11-10,0.012442204912573264,-0.0011105543587476643
2023-11-13,-0.07661972803402169,-0.003050828664567424
2023-11-15,0.16331145341527423,0.007241462290352592
2023-11-16,0.033956420890506156,0.006701847186660331
2023-11-17,-0.11765786877556639,0.003446613863890594
2023-11-20,0.019180525446693603,-0.000612835140860193
2023-11-21,-0.0358418081568075,-0.00130521716303767
2023-11-22,0.02809523853921397,0.009210392132348652
2023-11-23,-0.0353620560926046,-0.0015444787853341056
2023-11-24,0.10213993713209608,0.004731659394149789
2023-11-28,0.15799356863949807,0.0005705110320341577
2023-11-29,0.03221512937172853,0.007898856843188973
2023-11-30,-0.1614622711674995,0.010111459926534493
2023-12-01,-0.16934741220861424,0.0037164469211917535
2023-12-04,0.10140254473822967,0.011748009941966729
2023-12-05,0.2279987511215954,0.0004452190612994652
2023-12-06,0.08433963856913156,-0.0020996701784807056
2023-12-07,-0.14234157367627936,0.004403759620647599
2023-12-08,-0.012105788060653447,-0.004347034170891953
2023-12-11,-0.13026064416559144,0.005147372507919631
2023-12-12,0.12599190267158855,-0.004349714896938826
2023-12-13,-0.06195442574908431,0.004025293812978024
2023-12-14,-0.18211789567580275,0.007452342538390976
2023-12-15,0.22109827756429454,0.0016853263339576027
2023-12-18,0.0017270445878395163,-0.0013036930089696253
2023-12-19,0.01605861113562477,0.0008892257928386092
2023-12-20,0.08515679458260528,-0.010790202278441562
2023-12-21,-0.23626233998249385,-0.0007709991552485745
2023-12-22,-0.1568814462853804,0.009286899575051136
2023-12-26,-0.02275504649192459,0.0030018494908163836
2023-12-27,0.06336481848624527,0.0060965006592404265
2023-12-28,0.09159033000008224,0.005459905748131981
2023-12-29,-0.06331392706068933,0.00846387955472877
2024-01-01,0.17867222888087347,-0.006466106033407305
2024-01-02,-0.11659837256154229,0.0010954640944846293
2024-01-03,-0.04115961051745237,-0.0037600056557836868
2024-01-04,-0.1108637107613681,0.00310279134435449
2024-01-05,0.07821567385017268,0.005399061767964697
2024-01-08,0.09787023512808214,-0.010426869719800905
2024-01-09,0.6319193559316796,0.001943156900601128
2024-01-10,-0.16583813733917988,-0.004243602571511218
2024-01-11,0.4632259134671224,0.003044216671166734
2024-01-12,-0.5514982011671299,0.006505318339565094
2024-01-15,-1.1509639035424717,0.0048367804570516445
2024-01-16,0.07711086544846339,-0.0010773586797835427
2024-01-17,0.04365623629802407,-0.009198984432473462
2024-01-18,-1.3417333771321103,-0.004707318172018355
2024-01-19,-0.20920574051960927,0.006168621565095374
2024-01-23,2.4578097587428402,-0.01728755460614296
2024-01-24,-0.650130579879204,0.009101747754586446
2024-01-25,-0.014782872325186113,-0.012977635608853302
2024-01-29,1.1764117862869505,0.007230290657189919
2024-01-30,0.47714240910712136,-0.005203708288077793
2024-01-31,1.2028562329013008,0.014014927632420736
2024-02-01,1.0103732409171506,-0.007337428104164652
2024-02-02,-1.2441063575569586,-0.0008264393450856415
2024-02-05,2.478442238987538,-0.00556288703508393
2024-02-06,-1.6085812102111166,0.008341732928908923
2024-02-07,0.1762915236272843,0.01066807538039475
2024-02-08,-1.1352194252421088,-0.007119464143407205
2024-02-09,-0.17972700048764256,0.00039081260318781733
2024-02-12,-0.0426630986341538,0.0035423027048108427
2024-02-13,-0.009465867196289156,-0.0032575533551157903
2024-02-14,0.0011951848785122614,0.002172373645411555
2024-02-15,0.12497595309691573,0.0062940067990138624
2024-02-16,-0.09413422667090693,0.014362971914347074
2024-02-19,0.14495174677888914,0.009179816918924532
2024-02-20,-0.02595576454787504,-0.006256362876797657
2024-02-21,-0.006801674107230069,-0.005140190979299237
2024-02-22,0.05584727346952551,-0.0007520853724852195
2024-02-23,-0.03971117947180183,0.005461985820842175
2024-02-26,0.013352504266303498,-0.0001700531111152053
2024-02-27,-0.07956048665669138,0.003284389559069878
2024-02-28,-0.0029675277531250625,-0.008122542542831238
2024-02-29,0.021798943115603424,0.0010224282919409444
2024-03-01,0.01215625253307811,0.009557760400239078
2024-03-04,0.0010582054771372524,-0.0022179592369712393
2024-03-05,-0.0028226442804940464,-0.007377408218675661
2024-03-06,-0.030676017069732737,-0.00012387839086847616
2024-03-07,-0.05541706339225981,0.004628519556859507
2024-03-11,-0.06370475288453324,-0.0038086242876703455
2024-03-12,0.003388067429960758,-0.005386520727696018
2024-03-13,0.15937913194729683,-0.01670492515381832
2024-03-14,0.11948484806327278,0.00976434409448158
2024-03-15,-0.07059475953557412,0.002354402059818399
2024-03-18,0.016483162434171708,0.003400944204730486
2024-03-19,-0.0033925774889344874,-0.010746032504642681
2024-03-20,0.15111561894986755,0.00024344990378819862
2024-03-21,-0.06672583210363259,0.012271785510124054
2024-03-22,-0.029372511302941263,0.006441534122045515
2024-03-26,0.04658685039041839,0.0004617879873170063
2024-03-27,0.13141851608515734,0.0019556092219503436
2024-03-28,-0.0019551520225847487,0.014367139241276153
2024-04-01,-0.018856187222357754,0.0024858466450477417
2024-04-02,-0.0040060364127389005,0.0031739429583245342
2024-04-03,0.07774656822444286,0.004835859622248451
2024-04-04,-0.04424384047814021,-0.0030296276006623333
2024-04-05,0.011800911982004482,0.00017612905376629265
2024-04-08,-0.07098962892317143,0.0046272524085736125
2024-04-09,0.03492506744073307,-0.009508513303787599
2024-04-10,-0.04817725610920442,-0.001671050415366334
2024-04-12,-0.10121564672189658,-0.003224932832319816
2024-04-15,0.05207552151973271,-0.0019790621934747572
2024-04-16,-0.032740956133566645,-0.0030615528910574756
2024-04-18,-0.07096250671028911,-0.002979045700300536
2024-04-19,-0.020544886488727085,0.00041058017309044336
2024-04-22,-0.036974877471957,0.007862734091003635
2024-04-23,-0.003203966959290596,0.006544528388847498
2024-04-24,0.020363460111314676,0.007547613304326492
2024-04-25,0.007109981128817262,0.003355543730323279
2024-04-26,-0.004679089204953774,-0.0028347946792148964
2024-04-29,0.02577212520732662,0.008390396719839429
2024-04-30,-0.05726930023835939,0.00426288750652743
2024-05-02,0.026009863914618698,0.00778580831283861
2024-05-03,-0.028519227074430935,-0.0047404002766782685
2024-05-06,-0.11082364305133274,0.0004867278181276149
2024-05-07,-0.09217266393572288,-0.0029946916351106445
2024-05-08,0.004572720730764205,-0.0020932820414173905
2024-05-09,-0.009061101231011856,-0.010659978225046858
2024-05-10,0.03387198088976279,0.0042420262088759455
2024-05-13,0.034687601635620006,0.016174506447850432
2024-05-14,-0.06740785289941505,-0.002979977417061334
2024-05-15,0.030191650663117367,0.00371101062115153
2024-05-16,-0.015166287798797893,0.01669247073234492
2024-05-17,-0.007484940983942647,0.0016124474298661903
2024-05-21,0.01298324946495558,0.002420936864915838
2024-05-22,0.057413467818342764,0.0036834917784160496
2024-05-23,0.027874303420042625,0.0060161040325669626
2024-05-24,0.051955465855825736,0.0022927330492261244
2024-05-27,0.0051727540054121775,0.002169615485246428
2024-05-28,0.009781209642414492,0.0005757417357965763
2024-05-29,-0.019045495274641725,-0.0027318595975270596
2024-05-30,0.03728309627187682,-0.00716100375210376
2024-05-31,-0.003502232744438663,-0.009381337598553564
2024-06-03,0.025463237706498644,0.013471156995166206
2024-06-04,-0.059566080684298556,-0.009601514246843586
2024-06-05,0.09433336769601924,0.036092436636193694
2024-06-06,0.022118409282437773,0.00043130670466017494
2024-06-07,0.024069449793932805,0.02261451992231021
2024-06-10,0.024493377461168517,0.005796742699373036
2024-06-11,0.03292595922289845,-0.0036927771598868142
2024-06-12,-0.003963814567334491,-0.0021077032924978574
2024-06-13,-0.0333885781938984,0.004333881652479073
2024-06-14,0.025586733582443698,0.0046961043926475885
2024-06-18,0.019203085115134376,-0.0038131713460487562
2024-06-19,0.08304941669325974,-0.007261680755398263
2024-06-20,0.1376939014435404,-0.002366779796645036
2024-06-21,0.1084925230494189,-0.0006911730707662265
2024-06-24,-0.029098923803387716,0.0025039378653186448
2024-06-25,-0.0642642171002452,0.0031409214428611302
2024-06-26,0.036079861966815195,-0.004055243590547613
2024-06-27,-0.12941342732571967,-0.0038333092723082654
2024-06-28,0.20771781862167882,0.004070431436178974
2024-07-01,0.0305862824029079,0.012129943293346789
2024-07-02,0.007053543440367035,-0.007114524718053943
2024-07-03,0.10130954486192877,-0.0003588297052489655
2024-07-04,0.030756226876337805,0.014621514985262766
2024-07-05,-0.06853351973065806,0.007722863603223405
2024-07-08,0.09963445247762642,0.0026119737361586836
2024-07-09,0.07333966126785187,0.005620629988895131
2024-07-10,-0.06790148237235026,-0.0014174828165749841
2024-07-11,-0.014629012845210385,-0.005319455171891722
2024-07-12,-0.12222337524716212,-0.005113250368480489
2024-07-15,-0.14315632574298742,0.0003423034511657122
2024-07-16,-0.0376968545291708,0.011106280987839045
2024-07-18,-0.10895425020899,0.0001803439650920161
2024-07-19,-0.017724687208163593,-0.013227368672260636
2024-07-22,0.014799313941951584,0.0021218210920898
2024-07-23,-0.06247146903293184,0.00016874385160692382
2024-07-24,0.13605246116381134,0.0015932308296733471
2024-07-25,0.01259817832511048,0.0016737523025756713
2024-07-26,-0.10096944308570703,0.009783665359785122
2024-07-29,-0.04847345064767049,0.0004003763541393638
2024-07-30,-0.024332965901267656,0.0008907263143709447
2024-07-31,-0.0009562419928335099,0.004526241242175184
2024-08-01,0.002272209940855991,0.002310522899249306
2024-08-02,-0.07706016512918105,-0.008185108145562192
2024-08-05,-0.08861505243527658,-0.01837250238665162
2024-08-06,0.05651109575668792,0.0003692821973430862
2024-08-07,-0.07773913632133074,0.01570216446111185
2024-08-08,0.045632255050820476,-0.006688293042714465
2024-08-09,-0.07111006738436876,0.002404145938984998
2024-08-12,0.00458825676063185,-0.001343979480839003
2024-08-13,-0.10697901592481508,0.0028741299854069336
2024-08-14,-0.04491180567413247,-0.005097419406212989
2024-08-16,0.04150184442292447,0.021512168946003603
2024-08-19,0.0891944671643315,0.005236729339268619
2024-08-20,1.0566719196300116,0.00741798849430454
2024-08-21,0.8907901080612614,-0.0011544135135935268
2024-08-22,-0.12339444128060016,0.006665099405393495
2024-08-23,0.6292099924351502,-0.007473125338835754
2024-08-26,0.13001469749791178,0.0049439286273597885
2024-08-27,0.6978937780538863,0.007676274428718474
2024-08-28,-0.7004000923050067,0.002563372921869057
2024-08-29,-0.3165887583683746,0.0003351187395893338
2024-08-30,0.6658634846616343,0.00875281187589844
2024-09-02,-0.12622559309043366,-0.0009951923841088344
2024-09-03,0.24969540630937015,0.0010678618969476583
2024-09-04,1.1558485074857034,0.005752493282687109
2024-09-05,-0.024106367688909683,-0.004005634020638133
2024-09-06,-0.5053320896379916,-0.0005860516703106414
2024-09-09,-0.8361154496502243,0.00016079934327288678
2024-09-10,-1.0957024374350328,0.003296239586810158
2024-09-11,0.8460716681937278,0.0005461944482123607
2024-09-12,-1.2478828550518202,0.007914793681025921
2024-09-13,-0.815004655189375,-0.0034346795856507453
2024-09-16,0.2624145012573121,0.002780584330341263
2024-09-17,0.08302779501651704,-0.001119656309319085
2024-09-18,0.11050799018276139,-0.0036220838883902397
2024-09-19,-0.0668664790314287,0.009084592859542096
2024-09-20,-0.09281085628053203,-0.009194474010129308
2024-09-23,-0.052063732199147,0.0032235809417445025
2024-09-24,-0.14093755490748128,0.003287659230907884
2024-09-25,-0.028644188744272946,-0.0017356505376322493
2024-09-26,0.04678375364664333,-0.0011017161803286424
2024-09-27,0.12506929268293776,0.007129365922249432
2024-09-30,0.1440770205329696,-0.0019983847754537097
2024-10-01,-0.011488667708684423,0.00358588422606882
2024-10-03,0.09416188001258291,-0.02459026072905193
2024-10-04,-0.14724485979108795,-0.01270324460595988
2024-10-07,0.22276021784425773,-0.006910233305714572
2024-10-08,0.06040960245953517,0.011550870344460909
2024-10-09,-0.06890857299302187,0.0016880050565302757
2024-10-10,-0.11917988317429394,-0.0023200371651186723
2024-10-11,-0.006408742856768356,0.014206477211393898
2024-10-14,-0.02788452538418327,0.006567760653102095
2024-10-15,0.05854627333017658,0.0031885083617939794
2024-10-16,0.16383785799571277,-0.005472712476499946
2024-10-17,0.0026581101677286,-0.007585739365283316
2024-10-18,-0.006899859842424212,-0.008356501594519047
2024-10-21,-0.02041537303544608,-0.01405946756869111
2024-10-22,-0.01275623669697544,-0.00835761068356248
2024-10-23,0.0026036406381893043,-0.006978446490025698
2024-10-24,-0.017078199861096842,-0.004958031078634755
2024-10-25,0.006273794483353195,-0.008858477651171615
2024-10-28,-0.013205848664108276,-0.00892212319791937
2024-10-29,0.004477777810018525,0.0017436498198815649
2024-10-30,-0.0014960178855819252,0.008805116102618296
2024-10-31,0.008778099396293475,0.004533354217906026
2024-11-01,-0.0036789912871817458,0.0028908072902607044
2024-11-04,0.002718711808505018,0.000219651955151789
2024-11-05,0.00819685541077455,-0.0017063771446324243
2024-11-06,-0.000192893682708218,0.010425867592799443
2024-11-07,0.004092072478501901,-0.008125600430589502
2024-11-08,-0.0203462561232421,-0.013196929040501702
2024-11-11,-0.01028111707179716,-0.010726377286451837
2024-11-12,-0.014017995003360642,-0.011385530516293596
2024-11-13,-0.0027789874268369977,-0.013914601216424159
2024-11-14,-0.001418475113684737,0.0037299229050419174
2024-11-18,0.09153846307741673,-0.007768860175315413
2024-11-19,0.4258314613289722,-0.001118062190891694
2024-11-21,0.18987054478429605,0.0034885860057560325
2024-11-22,-0.4083549511822134,0.013315092280009794
2024-11-25,0.7146017142617783,0.0053557379910586685
2024-11-26,-0.09392681983666445,0.008266636148683311
2024-11-27,0.3958839548727471,-0.005178269698905647
2024-11-28,-0.21080099352558174,-0.009851627777761735
2024-11-29,-0.1642909725694665,0.011065899580190476
2024-12-02,-0.6303455850995742,-0.0008365599911853494
2024-12-03,0.3657862701283207,0.007169766751527939
2024-12-04,0.7823336936620984,0.008237401000757488
2024-12-05,0.03174715803883093,0.0006870761660260951
2024-12-06,0.1312085195478065,-0.007738783987587682
2024-12-09,-0.18309410907253948,-0.002310280463727045
2024-12-10,-0.028905419347632234,0.004843677522815472
2024-12-11,-0.2323587010150806,0.00655747136283457
2024-12-12,0.008287200527818376,-0.004001244769944309
2024-12-13,-0.43186246093790465,0.003300150034603127
2024-12-16,0.0007647080374788666,-0.00362493590501641
2024-12-17,-0.014799059354826411,-0.009538478439365545
2024-12-18,0.0811922036788409,0.005788837417143852
2024-12-19,0.05904914523983992,0.000555312301229531
2024-12-20,0.01682462274311338,-0.008338037273960004
2024-12-23,0.0036709255209660795,-0.0038270441925106567
2024-12-24,-0.02217318270173692,-0.0013795634067437711
2024-12-26,-0.038505350671638246,-9.95514738769501e-05
2024-12-27,0.0004368978756990713,0.003988880467657028
2024-12-30,0.08967275381826309,0.0108315910706146
2024-12-31,0.08987792110669988,0.008331699126890009
2025-01-01,0.07821526587379642,-0.0023991890820809813
2025-01-02,-0.034291281617831355,0.007053446774809622
2025-01-03,-0.004753566744959575,0.007800931042430421
2025-01-06,0.0007239565859697016,-0.006313490756527763
2025-01-07,-0.023292125906561247,-0.00012199124463108704
2025-01-08,-0.030931370858020706,-0.010840223862247776
2025-01-09,-0.0067251209023990585,0.004634785220851592
2025-01-10,0.018696348832281724,-0.002306209489356846
2025-01-13,-0.03537440105583334,-0.017887813042592942
2025-01-14,-0.0010838666154452533,-0.004621795650388239
2025-01-15,0.027003278606411447,0.0034964415211422746
2025-01-16,-0.06245694054966043,0.006605228005505361
2025-01-17,-1.2838133799671148,-0.006894201741007823
2025-01-20,0.5765786558160512,0.00016771486014657404
2025-01-21,-1.8488515168977437,-0.006350886253713095
2025-01-22,1.1260524328895503,0.010182028084933745
2025-01-23,3.722231304797743,0.002131550164888516
2025-01-24,-0.8554026053581426,-0.011186113906022402
2025-01-27,-0.8881671512206796,-0.017983658959464546
2025-01-28,-1.275136309557237,-0.00678720429223923
2025-01-29,-1.93766970508388,0.006174093835539139
2025-01-30,1.7199469874279458,0.009502553400895232
2025-01-31,2.737172093625043,0.003966202426225803
2025-02-01,-4.4986317411699055,-0.0025075760786070875
2025-02-03,-2.9024204638580104,-0.008734269411053671
2025-02-04,3.204340186665737,-0.0009837923812780214
2025-02-05,1.4775582703334265,-0.0005122094300323766
2025-02-06,0.33993775992957387,-0.006294928323245632
2025-02-07,-2.7397675819909324,0.005610645677862833
2025-02-10,1.170669656020027,-0.010416106699488451
2025-02-11,-1.4813399800930334,-0.007041792809132191
2025-02-12,-0.3653758835364916,-0.013051669090629107
2025-02-13,-2.208065775268703,-0.002573827839439392
2025-02-14,0.16702330905641924,-0.0012600072528772275
2025-02-17,0.1632701752761341,0.002600066449457414
2025-02-18,0.027175993921894927,0.00169174348831949
2025-02-19,0.049105578325640296,-0.018674030191625196
2025-02-20,-0.06248440828988941,0.014630511985340747
2025-02-21,0.054373906247399025,-0.0033098582318156237
2025-02-24,-0.12414220931918285,-0.003515492545624522
2025-02-25,-0.04639979341608548,0.0019372181381972704
2025-02-27,0.16529336517418075,-0.0028563299712302745
2025-02-28,0.15997387522760065,-0.02036338798644658
2025-03-03,0.04502584228402862,0.0013111905901745794
2025-03-04,0.03965154276919802,-0.0026786700557524974
2025-03-05,-0.10992378225953008,0.004440629711815282
2025-03-06,0.014114682573433436,0.017545043351460437
2025-03-07,-0.04259781398138355,0.0021569836170273965
2025-03-10,0.12235730380173497,0.004625190649240082
2025-03-11,0.2740910041843315,-0.004968241518629321
2025-03-12,-0.17353747252259705,-0.0006138867827347892
2025-03-13,0.002984035645005335,-0.003963644924725668
2025-03-17,0.06804134193372492,0.011946014152784198
2025-03-18,0.007608192931638979,0.0041676135889924725
2025-03-19,0.06357033771126615,0.010572932691458087
2025-03-20,0.04008353011603279,0.00948973613469468
2025-03-21,-0.007611535269929784,0.008779342341218854
2025-03-24,-0.025690430229304673,0.005411199746548964
2025-03-25,-0.019721664617809723,0.008146323215603503
2025-03-26,0.03199678765892374,-0.00883315639517247
2025-03-27,0.05813756309570087,0.006030133932878812
2025-03-28,-0.005873546456491717,0.007469488406564641
2025-04-01,-0.33149043902094333,-0.016166912992469893
2025-04-02,0.0002613462149798091,0.0023042240464870548
2025-04-03,0.10133257234057887,0.0023691214554818984
2025-04-04,-0.05952127504096959,-0.008903873609830157
2025-04-07,-0.05684404865059754,-0.014448207028159793
2025-04-08,0.05654384651531877,0.018189514090338154
2025-04-09,0.0814548325004932,-0.006605787457363155
2025-04-11,0.11750044779005792,0.0107621682385485
2025-04-15,0.08256590682998217,0.02056204192397766
2025-04-16,-0.06425387040177362,0.0006358666353371887
2025-04-17,0.0855508730763525,0.008408993289616475
2025-04-21,-0.03722782914961295,0.00449492912393514
2025-04-22,-0.016406332722767814,0.0029056227183357655
2025-04-23,0.0356734959717655,-0.00014528364110571491
2025-04-24,0.027681939602681727,0.012990846364983225
2025-04-25,0.26402836649020817,-0.003938876359283634
2025-04-28,0.31960140094523665,0.008455701359656771
2025-04-29,0.2364309604549846,0.0018142239327812422
2025-04-30,-0.25882334527237644,-0.0029499932998361855
2025-05-02,-0.12151492015616089,-0.004041428101518975
2025-05-05,0.2421664128833055,-0.0024411626013768747
2025-05-06,0.21161733644159175,0.001387734863587068
2025-05-07,-0.07521109093861764,0.0055224010504518585
2025-05-08,0.13351852075532702,0.0030682835098825006
2025-05-09,0.13504938562246865,-0.0011129955768626083
2025-05-12,-0.25656084558348213,0.005901763058675187
2025-05-13,0.11764375412393899,-0.002572199386326327
2025-05-14,0.18345172228783835,0.0007349085096120601
2025-05-15,0.17515002389973255,0.012812318344081924
2025-05-16,0.007607626363023414,-0.00902813474097386
2025-05-19,-0.21551641760637777,-0.004390515739184907
2025-05-20,0.08791203109299271,-0.015168851701099134
2025-05-21,-0.08496372918203637,0.0035908594892973744
2025-05-22,0.1785812501804586,-0.00584283184474239
2025-05-23,-0.5290716636011441,-0.015415558821757788
2025-05-26,0.32221397966525445,0.0063136396853589885
2025-05-27,-0.10177488962035654,-0.0011603299390518889
2025-05-28,-1.0941803725252288,-0.005633070591867722
2025-05-29,-0.3073474045628082,-0.0015610306215918237
2025-05-30,-0.6606786713951853,0.020460748048080294
2025-06-02,-0.5905582804281222,0.003744919570236904
2025-06-03,-0.1979802901021444,-0.004146539860500903
2025-06-04,0.11942902737132524,-0.00019691668794008933
2025-06-05,-0.2608653159218688,0.0011259408268075037
2025-06-06,-1.2044891437187708,-0.008344588559399502
2025-06-09,-0.30771294909544866,0.0036141292847215838
2025-06-10,-0.16458933084678623,-0.0021848272756903172
2025-06-11,0.6378839907944894,-0.0001698951423886551
2025-06-12,0.1572959346572112,-0.004512390120289686
2025-06-13,0.15311659354094456,-0.00336478111278993
2025-06-16,-0.17848719352253084,0.004085296350748952
2025-06-17,0.4583671411238569,0.011335333328648799
2025-06-18,-0.04188492921259089,-0.005922884603390396
2025-06-19,0.25458319832033205,0.0031555161078595864
2025-06-20,-0.8259599163448399,-0.004153352375775717
2025-06-23,0.29265930744068225,-0.005264552964422143
2025-06-24,-0.11325744917257441,0.011381452635811775
2025-06-25,-0.014712059302480542,0.008587692429933819
2025-06-26,-0.05778969319027618,0.013602451044742944
2025-06-27,-0.033566428063077386,0.02123913553585508
2025-06-30,-0.1218174159142234,0.005931309284228303
2025-07-01,-0.017051826603042514,0.0008332740280854447
2025-07-02,0.030685609288277262,0.009293187204085058
2025-07-03,0.10992934515644132,0.0051288435179188034
2025-07-04,0.06122709444888164,-0.0037385490037524253
2025-07-07,-0.008660620187789425,0.003654448749120444
2025-07-08,0.03618539380017542,0.004557102588748313
2025-07-09,-0.10691875706841478,0.005393546346210336
2025-07-10,-0.09129356471800391,-0.009454034557352721
2025-07-11,0.08643510838985351,-0.0036624675433178417
2025-07-14,-0.04500091405417942,0.0022186434012103047
2025-07-15,-0.11173957453690342,0.0013588658045506667
2025-07-16,-0.08931936791770713,-0.0029235941103752275
2025-07-17,0.026325333543078637,-0.005999666709765319
2025-07-18,-0.20509687468655985,-0.009238045748030473
2025-07-21,0.03662358178646978,-0.0030052766396448626
2025-07-22,0.05236864391111768,0.0010338696990891778
2025-07-23,0.040442369860560344,0.0030841849955913466
2025-07-24,-0.013154855591133538,-0.004483085748189055
2025-07-25,-0.004327756925213213,-0.010052258626297954
2025-07-28,0.01371428435138235,-0.011283831777797312
2025-07-29,-0.011483991318533256,-0.0009401678562253312
2025-07-30,0.04328724547546233,0.005632821033153358
2025-07-31,-0.013601650427754835,0.00456093457303987
2025-08-01,-0.003248109056560043,-0.0018599184205667293
2025-08-04,0.06367627549264886,0.008805879918093363
2025-08-05,-0.04029010047022054,0.005148615878895312
2025-08-06,-0.007769430145970331,-0.007747266913125132
2025-08-07,0.012631489572763428,-0.0022611110425659812
2025-08-08,-0.03359604718255702,-0.0020234911113801097
2025-08-11,-0.018094561351528517,0.010939955858254417
2025-08-12,-0.033540157420944516,-0.005868231788781452
2025-08-13,0.018670216464705472,-0.0006667022257707796
2025-08-14,0.030327636999423847,0.01090580937475533
2025-08-18,-0.01472191710345746,0.008201054681696934
2025-08-19,-0.04374396547514599,0.007937696714546309
2025-08-20,-0.025345902730160776,0.004525213207825023
2025-08-21,0.056031630011132635,0.0006750008995107563
2025-08-22,0.04403641596887377,-0.011969963135553943
2025-08-25,-0.1433087691346567,-0.0009611588823257734
2025-08-26,0.007935439048108344,-0.01034419661434752
2025-08-28,0.09658689240756625,-0.0028712925095693924
2025-08-29,-0.0811707385689854,0.004257848953941979
2025-09-01,0.0012157038811725553,-0.0035891087956891722
2025-09-02,0.210901395888218,0.01671780226404656
2025-09-03,0.06422806452986557,-0.003313807548479368
2025-09-04,-0.09034313329104729,0.001784860574473123
2025-09-05,-0.07016840480628342,-0.016343943269464162
2025-09-08,-0.08564499736672086,-0.00834969787858937
2025-09-09,-0.005704449037541676,-0.00037411184994489674
2025-09-10,0.009373421288555176,0.0010023590415873724
2025-09-11,-0.09551750323656436,0.0010687604954469
2025-09-12,0.14416517895851336,-0.011947144106544046
2025-09-15,-0.0422598920945889,-0.005131236789993549
2025-09-16,0.04163210547165947,0.011910646371259593
2025-09-17,0.012658870695781504,0.0026816028801218894
2025-09-18,0.011341246510472844,-0.005084723321136775
2025-09-19,0.11825864162566926,-0.009776650437841003
2025-09-22,-0.0526050721020802,0.00021454716351553314
2025-09-23,0.0017832178344103044,-0.007345301820399296
2025-09-24,0.06123612169144189,-0.0025995842365766375
2025-09-25,-0.04625549389697175,-0.0038350604199011884
2025-09-26,-0.04008694173042447,-0.011535328547151847
2025-09-29,-0.05353496130246648,-0.005058639535797282
2025-09-30,-0.019007536878756483,0.004739442657470474
2025-10-01,-0.050343394897750804,0.0013378454987457644
2025-10-03,0.07640796496247904,-0.0044621982432465615
2025-10-06,0.025930891350144255,-0.0010961163946918372
2025-10-07,0.04162265156137234,0.005078271951346936
2025-10-08,0.0053176021740628555,-0.00036282061074116253
2025-10-09,-0.05796335572013695,-0.0038703851754905536
2025-10-10,0.027086884580267284,0.005552212989492335
2025-10-13,0.060272401677717635,-0.0016593707538462093
2025-10-14,0.005285417471841906,0.002270682090007573
2025-10-15,-0.01898910972400103,-0.0036898791457111555
2025-10-16,0.0012772795504243583,0.011109377728479851
2025-10-17,-0.007461163632257078,0.01089494235865442
2025-10-20,0.04754363400178197,0.007521767348051437
2025-10-21,-0.0018426626096160303,0.0020643457729210574
2025-10-23,-0.37876181861112823,-0.0013759843882155192
2025-10-24,-0.11113195519212425,-0.006953448875024629
2025-10-27,-0.14530212161194717,0.004911985147400725
2025-10-28,0.4525652976419963,0.002777949282306717
2025-10-29,-0.31413812770678645,0.008962182472013833
2025-10-30,0.23994135472038372,-0.008769743651184499
2025-10-31,-0.012499048207631664,-0.0012592213315808453
2025-11-03,0.6986623770034183,0.004546882434423009
2025-11-04,0.0763993293794013,0.001983952794231218
2025-11-06,-0.49128310843804884,0.0004330870096377718
2025-11-07,-0.032859297238437286,-0.004731812585016285
2025-11-10,-0.42274576150199183,0.006558589259834134
2025-11-11,0.7199353153928595,0.0036315239373499427
2025-11-12,-0.2802769865705669,0.0042440141372777915
2025-11-13,0.2707496265230839,0.0011970572587203562
2025-11-14,0.2562138321007111,0.003941154387375355
2025-11-17,-0.03804822408585362,-0.0010993712256892137
2025-11-18,-0.7899477685002687,-0.005081970814394815
2025-11-19,-0.05631615214213973,0.0028326473235143136
2025-11-20,0.11754985714858482,-0.003091596432594453
2025-11-21,-0.08188971541053072,-0.0077523685733290335
2025-11-24,-0.1239566304223673,-0.0027674476202511665
2025-11-25,-0.11175622710665577,-0.000874279561948667
2025-11-26,0.12649715802181655,0.00831306983926831
2025-11-27,-0.020580079776600084,0.00037439280204275136
2025-11-28,0.04903462098129765,-0.00043138852070433143
2025-12-01,0.08554726307024652,-0.004694841245845173
2025-12-02,0.17605063415952,0.0032171588208982737
2025-12-03,0.12357323935804886,0.0005519556306219805
2025-12-04,-0.09899028064737826,-0.002921450624021249
2025-12-05,-0.23130059416199258,0.007228408702467574
2025-12-08,-0.1740925644556433,-0.007734191911280558
2025-12-09,-0.1864055087961186,-0.0011528131112766799
2025-12-10,0.0812877261686442,0.001994670852868722
2025-12-11,0.10404959837680065,-0.001787100502125508
2025-12-12,0.11212424652472949,0.0052642745377171046
2025-12-15,-0.10620352031046668,0.0022748497419155297
2025-12-16,-0.2853511190061989,-0.004806442970866411
2025-12-17,-0.012029115176823743,-0.004277827722594413
2025-12-18,-0.09346179290657464,-0.004409690524476211
2025-12-19,-0.0917322877283078,0.003422924677272201
2025-12-22,0.40092575645757994,0.008336866139691364
