Date,sample_return,lw_return
2018-01-24,-0.007772743516021295,-0.007644642628337171
2018-01-25,-0.010469202710821964,-0.010589727096321794
2018-01-29,-0.0063753722267662965,-0.0065432153792540915
2018-01-30,-0.022875420502076967,-0.022668326321780206
2018-01-31,-0.011161411374930093,-0.010960142652834588
2018-02-01,0.0072183939687167084,0.006716776856581408
2018-02-02,-0.02115572645104921,-0.02183575836245516
2018-02-05,0.0031884851122906464,0.0029630401724041588
2018-02-06,-0.00837053551055377,-0.008416588469839547
2018-02-07,0.016096004069336832,0.01608007509144802
2018-02-08,0.009412875477111093,0.009119323587225604
2018-02-09,-0.00502296178341015,-0.0051583812448610985
2018-02-12,0.0043872003091713525,0.004466263555923504
2018-02-14,0.0014008678956785162,0.0011537150198576561
2018-02-15,0.0008798609361745924,0.0006283022961199622
2018-02-16,0.0015000741881605268,0.0009194553643855781
2018-02-19,-0.01593584466169543,-0.015730094306476497
2018-02-20,-0.003746889308033189,-0.003679479509054992
2018-02-21,-0.003693173753893624,-0.0035737995092539887
2018-02-22,-0.005821231141906856,-0.005667973719704392
2018-02-23,0.0018846711817045259,0.0023785836203702574
2018-02-26,0.009186593943627558,0.009482863548365545
2018-02-27,0.0018253650874466858,0.001711274339784483
2018-02-28,0.0036477184093769667,0.003574766662195609
2018-03-01,0.00337200480851606,0.003119101455566126
2018-03-05,-0.005751814327880387,-0.005843242802797807
2018-03-06,-0.0021135696012539837,-0.0023172209552175115
2018-03-07,-0.007215283588478254,-0.007433130389621177
2018-03-08,-0.0009077318139062594,-0.0007525512649694113
2018-03-09,0.008728012205179192,0.008401275330016854
2018-03-12,-0.005921505629908122,-0.005820486363978549
2018-03-13,0.00203044669109335,0.0021464964620744797
2018-03-14,0.0015824094391922916,0.0015230756233481867
2018-03-15,-0.0008734530056468258,-0.0006820115677562406
2018-03-16,-0.017280075026939595,-0.017422800635814105
2018-03-19,-0.003013891197968648,-0.0031921668894608493
2018-03-20,-0.006107684760248574,-0.00616135894662811
2018-03-21,0.005653591341552472,0.0055895062367743555
2018-03-22,-0.013885675850984928,-0.013884538163712889
2018-03-23,-0.00647308665635032,-0.006482424256682021
2018-03-26,-0.00016829955364445971,7.345841903941817e-05
2018-03-27,0.0012942984440306787,0.001476907252507671
2018-03-28,0.0044732102356797145,0.004456282438863066
2018-04-02,0.00398868178487089,0.004596009824956556
2018-04-03,-0.000690966155506892,-0.00028604416611631824
2018-04-04,-0.0029629130212911804,-0.0033240992319642677
2018-04-05,0.010692506566159856,0.010830756425316496
2018-04-06,0.0038217032964649503,0.003940774904106198
2018-04-09,0.0007547774361752794,0.0006485826202499475
2018-04-10,0.002759774473118055,0.0027616299667394028
2018-04-11,-0.0006274686858388736,-0.0006650375718905504
2018-04-12,0.0023206268899568037,0.0021321450357929895
2018-04-13,-0.0012652031443941606,-0.001104532560093377
2018-04-16,0.005905810504439356,0.005606137547833729
2018-04-17,0.003981512846009069,0.003926572100992388
2018-04-18,-0.007113939939830691,-0.006988290653008378
2018-04-19,0.010677207406957982,0.010517645215429902
2018-04-20,0.00041875002042875435,0.0003866505873633743
2018-04-23,0.011867813822158497,0.011565485394315126
2018-04-24,-1.5199913597684837e-06,-2.4168802409961748e-05
2018-04-25,0.0010266258553001438,0.0007829014519967429
2018-04-26,-0.007960406060701707,-0.007646193724823426
2018-04-27,-0.0025575855435829406,-0.0022588864934485068
2018-04-30,0.0013796826343477609,0.0016583472339087451
2018-05-02,0.006628839416542884,0.006143373866395824
2018-05-03,-0.004460546167664992,-0.00472460464227058
2018-05-04,-0.0010448461224232828,-0.0010802561616219475
2018-05-07,0.0028523137543510035,0.0026556157301594763
2018-05-08,0.003465080581921348,0.0036704499444921517
2018-05-09,-0.004759894573069742,-0.004813148058657935
2018-05-10,0.0007420879421849903,0.0003286469021406017
2018-05-11,0.007419706046852241,0.00758929711649293
2018-05-14,0.0030820424444156797,0.0025710591855370615
2018-05-15,-0.007531310293500883,-0.007295219595243883
2018-05-16,-0.009839870066042897,-0.009585072431935343
2018-05-17,-0.0013400979876251728,-0.0013234482272157552
2018-05-18,-0.009885856720955563,-0.009885845266709908
2018-05-21,-0.014149740886780284,-0.014557022280556053
2018-05-22,-0.0004425106941272276,-0.0002494019707492516
2018-05-23,0.00882249708024688,0.008510777410307733
2018-05-24,0.0006764894183942383,0.000883269760249594
2018-05-25,-0.0028668639060091413,-0.002583382582453725
2018-05-28,0.014377618278087355,0.01419671052708847
2018-05-29,-0.00027890114961119417,-0.00019229089881017523
2018-05-30,0.015356354948100117,0.014260735772299192
2018-05-31,-0.004101654563840986,-0.0040064589393167035
2018-06-01,0.0008603303526547273,-0.00014475268146301075
2018-06-04,-0.007488086926511824,-0.0077170689106959975
2018-06-05,-0.000710755379166322,-0.0010382729128242951
2018-06-06,0.002517404629457467,0.0024740837409046256
2018-06-07,0.005567098761932871,0.00567216096924402
2018-06-08,0.00434420570791725,0.004996560315237433
2018-06-11,-0.004112739685859761,-0.0036754290963075856
2018-06-12,0.005712103699192916,0.005894432587095257
2018-06-13,-8.985085570434824e-05,-0.0002450164646053787
2018-06-14,-0.004914143405599362,-0.005001249922332907
2018-06-15,-0.005534088435525955,-0.005726284865756385
2018-06-18,-0.0068463399135645295,-0.0068788907846030235
2018-06-19,-0.004061800127669646,-0.004139587831756542
2018-06-20,0.0010840934373532317,0.0012752131083333038
2018-06-21,-0.002745325607370536,-0.00294124711847458
2018-06-22,-0.0025669660596711256,-0.002542816902296345
2018-06-25,-0.0003432321956594786,-0.001024990193347919
2018-06-26,-0.0035265952216512607,-0.003278343986210366
2018-06-27,-0.003809231068650027,-0.004140382705510265
2018-06-28,-0.008397753806321736,-0.008233872844153296
2018-06-29,0.016730107754781037,0.01676168358591256
2018-07-02,-0.007930077460005066,-0.008033127183205965
2018-07-03,-0.007918562692858837,-0.007662865079586727
2018-07-04,0.005104762548281145,0.004997024740990095
2018-07-05,-0.001919687026714587,-0.0020787616620276876
2018-07-06,0.004901709464026654,0.00524336711015263
2018-07-09,0.006653831395968437,0.0068292019857359495
2018-07-10,0.0032437842192041284,0.0033729639566548145
2018-07-11,0.0050617934631458595,0.004872327984135366
2018-07-12,-0.004246911896141281,-0.004251969475187441
2018-07-13,0.0011222626421045741,0.0008007096745222121
2018-07-16,-0.015948520793464767,-0.016273432944805318
2018-07-17,0.007745840674700792,0.007901645139916619
2018-07-18,-0.002990996360685682,-0.002901931990057144
2018-07-19,-0.0028641633565526835,-0.0028553990935040762
2018-07-20,-0.0008388376498052951,-0.000848664008905647
2018-07-23,0.00721276612079586,0.0071961930514442335
2018-07-24,0.005906940351278577,0.006310347933091057
2018-07-25,0.0014822247850923898,0.0012727907445030486
2018-07-26,0.001809163381553438,0.0018757665158758252
2018-07-27,0.0038897212523127936,0.0041826516093026855
2018-07-30,0.006378316696931545,0.006329765914820526
2018-07-31,0.0061373054115035856,0.006003208319899804
2018-08-01,0.007239592441437944,0.00702224959618949
2018-08-02,-0.004367396362103723,-0.004394101131872497
2018-08-03,0.0023362705396284818,0.0027392258793417328
2018-08-06,-0.009307929209461448,-0.00917177330391033
2018-08-07,0.002022129863054165,0.0016658701132955035
2018-08-08,0.012125276808649438,0.011788804846402313
2018-08-09,0.009019368578256966,0.009151637485437576
2018-08-10,-0.0040402599473777934,-0.004040288022785771
2018-08-13,-0.006384193276252772,-0.006534965767654054
2018-08-14,0.007116478607199047,0.006914094650121784
2018-08-16,-0.008593758045289576,-0.00849571199816389
2018-08-17,0.004643694933406345,0.004779041704872473
2018-08-20,-0.011075096988116496,-0.01098153274897291
2018-08-21,0.018182983784927213,0.01798415478368846
2018-08-23,0.005829855110745709,0.005960145282073701
2018-08-24,-0.0021934562727879605,-0.0019171535298517612
2018-08-27,0.006087499563444445,0.00626717594521281
2018-08-28,0.006144262154577449,0.0058606240266466415
2018-08-29,0.004169016243080275,0.004534718775274193
2018-08-30,-0.00019573646988244172,5.56839517749998e-05
2018-08-31,0.008764184544774836,0.008792727357016585
2018-09-03,-0.004707754700977689,-0.004741625335559109
2018-09-04,-0.009519367464358995,-0.009945605028405708
2018-09-05,-0.002482478429254374,-0.002521473372869326
2018-09-06,-0.00218298234454568,-0.0018908736221658565
2018-09-07,0.005372131690438346,0.0053238639650663635
2018-09-10,-0.006284212314477469,-0.006268324015239827
2018-09-11,-0.003564730774649725,-0.0037370586483204604
2018-09-12,-0.006611384441079481,-0.0064813357238356515
2018-09-14,0.003182827041222786,0.0034609618072930256
2018-09-17,-0.00616138899593025,-0.006187215896745312
2018-09-18,-0.005441780574946037,-0.0054987151069926495
2018-09-19,0.0015278778092013704,0.001142888345927482
2018-09-21,-0.018613783613509877,-0.01895155219341204
2018-09-24,-0.00777471032025219,-0.0083573560525624
2018-09-25,-0.008552655814615734,-0.008542270260137524
2018-09-26,0.013527568845751937,0.013389277133903803
2018-09-27,-0.018946942784770777,-0.0191045983756784
2018-09-28,-0.0032946183333368395,-0.0037634807652933856
2018-10-01,-0.011735891424834307,-0.011185688206047099
2018-10-03,-0.005827425279382708,-0.005798973062383178
2018-10-04,-0.022700219048886,-0.022596432536557205
2018-10-05,-0.012721850831197357,-0.013230594584755673
2018-10-08,-0.0035337278056052097,-0.004036388822872859
2018-10-09,-0.003273725228128034,-0.0032597560019226295
2018-10-10,0.01777356366125502,0.01822848791802322
2018-10-11,-0.010236457407862783,-0.010647934338223794
2018-10-12,-0.0009324572290855227,-0.0003482677772395588
2018-10-15,-0.00730636639637405,-0.007043153310592645
2018-10-16,-1.3225245968191625e-06,0.000506195704580664
2018-10-17,-0.010045096350395702,-0.010507812506550501
2018-10-19,-0.01581555087972251,-0.01517276434261994
2018-10-22,-0.02763095082918811,-0.027202746856473788
2018-10-23,-0.010258591205208134,-0.009877376041184945
2018-10-24,-0.0005610575643598059,-0.0005092760387162146
2018-10-25,-0.004141607350663577,-0.004305722915625026
2018-10-26,0.009759419260301338,0.009735652424990224
2018-10-29,0.017110386118826655,0.0174006824764135
2018-10-30,0.026827180987945336,0.026237417246817604
2018-10-31,0.005525744069106625,0.00570417150850258
2018-11-01,0.01112521709208419,0.011116277710662717
2018-11-02,0.022001741470412024,0.021810401097132708
2018-11-05,0.0021335879349855657,0.0024159605470724208
2018-11-06,7.260522128337162e-05,0.00010009452977922516
2018-11-07,0.009627367717167986,0.009445019527208548
2018-11-09,-0.004879973436588225,-0.004439620589159221
2018-11-12,-0.00383088256579041,-0.004114264109710382
2018-11-13,0.008487541747742591,0.008381846819756419
2018-11-14,-0.002162513014846273,-0.002248518983623779
2018-11-15,0.012241718801421664,0.01239878936517436
2018-11-16,-0.0024873407034979055,-0.002482845274983623
2018-11-19,0.015764678569785195,0.01583840821868539
2018-11-20,-0.0065120716554282875,-0.006645870823525319
2018-11-21,-0.002175101122104931,-0.002055451852561227
2018-11-22,-0.008416310913631864,-0.008535754079145733
2018-11-26,0.0023138145522458224,0.0022644972841705186
2018-11-27,-0.0005137299326435157,-0.0002615245950765852
2018-11-28,0.0037818297967637422,0.00343345305555122
2018-11-29,0.00378554410904928,0.003856941726145037
2018-11-30,-0.003843451406266714,-0.0038212635198215683
2018-12-03,-0.005208898937940487,-0.005093441201731955
2018-12-04,0.009664165647863278,0.009341350149464286
2018-12-05,-0.0023986836517309864,-0.0026092110659573266
2018-12-06,-0.0056429834408428525,-0.006003214733915628
2018-12-07,-0.0016450310659416965,-0.0016741615396647863
2018-12-10,-0.020494754986129765,-0.02016983851683095
2018-12-11,0.019008708136949513,0.01924996578525401
2018-12-12,0.018421594683335714,0.018622377395207883
2018-12-13,0.005433475618208723,0.0053970714134083855
2018-12-14,-0.0016285101807122263,-0.0016377699558333372
2018-12-17,0.009894022869881072,0.009778253232272964
2018-12-18,-0.002976486546470024,-0.0028843510759021746
2018-12-19,0.019389330649397945,0.019179877653020764
2018-12-20,-0.0011145457299359992,-0.0011771876172110448
2018-12-21,-0.008922754475118564,-0.008729955036080482
2018-12-24,-0.014659590389336754,-0.014772505875627808
2018-12-26,0.0018123548788062421,0.0016945279340433213
2018-12-27,-0.0018056551998441469,-0.001750767955047336
2018-12-28,0.0033749314233703165,0.0036528309808539303
2018-12-31,0.00880891992511641,0.008762788324249813
2019-01-01,0.0005743069129600381,0.0007418000413577713
2019-01-02,0.008895344856346965,0.008661678310387966
2019-01-03,-0.0049297803640921895,-0.005149520141213033
2019-01-04,-0.0017357187621426403,-0.0016113532745796477
2019-01-07,-0.004505181961253899,-0.004642918680306736
2019-01-08,0.001406947463131059,0.001564467509735142
2019-01-09,0.0021702569757665264,0.002108665925752559
2019-01-10,0.01006402304821389,0.009989195428790412
2019-01-11,-0.0025380057763741415,-0.0025358107577605304
2019-01-14,-0.0071804515976316725,-0.007139050323390715
2019-01-15,0.006344646890867014,0.006270768031556243
2019-01-16,-0.0009280315103247022,-0.000866276364276664
2019-01-17,0.003027264619716104,0.0028579643726237784
2019-01-18,0.0026349333602307882,0.0024534548169681935
2019-01-21,-0.004351679260277109,-0.004328095092062826
2019-01-22,0.0024831143460960674,0.002221757650071283
2019-01-23,-0.009813942954069425,-0.009791726160088299
2019-01-24,0.0003997154157058811,0.00029189238459175794
2019-01-25,-0.010933688864814252,-0.011133935892586308
2019-01-28,-0.0164339960040634,-0.016673646722333086
2019-01-29,0.005972223193005556,0.00577433265194311
2019-01-30,0.010196821746692805,0.010366859124666917
2019-01-31,0.001345620965926709,0.0014047090485499276
2019-02-01,0.011937766073243877,0.011491425591321717
2019-02-04,-0.011538682888190299,-0.011650404508682034
2019-02-05,0.0024694398750827523,0.0019924473100198566
2019-02-06,-0.0013869920067137251,-0.0013885528109541974
2019-02-07,3.1735992978659984e-05,0.00027622781476978244
2019-02-08,-0.010206101928610233,-0.010290074763149222
2019-02-11,-0.020155405828414758,-0.019792232238076572
2019-02-12,0.010479271042237014,0.009763717885089009
2019-02-14,0.007852071293412238,0.00757911741232435
2019-02-15,-0.01271138394579054,-0.012757657159345013
2019-02-18,-0.018460761274237576,-0.01801248035420227
2019-02-19,0.01126460391449757,0.011403411015199422
2019-02-20,0.0010655593697809678,0.0014547980974239537
2019-02-21,0.013063481141209927,0.01363898027488444
2019-02-22,-0.0012138973762660869,-0.0009648493322347451
2019-02-25,0.006511113050280404,0.006762662979921844
2019-02-26,-0.0032191034986452753,-0.0027876815752900523
2019-02-27,0.0050102378951436405,0.004784907622930494
2019-02-28,-0.003616631995236062,-0.003194119123468921
2019-03-01,0.0013340628561113307,0.0017389733323702615
2019-03-05,0.01489301997566438,0.015183675106511746
2019-03-06,0.0052768818809986965,0.004949113704163187
2019-03-07,-0.0022880652456483005,-0.002272651904984504
2019-03-08,-0.013221082043147278,-0.012680170308687915
2019-03-11,0.009501110636993722,0.009729463692713705
2019-03-12,0.017601154428321424,0.0176365542951911
2019-03-13,0.00295499624823952,0.0028010891880027957
2019-03-14,-0.011889594414205003,-0.011832124239960192
2019-03-15,-0.005755809137966687,-0.005614108284969652
2019-03-18,0.007499663501494142,0.007323683347292742
2019-03-19,-0.0025912820085484036,-0.0025371919897500773
2019-03-20,-0.004794829647452205,-0.00492528778043152
2019-03-22,0.005286843073068746,0.004939012557874715
2019-03-25,-0.007101695611844363,-0.007310422088896285
2019-03-26,0.0008426695182680897,0.0009687748047532856
2019-03-27,0.005453526064829796,0.00539620353878762
2019-03-28,-0.0025588957276457456,-0.0020449147202646354
2019-04-01,0.02747104786336072,0.027670820424677032
2019-04-02,-0.0020506010200831227,-0.0018854597903797106
2019-04-03,-0.0055370329380173226,-0.00565119057802018
2019-04-04,0.006589414808373162,0.00651726699085104
2019-04-05,0.003857330587170887,0.0038556926484914346
2019-04-08,-0.0037662326566468536,-0.004049728607146353
2019-04-09,-0.0025190043296347336,-0.002261041469538644
2019-04-10,0.005050235559590433,0.004697478992666506
2019-04-11,-0.0009927419057084818,-0.0012371750765283614
2019-04-12,0.004325831263082983,0.004300358086213031
2019-04-15,0.0011437224944723487,0.000992536837740741
2019-04-16,0.012110986593831426,0.011622766318271823
2019-04-18,-0.014570098185507295,-0.013978626307672461
2019-04-22,-0.011395789833610153,-0.01155652725862279
2019-04-23,0.008534093124647573,0.00851780709097981
2019-04-24,0.005036108151349714,0.005270525767048164
2019-04-25,-0.004566081985543157,-0.004406869359803896
2019-04-26,0.0029698607893363467,0.002931748889720929
2019-04-30,0.004185151629682729,0.003956471099869337
2019-05-02,-0.0005138712303029971,-0.000481133060719798
2019-05-03,-0.005335969447949577,-0.005458167395146712
2019-05-06,-0.010432330448189366,-0.010436285728493505
2019-05-07,0.0018082779583082525,0.0014626474575089154
2019-05-08,-0.0065751597757260525,-0.006506755146492681
2019-05-09,-0.0003479409554932825,-0.0004175002163824607
2019-05-10,0.0009958944336016897,0.0009320977242513637
2019-05-13,-0.00823264045680991,-0.00858221027743764
2019-05-14,-0.003622157737955313,-0.0032718020312444843
2019-05-15,0.0012877418340359553,0.0011547322824957639
2019-05-16,-0.00905129642698143,-0.008594581311686405
2019-05-17,0.001771358380385998,0.001252601082428946
2019-05-20,0.023888793390951214,0.024595421605659976
2019-05-21,-0.0015917588897953407,-0.002263984289457494
2019-05-22,-0.00553380730700272,-0.0053742173552006455
2019-05-23,0.010044626440024176,0.009736642349415493
2019-05-24,0.0047085348284091845,0.005204117442514972
2019-05-27,0.012662842968623704,0.01259074408736454
2019-05-28,-0.0016469348361162117,-0.0014223412502538289
2019-05-29,0.007720729467330066,0.007244565944597741
2019-05-30,-0.008175186788391898,-0.008035267855354121
2019-05-31,-0.0014100196084517913,-0.001446195700314225
2019-06-03,0.004708665960425168,0.004497071511378438
2019-06-04,0.005264198242574665,0.00498809941502383
2019-06-06,-0.0009892796381981888,-0.0013858741114129334
2019-06-07,-0.005547439004565853,-0.005736550289793796
2019-06-10,0.006375328208479513,0.0062056136308146145
2019-06-11,-0.002202866596636456,-0.001899961494941998
2019-06-12,4.7816935902934406e-05,-1.4069415471905418e-06
2019-06-13,-0.00870947704611777,-0.008400926050780577
2019-06-14,-0.0013551069552106881,-0.0013864650221607447
2019-06-17,-0.004164930190170745,-0.0044429622758177635
2019-06-18,-0.006492596014555079,-0.006538485746790153
2019-06-19,-0.002292748900398913,-0.0026173603926967033
2019-06-20,0.0020349304808833114,0.002141380886369745
2019-06-21,-0.015111118210454584,-0.015095143658507414
2019-06-24,-0.012382114012898857,-0.01236256470164695
2019-06-25,0.009690301646188814,0.009671703164161988
2019-06-26,0.013714686938216009,0.013640459031134686
2019-06-27,0.0023533424486396433,0.0021068637720287877
2019-06-28,0.006857652196611968,0.006640495492087824
2019-07-01,-0.0008505245327179772,-0.0007162171808606151
2019-07-02,0.006600366818914778,0.00697715203838452
2019-07-03,-0.00903089687083355,-0.008553978919199146
2019-07-04,0.003517685503701509,0.0035092828346561158
2019-07-05,-0.00934222157504416,-0.00974531118453911
2019-07-08,-0.010571802540970324,-0.011039082869786582
2019-07-09,-0.005896905498504308,-0.005760880491523276
2019-07-10,-8.588740741020408e-05,-0.000586112048672713
2019-07-11,0.007478106072180012,0.007714104891361324
2019-07-12,0.0018853039257848302,0.001997014478266622
2019-07-15,-0.009118980654829651,-0.00886894583978404
2019-07-16,0.005083451288309466,0.005014796698364249
2019-07-17,5.152077768299222e-05,0.0004883036895540373
2019-07-18,-0.010001577009215543,-0.010178235081077961
2019-07-19,-0.011975047506492234,-0.011613010823006897
2019-07-22,0.004013355372620799,0.0035843540847797827
2019-07-23,-0.003856680633879818,-0.003889337453447064
2019-07-24,-0.014128768959518239,-0.014547873841275271
2019-07-25,-0.006142659037236323,-0.006061400768005139
2019-07-26,-0.0013705392103256313,-0.00125240966838433
2019-07-29,-0.0075070874612326415,-0.007642948734739229
2019-07-30,-0.009944532813026572,-0.009857036016828073
2019-07-31,0.014737229072482944,0.015067814601716942
2019-08-01,-0.014652196607970555,-0.014409917790269532
2019-08-02,-0.007848388660203853,-0.0077417436751985496
2019-08-05,-0.02175120576882761,-0.02145808357190991
2019-08-06,0.005101009391382726,0.005462510500356605
2019-08-07,0.0052645740622385,0.005397502972617641
2019-08-08,0.002416157744993843,0.0025177031808620897
2019-08-09,-0.003549059712956191,-0.003237693430327213
2019-08-13,-0.0037343935347665842,-0.004251895394522535
2019-08-14,0.018490330923864515,0.017963836548317257
2019-08-16,0.0006005982302842608,0.000578133070532204
2019-08-19,0.006078826096982219,0.006052486367205368
2019-08-20,0.009762713524678003,0.00924629695320016
2019-08-21,-0.0021069137343014636,-0.0024780754478116824
2019-08-22,-0.009866176138068134,-0.010342777028274696
2019-08-23,-0.001181394715726492,-0.001136852536394251
2019-08-26,0.014503760720278624,0.014435238768040976
2019-08-27,0.011547384173863778,0.011787749270515218
2019-08-28,-0.007596783757604088,-0.007835138528209258
2019-08-29,-0.0069241768393051495,-0.006869228703331675
2019-08-30,0.009994932395358775,0.010154273089557384
2019-09-03,-0.01338300632172688,-0.013379335871896776
2019-09-04,0.002495776220436739,0.002626852435187962
2019-09-05,0.0019980156228523935,0.002149534635242108
2019-09-06,0.0038690890684770374,0.003783643206081716
2019-09-09,0.0029082037525234436,0.003013768561005878
2019-09-11,-0.005789493267558789,-0.005375390155862508
2019-09-12,-0.0017561662204952136,-0.001464346103323335
2019-09-13,0.004092253301085241,0.004266173013671383
2019-09-16,0.0014364378540412202,0.0017364202034134176
2019-09-17,-0.006755792167595103,-0.007008256364150889
2019-09-18,0.004143502807313593,0.003947784205626483
2019-09-19,0.0022678822014076507,0.0016789153119559194
2019-09-20,0.03017630720716749,0.030920520259562358
2019-09-23,0.03240216154406529,0.032482444797568864
2019-09-24,-0.004980629759089019,-0.0051812455826000334
2019-09-25,-0.0026998012898927504,-0.0030388081174267606
2019-09-26,0.015152242261564683,0.014811934430804408
2019-09-27,-0.010236505617669705,-0.010202254402494396
2019-09-30,0.005279455232983147,0.004810930764107012
2019-10-01,-0.007955348814878088,-0.008076290452839651
2019-10-03,-0.010974589247205188,-0.010834534895626965
2019-10-04,-0.0018021455008210806,-0.0020238065676849233
2019-10-07,-0.0194428442012436,-0.01910690022709307
2019-10-09,-0.003403964575020575,-0.0027707225503252764
2019-10-10,0.006580609904464368,0.006033006046615586
2019-10-11,0.03509642692963465,0.03156336339622596
2019-10-14,0.0017015261510353766,0.0015386653131563236
2019-10-15,0.00825523449568289,0.008007502603872342
2019-10-16,-0.0018727260662032474,-0.001339695480275396
2019-10-17,0.002124017411035137,0.0023271899873239495
2019-10-18,0.011324971073690264,0.011450562981663142
2019-10-22,-0.0031839227769315135,-0.0029806348753503914
2019-10-23,-0.004338626017412849,-0.00410531483540396
2019-10-24,-0.024644622315541674,-0.02351933663489096
2019-10-25,0.003692106157405827,0.002753028782494185
2019-10-27,0.0060514167926244864,0.0061488088043014704
2019-10-29,-5.1218107641936065e-05,8.275968136477359e-05
2019-10-30,0.0018859929466016991,0.0021418154234332217
2019-10-31,0.01605973954297367,0.015597576045821963
2019-11-01,0.005894598243329426,0.005943095151770501
2019-11-04,0.002556570442282215,0.002775735634143334
2019-11-05,-0.0130551812358136,-0.013065148887623609
2019-11-06,-0.005788643569852562,-0.0057566306116128944
2019-11-07,0.006609259535831321,0.006828749669138144
2019-11-08,-0.010974937139275623,-0.01069377485938708
2019-11-11,-0.0008802142861665213,-0.0007306980545302737
2019-11-13,-0.008532089734238316,-0.008453639139418632
2019-11-14,7.316474360075239e-05,-0.0006668104982651422
2019-11-15,0.010946157905898476,0.010281772138479093
2019-11-18,0.005042640458866073,0.0048469942742573055
2019-11-19,0.006681636177990649,0.006925628665784174
2019-11-20,0.006814171574393539,0.00731140765503417
2019-11-21,0.0047765238055417335,0.004479031800068468
2019-11-22,-0.0017577134872304831,-0.0017705206249461589
2019-11-25,0.0027448652614663976,0.003015537047814874
2019-11-26,-0.0031160821121645303,-0.0032069234717233015
2019-11-27,0.005188832840867233,0.004992472446367591
2019-11-28,0.004431987398261493,0.004294456243779493
2019-11-29,0.00799226712497487,0.007770529145885311
2019-12-02,-0.00033836028273939375,-0.0007861683748809573
2019-12-03,-0.0029323538389789613,-0.0033318080183329206
2019-12-04,0.005886154774203956,0.005785695233175181
2019-12-05,0.0015524208990476557,0.0014940264197433838
2019-12-06,-0.0053944723513153,-0.005871858281188977
2019-12-09,-0.0012118680246526814,-0.0013555627332854326
2019-12-10,-0.00470401938116673,-0.005382489268322072
2019-12-11,-0.002089621766489242,-0.002351837432943256
2019-12-12,0.0014706587721092504,0.0017016895780254332
2019-12-13,0.004259935651622693,0.004943629878020199
2019-12-16,-0.0011938062260751256,-0.0018266532873189257
2019-12-17,0.018174266886311737,0.017348299553365993
2019-12-18,-0.0007616092727801274,-0.0009456538326699376
2019-12-19,-0.002611540222378585,-0.0026333561950470864
2019-12-20,0.00993618232393998,0.00975322159399552
2019-12-23,0.015872309820852873,0.014197499784136184
2019-12-24,-0.01298232244466187,-0.011925367628743081
2019-12-26,0.004180198250028774,0.004274828846879633
2019-12-27,-0.0001580515683744367,0.00016124782769182003
2019-12-30,0.01004992759359824,0.009788798113677177
2019-12-31,0.011190680440440352,0.01023692081196604
2020-01-01,-0.0041456336864692305,-0.0038919476581986876
2020-01-02,-4.8597411780890143e-05,0.0006426699824186612
2020-01-03,-0.005055728027629292,-0.004699404695527244
2020-01-06,-0.017586365288077027,-0.01747748624656131
2020-01-07,0.003059015915001782,0.0032564915001479654
2020-01-08,-0.000471487437010203,-0.0002347039719932428
2020-01-09,0.004357997506637722,0.00478784046885693
2020-01-10,0.009672779446178847,0.009803565829259675
2020-01-13,0.002693607105910616,0.0026820179668341944
2020-01-14,0.0016977372006472854,0.002073204483251094
2020-01-15,0.0010817328238041254,0.0013983862572127677
2020-01-16,0.00734043235639557,0.007042219216299785
2020-01-17,0.00597621446179082,0.006279942083504425
2020-01-20,-0.002283160573215174,-0.0025188598753397282
2020-01-21,-0.007188809840628448,-0.0070898929326001486
2020-01-22,-0.005506806954601442,-0.005292305761858079
2020-01-23,0.0012235717732793547,0.001451700701961375
2020-01-24,0.007124099821579319,0.007392010590243265
2020-01-27,-0.0029489238886858038,-0.0031238956570352715
2020-01-28,0.002115455591714996,0.0014590580742673213
2020-01-29,0.0035385095202015333,0.0033847964116637077
2020-01-30,-0.005639503128489839,-0.006429421478940589
2020-01-31,-0.002412960295916948,-0.0030385495970102518
2020-02-03,-0.0056364352327389535,-0.006577978435087467
2020-02-04,0.01117976827167062,0.011480882523232906
2020-02-05,0.012881250076832119,0.01300412342037666
2020-02-06,-0.0016498386431175345,-0.0010066669017392963
2020-02-07,0.004116583930593248,0.004030353906866245
2020-02-10,-0.010380624626706997,-0.010376147445234803
2020-02-11,0.009424196340605618,0.009357351033379487
2020-02-12,-0.0011047551802498411,-0.001032828344819153
2020-02-13,-0.024571620217329025,-0.024532322863812142
2020-02-14,-0.007139851887357251,-0.007242735143112946
2020-02-17,-0.0036940238797416184,-0.0038304132915363146
2020-02-18,-0.0028028501641744487,-0.003364579826439952
2020-02-19,0.017577012393691322,0.01757275945145706
2020-02-20,0.011761352447694915,0.011088151616102335
2020-02-24,-0.016603157293950965,-0.017481443153821653
2020-02-25,-0.008420552962561242,-0.00826334579772917
2020-02-26,-0.011592390892469289,-0.011286063775404904
2020-02-27,-0.004006591713589001,-0.004337416631922978
2020-02-28,-0.014433485937290299,-0.015377455663820063
2020-03-02,-0.009998875652469506,-0.009832472280896452
2020-03-03,0.005875495113780924,0.00635858350886842
2020-03-04,-0.012981830743726578,-0.013184449779587118
2020-03-05,0.0016935102087094558,0.0011711334883501526
2020-03-06,-0.012900240969667949,-0.01384964480625617
2020-03-09,-0.03429768430129584,-0.03509435257216649
2020-03-11,-0.016209081107583827,-0.015602902115804637
2020-03-12,-0.04995106424801499,-0.05199264084635779
2020-03-13,0.02255272953932658,0.023380307077669228
2020-03-16,-0.06141304875605473,-0.06137762851004585
2020-03-17,-0.011629741296772295,-0.012002818642918345
2020-03-18,-0.05304372475527572,-0.05410594054309027
2020-03-19,-0.05345524370046306,-0.052018458700084425
2020-03-20,0.03953567871628667,0.039509031301490735
2020-03-23,-0.10120841086994548,-0.10150918112894769
2020-03-24,0.007174267124080941,0.006592212217508902
2020-03-25,0.036088080222357884,0.03576517391544421
2020-03-26,0.04560830043221964,0.04396586407277082
2020-03-27,-0.017670379710977603,-0.016529096310544656
2020-03-30,-0.02386956736621551,-0.023541385865384002
2020-03-31,0.025896247713156923,0.026787699572880422
2020-04-01,-0.02874637057783027,-0.028151851872969834
2020-04-03,-0.00932639490015727,-0.008849891282710305
2020-04-07,0.033235009184041264,0.034181186969023676
2020-04-08,0.0181017006685875,0.018565145462553875
2020-04-09,0.04794417824105028,0.047712089874563664
2020-04-13,0.022279157599267803,0.020517629261139796
2020-04-15,0.002401721103298959,0.003304623396650503
2020-04-16,-0.010701385636481126,-0.010023901264215002
2020-04-17,0.01635442238544463,0.016527297078597274
2020-04-20,0.013478378730649991,0.013930725587842219
2020-04-21,-0.008341828057331187,-0.007831801502911503
2020-04-22,0.02265614901144566,0.021972100133948597
2020-04-23,0.002797022298282207,0.0024215511446227704
2020-04-24,-0.014600522257316687,-0.015404089043925935
2020-04-27,-0.004284038410751215,-0.0036660902991315237
2020-04-28,0.009154637643561957,0.008746743603218268
2020-04-29,0.015104772448521743,0.0168657021358211
2020-04-30,0.009943192574391723,0.010667032906079852
2020-05-04,-0.03255124913919222,-0.03415871927501882
2020-05-05,-0.0018021884802463762,-0.0023106410397928175
2020-05-06,0.000671430401672317,0.000821432564174744
2020-05-07,-0.00367738921704057,-0.0036039463080787177
2020-05-08,-0.0016190997645305805,-0.0019489007619760625
2020-05-11,0.0001686081026038759,-0.00014459383353150157
2020-05-12,-0.017101335504325223,-0.016751596386814376
2020-05-13,0.0022332431065765026,0.004035397675016581
2020-05-14,-0.003045461944733583,-0.0033808545866977372
2020-05-15,-0.0014835059853265241,-0.0009144756578783513
2020-05-18,0.003951193426837715,0.00046118078551761303
2020-05-19,0.0027957534554795774,0.003232496518721726
2020-05-20,0.012365065715885202,0.012599053565957587
2020-05-21,0.0009429378837444069,0.0013715143064851546
2020-05-22,-0.004714216746257394,-0.005210718879338338
2020-05-26,-0.0028886722286120747,-0.00322182764193077
2020-05-27,0.005673100087625177,0.005685519721885054
2020-05-28,0.017494961373779913,0.017119418259706195
2020-05-29,0.00562277153198385,0.006330926113570097
2020-06-01,0.0067203552662272355,0.008361787454202829
2020-06-02,0.004205242013041712,0.004851061724687316
2020-06-03,0.004721507808274496,0.005842534849208821
2020-06-04,0.0038920171993398396,0.0035867352953329046
2020-06-05,0.0173692166051048,0.018138025941012343
2020-06-08,0.010408736306274263,0.010881390941796572
2020-06-09,-0.004403323894980074,-0.0047460501353799
2020-06-10,0.007185360339309418,0.007196420011028022
2020-06-11,-0.0025061088202549724,-0.003944135713694389
2020-06-12,0.004163588754830489,0.004571711791389978
2020-06-15,-0.00969057361691698,-0.010027005786271725
2020-06-16,0.0015242411007011585,0.0012964243789706056
2020-06-17,0.013720837026225894,0.014009621301815815
2020-06-18,-0.005441066979790085,-0.00397003502697666
2020-06-19,0.007355111344216406,0.006596918938046745
2020-06-22,0.014228867101803612,0.014746733808604657
2020-06-23,0.010440692263611833,0.011365494854123071
2020-06-24,-0.0012897853149920072,-0.002603204400877022
2020-06-25,0.009164336719957077,0.009342529726246442
2020-06-26,0.005249148016555844,0.006521067924865192
2020-06-29,-0.006552889830872938,-0.00783227567891682
2020-06-30,0.008319346909262152,0.008108154873918017
2020-07-01,0.010688789046738631,0.010403710178523673
2020-07-02,0.004544963918313861,0.004553840045804806
2020-07-03,0.002999950806642305,0.00317611432173019
2020-07-06,0.00910844819459756,0.009756797266247175
2020-07-07,0.002157854635778162,0.0017360393289572948
2020-07-08,-0.003744611019825371,-0.00369641857869749
2020-07-09,0.0012595983549392575,0.001427141774837927
2020-07-10,-0.004416740799227657,-0.0050173946952745616
2020-07-13,0.003619775659446101,0.0036960113462138535
2020-07-14,-0.009947718689817694,-0.010144322052589777
2020-07-15,-0.0020741359135130625,-0.0024660031392406594
2020-07-16,0.006523904396250436,0.0063909502495195685
2020-07-17,0.004583898082591647,0.005235140683286466
2020-07-20,0.0074339084698772815,0.007550493304326282
2020-07-21,0.004428092312729833,0.0050911394849512065
2020-07-22,-0.007500763418927329,-0.007856342929092161
2020-07-23,0.007877732777235929,0.007571352807349452
2020-07-24,0.0013493115607150499,0.00102227194590416
2020-07-27,-0.0045038896196587085,-0.004781432770614003
2020-07-28,-0.0034905990550899543,-0.0025896433639097044
2020-07-29,0.005234310964788899,0.005552915419294091
2020-07-30,-0.00013179753775070628,0.00013275966172780925
2020-07-31,0.006184015021704677,0.006497209076232018
2020-08-03,0.015604682688717161,0.01573659078895479
2020-08-04,0.0029894683693410147,0.0031575561941905262
2020-08-05,-0.0031591998308040828,-0.0030094788223549713
2020-08-06,0.005505567934513074,0.005666983902430561
2020-08-07,-0.000983356017857883,-9.681097150238279e-05
2020-08-10,0.028010870496195075,0.02741677484791494
2020-08-11,0.006005494903995864,0.005994975923109009
2020-08-12,-0.0041545843015993985,-0.004209117604597298
2020-08-13,0.00785662910946973,0.007659206687688519
2020-08-14,0.008008957446067368,0.007963662913293127
2020-08-17,0.004685441002272996,0.005683904157439635
2020-08-18,0.006461584382904548,0.006576819993632859
2020-08-19,0.0053577783165428584,0.005662943656575286
2020-08-20,0.00978571672986369,0.009769181056524147
2020-08-21,0.02520707531332016,0.025628072412572502
2020-08-24,0.020700636545426393,0.020296412903252736
2020-08-25,-0.00014241386276515048,3.458949145347792e-05
2020-08-26,0.007182701045467772,0.007073263668344199
2020-08-27,0.00219156086594975,0.0030452609990145167
2020-08-28,0.011358442785212915,0.01137721283204193
2020-08-31,-0.036289805720266556,-0.03723525006831115
2020-09-01,-0.000691282373986335,3.765182357651957e-05
2020-09-02,0.010747660447762958,0.010967961369173822
2020-09-03,0.004596675973598419,0.004586519645933405
2020-09-04,-0.007774263836065073,-0.00823721647529424
2020-09-07,0.013289850310093963,0.011779511576632847
2020-09-08,-0.008946899950422882,-0.00904792433952814
2020-09-09,-0.029915450021661537,-0.028507224200609006
2020-09-10,0.02057475713864293,0.020185489040831894
2020-09-11,-0.001430870860157916,-0.0006102323132501001
2020-09-14,0.023599321589822673,0.024674667741704046
2020-09-15,0.017211065193412232,0.017640501517797766
2020-09-16,-0.030563493745703656,-0.028252749422989342
2020-09-17,-0.01937517986752251,-0.01908384974965001
2020-09-18,0.0015006731159668244,0.0013720269790800303
2020-09-21,-0.02592099233724687,-0.026409723456546026
2020-09-22,-0.010710795350202742,-0.009893308019903875
2020-09-23,0.002960503056246015,0.002277327686313464
2020-09-24,-0.006779323346906636,-0.008448811769178022
2020-09-25,0.0059890024906223615,0.006990769204532283
2020-09-28,0.01683977160419745,0.01701015902803784
2020-09-29,0.0034907894055037293,0.0033596940432390355
2020-09-30,-0.0016812283288679254,-0.0020584229624430257
2020-10-01,-0.0033914021152826484,-0.002618213177318755
2020-10-05,-0.004477136846026954,-0.004012233032510389
2020-10-06,-0.00036400732256660603,-0.00025930575734895984
2020-10-07,0.004120174751512559,0.003635368689149094
2020-10-08,0.007134717175285034,0.006841711765142784
2020-10-09,-0.004808488667900768,-0.004324122732225363
2020-10-12,0.00032310566456098227,-0.000694435214992112
2020-10-13,-0.010329309053963846,-0.009886108781049337
2020-10-14,-0.00019460175272418922,9.476606129607014e-05
2020-10-15,-0.01775822107231142,-0.01775810287191528
2020-10-16,0.00826130434178176,0.009085565184315312
2020-10-19,0.01394587843300109,0.014784229100149662
2020-10-20,-0.001585151596619022,-0.001501324401581589
2020-10-21,-0.001168796080967796,-0.0009572549482910074
2020-10-22,0.01957957665522966,0.019174292181946148
2020-10-23,-0.0031587094107424895,-0.0029799747653673626
2020-10-26,-0.003281011935945267,-0.0032648494434924626
2020-10-27,0.008937038388068516,0.009160197385817366
2020-10-28,-0.005463352989722559,-0.005996667726503398
2020-10-29,0.0102415093479139,0.009608195944892182
2020-10-30,-0.004023289458437835,-0.003463111062877397
2020-11-02,-0.01126028725598862,-0.010855457507855618
2020-11-03,0.007618699521970143,0.008408946164389038
2020-11-04,-0.0006266154466932035,-0.0005347886059530754
2020-11-05,0.013507197197812664,0.01374134436599808
2020-11-06,-0.00200694450508345,-0.002015395350359736
2020-11-09,-0.0031871235497602625,-0.001784120308180581
2020-11-10,-0.004504995701216891,-0.0042707664462290785
2020-11-11,0.0012827824258647015,0.001924765574606938
2020-11-12,0.007717844569145169,0.007873667918005358
2020-11-13,0.007320633262563161,0.0077491816450530725
2020-11-14,0.007450454953207105,0.007479053272858781
2020-11-17,0.04115751274227817,0.037976275692177895
2020-11-18,0.030391083656793546,0.027967458084083404
2020-11-19,-0.009075563718215218,-0.008606320176549767
2020-11-20,0.011811394534471241,0.01110374595842269
2020-11-23,-0.0030868419136942746,-0.002016942126389827
2020-11-24,0.005457182173859063,0.005793421784591709
2020-11-25,-0.013127264220439626,-0.012602948450121155
2020-11-26,-0.003959869153337039,-0.003097774814631756
2020-11-27,0.010455710241631447,0.011389176295837326
2020-12-01,0.020302929014382243,0.019552444108450424
2020-12-02,-0.004574220560158915,-0.003854752416644166
2020-12-03,0.007402888337701268,0.008102578591481174
2020-12-04,0.01336611935335036,0.01339595734605645
2020-12-07,0.0005310364208075815,0.00115295906179648
2020-12-08,0.0009774071091920972,0.0004810562443599385
2020-12-09,-0.01197357106870484,-0.011445994869049498
2020-12-10,-0.010746402203424689,-0.009867245135579003
2020-12-11,-0.0037497609281305615,-0.003608094276065989
2020-12-14,-0.0039688536251401745,-0.003823926423286625
2020-12-15,-0.010155650505150444,-0.009613860337087821
2020-12-16,0.006937922818414005,0.006744261654870286
2020-12-17,-0.0008640020539131685,-0.001169623449050203
2020-12-18,-0.003207790156397131,-0.003721264079144252
2020-12-21,-0.019326587805764583,-0.020460127913370117
2020-12-22,0.0019102378267275102,0.002147955019529524
2020-12-23,0.016813233550439986,0.017264191163768226
2020-12-24,-0.000602914182272536,-0.00013063429136685482
2020-12-28,0.0010850643411436103,0.0019783869269261226
2020-12-29,0.003627547727421731,0.0034431737402177845
2020-12-30,0.001596195849782103,0.0014727344561808065
2020-12-31,-0.004037210330006343,-0.0033988783926075204
2021-01-01,0.008412325825105219,0.008393915204897118
2021-01-04,-0.00022303709589415626,0.0003695970419816416
2021-01-05,0.00021495342261070483,0.0006483519896719998
2021-01-06,-0.005444443592712619,-0.004606486094468145
2021-01-07,0.0030114185931384937,0.002919721807518858
2021-01-08,0.008406014615842271,0.008317625429127142
2021-01-11,0.0009176172914666149,0.001205817095973828
2021-01-12,0.017099221045648854,0.01723914535024782
2021-01-13,0.0011092330741396203,0.0006508240722408509
2021-01-14,0.002231677420704576,0.0020530405985452714
2021-01-15,-0.005595584882436142,-0.006073558574834119
2021-01-18,-0.004431150423047764,-0.004609435479882965
2021-01-19,0.007691528318094975,0.00832157397675558
2021-01-20,0.006655722111116719,0.006906984028220957
2021-01-21,-0.009300318008730452,-0.009376725818294738
2021-01-22,-0.00027776588478837865,-0.00029651712220653655
2021-01-25,-0.004359981461890815,-0.004294994695280556
2021-01-27,-0.004764223908097972,-0.005141453951807992
2021-01-28,-0.0013248072858667841,-0.0014774136472326224
2021-01-29,-0.004255787857320904,-0.00412278040490382
2021-02-01,0.015829110605129763,0.016504461845598017
2021-02-02,0.02115403648521665,0.02087639531097586
2021-02-03,0.008886491276231052,0.009121483089254761
2021-02-04,0.006981355346471826,0.007279397061940415
2021-02-05,-0.005190313642055295,-0.005080916374945958
2021-02-08,0.01687027717767546,0.017131521846679067
2021-02-09,0.0018268131391789475,0.0017291270659894528
2021-02-10,-0.0010569111840459037,-0.0009518143453682118
2021-02-11,0.021168211111978946,0.020039596984726005
2021-02-12,0.020987024058693366,0.0195528475975268
2021-02-15,0.00546877801605521,0.005633376449698077
2021-02-16,0.009865427422859223,0.010611490244765433
2021-02-17,0.0008710602651422034,0.0024669795960281645
2021-02-18,0.012155350396247131,0.013248062068618146
2021-02-19,-0.015004034074461953,-0.01515846169020881
2021-02-22,-0.016406059464636753,-0.016294088026365967
2021-02-23,0.00638435192805247,0.005995498495088085
2021-02-24,0.00634836691155553,0.00701211121387302
2021-02-25,0.005201430587842795,0.005687659477260044
2021-02-26,-0.007705949697249211,-0.008178567093072847
2021-03-01,0.003798165956105582,0.004560186597417484
2021-03-02,0.028419684310431678,0.02825991118407157
2021-03-03,0.011103373403869514,0.010968242129963612
2021-03-04,0.013045280342531676,0.012472436331069895
2021-03-05,-9.766898076842305e-06,-0.0007000555401061098
2021-03-08,0.014440423793184285,0.01505235206641323
2021-03-09,-0.0025459064936748576,-0.0032697384246298854
2021-03-10,-0.008582714650777642,-0.007673323958203713
2021-03-12,0.0014566439150723684,0.0015717216426017091
2021-03-15,-0.0027027939564503154,-0.002731329024174425
2021-03-16,0.002805740365049177,0.0031847326816833435
2021-03-17,-0.021735965202926328,-0.021897131590312015
2021-03-18,-0.008482903927484355,-0.009077635441470742
2021-03-19,0.01275387050778018,0.011957549456763718
2021-03-22,-0.0005897047626366738,-0.00014620042223701958
2021-03-23,0.007768423126705878,0.007964013181823045
2021-03-24,-0.012336791573806596,-0.012738315337645308
2021-03-25,-0.02809910223173673,-0.026622167425505567
2021-03-26,0.04586079248807513,0.04295531462681481
2021-03-30,0.024570067915406755,0.023687072894562056
2021-03-31,-0.010254993320186406,-0.00968074520837203
2021-04-01,-0.0047833898373587065,-0.002950428393697702
2021-04-05,-0.007915849352319574,-0.00803235472624059
2021-04-06,0.005447433073143565,0.0063916485037299985
2021-04-07,0.013964140276248479,0.01431887730864385
2021-04-08,-0.0029222201110673143,-0.002372666796831097
2021-04-09,0.014517569198431291,0.014535545553208516
2021-04-12,-0.03433101209080286,-0.035289084834762834
2021-04-13,0.015491648855410675,0.015545390539095122
2021-04-15,0.0016801203120223713,0.0018656284631434316
2021-04-16,0.019565258362364564,0.018965606239666997
2021-04-19,-0.005090880691304661,-0.006537599531182122
2021-04-20,-0.0026167992274464683,-0.002182205095419939
2021-04-22,0.0026315417365454373,0.0025128161017592453
2021-04-23,0.008254249555415167,0.007975929885876072
2021-04-26,-0.0009292548588214856,-0.0005651932962606339
2021-04-27,0.004335308520202693,0.004787049501236518
2021-04-28,0.007457835855421469,0.007266388674157812
2021-04-29,-0.00586657238859105,-0.005906073253278243
2021-04-30,-0.0042344015499206685,-0.0035414063130014433
2021-05-03,0.013021721202049558,0.01321867315909979
2021-05-04,0.011309558060787914,0.010968343120830894
2021-05-05,0.021131793198028458,0.021346348656581332
2021-05-06,-0.0010210001248717707,-0.0010757880415033475
2021-05-07,-0.0029075288562310595,-0.0023218580927029347
2021-05-10,0.000921434575308608,0.0010916233357930055
2021-05-11,-1.209495205373577e-05,0.00029219031340856636
2021-05-12,-0.00837953341268199,-0.008931078877389451
2021-05-14,-0.006161254730853409,-0.006006371931709383
2021-05-17,0.006666425485404408,0.007187211857857822
2021-05-18,0.024761665258006212,0.02390997514308762
2021-05-19,-0.0025042636493935806,-0.0016107535635355348
2021-05-20,-0.003710572674056267,-0.0036834785828502347
2021-05-21,-0.0049384631765799865,-0.004408942092522764
2021-05-24,0.009652662770616856,0.01036454644724454
2021-05-25,-0.007228655671782519,-0.006488635093107108
2021-05-26,0.0025029539178311306,0.002481605477046227
2021-05-27,0.017564188362889477,0.016880452132186675
2021-05-28,4.283812935714366e-05,0.00019153349472545157
2021-05-31,-0.01060644419096223,-0.010088468356075103
2021-06-01,0.005012444558036817,0.004934004120953194
2021-06-02,0.014324286237287497,0.014777001900767693
2021-06-03,0.013439769657733646,0.013610985315565259
2021-06-04,-0.006994548878408365,-0.006841929270852096
2021-06-07,0.008288309519362007,0.008557186579075613
2021-06-08,0.007164887228662694,0.0069677166259123026
2021-06-09,0.010492762559493002,0.009076814360100773
2021-06-10,-0.001959074510130502,-0.001525305554634471
2021-06-11,0.009390728819043143,0.008721188470339761
2021-06-14,-0.0022145513375933915,-0.0026191309833586093
2021-06-15,0.006587070429574279,0.006227130024293951
2021-06-16,0.020571445842047648,0.01865648609568754
2021-06-17,-0.010653200363784584,-0.010782740008731678
2021-06-18,0.002890566103834002,0.002893617674337623
2021-06-21,0.01511162428546441,0.015433764518100706
2021-06-22,0.008068151949725027,0.007825869592990907
2021-06-23,-0.001789161174864474,-0.001721288079218691
2021-06-24,-0.006161817384556306,-0.0058530813095031406
2021-06-25,-0.008790179375417411,-0.008154737428725085
2021-06-28,-0.005626208970843704,-0.004526958108550366
2021-06-29,0.0018076906095046675,0.0021939264364063903
2021-06-30,0.003852013382970925,0.004040685376142697
2021-07-01,-0.0007947971268842627,-0.0007237796927660394
2021-07-02,0.02067115933237083,0.01952241973571768
2021-07-05,0.01158900230781515,0.011325123691118728
2021-07-06,-0.008477954811003073,-0.008040881730639684
2021-07-07,0.0005983001649865449,0.0007499534750876971
2021-07-08,-0.0017895239383823956,-0.002216312840885392
2021-07-09,-0.003908255049431028,-0.0037007161604346458
2021-07-12,0.003538622808698343,0.0032748741628402696
2021-07-13,0.0030130877419773452,0.002647979043019973
2021-07-14,-0.0010764250161611375,-0.0009143622171630997
2021-07-15,0.0086207711460805,0.008394500254409616
2021-07-16,0.007271344024939191,0.006819906840740053
2021-07-19,0.02035623956332121,0.018425405201450227
2021-07-20,-0.015374766123911716,-0.015055506283007582
2021-07-22,0.018859305980969018,0.019167520736137318
2021-07-23,-0.0019087673122897214,-0.0011840969335712608
2021-07-26,-0.006759459371238394,-0.0064862764172713755
2021-07-27,0.00486377901646729,0.004660894649482264
2021-07-28,-0.021040968290500724,-0.02041043813548592
2021-07-29,-0.00525870399408491,-0.005357488630249804
2021-07-30,0.0019384370052895226,0.0023672561023118767
2021-08-02,0.01274319141854484,0.012535809277678809
2021-08-03,0.006932353233960904,0.006436852139211012
2021-08-04,-0.00588145421190623,-0.006299980170621123
2021-08-05,-0.008420026044724421,-0.008119477394459137
2021-08-06,-0.0038063367319957973,-0.003387429697725539
2021-08-09,-0.008358589440575487,-0.008442869101070958
2021-08-10,-0.01613642311090755,-0.01677855921347175
2021-08-11,-0.020330749948881465,-0.019590493630664303
2021-08-12,0.0210613908255377,0.020749295450698365
2021-08-13,-0.004350135714649756,-0.004095451627530923
2021-08-16,-0.009372709542317732,-0.008547923389867047
2021-08-17,0.01312037625842374,0.012189173367811775
2021-08-18,0.006520666331315161,0.006238119701971801
2021-08-20,-0.017681366404139687,-0.018486004038010845
2021-08-23,-0.017484585253278763,-0.017061276160560353
2021-08-24,0.011062651736526933,0.010745586907360818
2021-08-25,0.015432197575632306,0.015765456076327112
2021-08-26,0.0033595097881528447,0.0036187242955161374
2021-08-27,0.008303118688315118,0.00855622997639705
2021-08-30,0.008095418775923454,0.008858239284586254
2021-08-31,0.0022161181108727207,0.0026737645131688905
2021-09-01,-0.0040066364167374155,-0.003475523790753691
2021-09-02,0.01681575111847414,0.017022298203226063
2021-09-03,-0.002980567826719943,-0.0028338006565797
2021-09-06,0.006885169195274671,0.006558727248890466
2021-09-07,0.006907064602660226,0.005934038704561034
2021-09-08,0.0108098771307903,0.010950190831163645
2021-09-09,0.011951180528809646,0.012075729283046429
2021-09-13,-0.003032649288678444,-0.002543010946553285
2021-09-14,0.0011503826206544017,0.001401089217357718
2021-09-15,0.0007012651539179968,0.000657780905195313
2021-09-16,0.004408096454469592,0.004660360489691724
2021-09-17,-0.00904346175604056,-0.008856691027345735
2021-09-20,-0.012379595216993756,-0.012894090295856952
2021-09-21,0.0021236779916217192,0.002013291237823246
2021-09-22,0.005057464953638702,0.005247547114546974
2021-09-23,0.004712911083078332,0.005135592248456028
2021-09-24,0.005475763994448348,0.00490610032526419
2021-09-27,-0.0035433238688901566,-0.003639972404485836
2021-09-28,-0.004429481084271564,-0.004057110637407646
2021-09-29,0.00942848104008299,0.009850272166840878
2021-09-30,0.012088209526669861,0.011681236581212595
2021-10-01,0.006362085065372395,0.006169529669682891
2021-10-04,-0.0009690862385153573,-0.00016159843917611154
2021-10-05,0.00045962229126525977,0.0003789577430053704
2021-10-06,-0.0007833054774870403,-0.0011845839436168066
2021-10-07,0.00911610374332697,0.00851415988863622
2021-10-08,0.0033310009016924054,0.0036867317452189685
2021-10-11,0.007443829783045396,0.007690744697091214
2021-10-12,-0.0022812694931061616,-0.001739511029071326
2021-10-13,0.005879238054743711,0.005804689678762631
2021-10-14,0.008285177886711657,0.008098683247609829
2021-10-18,0.0010559898528292237,0.0007964332516415501
2021-10-19,-0.011102112573478177,-0.011543288940686156
2021-10-20,0.005248305728739904,0.004029110362983998
2021-10-21,-0.019933504706007642,-0.01858428846783128
2021-10-22,0.01892170955289686,0.017569455222471515
2021-10-25,-0.0049824256877429,-0.0048296426966221145
2021-10-26,-0.005598385321418479,-0.0044556486911573765
2021-10-27,0.014807200992425862,0.013727550208342286
2021-10-28,-0.009282958315462473,-0.010434058967661124
2021-10-29,0.009039850085263923,0.009103415527676854
2021-11-01,0.0111944304042241,0.01143265216903541
2021-11-02,0.012388205880104957,0.012496306849542442
2021-11-03,0.0011313511541452244,0.0008176640062537211
2021-11-04,0.0054196668365315125,0.005933024808958914
2021-11-08,0.003670998169677577,0.003279858026108964
2021-11-09,0.01804255575736454,0.016985834524378494
2021-11-10,-0.0006890115344674957,-0.0010325348859092714
2021-11-11,0.014839899693442179,0.013950805263150994
2021-11-12,-0.0008145234573346997,-0.0009180202174072022
2021-11-15,-0.005713731294629926,-0.006213696992513815
2021-11-16,-0.0013120568656182913,-0.0013562420447581023
2021-11-17,-0.003733558530452517,-0.003981382200081823
2021-11-18,-0.009530410294649714,-0.010103613785722398
2021-11-22,-0.015045118125968702,-0.015363852745141987
2021-11-23,0.014921323999030131,0.014708326049241311
2021-11-24,-0.004259635780915697,-0.0034792393684542323
2021-11-25,-0.004507386814077343,-0.004210444365480181
2021-11-26,-0.015173195945226616,-0.01607237153498662
2021-11-29,-0.005145505859469162,-0.005911395607439012
2021-11-30,0.009386172873274711,0.009742478136085963
2021-12-01,-0.0023716334341057,-0.001564380522892257
2021-12-02,0.005942100456956835,0.006930646287462925
2021-12-03,-0.0027659999981446705,-0.0024760124877407324
2021-12-06,-0.012979340672272199,-0.013267319283848373
2021-12-07,0.01431639791894208,0.014379901099876854
2021-12-08,0.0058646743021706004,0.006013430330163398
2021-12-09,-0.004579527818686418,-0.003975134466517099
2021-12-10,0.008167489399582043,0.0089013800822948
2021-12-13,0.0009044210191142204,0.0003237187618098261
2021-12-14,0.004064256069304738,0.003675264837311135
2021-12-15,0.0038326145204956733,0.003144185207171712
2021-12-16,-0.004881679138058921,-0.005173989987725842
2021-12-17,-0.0019559216906554796,-0.002771696151195864
2021-12-20,-0.023145036775059604,-0.022944351934286795
2021-12-21,0.004698867760037462,0.005200569765118598
2021-12-22,0.008905710676458144,0.008936522614623025
2021-12-23,0.004938935764337349,0.0049013101141443085
2021-12-24,-0.007883731591617309,-0.007952732453859471
2021-12-27,0.010831106054020023,0.011048608302221588
2021-12-28,0.013141635836086928,0.012614399155860644
2021-12-29,0.003392449378719573,0.0030862767634077743
2021-12-30,0.0018698316027144603,0.0014230547260598737
2021-12-31,0.0018632253786203979,0.002092849190016527
2022-01-03,-0.0009576986204199866,-0.00016166905514192783
2022-01-04,0.0057880762735756305,0.005568487663692093
2022-01-05,0.0011283460647713004,0.0009685673530079162
2022-01-06,-0.008587058649464952,-0.00784634498918562
2022-01-07,-0.00037866095702979565,-0.0006566455803244648
2022-01-10,0.00037589985935319967,0.0014316252421867615
2022-01-11,-0.0041102212729773645,-0.0043285734821405745
2022-01-12,0.008823825303289463,0.008514904998090279
2022-01-13,-0.0019186194067484946,-0.0011360339673229226
2022-01-14,0.00869150167646891,0.008748056281905392
2022-01-17,0.0046265722949803065,0.004464047641381294
2022-01-18,-0.009863233289802473,-0.010274571531973021
2022-01-19,-0.0011722472219707525,-0.001408657089094362
2022-01-20,-0.001329703927372294,-0.0017518839725841236
2022-01-21,-0.016906773366656053,-0.016746055445774146
2022-01-24,-0.024503764728817917,-0.0249848980708328
2022-01-25,0.009458638902318163,0.010022773443133643
2022-01-27,-0.005414605152429392,-0.0051294644347424255
2022-01-28,-0.010073840698627566,-0.008983067861916074
2022-01-31,0.014010526731938746,0.014131833399675912
2022-02-01,3.280977284813387e-05,0.00046928417009514125
2022-02-02,0.014627076755285039,0.015051869945335106
2022-02-03,0.006109643499526926,0.005390340187976219
2022-02-04,-0.006575403986904477,-0.006616638295990638
2022-02-07,-0.009338025920170504,-0.009695131026269751
2022-02-08,-0.0030449647828992327,-0.0031812453986441907
2022-02-09,-0.001975564612869195,-0.001686852046298914
2022-02-10,0.0027413680841088727,0.003369991026463962
2022-02-11,-0.0078802647269718,-0.007720116947323109
2022-02-14,-0.01142628275836355,-0.013195147799400973
2022-02-15,0.007024136242920355,0.007608282227182117
2022-02-16,0.011882836674413083,0.012238827635832712
2022-02-17,-0.00042556160690494457,-0.0005551514752519342
2022-02-18,-0.0029442913255696562,-0.003182788172393129
2022-02-21,-0.012581063591956496,-0.012616460193803566
2022-02-22,0.0033175332879820598,0.0019427151060873627
2022-02-23,-0.002428124224273546,-0.0020111218975689543
2022-02-24,-0.043982722775127096,-0.04470928318267909
2022-02-25,0.016838952414837467,0.0186269141943132
2022-02-28,0.012432419087362648,0.012561143456045396
2022-03-02,-0.019771751002748483,-0.019032725617855666
2022-03-03,-0.011658666996270465,-0.010992102358668794
2022-03-04,-0.008766976543362918,-0.009005197852377064
2022-03-07,-0.042802057183622365,-0.04133699635316304
2022-03-08,0.004518126658145661,0.0048563693527724165
2022-03-09,0.014725412410127781,0.014993553824727428
2022-03-10,0.021532044262274404,0.020990441179471596
2022-03-11,-0.004934587234068911,-0.004201736997124773
2022-03-14,0.004760160242480226,0.004587551474655228
2022-03-15,-0.003618295053604043,-0.004061689964594413
2022-03-16,0.008671036661542567,0.008633755864197028
2022-03-17,0.0014765602676909287,0.0015186115753044137
2022-03-21,0.010065209193123682,0.009559104172656607
2022-03-22,0.0008773637491436588,0.0008450136688865035
2022-03-23,0.0008871330025588433,0.0010624757866753648
2022-03-24,-0.0110858966890916,-0.009824399802416658
2022-03-25,0.003098397316210335,0.0037117918076188788
2022-03-28,0.0040516269171751535,0.002650879469525766
2022-03-29,0.007559085492526187,0.007501992713072674
2022-03-30,0.024936814265024396,0.024122782190320692
2022-03-31,0.002343438373535186,0.0025802994293776848
2022-04-01,0.008443217399137597,0.00939046287365217
2022-04-04,0.008539941428362816,0.00891051859156762
2022-04-05,0.025719581159434925,0.02516680149933096
2022-04-06,-0.000583509063813155,0.00023568467385189562
2022-04-07,-0.000769586146713298,-0.001074880303324474
2022-04-08,-0.0016049131586534043,-0.000561353746473585
2022-04-11,0.014279665238324492,0.014349153222189144
2022-04-12,-0.006108718180999198,-0.006766630676817603
2022-04-13,-0.011942697152092412,-0.01139496820300124
2022-04-18,-0.00980745833473112,-0.009536837903853193
2022-04-19,-0.008759506395156593,-0.009436779157280938
2022-04-20,0.00714667817570045,0.006519833457072731
2022-04-21,0.022127846461230453,0.021275085638888334
2022-04-22,-0.0003343141839155494,0.00013872701024493473
2022-04-25,-0.010279839540677215,-0.01040836740547431
2022-04-26,0.014840189250336934,0.01497078463249675
2022-04-27,-0.006325429814198178,-0.006512147577509126
2022-04-28,0.011388356580024359,0.011232481303619821
2022-04-29,-0.0027916765180761747,-0.003292117165337787
2022-05-02,0.0016959955513934201,0.0008918607850278114
2022-05-04,-0.017718942709896327,-0.018284300038121166
2022-05-05,-0.012495947199627398,-0.012315602673369886
2022-05-06,-0.016589369410287647,-0.016886718620309746
2022-05-09,-0.005323737037782675,-0.006338517776514956
2022-05-10,-0.008841081664563509,-0.009697180098117432
2022-05-11,-0.02054106869977857,-0.020520965436521335
2022-05-12,-0.012332049664815296,-0.01291546988290985
2022-05-13,0.020306114986968184,0.01860174522413842
2022-05-16,0.016072901245945136,0.01680036555204735
2022-05-17,-0.00478904987093319,-0.002561829803908724
2022-05-18,0.02340119320819594,0.023228693544346105
2022-05-19,-0.011718975862890875,-0.012810963473896956
2022-05-20,0.021684005961081113,0.020948110276527446
2022-05-23,0.0034852864294551943,0.003344602665259833
2022-05-24,-0.006403011122382992,-0.00692041490666326
2022-05-25,-0.018979358318969766,-0.019418602896218013
2022-05-26,0.005704502420688616,0.006135309921159211
2022-05-27,0.007295787529025414,0.007717558115107871
2022-05-30,0.008049863758999666,0.009535271477022664
2022-05-31,-0.027510327770175515,-0.02569067251061439
2022-06-01,-0.003391969767581981,-0.0027021393466882338
2022-06-02,0.001487200653841962,0.0013192146710261233
2022-06-03,-0.011718835033305945,-0.011164734273225842
2022-06-06,0.004662753414807376,0.003747501461887663
2022-06-07,-0.005789381510136302,-0.006215410495488414
2022-06-08,-0.00856778773136982,-0.008122944699486325
2022-06-09,-0.005102665155643957,-0.004491258217804391
2022-06-10,0.0003399428159986075,-9.976528775255397e-05
2022-06-13,-0.014347146007490421,-0.015096044056524417
2022-06-14,-0.0062542178022601605,-0.005861232484041517
2022-06-15,-0.0013970313613305592,-0.0011228170528683546
2022-06-16,-0.018507199225174156,-0.01879879924647098
2022-06-17,-0.014624031910761262,-0.013771349003053806
2022-06-20,-0.0013925590503298944,-0.002543367593511503
2022-06-21,0.010956290063526006,0.01158603084930636
2022-06-22,0.004749378521376783,0.0039670279834003895
2022-06-23,0.006209240623848143,0.0061298743537950085
2022-06-24,-0.0008367429950777356,3.89206444161312e-05
2022-06-27,0.009520268448433095,0.009814802472690766
2022-06-28,0.00408096130537245,0.004086413173707596
2022-06-29,0.003883585656464854,0.003523021379144812
2022-06-30,0.016106232354041593,0.014254219720440942
2022-07-01,0.0030419388661280973,0.003112321671071141
2022-07-04,0.009895426808900333,0.009853282828226216
2022-07-05,0.011349206512703758,0.011063985517324453
2022-07-06,0.013490734590894506,0.01448104623741623
2022-07-07,0.005424520191786375,0.0059143007688659925
2022-07-08,-0.0031129143250989526,-0.0024559266082011984
2022-07-11,0.005930428943746062,0.006683785021229493
2022-07-12,-0.0067796596268091674,-0.006776761604990563
2022-07-13,0.008133696271510142,0.00727191465899546
2022-07-14,0.00936516493940303,0.009046062533307277
2022-07-15,0.002761762580709762,0.0029178851763379888
2022-07-18,0.013566671240839321,0.012698139784880854
2022-07-19,0.005578898692810169,0.006282724410141616
2022-07-20,0.0003168626453455627,0.0006866287619981842
2022-07-21,0.018999092546093433,0.018594633511453407
2022-07-22,0.006876157765669662,0.006446526736677462
2022-07-25,0.00042474565212114417,7.870696068073687e-05
2022-07-26,-0.008344360225549236,-0.00849650734633205
2022-07-27,-0.0013199106441414102,-0.0011255958480657965
2022-07-28,0.002495947756203166,0.002565215490750336
2022-07-29,0.006710383511181826,0.007338775231440483
2022-08-01,0.008131589307394457,0.00831372382795219
2022-08-02,0.010443772336075489,0.010956741320735158
2022-08-03,-0.005003468550342034,-0.005367893244370666
2022-08-04,0.003461293651354768,0.002985620571792736
2022-08-05,0.009983324185605432,0.00930824520165973
2022-08-08,0.02062382957726911,0.01933769789625241
2022-08-10,0.003280463405328474,0.003572524001192439
2022-08-11,0.001691454585024948,0.0014058884587740484
2022-08-12,-0.0013611079068004059,-0.0008622578529906591
2022-08-16,0.009495775784247719,0.009656652452047651
2022-08-17,0.016055282996083487,0.014965588330247014
2022-08-18,-0.0023825806714825046,-0.0019200802277836084
2022-08-19,-0.00319955049085839,-0.0030834881858341065
2022-08-22,0.0032543851326869754,0.0027076521242782744
2022-08-23,0.00567279972839186,0.006328176357085718
2022-08-24,0.010486288314116163,0.010249912186002363
2022-08-25,0.002874704039129275,0.0031765546228138637
2022-08-26,-0.0015296568816198458,-0.0011135830310961695
2022-08-29,-0.007574430611419727,-0.007941742949428674
2022-08-30,0.0060021650542497595,0.006669635275431879
2022-09-01,-0.0005598276586745455,-4.987859107795338e-05
2022-09-02,0.001120415898888807,0.0005109494838475792
2022-09-05,0.009092600912937811,0.008323204117868905
2022-09-06,-0.010309561707334311,-0.009959186118833896
2022-09-07,0.013013440599341043,0.01329784766749185
2022-09-08,0.0038438721119195512,0.003974807084295816
2022-09-09,0.006016574179919433,0.006049319936433244
2022-09-12,-0.00623505078357824,-0.005258182381570469
2022-09-13,0.014930972219095088,0.014122685478570745
2022-09-14,-0.00855965457905786,-0.007156647749947803
2022-09-15,0.00527710059058469,0.00526580895667401
2022-09-16,-0.03377206440580502,-0.03271507277040536
2022-09-19,0.0023165629682341247,0.002311529693364596
2022-09-20,0.013274191160956966,0.013223502364992512
2022-09-21,0.0007199451708450314,0.00011278039209293975
2022-09-22,0.002541991377273,0.003079553176991746
2022-09-23,-0.006372363389245454,-0.007668398064062159
2022-09-26,0.000662913009276907,-0.0012686965786252447
2022-09-27,-0.001656509177275827,-0.0018845569424593704
2022-09-28,-0.006666543908024494,-0.0069425028748320485
2022-09-29,0.009369786855540284,0.009315242133215216
2022-09-30,0.009112455093024812,0.009369959113049515
2022-10-03,0.0009528511828687631,0.0002376379170273151
2022-10-04,0.0016436650329177635,0.0027472094595599158
2022-10-06,0.002964159876864864,0.003506659229226653
2022-10-07,0.0028752142451067375,0.0027147064117531406
2022-10-10,0.0003617059440343348,-0.0001358431740192958
2022-10-11,-0.0036708381662077212,-0.004418748106080226
2022-10-12,0.012480997601107735,0.0117308901145321
2022-10-13,-0.007810110250264163,-0.00787530457826379
2022-10-14,0.003970371642963011,0.003837253968999782
2022-10-17,0.0016591835430971628,0.002131486703417038
2022-10-18,-0.0011050906824890674,-0.0005191872039614589
2022-10-19,-0.005792742228068218,-0.004666496173640975
2022-10-20,0.0011584402950892995,0.0011102535147120762
2022-10-21,-0.003932209186017919,-0.00401621799814671
2022-10-24,0.003468547691117343,0.003523938509046011
2022-10-25,0.004044334206670748,0.004019663787560697
2022-10-27,0.0017548182718886076,0.002780192895463404
2022-10-28,-0.007502665340362459,-0.007210719863837556
2022-10-31,0.02364124818594806,0.022494046053677674
2022-11-01,0.0070785954896989845,0.0071068090381771545
2022-11-02,-0.009080028676998617,-0.008661982104337612
2022-11-03,-0.003975220637038564,-0.0037491210471074406
2022-11-04,0.00375611757764145,0.004056822353754867
2022-11-07,0.005201488290515168,0.005517196503216521
2022-11-09,-0.012908384211983828,-0.012227828128167691
2022-11-10,0.00437469866520902,0.0038626208585608645
2022-11-11,0.005066183445965466,0.0047803519489064234
2022-11-14,-0.0034257248793134283,-0.003379446882299998
2022-11-15,-0.004901583169465148,-0.004384938241803735
2022-11-16,-0.008938442186333146,-0.008885968869052067
2022-11-17,-0.008671193550484383,-0.008388273944524394
2022-11-18,0.011034742129119281,0.01018262487491017
2022-11-21,0.010676621796101505,0.010988100057086794
2022-11-22,0.008873695684304333,0.008852746147270146
2022-11-23,-0.005113370173081497,-0.004881134021244962
2022-11-24,0.0015900099912232696,0.0017901370960489201
2022-11-25,0.008422019558579859,0.00878862122921689
2022-11-28,0.015334223379273738,0.015174998798903605
2022-11-29,0.003729741885626967,0.0035750050718453713
2022-11-30,0.006964531124441493,0.00648209103539305
2022-12-01,-0.0029483331634725064,-0.002713793169609772
2022-12-02,-0.004409264232505784,-0.0038785644363917406
2022-12-05,-0.004572527257841186,-0.004514846301202517
2022-12-06,0.003585711748030589,0.0029820974659809647
2022-12-07,0.004431633789867427,0.004470244667887946
2022-12-08,0.0041171302361376495,0.004748782143370987
2022-12-09,-0.009046539115538287,-0.009221991541362442
2022-12-12,0.0013418927874017748,0.0015652396889217271
2022-12-13,0.013113830660557062,0.013769096456461854
2022-12-14,0.009827002865423859,0.01011923835555868
2022-12-15,-0.005812926579132771,-0.006108923695871815
2022-12-16,0.0005112603187099584,-0.0001676085085288741
2022-12-19,-0.0074709609337767725,-0.007272866065542795
2022-12-20,-0.007048662106877049,-0.007110896630518926
2022-12-21,-0.008033743026647005,-0.008096459603070495
2022-12-22,-0.007893540531027953,-0.00784744762193788
2022-12-23,-0.01803755356760331,-0.020139769061356172
2022-12-26,0.015631178017240847,0.01645495526431584
2022-12-27,0.007874030900007581,0.008695488230598378
2022-12-28,0.0007871969898184346,0.0007241621202126532
2022-12-29,0.0015137220429918376,0.0015674346314483258
2022-12-30,0.011802316075783985,0.011684635062619428
2023-01-02,-0.006855764341763666,-0.006401883244359907
2023-01-03,0.0033392425155806277,0.0032608873080937567
2023-01-04,0.0035627102550274035,0.00301832017330224
2023-01-05,-0.001721231179882355,-0.0016814080006873743
2023-01-06,-0.004063888301051972,-0.004673124999991059
2023-01-09,0.008627340493771455,0.008389913425557262
2023-01-10,0.0005708466120949017,0.00015453894550618665
2023-01-11,0.003401753144375496,0.0033444330551534195
2023-01-12,-0.0021638125392948447,-0.002319460094966064
2023-01-13,0.0018021696626178562,0.0015327799030678308
2023-01-16,0.007112839136529584,0.006971069899515909
2023-01-17,-0.005686289849718216,-0.005886898471387986
2023-01-18,-0.0029720695527578824,-0.00273588038104917
2023-01-19,-0.002990936936406793,-0.0028565322611595906
2023-01-20,-0.008839561142298134,-0.008603814709604576
2023-01-23,-0.010303075991935943,-0.010082811877235049
2023-01-24,-0.0016548022812173276,-0.0021723774738706372
2023-01-25,0.0020786000435919767,0.0011336751616945024
2023-01-27,0.005828616440693915,0.004004730349344223
2023-01-30,-0.0034863689696495,-0.003969664946719833
2023-01-31,0.015694547996326406,0.01600428230162003
2023-02-01,0.002258001344493342,0.00022434543866852412
2023-02-02,0.010402209820048225,0.009588153330495132
2023-02-03,0.006947817539682304,0.0071065165995612585
2023-02-06,0.004351934661089572,0.004387174212243164
2023-02-07,0.006417560674640804,0.006084866410420141
2023-02-08,0.0037545159532182855,0.004468640536019685
2023-02-09,-0.0036403225771538955,-0.003966233201589489
2023-02-10,0.012078808417038248,0.012115386714143701
2023-02-13,-0.010116723658637741,-0.011049610365579774
2023-02-14,0.0003388367572465163,0.0004999143029390743
2023-02-15,0.0020270954584346804,0.0018323822160863687
2023-02-16,0.0035546230674884834,0.0035437518913527806
2023-02-17,0.004014821791411631,0.0034141444492826333
2023-02-20,0.0017436017679386467,0.0013869574486197233
2023-02-21,-0.002568180986626174,-0.0027292883666452895
2023-02-22,0.002537923153542842,0.0018116180548735628
2023-02-23,-0.005460306548348976,-0.005264316115971095
2023-02-24,0.00506000148496506,0.00479617141153206
2023-02-27,0.006697855334865586,0.006407785721377014
2023-02-28,0.015464406113906677,0.015685409856575235
2023-03-01,0.0011021773863282474,0.001837476899222684
2023-03-02,-0.004470566233689312,-0.004386415322465753
2023-03-03,-0.0027325068735283226,-0.0015320062232488997
2023-03-06,0.008020885404162374,0.0077802605840264745
2023-03-08,-0.001376629295586301,-0.0006333939734020576
2023-03-09,-0.0024165661803558077,-0.0026022110291227035
2023-03-10,-0.008546788905382761,-0.00819507138104888
2023-03-13,-0.011705675860330922,-0.012426833669872678
2023-03-14,-0.012719514891963093,-0.012504698708797632
2023-03-15,0.0036355275010819,0.0036266048385299693
2023-03-16,-0.013235471506006796,-0.012827185239537568
2023-03-17,-0.005538703592903708,-0.005423260348593245
2023-03-20,-0.004427825454120144,-0.0047140570073294814
2023-03-21,0.014844927022781692,0.014625032726152674
2023-03-22,0.0079843634063636,0.007540501479537781
2023-03-23,0.0008565862111022853,0.0007323694642648543
2023-03-24,-0.004631915036469074,-0.005009494767792254
2023-03-27,-0.008668233122134146,-0.008769025887630802
2023-03-28,0.0016254642042286159,0.0013896652426044248
2023-03-29,0.021860922352094667,0.022321046849171248
2023-03-31,0.010312435201726582,0.009911365220764625
2023-04-03,0.00010619682211745855,0.000772666549394176
2023-04-05,0.0008433441353828092,0.0006742463301461281
2023-04-06,0.0025146932785515557,0.0025982817446035277
2023-04-10,0.00632060026793901,0.006496832554349333
2023-04-11,-0.00041340368109987573,2.7875185701031985e-06
2023-04-12,0.004398331999009871,0.004611001309533534
2023-04-13,0.005300912996556073,0.005343117022650354
2023-04-17,0.0069836374435741175,0.006854582917904934
2023-04-18,0.0004916973538583071,0.0005344039973541419
2023-04-19,-0.005250258860877302,-0.00488300546401551
2023-04-20,-0.006879532770781443,-0.006223675524078782
2023-04-21,-0.0025723550756869195,-0.002857701818390818
2023-04-24,0.009532491663973132,0.009442693852289873
2023-04-25,0.0030148454629406827,0.0027975625677295955
2023-04-26,0.010528813150845742,0.010847318181825322
2023-04-27,0.005157965464773118,0.005746082196129449
2023-04-28,0.00744925197270734,0.007758747493413299
2023-05-02,-0.004353072317990915,-0.004391844182259464
2023-05-03,-0.0004574452618240525,-0.0008079170874280263
2023-05-04,0.005285015665590994,0.005481259007253124
2023-05-05,-0.004590946836046075,-0.004929422932131205
2023-05-08,0.007707268560865304,0.008054637004601522
2023-05-09,-0.005786254274578094,-0.005375626721172966
2023-05-10,0.0038343049812717815,0.003840334662669163
2023-05-11,0.009337240774854282,0.009409711458734425
2023-05-12,0.0003192933479197188,0.00038687961815682517
2023-05-15,0.008554188632886857,0.008880488960524601
2023-05-16,-0.003477803460443627,-0.003497936011401301
2023-05-17,-0.004647345415207435,-0.00441458709908881
2023-05-18,-0.005619673868549243,-0.0056899214844610135
2023-05-19,-0.0017879574660475278,-0.0019086384286313564
2023-05-22,0.007564639054554089,0.007968849508677382
2023-05-23,-0.0015931001158861163,-0.0013183032450766739
2023-05-24,0.0029696033143882935,0.0028632646795397026
2023-05-25,0.004723614294059871,0.0046207296951736206
2023-05-26,0.014256812585403374,0.01407529795620034
2023-05-29,-0.0009005804837188736,-0.0011101657596767891
2023-05-30,0.008521960007630593,0.00842385781988314
2023-05-31,-0.003268993188004883,-0.002736226425013987
2023-06-01,-0.0046070813957913475,-0.004598560107134549
2023-06-02,0.005627847326139488,0.005432918400026713
2023-06-05,0.00973080914507348,0.009363558051237005
2023-06-06,0.006663716659307735,0.006301164162816905
2023-06-07,0.014267100212972856,0.014075319665016324
2023-06-08,-0.00375733215957017,-0.003637588762950769
2023-06-09,-0.0017162416483000108,-0.001779737994285029
2023-06-12,-0.0003868094003728496,-0.00040179181514601924
2023-06-13,0.014758316982264227,0.014152890178449565
2023-06-14,0.005035654607656715,0.004994595466923073
2023-06-15,-0.0002265725298243262,-0.00013764067615659845
2023-06-16,0.010511332563962328,0.010468780123684518
2023-06-19,0.0030440590590984323,0.0029564233240831515
2023-06-20,0.0030306673747680702,0.0031337365436234586
2023-06-21,0.0032004124031059,0.0034835016993355755
2023-06-22,-0.0001135154231714189,-0.0006202330779015302
2023-06-23,-0.005497608252259942,-0.005878385191069059
2023-06-26,0.011218059513222243,0.011641441146329165
2023-06-27,-0.0027313999876196027,-0.002510245148521855
2023-06-28,0.0017538951491107254,0.0020462330941583263
2023-06-30,0.0029388181518505275,0.003182816502472349
2023-07-03,-0.0007022915220667694,-0.0008037107958668354
2023-07-04,1.9820876230803007e-05,0.00045541303359552003
2023-07-05,0.0028265970625049154,0.0032889097024684506
2023-07-06,0.005928456586186623,0.006149832116203972
2023-07-07,-0.010037593141590256,-0.010058571152373958
2023-07-10,0.0010503027431439048,0.0011285618991040214
2023-07-11,-0.0018016453150457548,-0.0015726770115478113
2023-07-12,0.004417501550898255,0.004555505382895864
2023-07-13,0.0012074276004742875,0.0008386456384886983
2023-07-14,0.006700119700630301,0.0071184415470669305
2023-07-17,0.002784613463401019,0.0025912219325925413
2023-07-18,0.001897740372582074,0.0017445881442118315
2023-07-19,0.006009453829319833,0.006172384986005006
2023-07-20,-0.002670241796691955,-0.002329954140921823
2023-07-21,-0.005141031642041517,-0.004938843023876378
2023-07-24,-0.0036478519897264884,-0.0036994514077842064
2023-07-25,0.00017137694849713624,0.0002600938532519661
2023-07-26,-9.880138853305458e-05,-1.6500899173829952e-05
2023-07-27,0.003642476147387284,0.0036710801108369643
2023-07-28,0.01127732768713585,0.01092170964096569
2023-07-31,0.01633452208218129,0.01609293666353504
2023-08-01,0.010709115913919078,0.01035431342175331
2023-08-02,-0.012902845984153808,-0.013041479622332491
2023-08-03,-0.0010558244446886127,-0.0006553147552653141
2023-08-04,-0.0033220160110834563,-0.0031077535506015643
2023-08-07,-0.0006383898528198768,-0.0005129824810416307
2023-08-08,0.007673847205109959,0.007611803379963662
2023-08-09,0.008441383654543574,0.008522714266141347
2023-08-10,-0.0025140944291794647,-0.002419161076943103
2023-08-11,0.005487512587072911,0.005161719138908443
2023-08-14,-0.007369604738317096,-0.007600130325193002
2023-08-16,0.007678364057158532,0.007417986433559279
2023-08-17,0.0016057435958529637,0.0017940214136230768
2023-08-18,0.003181439177700256,0.0030493147413994718
2023-08-21,0.005614617634413703,0.005647519700759293
2023-08-22,-0.001477351697138314,-0.0013244464392261253
2023-08-23,0.0034551839908650264,0.003358837839560277
2023-08-24,-0.009406517349784921,-0.00936101640307968
2023-08-25,-0.013898036553588998,-0.013572252456977242
2023-08-28,0.0016904707621824206,0.0015408450785476186
2023-08-29,-0.0008616981602612922,-0.0006216837972790033
2023-08-30,0.006731078768177741,0.00657370361715192
2023-08-31,0.013413186011539267,0.012911280092003768
2023-09-01,0.011553800538960943,0.011389804707554534
2023-09-04,0.001666827427073032,0.001455622301012284
2023-09-05,0.005502680059366331,0.005950575490041889
2023-09-06,0.006051234080875506,0.005892492998650542
2023-09-07,0.017485032242254315,0.01727815836108595
2023-09-08,0.007894956924619978,0.008004311071323445
2023-09-11,0.009805556103963223,0.010086183284795524
2023-09-12,-0.012671448509188072,-0.013638964122264435
2023-09-13,0.011406029447668189,0.011340922337504531
2023-09-14,0.006112899171997663,0.006181396637510332
2023-09-15,-0.0069103115097630995,-0.006311789608087052
2023-09-18,0.009357402714809181,0.00904943111752655
2023-09-20,-0.0035092924113144836,-0.0038183565686851326
2023-09-21,-0.013698989382319764,-0.01363171705154412
2023-09-22,-0.006843568655603825,-0.006283779356503344
2023-09-25,0.005342311909326292,0.005395064841533003
2023-09-26,-0.0026272749320870965,-0.002589115193823649
2023-09-27,-0.0024738256865790157,-0.0023781898107188915
2023-09-28,-0.0030451842849232927,-0.0030729864902015996
2023-09-29,0.014542084158684946,0.014354919086950252
2023-10-03,0.001862673486031303,0.0020362801321930834
2023-10-04,-0.010052702430871554,-0.010238513789172208
2023-10-05,-0.005613905203027222,-0.005587019162524332
2023-10-06,-0.0027391964119702268,-0.002432562287513804
2023-10-09,-0.008237090397213412,-0.008527563504299063
2023-10-10,0.008297669753762917,0.008610891897442796
2023-10-11,0.005846993312359013,0.005689942956680413
2023-10-12,0.0010497795662075713,0.0010657568541026423
2023-10-13,-0.001905996166022458,-0.0019827872932102323
2023-10-16,-0.005699125480822189,-0.005380085198571766
2023-10-17,0.0034833040237377665,0.003455697270415413
2023-10-18,0.010113708769239617,0.009701933131540535
2023-10-19,0.003345463886735437,0.003125366539236618
2023-10-20,-0.007934167435533584,-0.008238429402361873
2023-10-23,-0.02267194948651976,-0.022953253503483827
2023-10-25,-0.003631162881682339,-0.003828976447750698
2023-10-26,-0.017827133900602955,-0.01743006310735429
2023-10-27,0.019705160149374398,0.019840480868700026
2023-10-30,-3.586464135792954e-05,-6.667198453185125e-05
2023-10-31,0.0019778943869285153,0.0019659572650418565
2023-11-01,0.010508136970588467,0.010127335413033059
2023-11-02,0.0032607148341331094,0.003581695545958631
2023-11-03,0.007903532851235425,0.007879826270891873
2023-11-06,0.013940927230211297,0.013971830085725988
2023-11-07,0.00511056497217721,0.005357168075226453
2023-11-08,0.001020053699695554,0.0011687168956977835
2023-11-09,-0.002054212257740685,-0.0018432272657904285
2023-11-10,0.005401245282179663,0.005319796737957795
2023-11-13,0.002846760789028239,0.0030155314564001383
2023-11-15,0.002579737323211156,0.002819869869169095
2023-11-16,0.0014770361797516141,0.0015663677888272986
2023-11-17,0.0019635742872481854,0.0020389648860995326
2023-11-20,-0.0004728640703971955,-0.0004381618167713027
2023-11-21,0.0051965144731857555,0.005249157002737712
2023-11-22,0.004995651472771924,0.0051760499773819526
2023-11-23,0.0035650739228534943,0.00344582279928085
2023-11-24,0.0029693705299349694,0.002639106413709921
2023-11-28,-0.0055237130778684595,-0.005057921569138078
2023-11-29,-0.0015727416173708288,-0.001303730346143022
2023-11-30,0.022029717225004308,0.02162951870598942
2023-12-01,0.0038357749848698898,0.003927900859205725
2023-12-04,0.005891746641518751,0.006115880512595612
2023-12-05,0.0012192608593849692,0.0016413076180790108
2023-12-06,-0.012670322621623676,-0.012241426937730731
2023-12-07,0.0020085002005894173,0.0021075032193906664
2023-12-08,0.0022405543377749305,0.002030598218520975
2023-12-11,0.00449967736117948,0.004247347716350728
2023-12-12,-0.0070816319448991786,-0.007077343774232404
2023-12-13,0.004198799689575795,0.00434843350412882
2023-12-14,0.004976660133564013,0.004808440463760947
2023-12-15,0.000294105079347598,0.00022188532894076648
2023-12-18,-0.004540535865755169,-0.004356167163000161
2023-12-19,0.009503830687881978,0.0092637696481923
2023-12-20,-0.014185631652501855,-0.014652012327835431
2023-12-21,0.006544751069056456,0.006684947654438379
2023-12-22,0.0047346198177051595,0.004587756015828235
2023-12-26,0.0037540365552013576,0.003889941134598306
2023-12-27,0.004731871445583802,0.004279571908468563
2023-12-28,0.009383432723145341,0.009047795328704322
2023-12-29,0.014554644782036089,0.014133401351964357
2024-01-01,-7.351258756858111e-05,0.00010718554178844444
2024-01-02,-0.0065676575827376986,-0.00607542313896538
2024-01-03,-0.011785201807715735,-0.011297317414168978
2024-01-04,0.0019682872914836436,0.0026653395326637066
2024-01-05,0.004702782527515472,0.004584397198486272
2024-01-08,-0.009776960334510138,-0.009488429190399363
2024-01-09,-0.0011114968430412711,-0.0007853214922658139
2024-01-10,-0.005951618529547253,-0.005561476908661268
2024-01-11,0.003367158520957666,0.0032675534233091745
2024-01-12,0.0007313273777054069,0.0006824858898910127
2024-01-15,0.013505483760031259,0.01321664314870115
2024-01-16,-0.002978999939232123,-0.0031986097841165133
2024-01-17,-0.010467694614760329,-0.010633929145780414
2024-01-18,0.0018086469603648132,0.0015633363599712254
2024-01-19,0.007107401929556758,0.006999672667313758
2024-01-23,-0.021531186734929222,-0.02154634442266218
2024-01-24,0.001413145392291262,0.0014623392884698095
2024-01-25,-0.010955505373176792,-0.010216756288686577
2024-01-29,0.013775341967194474,0.013952801477492238
2024-01-30,-0.002222741509351846,-0.0021325934176762446
2024-01-31,0.013408551278954852,0.013470767099368536
2024-02-01,-0.010111283594279664,-0.009567759745910663
2024-02-02,-0.004865539688400392,-0.005067020360240105
2024-02-05,-0.00971573111959669,-0.00963881146383614
2024-02-06,0.0028165603513365914,0.003509517315485971
2024-02-07,0.014589760989888829,0.0143544656696644
2024-02-08,-0.010470623929367673,-0.009978940768185859
2024-02-09,-0.0030887566997289647,-0.0031863525439859495
2024-02-12,-0.005044138380840647,-0.005834550958777959
2024-02-13,0.0049885045147048165,0.005113461333185995
2024-02-14,0.00017391188702983306,0.0007086521022750488
2024-02-15,0.017419018342611402,0.017455760514454702
2024-02-16,0.009469044375432846,0.009355349401321681
2024-02-19,0.013805428860511877,0.013779029068569672
2024-02-20,-0.0021837176605174207,-0.0022252531760581663
2024-02-21,-0.00542708487683849,-0.005478387711175224
2024-02-22,-0.0024623088662577407,-0.0023010441675313754
2024-02-23,-0.0008783903491747658,-0.0008051578752120524
2024-02-26,-0.00231405899991251,-0.0021506025734874474
2024-02-27,0.006770046172266859,0.006667560306257092
2024-02-28,-0.004552959007044156,-0.0048290051015683465
2024-02-29,0.006190305697341091,0.006332638255501934
2024-03-01,0.007512309564918445,0.007547847222396983
2024-03-04,0.004781871757264333,0.004958446831617308
2024-03-05,-0.006240100354486735,-0.0062401779973035205
2024-03-06,-0.015037060536296453,-0.014878793967906855
2024-03-07,0.002544239162894197,0.0026231903697139258
2024-03-11,-0.00897550750452152,-0.009254019432733403
2024-03-12,-0.01006560308983587,-0.010293733008273919
2024-03-13,-0.016597495543047663,-0.017543372315922647
2024-03-14,0.004575439591148936,0.005203745330825566
2024-03-15,0.006596312621758015,0.006527483997347264
2024-03-18,0.015409401995413163,0.015206979204895615
2024-03-19,-0.011982188613777351,-0.011892439988463625
2024-03-20,-0.003138674559086192,-0.002723443889606813
2024-03-21,0.008922453076339832,0.009482197710835935
2024-03-22,0.00025662747693576296,0.00043015451445715865
2024-03-26,0.0012259895795467906,0.0012809954157957863
2024-03-27,-0.0008994566359948872,-0.0007636658477411997
2024-03-28,0.003934464238025173,0.004211989390139067
2024-04-01,0.013756015805295426,0.01404829846757892
2024-04-02,0.007141904676646922,0.007272388977519964
2024-04-03,0.0012732953763294496,0.0014806651713710932
2024-04-04,0.0015134451103445475,0.0014470142147731142
2024-04-05,-0.0003029427909074738,-1.874283816889245e-05
2024-04-08,-0.0019810077519398007,-0.0021408805348780186
2024-04-09,0.0018338727582518396,0.0020821104408332318
2024-04-10,0.004633909953277463,0.00473836693753582
2024-04-12,-0.01481696028432402,-0.014684467106234451
2024-04-15,-0.005186034050663856,-0.00518535176312633
2024-04-16,0.0033741773895281353,0.0035964493290053376
2024-04-18,-0.0009090218134175406,-0.0007606508619904466
2024-04-19,-0.00356360530631649,-0.003398649341143543
2024-04-22,0.010461671992857685,0.010128573736298207
2024-04-23,-0.006186521491754116,-0.005858434544741536
2024-04-24,0.003362419360716475,0.0034022605930631796
2024-04-25,0.016871523251890473,0.0167787924136311
2024-04-26,0.011099667892752206,0.011307292253214087
2024-04-29,0.007449163854207516,0.0071308617405924256
2024-04-30,-0.0017162236784135708,-0.0017467119691002258
2024-05-02,-0.0069297671539737885,-0.006629587331388405
2024-05-03,-0.005263484119981373,-0.005118581477742941
2024-05-06,-0.003932984675600493,-0.0041624016995870095
2024-05-07,0.0029546539990210293,0.002407386742111446
2024-05-08,0.0015565748395564853,0.0019594893635202486
2024-05-09,-0.01134098812997253,-0.011604519459669182
2024-05-10,0.005561406805475937,0.005837425426716834
2024-05-13,-0.005954317092243225,-0.005969054497803791
2024-05-14,0.011084813344631548,0.011373368046188272
2024-05-15,0.004884841832456307,0.005024681358490552
2024-05-16,0.014435646300973656,0.01423595432305841
2024-05-17,0.009632394549531442,0.009678258313409986
2024-05-21,0.0017227851828939336,0.0017281633143145022
2024-05-22,0.0018793833285769476,0.0016208957498608971
2024-05-23,0.004979081044661293,0.004963628124831936
2024-05-24,0.004684040083287039,0.004622562613313573
2024-05-27,0.028267452618864108,0.027174613513678517
2024-05-28,0.008084425514803534,0.007485055609324989
2024-05-29,-0.011137712825879682,-0.010587693342704173
2024-05-30,0.011724058338451106,0.011306131395260417
2024-05-31,0.020736768838409574,0.019834733217674674
2024-06-03,0.02087813394169616,0.02112326628120938
2024-06-04,-0.03448412863482763,-0.035935040512899113
2024-06-05,0.029869139429458156,0.030159947959552773
2024-06-06,0.004583094196224845,0.0052869587945738785
2024-06-07,0.022202645823072877,0.022038372864170902
2024-06-10,0.011443110963813386,0.010864375069697202
2024-06-11,0.010373869314534212,0.010282357326835545
2024-06-12,0.008021697934206254,0.007834547810641072
2024-06-13,-0.0031271009133768753,-0.0028858849203506026
2024-06-14,0.004133366850965636,0.004338373166509268
2024-06-18,0.0074045448649542765,0.007828908818303665
2024-06-19,-0.021056393947190975,-0.020695259571292673
2024-06-20,-0.0037533697489008228,-0.003158344297291779
2024-06-21,-0.004987129125500619,-0.004709604548573605
2024-06-24,0.008291688380102684,0.008113457597881643
2024-06-25,0.0006940459746250865,0.0008556769980871779
2024-06-26,-0.004439703658710017,-0.004733438250723919
2024-06-27,0.002860974678610851,0.002465257060280488
2024-06-28,0.005031548874118221,0.005139953209781013
2024-07-01,0.023870711507336096,0.023364798017583118
2024-07-02,-0.005825412196045643,-0.005706900025897084
2024-07-03,0.0031399216119910728,0.0033553424674727943
2024-07-04,0.003534361362527559,0.003604436671786065
2024-07-05,0.008648089760475975,0.008624965853101848
2024-07-08,-0.005443623481730733,-0.005496848643599292
2024-07-09,0.03184410400667865,0.0311459319196593
2024-07-10,-0.017681293902095083,-0.01747428093166242
2024-07-11,0.002841380302105489,0.002965726580108612
2024-07-12,-0.006942153902779768,-0.0068465436446052035
2024-07-15,0.004962267291491006,0.00480910883751061
2024-07-16,0.0017245914000203304,0.0018359999750511944
2024-07-18,-0.00767108122997635,-0.007840962667780765
2024-07-19,-0.01943227869083062,-0.019455594395588444
2024-07-22,0.013332657286186949,0.013037452817580614
2024-07-23,0.0035654695217423793,0.003567306184685072
2024-07-24,-0.002625159982911384,-0.002144212249545658
2024-07-25,0.0016075431148921255,0.0016475313490439878
2024-07-26,0.00983476705893815,0.009834697864292708
2024-07-29,0.013099145141035714,0.012953183359973657
2024-07-30,0.004377301500559687,0.004632806007296039
2024-07-31,0.00515105987973893,0.005393640126561739
2024-08-01,0.0013637519027227924,0.0011449251613564026
2024-08-02,-0.008403148184038856,-0.008272658532545064
2024-08-05,-0.03355114566423459,-0.033773938889883254
2024-08-06,0.00014566066603488977,0.00035581211980597574
2024-08-07,0.01905852015053138,0.01922402051158846
2024-08-08,-0.0002205819115292373,0.000335075870505201
2024-08-09,-0.0014524094378767518,-0.0013372404956148044
2024-08-12,0.0050036691129762365,0.004852982631365987
2024-08-13,0.013012037144606688,0.01285671444085728
2024-08-14,-0.004030772794863147,-0.003954891667230629
2024-08-16,0.013507006411026376,0.013495844999559647
2024-08-19,0.004972060029523991,0.005068565628190836
2024-08-20,-0.0024426502975958414,-0.002231214462300531
2024-08-21,-0.0025823389101903237,-0.002164228044177848
2024-08-22,0.0029791748254590095,0.0028387104672226867
2024-08-23,-0.0032156435341330423,-0.00326067537757995
2024-08-26,-0.0033526126750162413,-0.003334616926579547
2024-08-27,0.004470091480357628,0.0047279325634985055
2024-08-28,-0.0016714069474567923,-0.0016846055113560626
2024-08-29,-0.008564390925858758,-0.008587413411451052
2024-08-30,0.005021242408208666,0.004841248104314006
2024-09-02,-0.001684391808553883,-0.0017519531135731475
2024-09-03,0.007673548680408028,0.00751354826135936
2024-09-04,0.015061892138686195,0.015253931666046829
2024-09-05,-0.0010534515351645155,-0.001181665025440936
2024-09-06,-0.001670340120050146,-0.0019079511089991764
2024-09-09,0.0028694705757842435,0.002468213742543708
2024-09-10,0.007912185114798886,0.008086777898776494
2024-09-11,-0.00470893799267915,-0.004604738660337298
2024-09-12,0.011941799630054211,0.01205933736892359
2024-09-13,0.003221802988330153,0.0032190546062209934
2024-09-16,-0.006805948642891556,-0.006477494213919568
2024-09-17,-0.003738278169230002,-0.0037693588945955842
2024-09-18,-0.004633686679825642,-0.004580386238594667
2024-09-19,0.0007853975306030378,0.0006152488804820633
2024-09-20,0.0004247965899052122,0.0007036872278379199
2024-09-23,0.008949202744145946,0.00891025731962142
2024-09-24,0.004340442224831833,0.0043649206497709744
2024-09-25,0.0007324573933692828,0.0005752601266945134
2024-09-26,0.005853876703875884,0.005511599138494547
2024-09-27,-0.0012658209166755891,-0.0014808652464325053
2024-09-30,-0.0011766823299552765,-0.0007243253306673826
2024-10-01,0.004591429222098237,0.004629664922358864
2024-10-03,-0.006751063243797372,-0.00701545073306125
2024-10-04,-0.02092155499468369,-0.02067542506711074
2024-10-07,-0.020108832701672047,-0.02012919650256423
2024-10-08,0.012654365885059162,0.013162185807334185
2024-10-09,0.010441969320283434,0.010341302655928997
2024-10-10,-0.0036877513458372243,-0.0034906068981951453
2024-10-11,0.016158816209042706,0.016089715244899393
2024-10-14,-0.008486830395029715,-0.008286614467179357
2024-10-15,0.009016738152430778,0.008843154343592365
2024-10-16,-0.004139358533445892,-0.003709597152675912
2024-10-17,-0.018783713335533518,-0.018499047445692987
2024-10-18,-0.011130766648068727,-0.010959840751464039
2024-10-21,-0.009331258082059486,-0.00971990407808462
2024-10-22,-0.015063630913596244,-0.015220525739836531
2024-10-23,-0.009017890691619795,-0.008777831318527286
2024-10-24,0.0028276128502507177,0.0023948993739921825
2024-10-25,-0.0008470672103437686,-0.0012133688457204716
2024-10-28,0.0026975568704318475,0.0027629158508825566
2024-10-29,-0.0014612213421012297,-0.0012336132228241052
2024-10-30,0.006950635824753746,0.00702344420741676
2024-10-31,0.018939830217538953,0.019070313651149022
2024-11-01,0.007856520770810917,0.007870361831163665
2024-11-04,-0.008081439568043912,-0.008186518747140973
2024-11-05,0.003876681749956262,0.0037928630912743254
2024-11-06,-0.00019612394377621964,0.0002665709253714848
2024-11-07,-0.012541583280131987,-0.012458010828731653
2024-11-08,-0.007360877425421133,-0.0076569217326344415
2024-11-11,-0.0051911411710137325,-0.005156852867664116
2024-11-12,-0.007373890756062571,-0.007443059791534558
2024-11-13,-0.018158813982186106,-0.018382438577710016
2024-11-14,0.003151898187916718,0.0034224033507694682
2024-11-18,-0.012339671167979507,-0.012169597912387241
2024-11-19,0.015853507135622998,0.015693607070798962
2024-11-21,0.008746370859257372,0.007824423316039513
2024-11-22,0.010699506763169856,0.010717108200371146
2024-11-25,0.013494788696078536,0.013749759647729225
2024-11-26,-0.009371418644718486,-0.008693802850123047
2024-11-27,-0.014771078827528922,-0.013473516552746442
2024-11-28,0.0013927448919219241,0.0011343295611323395
2024-11-29,0.01060929622861422,0.010289397845046832
2024-12-02,-0.003211885144842196,-0.003282756314516537
2024-12-03,0.00595614329617245,0.006146170550926574
2024-12-04,0.006821309132349632,0.006598667312083025
2024-12-05,0.0019922385554142965,0.0019087229066610174
2024-12-06,0.003514142677774732,0.003572508586949572
2024-12-09,-0.006409823661396794,-0.006203149933596406
2024-12-10,0.007256303391998864,0.00733948810256154
2024-12-11,-0.002031253576411545,-0.002265668742227198
2024-12-12,-0.015421804813727064,-0.015339855668582356
2024-12-13,-0.00038299002385310476,-0.0006667735441228289
2024-12-16,0.004640922729424537,0.004639325867944771
2024-12-17,-0.012835614697755455,-0.012829228868062521
2024-12-18,0.0024584791208390635,0.0021379532334822753
2024-12-19,-0.0036009898192509862,-0.0036765417684300724
2024-12-20,-0.016145453465707275,-0.016151980818106527
2024-12-23,-0.0062379423483931605,-0.0063813932070790275
2024-12-24,0.00448089454346523,0.004339633671974262
2024-12-26,-0.0030700108221487833,-0.003036611468995948
2024-12-27,0.006008018107735563,0.0059599716792596335
2024-12-30,0.013470226800085626,0.013087750484650098
2024-12-31,0.021585696396771426,0.021158899441786134
2025-01-01,-0.0012352206197542427,-0.0009706237954144715
2025-01-02,0.00038227891085940906,0.0001935941143541705
2025-01-03,0.0046190905585295535,0.0045834374022216615
2025-01-06,-0.022895177724085232,-0.023142474353778173
2025-01-07,-0.0019428830900056267,-0.0017344177602634766
2025-01-08,-0.0143981269616477,-0.014521452832374021
2025-01-09,-0.0069024235573195225,-0.007084952552327404
2025-01-10,-0.01699263979364603,-0.016972646352033795
2025-01-13,-0.02546060331081311,-0.025887626533476572
2025-01-14,0.007630588028597689,0.008495247566377366
2025-01-15,-0.001594967427401962,-0.0016948655787480307
2025-01-16,0.005687148806101743,0.006041176689683328
2025-01-17,-0.005044647356064271,-0.004934875835658147
2025-01-20,0.00244087677141791,0.0027251651595005316
2025-01-21,-0.009350437070617761,-0.00981302747137485
2025-01-22,-0.002039910508020921,-0.002260846120813672
2025-01-23,0.013849714278306297,0.013120868019924315
2025-01-24,-0.017940464492398542,-0.018025417462595287
2025-01-27,-0.02692296299093686,-0.027033007323899197
2025-01-28,0.0011396729594304951,0.0008258841848070848
2025-01-29,0.03841740851524438,0.03834876383552425
2025-01-30,-0.005009987677278497,-0.0049563672494510064
2025-01-31,0.010449651043639664,0.010950667903897504
2025-02-01,0.01850116493351603,0.018244318775005534
2025-02-03,-0.0036732574444791727,-0.0037389079493835883
2025-02-04,-0.0018785917728291741,-0.0016926362293319661
2025-02-05,-0.0016523499985074152,-0.0012764087184122309
2025-02-06,-0.013514292366737747,-0.013473919641479488
2025-02-07,0.0240916963950038,0.023526229548274533
2025-02-10,-0.013327191720431984,-0.01339036020823601
2025-02-11,-0.02313461950609879,-0.023308956079737868
2025-02-12,-0.0009958592409278352,-0.0009910550225606474
2025-02-13,-0.0002168367420303602,-0.000382751826324159
2025-02-14,-0.018241478608267938,-0.0183283844510313
2025-02-17,0.004126683136182695,0.0038360350378756638
2025-02-18,-0.019618511362493,-0.01928152792172052
2025-02-19,0.008755201657513511,0.00879413640185482
2025-02-20,-0.0005707248881072015,-0.00021586912429860075
2025-02-21,-0.007896070237171956,-0.007727168572569433
2025-02-24,-0.007574581434155668,-0.007837197048408295
2025-02-25,-0.0019244477633487689,-0.0020633138352843757
2025-02-27,-0.006470615922737052,-0.0065613490643016605
2025-02-28,-0.02867948990521635,-0.028274713796402513
2025-03-03,0.013200097187987246,0.012967451263606593
2025-03-04,0.00924032839990754,0.009334429055918983
2025-03-05,0.013570759496072032,0.013959531194690627
2025-03-06,0.011987003491164576,0.012291721902621736
2025-03-07,0.0034832129310219456,0.003891155827365554
2025-03-10,-0.006072135971346629,-0.00653369785522561
2025-03-11,-0.008772746861439728,-0.008958574075374964
2025-03-12,0.007659872341740729,0.007300434511477615
2025-03-13,-0.0008393079131116175,-0.000765461387334251
2025-03-17,0.004145982027976211,0.00393065030800874
2025-03-18,0.0,0.0
2025-03-19,0.03025090096054591,0.030644670924121674
2025-03-20,0.0020846158546384253,0.0024091594968660935
2025-03-21,-0.001008905929464647,-0.0008581851348705475
2025-03-24,0.0021312137126526963,0.002252933033037817
2025-03-25,0.006223133932625066,0.005414103127206419
2025-03-26,-0.005282706996478868,-0.005397932860974493
2025-03-27,0.00672167051830754,0.00659407156415927
2025-03-28,-0.0012640001610102626,-0.00120770103599817
2025-04-01,-0.012310947816629603,-0.012030005569766012
2025-04-02,0.009240016467623673,0.009111121059039622
2025-04-03,0.0025491389452739176,0.0021756877565972297
2025-04-04,-0.02146486494966243,-0.021953238636310653
2025-04-07,-0.024504079225213665,-0.024661410043739656
2025-04-08,0.01280235452998962,0.01272002709555786
2025-04-09,-0.007139637975319531,-0.007375296070360034
2025-04-11,0.023524312154785135,0.023760311237799134
2025-04-15,0.024544631328104652,0.024799532004561677
2025-04-16,0.010685241627518204,0.010878334875443084
2025-04-17,0.005437049551538131,0.005399610103183362
2025-04-21,0.013036859187127159,0.013059819663720214
2025-04-22,0.005937504374807176,0.006032396723892028
2025-04-23,-0.001505464774689017,-0.0013111714420651868
2025-04-24,0.003975838569988733,0.0035331069732163368
2025-04-25,-0.02659740672959278,-0.027075556350578615
2025-04-28,0.00500155679205738,0.005321881767162189
2025-04-29,-0.007257603954696567,-0.006962886434971153
2025-04-30,-0.011426078749608817,-0.011489495179618555
2025-05-02,-0.006139006662056813,-0.0060161592597288765
2025-05-05,0.009347457340394652,0.009849885603565178
2025-05-06,0.006950972496522068,0.00654613154375409
2025-05-07,0.016733205575701397,0.016899068327591815
2025-05-08,-0.0014883664529014742,-0.0018102617102994049
2025-05-09,-0.0022673867813260877,-0.002247130718365901
2025-05-12,0.02056226529806267,0.021063449731739278
2025-05-13,0.0012690645411598588,0.001283020152379362
2025-05-14,0.003968797690808669,0.004364714612915376
2025-05-15,0.015674286344672776,0.015268944184360773
2025-05-16,-0.002048180612688555,-0.0016597375209226415
2025-05-19,0.012818662889606274,0.0126497231512442
2025-05-20,-0.009444274207458555,-0.009263601102825675
2025-05-21,0.002740513095759082,0.0025698458773014913
2025-05-22,-0.001792758611739646,-0.00183731374848794
2025-05-23,-0.00630267963732549,-0.006143394034850672
2025-05-26,0.007822845628525355,0.007925492189393542
2025-05-27,-0.0034356047573216378,-0.0029198527197409167
2025-05-28,-0.012107842460202238,-0.011977605453746796
2025-05-29,0.003302855230066171,0.0033740204267368166
2025-05-30,0.007135794900477748,0.007107249361165742
2025-06-02,-0.0021506630256943435,-0.0018162240653584421
2025-06-03,-0.002671898358939529,-0.0024354098437537205
2025-06-04,0.004087159794593153,0.0042576620243637755
2025-06-05,0.0015410610304864036,0.0015453670991780748
2025-06-06,0.009044649129795005,0.009131068806603962
2025-06-09,-0.0021632400068289774,-0.0019046025389323447
2025-06-10,0.00609413378968504,0.005847722441982146
2025-06-11,0.007512422123329293,0.007327648804915607
2025-06-12,-0.017914219561972634,-0.0179144079434207
2025-06-13,-0.0060598096266446105,-0.005925797678901013
2025-06-16,0.0056483913848949805,0.005354006327276041
2025-06-17,-0.00041754211479652994,-0.0005511603249387424
2025-06-18,-0.0071037027682036465,-0.0072368477952928735
2025-06-19,-0.0035630058851810415,-0.003986341329014781
2025-06-20,0.000777784444320802,0.0008799943347809122
2025-06-23,0.006059016917172624,0.006178570005995801
2025-06-24,0.014555271710138845,0.01442284247180716
2025-06-25,0.010783238224601206,0.010472496487589134
2025-06-26,0.007471823997889543,0.007314984181900208
2025-06-27,7.7227309356494e-05,-0.000109008397015128
2025-06-30,0.002545267452273927,0.002790935936654545
2025-07-01,0.004101513465712074,0.003978209706200973
2025-07-02,0.010702830707517506,0.010290363857081125
2025-07-03,0.010076830937897909,0.010016770749097131
2025-07-04,0.0016651377056463473,0.0017292125223955061
2025-07-07,-0.0016127753432113236,-0.0015156970944487033
2025-07-08,-0.00046291075510936585,-0.0005949390045935902
2025-07-09,0.009708082883175392,0.009583571526059915
2025-07-10,-0.003735172427962687,-0.0037557436056206137
2025-07-11,-0.0037582529196314423,-0.0038748042399053923
2025-07-14,0.004353707116282851,0.004593385896845098
2025-07-15,0.005362058447273314,0.005568467975835971
2025-07-16,-0.004835381196886533,-0.004877228957083186
2025-07-17,0.009760532888705686,0.009685482828349017
2025-07-18,-0.0046892563061963054,-0.004787849619411274
2025-07-21,0.0002598964848522108,0.0003161571030455309
2025-07-22,-0.011309146957621703,-0.011270537617437982
2025-07-23,0.0009195728377111773,0.0008383977032032288
2025-07-24,-0.0063536654825722206,-0.006299345572516031
2025-07-25,-0.008765567128839639,-0.008951139483956221
2025-07-28,-0.00894922767203948,-0.009173888983864193
2025-07-29,0.0023466881197152407,0.002504274110485503
2025-07-30,0.0015229368194140268,0.001364962638677133
2025-07-31,0.008344055932701691,0.008029208726367375
2025-08-01,-0.009228897318692258,-0.00904905652276705
2025-08-04,0.014116421185229626,0.01423862106006166
2025-08-05,0.004561257819630642,0.0042844322026401845
2025-08-06,-0.009059682526438002,-0.008993738674641396
2025-08-07,0.004620008050235221,0.004444860916390502
2025-08-08,-0.003273043299426106,-0.003199464489412187
2025-08-11,0.008527368551433163,0.008072123284616135
2025-08-12,-0.00838369217304744,-0.008382847142703336
2025-08-13,0.005873296025560547,0.005822347772662498
2025-08-14,0.005050040480967159,0.0049061441733433955
2025-08-18,0.024906112854708284,0.02468291803781981
2025-08-19,0.00768217146712935,0.007825108942126178
2025-08-20,-0.002131842213106854,-0.002038354665386145
2025-08-21,-0.0013313955457544368,-0.0013921617491606884
2025-08-22,-0.008698102605864906,-0.008431885893196288
2025-08-25,-0.0074344743786961725,-0.007452700293426431
2025-08-26,-0.014352643895934112,-0.01468169307867382
2025-08-28,-0.014293539902833058,-0.01412847711215698
2025-08-29,0.007005867616333395,0.006808367017200944
2025-09-01,0.014406397804302248,0.014626520687323305
2025-09-02,0.0011791417817650673,0.001686845253805788
2025-09-03,0.0030708749254370663,0.003145801068772284
2025-09-04,0.000747676011760955,0.0007314042079275194
2025-09-05,-0.0028339848169427286,-0.002759334088270512
2025-09-08,0.0004181812028067809,0.00020438231340507058
2025-09-09,-0.0007257888744312645,-0.000567239936775529
2025-09-10,0.005878289010232652,0.006231854391207405
2025-09-11,0.0016037391695485914,0.0017522693421238114
2025-09-12,-0.0059691918461747,-0.005569224019730593
2025-09-15,0.0026720118925655065,0.002783438784198396
2025-09-16,0.008228527344327297,0.008430926488655913
2025-09-17,0.00028873372798381825,-3.484670626909495e-05
2025-09-18,-0.002109730895886334,-0.002031265195201205
2025-09-19,-0.009331847171129719,-0.009145140479730631
2025-09-22,0.0010518760582768113,0.0009192931936334676
2025-09-23,-0.01177939482490778,-0.011510205971651097
2025-09-24,-0.0020556659850417183,-0.0019857455443759867
2025-09-25,-0.005293228490590683,-0.005362367259162656
2025-09-26,-0.013967837151413134,-0.014235606899105881
2025-09-29,-0.006566188538466461,-0.006569531679316804
2025-09-30,-0.0003015789777999189,-0.00021000717470162308
2025-10-01,0.0037329098081621296,0.003915741745620739
2025-10-03,0.013744733608193081,0.013928121869080413
2025-10-06,0.001859126194134361,0.0016555435939834013
2025-10-07,0.005580733630514963,0.005460423125512758
2025-10-08,-0.015857560899047683,-0.01569074393418652
2025-10-09,0.01073357286271058,0.010528610914108267
2025-10-10,0.007302055715533149,0.00720037920249144
2025-10-13,-0.005078688368980101,-0.0049900646500153495
2025-10-14,-0.006483090100377292,-0.0064360795333236725
2025-10-15,0.00936721239922377,0.00919509437034911
2025-10-16,0.005396846214230071,0.00543102581137961
2025-10-17,0.00044920280815999514,0.0002354965418714174
2025-10-20,0.0024468735044732718,0.002396800534641674
2025-10-21,0.0013860103330531072,0.0014564223743249716
2025-10-23,-0.003884777646937621,-0.003574294180551893
2025-10-24,-0.005660431075937738,-0.005287668175234487
2025-10-27,0.007762761462668883,0.007778704817312475
2025-10-28,0.0020489399592575415,0.002153114623576191
2025-10-29,0.005409377650325686,0.005723718485299757
2025-10-30,-0.0024413729506997627,-0.002574472973969094
2025-10-31,-0.005349446214564215,-0.00539416884417449
2025-11-03,0.003038832300017099,0.0033475608656328205
2025-11-04,-0.0006047681931222173,-0.00038111391083582753
2025-11-06,-0.004156200733862922,-0.004643063501705483
2025-11-07,-0.007055262254840118,-0.0066224907469797
2025-11-10,0.005993084810952525,0.006410164879827664
2025-11-11,0.000654838394515169,0.0005291185692698621
2025-11-12,0.0023517327091395496,0.002619037902463985
2025-11-13,0.0027104439684465737,0.0024610793347465253
2025-11-14,0.00034652245031091176,0.0005061656960622903
2025-11-17,0.003319147114817082,0.003446559734382567
2025-11-18,-0.008542511778874435,-0.008547179041480581
2025-11-19,-0.0030909853907993704,-0.003012185824520102
2025-11-20,-0.002743498088192941,-0.0030177502991492067
2025-11-21,-0.009665492827165249,-0.009957873758276125
2025-11-24,-0.006019848833249552,-0.00591349034163555
2025-11-25,-0.00164264778849148,-0.0015491085331442484
2025-11-26,0.016239209051881608,0.01629016646364233
2025-11-27,-0.0018136992189774763,-0.0015915093136867546
2025-11-28,-0.0008895589576297686,-0.0007321646029010117
2025-12-01,0.012887658620998122,0.01277686601804021
2025-12-02,-0.008742122973118124,-0.009008370824546409
2025-12-03,-6.467463892860644e-05,0.0001488330137748537
2025-12-04,-0.0017003594924501152,-0.0018091752082128084
2025-12-05,0.0002019876413872387,6.781822481596346e-05
2025-12-08,-0.017682182324346592,-0.017981606503602986
2025-12-09,0.0006541253049869685,0.0011860024132747276
2025-12-10,-0.0027432971438119094,-0.0025310597089609286
2025-12-11,0.0032609623908703023,0.003054550491457011
2025-12-12,0.020680323165284197,0.02053805059129001
2025-12-15,0.0045784726122749106,0.0047315925048076295
2025-12-16,-0.006461332798931681,-0.006132330352957311
2025-12-17,-0.0035736916234909545,-0.0036316967270312115
2025-12-18,-0.0037252860421223177,-0.0035046311698227225
2025-12-19,0.0009403624236516324,0.0008751568283012379
2025-12-22,-0.0012218999494036556,-0.0010719335083037187
