Date,sample_return,lw_return
2015-07-08,-0.00036927695408978746,0.00041115857587174077
2015-07-09,-0.004217847488781506,-0.007087426117439711
2015-07-10,-0.002071267087510064,0.0004885123842343882
2015-07-13,0.010580302185471565,0.011060071444804235
2015-07-14,-0.00535001763313921,-0.0038408031858744992
2015-07-15,0.008020166808114765,0.0078152666909987
2015-07-16,-0.0013754266686296542,0.004704913320400569
2015-07-17,0.002091177318738573,0.00045473372300392845
2015-07-20,0.016460684443927683,0.01287521978510126
2015-07-21,-0.008869009231031798,-0.007721474715507353
2015-07-22,0.00763276556072287,0.00474001330299801
2015-07-23,-0.0001326822285682172,-0.0036445622852837346
2015-07-24,-0.013575370095262286,-0.011375357989529173
2015-07-27,-0.004131643594784907,-0.007913206642657745
2015-07-28,-0.005231991052131766,-0.00267034305717179
2015-07-29,0.01678797453014694,0.015034371274852696
2015-07-30,0.002729829898049704,0.0019424467721292288
2015-07-31,0.003471724905282526,0.0038225583593229037
2015-08-03,0.0027412231907459838,-0.0003207047993219499
2015-08-04,0.020086947612204815,0.01478166605985497
2015-08-05,0.009925333798463174,0.00555702652077234
2015-08-06,-0.005629370032680102,0.004373481571747481
2015-08-07,0.018020261127003754,0.010218894916994126
2015-08-10,-0.011024493857182356,-0.007853925930471588
2015-08-11,-0.0003990762975834036,-0.003980847034987629
2015-08-12,-0.008056974675555018,-0.01473987210822631
2015-08-13,0.01544490780101208,0.007026326714738214
2015-08-14,0.008352917646853109,0.010110430401014458
2015-08-17,-4.638746556675231e-05,-0.002558120198876965
2015-08-18,0.002248561193037075,0.0006188179495022287
2015-08-19,0.02071342421686768,0.013764424037129068
2015-08-20,-0.023476930730776925,-0.020132285306986356
2015-08-21,-0.014789134976383294,-0.014243899114787998
2015-08-24,-0.07069540120062541,-0.06903990962897069
2015-08-25,-0.013154263438582286,-0.002551965166328984
2015-08-26,-0.0014670583704630312,-0.0008422315461280727
2015-08-27,0.014395851402272546,0.017705962079074194
2015-08-28,0.002632518180688036,0.0010282992410676533
2015-08-31,0.015531501806353102,0.010886430490100197
2015-09-01,-0.016600439729413302,-0.019116433642999683
2015-09-02,0.012033928089670357,0.006330549251690622
2015-09-03,0.014359516941014224,0.01130474114294827
2015-09-04,0.010410193025269791,0.004033178872658576
2015-09-07,0.0008929211016764593,-0.003446150807741266
2015-09-08,-0.01020228439769965,-0.005689659383447437
2015-09-09,0.01997990527529697,0.01599395889674266
2015-09-10,-0.011325019484926268,-0.0064964725512877955
2015-09-11,0.009122533559578103,0.0036698380771669086
2015-09-14,-0.002177010519603839,0.0017766343616637333
2015-09-15,-0.016178039345751582,-0.009977046537994496
2015-09-16,-0.010745947948806595,-0.009990186859634029
2015-09-18,0.00039466546454596104,0.009174827029467434
2015-09-21,0.005863762282300281,-0.0014487176552558825
2015-09-22,-0.0016661089283676587,-0.0017653596153518903
2015-09-23,-0.0009773508047112222,0.0010225872298444052
2015-09-24,-0.007304589169969576,-0.0017637197838465987
2015-09-28,-0.02047315240131271,-0.017193100829675085
2015-09-29,-0.003243116265707371,-6.503561508037234e-05
2015-09-30,0.021198865166884174,0.019166255581734563
2015-10-01,0.005531388636415426,0.004024110799222314
2015-10-05,0.0002747576854104716,0.0031862294537552695
2015-10-06,-0.0009097614065659865,0.0026701445271870507
2015-10-07,-0.009021427942424613,-0.004737312240279925
2015-10-08,0.0039226252148949845,0.004869036155013927
2015-10-09,0.002880098128279618,0.0016675659321499425
2015-10-12,-0.003460443847606737,-0.004413215019622041
2015-10-13,-0.006214002858176873,-0.005890767341147763
2015-10-14,-0.005295346397335773,-0.001586384835798699
2015-10-15,-0.005532849710737926,-0.004588967107330424
2015-10-16,0.013331454284881031,0.007890336620560698
2015-10-19,-0.003401263028502183,-0.004029619699267321
2015-10-20,0.00420919494485349,0.005823165534686172
2015-10-21,-0.012436928340786428,-0.009480039019998117
2015-10-23,0.0018591390522552363,-0.0011078307865630599
2015-10-26,-0.0023062817104512576,-0.002662396709347398
2015-10-27,-0.0011666973878102886,-0.0005140248130500371
2015-10-28,0.005066197704335226,0.0036159014116715817
2015-10-29,-0.00959077184684196,-0.007913843622882659
2015-10-30,0.013880739855612641,0.010164499186807356
2015-11-02,-0.00034054912137248725,-0.0035957331638848773
2015-11-03,-0.006415195332112857,-0.004377471684086734
2015-11-04,-0.005741658907748718,-0.004668993003556702
2015-11-05,-0.006671968925542862,-0.009524446325124874
2015-11-06,-0.00017607796621304855,0.0003784162180458934
2015-11-09,-0.004772151631285827,-0.0032776871404793027
2015-11-10,0.0013537176794431224,-0.004686944494546552
2015-11-13,-0.00280879277570155,-0.004649114856797389
2015-11-16,0.009031827766366341,0.0022642835687525474
2015-11-17,0.0038198863559917168,0.002715199990449388
2015-11-18,0.007493040486560929,0.00442153636975509
2015-11-19,-0.004826133546296533,-0.00039466013439479
2015-11-20,0.013038455323445192,0.013169870309530717
2015-11-23,0.004758756653836049,0.004492025412914047
2015-11-24,0.00031219321648017916,0.00048348391717202804
2015-11-26,-0.004094438891752346,-0.0024530044600419663
2015-11-27,-0.008538270720681796,-0.004064188969875438
2015-11-30,-0.006020817654802418,-0.0036398866254123037
2015-12-01,-0.0016972979794548002,0.00080361381768395
2015-12-02,0.0014777039337535024,0.0024723770283460638
2015-12-03,0.0021304920231391983,-0.001151421518037239
2015-12-04,0.0062501442422135236,0.0019527489656130856
2015-12-07,0.00517217104600247,0.0016247981314511317
2015-12-08,0.004694013913825935,0.001013098046665229
2015-12-09,-0.01360796069780955,-0.0124926656567468
2015-12-10,0.016558870954787475,0.011459762325272732
2015-12-11,-0.008586821370650597,-0.00753961641527951
2015-12-14,-0.009137678013993183,-0.004813818185705056
2015-12-15,0.023746245656019932,0.01792455296974451
2015-12-16,0.0036195848058547106,0.0023530444164614416
2015-12-17,0.003422276896640044,0.007471854756919313
2015-12-18,-0.007482840869352957,-0.009890913537330797
2015-12-21,0.00020643036790792463,0.0012622043272784104
2015-12-22,-0.0064949810564432844,-0.0017762799408371182
2015-12-23,0.00023588689001164797,0.003026585681417408
2015-12-24,-0.00402929307206599,-0.0012252598508156974
2015-12-28,0.005040528584082094,0.004519804687218203
2015-12-29,-0.004656833963788902,-0.003535961254042347
2015-12-30,0.0020926881843999646,0.001373363158920392
2015-12-31,0.008556791678851561,0.008724615914634082
2016-01-01,-0.0009793022544031475,-0.0010584678727832177
2016-01-04,-0.010253385109506203,-0.011827265785273378
2016-01-05,-0.003845409506796963,-0.003086147003519458
2016-01-06,0.0008797968020701204,-0.0019605161301364197
2016-01-07,0.00920494848697562,5.3291379580069865e-05
2016-01-08,0.002725180109231889,0.0038779466199845747
2016-01-11,-0.015201659992599162,-0.012933585385164393
2016-01-12,-0.011860022471000042,-0.011784426761019063
2016-01-13,-0.01675785379546557,-0.014372531622747637
2016-01-14,-0.0011168273559173114,-0.004026789571231968
2016-01-15,-0.0010760273185808405,-0.005652782812856773
2016-01-18,-0.021826898144439454,-0.019656413573491807
2016-01-19,0.005237581553389782,0.008445211941768766
2016-01-20,-0.010143701764926818,-0.010089887492548718
2016-01-21,-0.009674805992319093,-0.006145001596702373
2016-01-22,0.011398953969264648,0.00972939677009483
2016-01-25,0.013069531014768985,0.010483619019884075
2016-01-27,0.01409895026722612,0.00910314912408715
2016-01-28,0.007460583781940088,0.0021753142637794204
2016-01-29,0.007047344725781891,0.011513009853574651
2016-02-01,0.019432835162916808,0.015092133014364918
2016-02-02,-0.002494111866655269,-0.005390717136020176
2016-02-03,0.006506023305327113,-0.003429968192727897
2016-02-04,-0.013107559696895688,-0.007217849213877
2016-02-05,0.011904625743774284,0.010510236203213178
2016-02-08,0.014834066439923445,0.008023998321323297
2016-02-09,0.006667058026467164,1.6334580325629683e-05
2016-02-10,0.013435075130842728,0.003980879271876112
2016-02-11,-0.022409708974365346,-0.017211690911631074
2016-02-12,-0.013512103231154711,-0.008132864961437744
2016-02-15,0.0029212490707318755,0.008159233352131255
2016-02-16,0.002170130082528327,-0.0033934447393604308
2016-02-17,0.0033374053217484377,0.003034405714410323
2016-02-18,-0.0035913391176674355,-0.0021010967476822314
2016-02-19,0.0013971739199108864,-0.0016377655054572195
2016-02-22,-0.0031508192763648416,0.003495701111569994
2016-02-23,-0.008469575130825534,-0.008324590653354882
2016-02-24,-0.008917226823296726,-0.010348488544004341
2016-02-25,0.00518022800265958,-0.0003937671197464259
2016-02-26,-0.006909463486010821,-0.004091198834632567
2016-02-29,0.005112043720413399,0.004063211912083327
2016-03-01,0.012577519169614169,0.01362994654694745
2016-03-02,0.02340164506508848,0.022404428615901566
2016-03-03,-0.007984792703159809,-0.005198705416860919
2016-03-04,-0.006094242929643875,-0.0057015698349872105
2016-03-08,0.0006086481110512247,-0.0035627428978798957
2016-03-09,0.0031013242183532195,0.0032913944033534986
2016-03-10,-0.0019595915739904976,-0.0023680029730226543
2016-03-11,0.004798567012115847,0.0036646595929445015
2016-03-14,0.005729671722772316,0.0050989243438997
2016-03-15,0.0032422122767519325,0.0016195913314648574
2016-03-16,-0.005955127901929778,-0.00270516934683608
2016-03-17,0.004136213211746921,0.002427868445597776
2016-03-18,-0.007851324390617373,-0.007606424149248268
2016-03-21,0.01364450292069728,0.017109978749112627
2016-03-22,0.0009615192566738478,0.0035554635101041326
2016-03-23,0.0043606367415378305,0.005289954822298303
2016-03-28,-0.007197957553829218,-0.006196179258455651
2016-03-29,0.0019206261247454335,-0.0008882060773446355
2016-03-30,0.007442235055753575,0.0094710682386166
2016-03-31,0.008117893278430701,0.0062129480322128
2016-04-01,-0.0017428735477885893,0.0019313175852865108
2016-04-04,0.01673861902316544,0.010843418629487312
2016-04-05,-0.011003096292393377,-0.009666033104594901
2016-04-06,-0.010065700192067442,-0.004279870012551517
2016-04-07,0.0017901158155428389,0.0007305710140209495
2016-04-08,0.010121193652362847,0.009048182526401542
2016-04-11,-0.00927975935854305,-0.007810134853236399
2016-04-12,-0.0017933491401763237,0.0026327000503105105
2016-04-13,0.014148885730901587,0.011198854402151561
2016-04-18,0.02017481338292202,0.01626256123581314
2016-04-20,0.006999123398028505,0.005347267060344941
2016-04-21,-0.0072835627915804856,-0.007441832902185313
2016-04-22,-0.006415742356211902,-0.004127170963134429
2016-04-25,0.0009540518261635079,0.0009874074083726402
2016-04-26,0.0029164384148216878,0.002503152210864591
2016-04-27,0.002421604678998022,0.0017869664933354316
2016-04-28,0.000985496799982955,-0.0013940497156259232
2016-04-29,-0.010446736618650403,-0.006480567579962952
2016-05-02,-0.003907468499303118,-0.004858194078815701
2016-05-03,0.00499820539874008,0.006168676356120355
2016-05-04,0.0035867454546502243,0.00028161482741982614
2016-05-05,-0.01253853833484898,-0.010477068446116096
2016-05-06,0.008195354067144693,0.008004798576021762
2016-05-09,0.016541719095294637,0.016963412360354008
2016-05-10,-0.010842451824245997,-0.006780379932450453
2016-05-11,0.002390392698862205,0.00248758360734758
2016-05-12,-0.004621901806140922,-0.0037108748638396308
2016-05-13,-0.0009218412462711455,0.001583633417228329
2016-05-16,-0.0024280298265595447,-0.0011473728002297423
2016-05-17,0.0005884705194147041,0.0014209156183681558
2016-05-18,0.004545862044111292,0.0041270906171316235
2016-05-19,0.0007143604367261849,4.950363919936629e-05
2016-05-20,-0.002131538235152688,-0.001701875508351844
2016-05-23,0.00189177387215597,0.0006233750553852495
2016-05-24,0.0015005222996547526,0.0005241136703778688
2016-05-25,0.0036524658273669455,0.0026837116087519305
2016-05-26,0.0056695765958453045,0.004366444738084802
2016-05-27,0.01296838172182274,0.010150847506619601
2016-05-30,0.005953775269561292,0.004985663746000913
2016-05-31,-0.005136326151294678,-0.003535331428092086
2016-06-01,-0.0036741440433346395,-0.0007466658688455757
2016-06-02,-0.0016667957925143983,-0.0025463590844746436
2016-06-03,0.0045829847316062764,0.0032458179694880556
2016-06-06,0.003660831720816172,0.0040740689641030805
2016-06-07,-0.003712672339715482,-0.0026931117857338163
2016-06-08,-0.0004670919656880088,-0.0013202955625510597
2016-06-09,0.002931497124818528,0.0018123268698140619
2016-06-10,-0.008632284063827602,-0.006471008831693947
2016-06-13,-0.007388679129752798,-0.005384906718281075
2016-06-14,-0.004596613770967479,-0.005362459501051662
2016-06-15,0.0026976690900506503,0.001940312423960773
2016-06-16,-0.0017150511939473926,-0.0007764974802426339
2016-06-17,0.007493946648915452,0.0075238017800423815
2016-06-20,0.002589528291326441,0.0021239777481365145
2016-06-21,-0.0026413612249188453,-0.0014731049354458718
2016-06-22,0.0027126776666909465,0.003089042521987783
2016-06-23,0.0019511579426317147,0.0001552630459391964
2016-06-24,0.01080378459721724,0.006806784227362215
2016-06-27,-0.002064096658700122,0.001412128373589592
2016-06-28,0.006492237413096477,0.005038012837478907
2016-06-29,0.005515296369394003,0.007383795392713921
2016-06-30,0.009704430658965786,0.009606263419286836
2016-07-01,0.006051161687351362,0.006349994757094535
2016-07-04,-0.004812534829092635,-0.0031880087007857237
2016-07-05,0.0009403360714398145,0.0023763365868461907
2016-07-07,-0.01493440619330291,-0.01168606726343344
2016-07-08,-0.0014686958217416256,-0.001908599027419943
2016-07-11,0.006681775670521048,0.006198506851933586
2016-07-12,-0.005583689909729147,-0.004003440693347221
2016-07-13,0.007550727481244862,0.00587693511973005
2016-07-14,0.00852887084041838,0.008461474094806591
2016-07-15,-0.0013147381377962004,0.0007647703268603795
2016-07-18,-0.005569865448973804,-0.006052839364182871
2016-07-19,-0.0025542570384131935,-0.0014096381865292224
2016-07-20,0.0011246169062741887,0.003116313111180562
2016-07-21,0.010818935620127146,0.009844144959394344
2016-07-22,-0.012774575348123785,-0.01076843158310332
2016-07-25,0.003457562243944278,0.004530594839939266
2016-07-26,0.0024989899215209733,-0.0001445406123990479
2016-07-27,0.02023138778701543,0.014836740721749639
2016-07-28,0.0038235005388858366,0.00492595142598479
2016-07-29,0.0005907168959355803,0.0018294009455832423
2016-08-01,0.010297547907918342,0.009335636306714804
2016-08-02,0.009276860568652276,0.005873187639296926
2016-08-03,-0.009236827151825399,-0.00886363119516785
2016-08-04,0.006418243820468811,0.005035626975548258
2016-08-05,0.014482671538363419,0.01268286104554358
2016-08-08,0.009376264023642016,0.007965384922729205
2016-08-09,-0.007314351142374784,-0.006541950044359968
2016-08-10,0.000440590985196941,-0.0023702535196276956
2016-08-11,-0.001400659297040522,0.00042790899121134847
2016-08-12,0.00903798652503258,0.007865892967228389
2016-08-16,0.0027144553273872065,0.0010458399024601038
2016-08-17,0.0015298478527763825,0.003930002410427302
2016-08-18,-0.0003287817466700398,0.001400213878364332
2016-08-19,-0.005438331900861726,-0.005724738084825655
2016-08-22,-0.005422379140276974,-0.004897787668717122
2016-08-23,-0.006719386275712503,-0.00613057266302189
2016-08-24,-0.0021729860319139728,-0.001685938751857823
2016-08-25,0.003707678554335003,0.002456959151639987
2016-08-26,-0.003003339223265734,-0.0039596888345323775
2016-08-29,0.005930215923971628,0.006585908566541746
2016-08-30,0.006916876229452674,0.008336138775894971
2016-08-31,0.0061996620978708224,0.009669119933546955
2016-09-01,-0.0023278198950671763,-0.0018873416940512816
2016-09-02,0.001372530861811163,0.0002818171732100718
2016-09-06,0.012523698009019762,0.010556981852900158
2016-09-07,-0.002539406605013146,-0.0025480975808428426
2016-09-08,0.009660233686963325,0.009156427060289527
2016-09-09,0.0007166662370575957,-0.0020719594319614353
2016-09-12,-0.012443561904716112,-0.016258000798174594
2016-09-14,-0.009752304076275004,-0.007325407435784966
2016-09-15,-0.0012742358910133671,-0.0006848553811911164
2016-09-16,-0.005386527380582717,-0.0021021793163863616
2016-09-19,0.00011714049991200833,0.0015169892080785696
2016-09-20,-0.005680511328298704,-0.004013965236636072
2016-09-21,0.0028749401023003885,0.002513194045105338
2016-09-22,0.006610421181964743,0.00802855644855372
2016-09-23,-0.006710614030804918,-0.006339640695149338
2016-09-26,-0.00139468253439447,-0.0020867383736965107
2016-09-27,0.00022479305588517587,0.0010185827558545997
2016-09-28,0.00216106313845802,0.003904900377148635
2016-09-29,-0.010510583298124623,-0.016921641808926895
2016-09-30,0.0034482928711415334,0.007709045357022541
2016-10-03,0.02073711992761644,0.021350057837214352
2016-10-04,0.004199110640168122,0.0034894880342400967
2016-10-05,-0.006541032958320038,-0.002911492215166679
2016-10-06,-0.0018528848591910087,-0.0036265114238971828
2016-10-07,-0.004549609563887757,-0.003439259522078529
2016-10-10,0.0022137393866248104,0.0006915041481837594
2016-10-13,-0.008315621930671879,-0.009218570137775856
2016-10-14,0.0011537274077167553,0.002626899317522344
2016-10-17,-0.0017288266295439495,-0.0025185708827190787
2016-10-18,0.00846454475452522,0.008933237067522757
2016-10-19,-0.00814664607510797,-0.004813874021405331
2016-10-20,-0.015193703925033188,-0.012270387074562288
2016-10-21,-0.0052230229891578675,-0.00418830106541352
2016-10-24,-0.0015057609195334965,-0.0019152295849316828
2016-10-25,-0.00805004320439963,-0.002789914744785974
2016-10-26,0.012428080526779213,0.006685211508347551
2016-10-27,-0.005867905475419757,-0.0036114179204716065
2016-10-28,0.025299518800112494,0.018614337056937925
2016-11-01,-0.011256269055717982,-0.010568336719434272
2016-11-02,-0.012664378091982849,-0.011318572063993516
2016-11-03,-0.004390031178632395,-0.005093987094106926
2016-11-04,-0.010431765115086727,-0.009983355229183886
2016-11-07,-0.0046813159786810166,-0.0036304970597508
2016-11-08,0.0008359821155346904,-0.0002084667161874393
2016-11-09,-0.00587286432159672,-0.008508808637893642
2016-11-10,-0.003032506000910989,-0.0005443367000388989
2016-11-11,-0.015604956418922634,-0.017864487036410245
2016-11-15,-0.019160353309982423,-0.023410731060628777
2016-11-16,-0.0019215427708158556,-0.0010368260833302971
2016-11-17,-0.008380500850161378,-0.009351790547908526
2016-11-18,0.01690629163142326,0.013256837335598879
2016-11-21,-0.011214779788135867,-0.014808213661996831
2016-11-22,0.011871918856661327,0.011228901059987511
2016-11-23,-0.00197971025106463,-0.00315663515254784
2016-11-24,-0.0024403254564573738,-0.0016854086130552565
2016-11-25,0.0015242112322165244,0.0028247407833570234
2016-11-28,0.010463558935359885,0.007583977882932349
2016-11-29,-0.006509338543455364,-0.0032030285414791594
2016-11-30,-0.0007679411447096313,0.0020724998326180103
2016-12-01,-0.007254277453407291,-0.004418361703330773
2016-12-02,-0.0020268915195221513,-0.002211536810435097
2016-12-05,0.0041715210107366694,0.000736398387836763
2016-12-06,-0.002112206566741163,0.001057284118035125
2016-12-07,-0.010224553774331664,-0.009901149816488085
2016-12-08,0.012782247332838595,0.007426941213362066
2016-12-09,-0.009470198876690896,-0.00707102955936655
2016-12-12,-0.006583542854570421,-0.006658797514333761
2016-12-13,-0.007337398324265202,-0.004382731018766926
2016-12-14,0.003939165790653677,-0.0005791062003397796
2016-12-15,-0.006720904808089252,-0.0055967298216846265
2016-12-16,-0.0016850953975452209,-0.000489306406783899
2016-12-19,-0.0052842930318485574,-0.007678001490580252
2016-12-20,-0.0029991419877432855,-0.003385598971325625
2016-12-21,-0.007673407056266304,-0.006620375805855873
2016-12-22,-0.002041994036736549,-0.0027576406252369638
2016-12-23,0.005659187667976766,0.0021511652703330537
2016-12-26,0.001947535158313824,0.0007393088849976996
2016-12-27,-0.005137318078420293,-0.0034702112185304216
2016-12-28,0.0010655947178717321,0.0022746347440883445
2016-12-29,0.008279010297841281,0.009003965117410325
2016-12-30,-0.0025004528257671936,0.0016052895156868534
2017-01-02,0.008088281122175805,0.008634788825571095
2017-01-03,0.004464625301967489,0.005879092731833674
2017-01-04,-0.012183966317299531,-0.006924253155668352
2017-01-05,0.0007534918320512727,0.0021310023591232592
2017-01-06,-0.002063420686676332,-0.0012704381209575726
2017-01-09,0.001492139441982434,0.0007557829053387534
2017-01-10,0.0034609366703524085,0.005838834756186009
2017-01-11,0.01197162828683418,0.009112971335249714
2017-01-12,0.002751174553067925,0.0032372621063918505
2017-01-13,0.0014659982777424727,0.0012574464198459858
2017-01-16,-0.003443883307038345,-0.002846143639392137
2017-01-17,-0.0001601757921321997,0.0004691199497896709
2017-01-18,-0.00559606996159675,-0.0036014898581407137
2017-01-19,0.0044814119927998755,0.003047978690368312
2017-01-20,0.0017933771214336978,0.0010416702027496614
2017-01-23,0.0011616567486173038,0.0013997226299504407
2017-01-24,0.0015952287100271484,0.0032900231526764726
2017-01-25,0.0028034918380981373,0.005090932350084981
2017-01-27,0.004099195177925389,0.0049884656074363175
2017-01-30,0.004444428522910894,0.0036988488262826528
2017-01-31,-0.0001924806886209778,0.0010799071334134844
2017-02-01,0.009796698360712263,0.011026539699779504
2017-02-02,0.006385323667321219,0.00742181313769036
2017-02-03,0.0002795886315246521,0.006117441681241511
2017-02-06,0.004063876745659083,0.007298234763731186
2017-02-07,-0.0019356982982892588,-0.003740581289144919
2017-02-08,-0.007146378641408842,-0.010115559843321931
2017-02-09,-0.0010141128419259608,-0.0007137038596586243
2017-02-10,0.00031289995517689315,0.00012163319713706059
2017-02-13,0.008722320511624825,0.004276202485630162
2017-02-14,-0.00032730029567544256,0.00022279381739349522
2017-02-15,-0.0029913159878260094,-0.005414229477459329
2017-02-16,0.0011041829140474861,4.592265885585746e-05
2017-02-17,0.0012590329980200767,0.002319258563171304
2017-02-20,-0.0007281313045833552,0.002140873631844462
2017-02-21,0.0005868388870355451,0.007850689053681444
2017-02-22,-0.0014701024531886214,-0.004708445928967481
2017-02-23,0.004587553842162676,6.516314583676771e-05
2017-02-27,-0.0388730560895162,-0.020481767689237432
2017-02-28,-9.612032693574507e-06,0.0013231898432213873
2017-03-01,0.021993935296857604,0.01984047229545431
2017-03-02,0.008229249567238538,0.007677008261535094
2017-03-03,0.000796399657593297,-0.0018749902985629422
2017-03-06,-0.01342598109222904,-0.007575302378660431
2017-03-07,-0.01756658890709266,-0.008683512848527733
2017-03-08,0.015329992522956725,0.005353186273212103
2017-03-09,-0.0005198928563897604,-0.001617550218815766
2017-03-10,0.006103763739211081,0.005848841203316524
2017-03-14,0.012645943370002416,0.009940352382303601
2017-03-15,0.009149355424146098,0.010412617896419903
2017-03-16,0.009100834136900124,0.007232787147185551
2017-03-17,0.007404605915432131,0.0002113331055279743
2017-03-20,0.007351333714888244,0.005920215711034973
2017-03-21,0.01413423941496148,0.010628199173297215
2017-03-22,-0.012741517629036062,-0.007834255800382866
2017-03-23,0.008081503198229839,0.0027513176726590765
2017-03-24,-0.005146645067429021,0.00020059439170541356
2017-03-27,0.004327864376269756,0.003672259306806317
2017-03-28,0.012150615222029227,0.0112096546238129
2017-03-29,-0.004402963339959684,0.0021620391897431246
2017-03-30,0.001893273385918272,0.002851831062379557
2017-03-31,0.024952151014741877,0.02163540498008229
2017-04-03,0.023076408519945444,0.01688831566561686
2017-04-05,0.0070541689753493945,0.002685636869794304
2017-04-06,0.0027950667997147845,0.0003801800274429491
2017-04-07,0.014033282875265904,0.0061734565866885145
2017-04-10,0.010161797411891871,0.007488143484522674
2017-04-11,0.008180159990061222,0.006331250380295178
2017-04-12,-0.008091143362838114,-0.0053322008814635224
2017-04-13,0.009594008862103596,0.007034888428939629
2017-04-17,-0.007280853831623882,-0.005094908631110739
2017-04-18,-0.00869666633197927,-0.008583757900639652
2017-04-19,0.01129124800707004,0.0051350727027855425
2017-04-20,-0.006013437404785986,-0.002751402458409884
2017-04-21,0.0029705755990499408,0.002429397289460161
2017-04-24,-0.0002069639789288224,0.0006094185217251256
2017-04-25,0.0032117722502381825,0.0037670625549892952
2017-04-26,-0.00943389929802487,-0.0008332592712654322
2017-04-27,-0.006130326130751665,-0.0015933307963698637
2017-04-28,-0.0014156557170044084,-7.581342501519956e-05
2017-05-02,0.00790451130739132,-0.00033590998650522155
2017-05-03,-0.011519413431506819,-0.005834761582795931
2017-05-04,-0.003048649435947237,0.003885131070341564
2017-05-05,-0.009701346233119818,-0.009050410971249818
2017-05-08,-0.00017632575271298088,0.0023981497157804484
2017-05-09,0.003150633337554291,0.005411321290175474
2017-05-10,0.022591231752761967,0.013156247150183896
2017-05-11,-0.012162964798679935,-0.009368458754507447
2017-05-12,0.002326206307345047,-0.00044287153175341697
2017-05-15,-0.00023236399217614866,-0.00040569029136467837
2017-05-16,0.0054277686976391465,0.00504748749096377
2017-05-17,-0.00468401665784765,-0.005377557322791358
2017-05-18,0.002705530466631771,-0.0006180570017196958
2017-05-19,-0.0030671325789624984,-0.0045867938911456265
2017-05-22,-0.0007909674537696022,-0.005425471083383488
2017-05-23,-0.011913045041746095,-0.012624950921714036
2017-05-24,-0.0061662473328699344,-0.007840633945292321
2017-05-25,0.012075546345128729,0.009212255711495577
2017-05-26,0.010142325512894273,0.00906654512931277
2017-05-29,0.0019352473278066212,-0.006072441320325632
2017-05-30,-0.01274714018244862,-0.005363567877149009
2017-05-31,0.008299615160909907,0.00610281953957112
2017-06-01,-0.0069635834367096664,-0.003107881243213943
2017-06-02,0.0030961977124089584,0.006942458219796842
2017-06-05,0.008460968997585869,0.004815880485374872
2017-06-06,-0.0005473380218762325,-0.002754881779818968
2017-06-07,-0.002210608719634106,-0.0013689316891107644
2017-06-08,0.002906389434649858,0.0022966151331087663
2017-06-09,0.0009253689985870575,0.002237465334510466
2017-06-12,-0.004144676598311802,-0.0038425413857490613
2017-06-13,-0.0018207331531567082,-0.00019958298911255956
2017-06-14,0.0067817768368788845,0.004527070712434735
2017-06-15,-0.02308181876153252,-0.016559623840172365
2017-06-16,0.01459578030278301,0.00899667048217577
2017-06-19,0.004560420610564924,-0.0002602961230289037
2017-06-20,0.0030354985292365363,0.001698764876434061
2017-06-21,0.0009412964210676444,0.0008032293401364007
2017-06-22,-0.005743744168762626,-0.002523014276034739
2017-06-23,-0.012779534798725104,-0.008851118831568956
2017-06-27,-0.006340070884779324,-0.007647043301077822
2017-06-28,-0.0014595004887476273,-0.0016526634953984878
2017-06-29,0.0026169159037566915,0.004690237822897556
2017-06-30,0.00869165223994239,0.008395934064154136
2017-07-03,-0.0035002580655370315,0.0009281366962297002
2017-07-04,0.005755212124549417,0.0063686534490338615
2017-07-05,0.0015493319729078386,0.0019308999701195425
2017-07-06,0.006362626832876591,0.0042835595524548485
2017-07-07,0.006392258154394089,0.0025840999607630076
2017-07-10,0.004981869621596529,0.004399135363802143
2017-07-11,-0.008735869720419641,-0.007994986191402173
2017-07-12,-0.0016652752848559489,3.842043635066258e-05
2017-07-13,0.008435524671477151,0.007048837979720576
2017-07-14,0.006840973749632055,0.0029955951745107767
2017-07-17,-0.002046703024937801,-0.0011032916973383639
2017-07-18,-0.004085021854564705,-0.00553115336965434
2017-07-19,0.00635231317317403,0.004878674682029881
2017-07-20,-0.0010997022521599988,-0.001607286944930634
2017-07-21,-0.0006732026607780634,-0.0009561212469310695
2017-07-24,-0.0005717479231658758,0.0012182050660015807
2017-07-25,0.0006550503302931083,0.000579793409048204
2017-07-26,-0.012542391716296926,-0.0038181143648760877
2017-07-27,0.0035269362722373187,0.0018539356100147793
2017-07-28,-0.005847999748005274,-0.0036898275989386857
2017-07-31,0.0004809540462291586,0.00344449172047897
2017-08-01,0.0045148402528119354,0.0034080284825823356
2017-08-02,0.0009175236778243052,0.0008655868014408286
2017-08-03,-0.0043121120265493425,-0.0034021659729684788
2017-08-04,-0.0020921103401109536,-0.0018927980376180163
2017-08-07,0.000879408282878438,0.0016363211475278875
2017-08-08,-0.014117137422848095,-0.010329519352858894
2017-08-09,-0.006833271121984326,-0.009713553570786345
2017-08-10,-0.0036682124004390067,-0.009162443860816605
2017-08-11,0.004110712172692656,0.00032161914607562077
2017-08-14,0.00513277049109708,0.008766084370704086
2017-08-16,0.010113188799155341,0.009828686656388915
2017-08-17,-0.00018199669526196044,-0.000691167251862143
2017-08-18,-0.0010559412800891258,-0.003009689698969318
2017-08-21,-0.004378732611645145,-0.005152729189020474
2017-08-22,0.009982944263652933,0.008220604595524289
2017-08-23,0.004614355490721997,0.0038472208032389954
2017-08-24,0.002244904238595905,0.00437947339215539
2017-08-28,0.013843669161117757,0.012745126468805032
2017-08-29,-0.002817918351168295,-0.008198967595131647
2017-08-30,0.005514141123182383,0.008528906024499195
2017-08-31,0.009980568351087536,0.006464439701553958
2017-09-01,0.0016944833886959599,0.0026872708398391907
2017-09-04,0.005741396512409134,0.00169301001277888
2017-09-05,-0.004354983737984605,-0.0019185532431697434
2017-09-06,0.0028127463185730487,0.003564483696959825
2017-09-07,0.006502303787298173,0.0055267530196237815
2017-09-08,0.012589873115080339,0.011406897749871735
2017-09-11,-0.007017870041379231,-0.003048493057239177
2017-09-12,0.006697467522572061,0.008135863601965852
2017-09-13,-0.001161201290870483,-0.00259428925835624
2017-09-14,-0.00363105138652904,0.00033524959612815165
2017-09-15,0.02035729383965269,0.01280995902346512
2017-09-18,-0.0022358878665426677,-0.0010722460360398003
2017-09-19,0.0024750128751091995,0.0014610822353697567
2017-09-20,-0.004072805464989607,-0.0012137997861738073
2017-09-21,-0.0028319318584357194,-0.0050439393774023445
2017-09-22,-0.007844191022024384,-0.017353381759138618
2017-09-25,-0.0146787223073207,-0.016263900228289458
2017-09-26,0.0018004376102497461,0.0032436429576115358
2017-09-27,-0.009432494257843135,-0.010484980168016304
2017-09-28,0.006694038070929094,0.005856661471370466
2017-09-29,0.00811288727811844,0.011171223066631042
2017-10-03,-0.004283854522139355,-0.0008587888754672383
2017-10-04,0.008505702741733253,0.00764971383139808
2017-10-05,-0.012408667825416728,-0.006978654550941816
2017-10-06,0.008264433334550302,0.0065201300834909276
2017-10-09,0.002776156735338396,0.0024603719146257964
2017-10-10,0.006705883913467504,0.007382187867472416
2017-10-11,0.0072280723720019235,0.0036457038577907674
2017-10-12,0.004635807270798424,0.0018436798112923926
2017-10-13,0.013352120070864,0.011616865640927908
2017-10-16,0.01885696215308877,0.013980410291082948
2017-10-17,0.0022471446995666463,0.0007889202111405064
2017-10-18,-0.010266382081625705,-0.005444145369479923
2017-10-19,0.001650788904002108,-5.358345045270498e-05
2017-10-23,-0.010480796565378618,-0.0031540054266917293
2017-10-24,0.0029676541710984047,0.002473198227974964
2017-10-25,-0.02618396253505007,-0.0075804139485700596
2017-10-26,0.014045735903270806,0.0031268065816836485
2017-10-27,0.006001125112392357,0.0026189859441593756
2017-10-30,0.0075752970046568625,0.007344950520089693
2017-10-31,-0.004909295752029769,-0.0019125858293895636
2017-11-01,0.005215386266862824,0.006127449964064852
2017-11-02,-0.000570252673452373,0.0015234833916504408
2017-11-03,-0.002986040078028925,-0.0011096611845880877
2017-11-06,-0.0007927387146082435,-0.000998597337116592
2017-11-07,0.009713498508558266,-0.0014649508205067307
2017-11-08,-0.006026460758339923,-0.005554353229819482
2017-11-09,-0.0011099115659191949,0.0030303823686215698
2017-11-10,0.0044160757560876744,0.004380516125462657
2017-11-13,0.011425850186838624,0.0030494944717776567
2017-11-14,-0.01051842502298379,-0.0096007397134479
2017-11-15,-0.00013153758557217241,-0.0029671522102190026
2017-11-16,0.00355421879912109,0.003783676481746373
2017-11-17,0.006612224841023476,0.007651227821991973
2017-11-20,0.00666493223649355,0.0057983453443747855
2017-11-21,0.0037136217836707575,0.0066518788355276245
2017-11-22,-0.007003621126670339,-0.0022149805437426734
2017-11-23,0.003892154684460411,-0.0018933603499281858
2017-11-24,0.009150876896117493,0.006598912535569006
2017-11-27,0.004353811603585144,0.0055622567532248425
2017-11-28,0.007192742522327289,0.003967407277079755
2017-11-29,-0.0008678023342986429,-0.0012123815354483994
2017-11-30,8.420427847266772e-05,0.0018021126869353897
2017-12-01,-0.00760845205741897,-0.008609690079736757
2017-12-04,-0.003117815110557764,0.0013429520070524833
2017-12-05,0.0007251059407716113,0.0004828743147124695
2017-12-06,-0.009339197684404109,-0.007260239979032158
2017-12-07,0.0100978673943489,0.010617124995598092
2017-12-08,0.005577117039463492,0.007843176186384587
2017-12-11,0.004630232625052376,0.004029879457871821
2017-12-12,-0.004541458063716788,-0.0025413644553464333
2017-12-13,0.007813776168102396,0.0020431338795504654
2017-12-14,0.001140061672362742,-0.0028206909511636663
2017-12-15,0.001192106682887494,0.0034554316295556096
2017-12-18,-3.827723698635803e-05,-0.000190246273680449
2017-12-19,0.00434724375699128,0.006194720755681913
2017-12-20,-0.0025044526152480802,-0.0012707945308714835
2017-12-21,-0.012815647601434667,-0.0051943494448840315
2017-12-22,0.005931111014638064,0.004194696961996053
2017-12-26,0.002357122408284053,0.0036128968095347214
2017-12-27,-0.0005051001323327912,-0.0026989273934757653
2017-12-28,-0.00010944001527346287,0.00192354905005269
2017-12-29,0.004508894911038914,0.0053864997259610884
2018-01-01,0.00563493794935551,0.002973440249791023
2018-01-02,0.00041128083583621446,-0.004371766346210372
2018-01-03,0.0013577849536865333,0.005453892276913969
2018-01-04,0.009022252992725422,0.005017823855415516
2018-01-05,0.00677648208756033,0.005301935978347068
2018-01-08,-0.0021860390038072157,-0.0029872266120490546
2018-01-09,0.001738269559755757,-0.0016838816111008064
2018-01-10,-0.014072899232940656,-0.0018518422803621485
2018-01-11,-0.0020642380572342476,-0.00453407754630192
2018-01-12,-1.529600990059427e-05,0.0015635800902687677
2018-01-15,0.0062860090858874555,0.0019380618360001446
2018-01-16,-0.0015697084404381796,-0.007592099391035769
2018-01-17,-0.0056762796890509415,-0.004480574929637125
2018-01-18,0.002263351571500292,0.003451051004043808
2018-01-19,0.005552394449146384,0.006633135523287697
2018-01-22,0.0044345169884981,0.0028918292243616858
2018-01-23,-0.009292140727460858,-0.004429972158666715
2018-01-24,-0.0008140472482359426,-0.005293694168313484
2018-01-25,0.006564145054104787,-0.0018412868953327313
2018-01-29,0.005560372167394623,-0.00081290264853103
2018-01-30,-0.014845657321840173,-0.013350815453603828
2018-01-31,0.007491675896308446,0.0006104075733036648
2018-02-01,-0.00033560067757210533,-0.0009305429172071177
2018-02-02,-0.027061441471832585,-0.02804636384935025
2018-02-05,-0.0035052633987025525,-0.001449810237756107
2018-02-06,-0.012993157087705017,-0.009976355706354465
2018-02-07,0.00757586405505085,0.007463580105719889
2018-02-08,0.013434132280964309,0.010832699584899838
2018-02-09,-0.007810981695217896,-0.0070550952005867746
2018-02-12,0.009736610424029195,0.008751317485174609
2018-02-14,-0.001703743030041884,-0.0005753189299795312
2018-02-15,-0.002042966141532594,-0.0020879077852095926
2018-02-16,-0.0031121951168840154,-0.0060654743798499115
2018-02-19,0.0022306432553731966,0.0002375354472470877
2018-02-20,-0.003119806714057572,-0.0043891514976761425
2018-02-21,-0.007315807948076977,-0.004721014789469161
2018-02-22,0.0004809217852593103,-0.0018180149272759797
2018-02-23,0.010160841199623773,0.008296339139618174
2018-02-26,0.003971222395645006,0.006936201870181843
2018-02-27,-0.006679285286781581,-0.004210243327832528
2018-02-28,0.00964678330215678,0.00233832367287143
2018-03-01,-0.0007864394441983371,0.0005357935995135988
2018-03-05,-0.0007799488162566642,-0.004009660319522361
2018-03-06,-0.004316597698582073,-0.005092478211559367
2018-03-07,-0.014698013999477259,-0.013325666306675758
2018-03-08,-0.0037240432950247644,-0.0023350545060031648
2018-03-09,-0.0016008509506972033,-0.0017875545478542021
2018-03-12,0.006163736587752883,0.0022300228463941504
2018-03-13,-0.012904504663326476,-0.005740963925678004
2018-03-14,0.005480604815783422,0.00021420875574613144
2018-03-15,0.00152034887920337,-0.00145994564718497
2018-03-16,-0.019470200170372508,-0.01706102379375418
2018-03-19,-0.00383393898360241,-0.0035994143388899027
2018-03-20,0.0018485328264321445,-0.0016592918313067645
2018-03-21,-0.0045539165700615525,8.71283962778814e-05
2018-03-22,-0.007911545419481716,-0.00807010231595212
2018-03-23,-0.009479564339511769,-0.00952512890385346
2018-03-26,0.002731733347533866,0.0009506116746047371
2018-03-27,-0.0014716108399548222,0.00355587664228556
2018-03-28,0.0006448224684544094,0.0005535141835909063
2018-04-02,0.015551510943995492,0.018177386526350203
2018-04-03,0.004454830487232163,0.004578442640459351
2018-04-04,-0.005608643879190009,-0.0055737948329567955
2018-04-05,0.01391156662463266,0.012017401107727144
2018-04-06,0.0031863124663599252,0.003714678734074552
2018-04-09,0.0008174847010968146,0.00021087751568713562
2018-04-10,-0.0007665887819729064,0.0006337398082968246
2018-04-11,0.002973066299137898,-0.00042470678662176985
2018-04-12,-0.003685943686060841,-0.0005236936123714474
2018-04-13,0.004974805994304006,0.006444154354900668
2018-04-16,0.006479063564498959,0.004020928513093227
2018-04-17,-0.0016778336500136099,-0.0033177939420054835
2018-04-18,0.0005943828148877284,-0.001402607540758949
2018-04-19,0.010534396194670378,0.008435806359830551
2018-04-20,0.0009130519049025568,-0.0005957946839589617
2018-04-23,0.0020437032475789144,0.004932342514086579
2018-04-24,-0.008902602917267141,-0.00392766360648765
2018-04-25,0.002653762492949977,0.0011272087765428855
2018-04-26,0.0004980126393639663,-0.0017253325740096085
2018-04-27,0.002828027473573593,0.0036650802470220194
2018-04-30,0.0056571292470064625,0.005374357722786813
2018-05-02,0.01128979432846363,0.006288781722396159
2018-05-03,-0.004364879986889772,-0.005354209212873046
2018-05-04,-0.005677281651234989,-0.005727020973069022
2018-05-07,0.003078664285272441,0.0024549074173761303
2018-05-08,0.004451922765987964,0.004177519386463352
2018-05-09,-0.002223886909963519,-0.002532381419172814
2018-05-10,-0.0003621247578691767,-0.00033957464115982915
2018-05-11,0.0012696984060102461,0.0019796639057746285
2018-05-14,-0.0008712594952768828,-0.0004694656763229402
2018-05-15,-0.0035994981520074514,-0.0017242479839674335
2018-05-16,-0.00042888696123095053,-0.001598353098798279
2018-05-17,-0.00883055790198013,-0.008401307909275929
2018-05-18,-0.0055194168627803325,-0.005503933898381172
2018-05-21,-0.00539072639957507,-0.00958157017810518
2018-05-22,-0.00024148960188097248,-0.0008893152187269277
2018-05-23,0.006290377296879753,0.005211622733768131
2018-05-24,-0.004042554246353277,-0.0010669342683708876
2018-05-25,0.00210497594727056,0.0035816530686595192
2018-05-28,0.015997257297691143,0.016182985809871937
2018-05-29,-0.00709672686199952,-0.004350859902564368
2018-05-30,0.010125202303435249,0.007676167076138494
2018-05-31,0.006043826339704408,0.00466247532543199
2018-06-01,0.001892111052188635,-0.0009244755307137355
2018-06-04,-0.005864455948059585,-0.006630810211136888
2018-06-05,-7.102744930091286e-05,-0.0026853164897043934
2018-06-06,0.002558804927415887,0.0036361543262065916
2018-06-07,0.0051091842727283435,0.005989207839571896
2018-06-08,-0.003540472278246348,0.002159605481272189
2018-06-11,-0.004025128899977975,-0.00021906953067596065
2018-06-12,-0.0004305112566151953,-2.34468900962319e-06
2018-06-13,0.0035892132606066833,-0.0013215605171605614
2018-06-14,-0.005705024755247542,-0.003865667751283819
2018-06-15,0.006466883998416455,0.005546604984957148
2018-06-18,0.003016474712110052,0.002925949180012503
2018-06-19,-0.0023224597526247093,-0.00022665232799904853
2018-06-20,-0.002989697742889116,-0.002245471020734818
2018-06-21,-0.0017676962663625293,-0.0006474329847949034
2018-06-22,0.0001794948979056656,0.0007736535208585864
2018-06-25,0.009622516764055903,0.005762607232253081
2018-06-26,0.0017396740680382103,0.00019362973006124633
2018-06-27,0.004084867994186,-0.0031078595763988272
2018-06-28,-0.015244963471184368,-0.0077957181999134435
2018-06-29,0.017988679638537185,0.013032758252051371
2018-07-02,-0.011833995858887296,-0.009044824866393795
2018-07-03,-0.007752227992076583,-0.006150002955461456
2018-07-04,-0.00012065156906347022,0.001978491031878651
2018-07-05,-0.012190795003118886,-0.0073716556039521855
2018-07-06,-0.0012835771926009729,0.0007347154031748074
2018-07-09,0.0011378531205297432,0.00036653023490610336
2018-07-10,0.0012186996424907721,0.0018691601342332087
2018-07-11,0.004376311174539327,0.0032276045832720372
2018-07-12,-0.0062314518523408574,-0.006606799262488614
2018-07-13,-0.00031765323323242273,0.0007704408736131829
2018-07-16,-0.020960986784505385,-0.016049257620691263
2018-07-17,0.013104723568822144,0.00729649999218667
2018-07-18,-0.003905573857245648,-0.002303582676947734
2018-07-19,-0.0037491468446823354,-0.004273536651801789
2018-07-20,-0.008156265194805744,-0.006444985424024629
2018-07-23,0.010469659160793586,0.011365876029932963
2018-07-24,-0.007508973948144386,-0.0022320018329634703
2018-07-25,0.01104165062738673,0.0035560515032698513
2018-07-26,0.0019082885681231932,0.005943743912269659
2018-07-27,0.009415621053646859,0.009812688879712763
2018-07-30,0.009762550681927426,0.007701881539558193
2018-07-31,-0.002648534625043192,-6.175481615194021e-05
2018-08-01,0.00944572329859323,0.007137340714389675
2018-08-02,-0.005818526208258339,-0.005106192222004437
2018-08-03,0.015319058921770998,0.015203563816990255
2018-08-06,-0.012286287663482266,-0.009321524788566116
2018-08-07,-0.007590741972139839,-0.006107609870790879
2018-08-08,0.008864241477137656,0.008832756345833765
2018-08-09,0.002634605098161872,0.0018665642821068967
2018-08-10,-0.00309911803559418,-0.00150280249411459
2018-08-13,0.002569019351960457,-0.0005125934507547256
2018-08-14,0.003040483604076041,0.0018772612614097442
2018-08-16,0.002460479194268338,-0.0008092293402776243
2018-08-17,0.0013449269424129623,0.0034997369902280335
2018-08-20,-0.004965329338293538,-0.004486565687975545
2018-08-21,0.01792779504548253,0.013658062298478862
2018-08-23,0.00991529354150216,0.007870919515377595
2018-08-24,0.005038380341727676,0.004973812622454594
2018-08-27,-0.0007165972120934213,0.0021853238156798235
2018-08-28,-0.0023302511025837503,0.0005798747478017308
2018-08-29,0.001193364955524022,-0.0003613172959451078
2018-08-30,0.005933694295826683,0.005831795402018206
2018-08-31,0.015046248844357806,0.012024440384166309
2018-09-03,-0.0013940730292092002,-0.0029728830623895405
2018-09-04,-0.0076171908132688475,-0.008351840433237886
2018-09-05,0.006000518556091213,0.0035643564682933636
2018-09-06,0.006162794215572583,0.004811192928351964
2018-09-07,-0.0035452845647904693,-0.000905654045805954
2018-09-10,-0.0023506443938097555,-0.003982799455443451
2018-09-11,-0.0008830269158229592,-0.0035342870256984747
2018-09-12,-0.003776258740589083,-0.003301924550164115
2018-09-14,-0.002202659085309425,0.000679433941142055
2018-09-17,-0.006618203269015832,-0.005148817351385952
2018-09-18,0.0017636333890023615,-0.0009764402723378363
2018-09-19,0.0009697596778792598,-0.001588289085620208
2018-09-21,-0.013410247432968581,-0.01636974143032589
2018-09-24,0.005668010236376895,-0.0006679796404069641
2018-09-25,-0.0006066106792839981,-0.0028165337438958164
2018-09-26,0.010830938574879975,0.010278567679686039
2018-09-27,-0.011862558320298072,-0.010991254375864942
2018-09-28,-0.001785398368106266,-0.004995057968887641
2018-10-01,-0.01496278470186353,-0.01403794101934232
2018-10-03,-0.013428781537517224,-0.01045122263991758
2018-10-04,-0.019063229870538802,-0.019741586048208772
2018-10-05,-0.013791744607409413,-0.013106401222517976
2018-10-08,0.004989660282251508,0.0016266356154513873
2018-10-09,-0.015524278641221339,-0.01225599949452847
2018-10-10,0.011686421666554345,0.0163336889108542
2018-10-11,-0.005401554036540296,-0.007092241535159605
2018-10-12,0.004892307731009437,0.005454645796212435
2018-10-15,0.0014884469049535679,-0.0002784028530711949
2018-10-16,0.008504284290457974,0.007454592252073395
2018-10-17,-0.00467514392768586,-0.005081291789068432
2018-10-19,0.00963560291602393,0.00638526188930648
2018-10-22,-0.02892131054778206,-0.025951774226541255
2018-10-23,-0.016774943380654786,-0.013154942785097521
2018-10-24,0.002213824437423354,0.002737876827671932
2018-10-25,0.000514886239275593,-0.002504003827470779
2018-10-26,0.004454430498020825,0.004444549081910442
2018-10-29,0.004648547812308228,0.008136077393063094
2018-10-30,0.010446688107618052,0.007843339228784739
2018-10-31,0.010961011923665786,0.010967802630720542
2018-11-01,0.0021110879893163187,0.002970487286888946
2018-11-02,0.029581223250305537,0.025755108769843056
2018-11-05,0.0023479701767699277,0.002574872147015564
2018-11-06,-0.0015807679322916899,-0.0010059511469579197
2018-11-07,0.006002651773217191,0.005730463951346479
2018-11-09,0.0038269624004487078,0.0033084545556559186
2018-11-12,-0.008444458552882703,-0.007401886489077307
2018-11-13,0.009781854706505486,0.008914979102891948
2018-11-14,-0.00035259124934181594,0.0009362092022147064
2018-11-15,0.01431560363769905,0.01686468318867192
2018-11-16,0.004739204333546368,0.00564006709514094
2018-11-19,0.011628781439536438,0.012055682736649635
2018-11-20,-0.0024764592518724767,-0.0038303662183330808
2018-11-21,-0.004437895730964185,-0.003848378524260351
2018-11-22,-0.0034652437341899578,-0.006245667384303503
2018-11-26,0.00012331511443544943,0.001385510699018399
2018-11-27,-0.003010354050446566,-0.0009352188250360177
2018-11-28,0.0026398217039261666,-2.1233802667548047e-05
2018-11-29,0.005066869959737802,0.007857045453455898
2018-11-30,-0.012610458489266275,-0.009133336480453752
2018-12-03,-0.007893325635872797,-0.005546023118986775
2018-12-04,0.016447273352154013,0.012243684295571228
2018-12-05,-0.011163254817502995,-0.011365906654014392
2018-12-06,-0.009747568726308345,-0.008974139355615689
2018-12-07,0.003123548064162261,0.0014639913320871046
2018-12-10,-0.013787315574909394,-0.015997043183347357
2018-12-11,0.004340909621986552,0.0062812934116962885
2018-12-12,0.007454281736903502,0.011375875286122968
2018-12-13,0.01988601644869594,0.015421237112302423
2018-12-14,0.003892549892053526,0.003917327633266812
2018-12-17,-0.001970037440483021,0.0004876335162425353
2018-12-18,0.0002598667235403532,-0.0002244755568918304
2018-12-19,0.02048492501030358,0.014637177920346855
2018-12-20,-0.003019486257295883,-0.0027617029233396556
2018-12-21,-0.0006972738674908585,-0.004915622361989726
2018-12-24,0.004222670593110822,-0.0017569926773863646
2018-12-26,0.004125194944440337,0.002975501419517423
2018-12-27,0.003703241091644473,0.00026360638543510766
2018-12-28,0.002989561885588822,0.004617337271814473
2018-12-31,0.020565604164162688,0.01838335326348034
2019-01-01,0.003953347449683399,0.0026605214116614
2019-01-02,-0.01323858138279616,-0.006135582645491628
2019-01-03,-0.0004157637755484954,-0.002663509003332736
2019-01-04,0.00859924043063905,0.005845270981911717
2019-01-07,-0.004206478617216053,-0.004459493528893076
2019-01-08,-0.004110783309710084,-0.004949666365728326
2019-01-09,0.010915629089062942,0.009056594065154338
2019-01-10,0.015261352342008717,0.013917420441810109
2019-01-11,-0.006795211249586534,-0.005810364145641258
2019-01-14,0.004935789635744125,0.004100660579245909
2019-01-15,-0.003525978535608072,-0.0009133538967345772
2019-01-16,0.002409924958413005,0.0020794108979847016
2019-01-17,0.004414213881056637,0.001222943740702936
2019-01-18,-8.162326854657881e-05,-6.777040017276503e-05
2019-01-21,0.0017677964286951548,0.0008205316479519282
2019-01-22,-0.010967574604355736,-0.005021807139560577
2019-01-23,0.0004948788363626111,-0.0027275975317019707
2019-01-24,-0.0071661033258814556,-0.004768867751331187
2019-01-25,-0.005250387810391108,-0.00833668152785555
2019-01-28,-0.0034843946310837764,-0.009226611016144262
2019-01-29,0.011634799145900562,0.009475063320903624
2019-01-30,0.002143848311691896,0.0037674140812773084
2019-01-31,0.009139668333855008,0.006852525080572468
2019-02-01,0.0012475030476362036,0.001542211638606127
2019-02-04,-0.005724458440760651,-0.0072502965676873084
2019-02-05,0.0038720713749076483,-1.834937512439209e-05
2019-02-06,-0.0052245703765172215,-0.0026914308600354078
2019-02-07,0.003336763452426331,0.004588786622849655
2019-02-08,-0.002903369398599296,-0.003765452939005114
2019-02-11,-0.01574669366363832,-0.01712250888415964
2019-02-12,0.01126653857913491,0.007604302956785955
2019-02-14,-0.012399190497857142,-0.008590871601194133
2019-02-15,-0.007828060639682714,-0.007833124988500646
2019-02-18,-0.010624880867320642,-0.009675758902568304
2019-02-19,-0.013656279005292383,-0.008639113979278294
2019-02-20,-0.011417390396256402,-0.004244659252642357
2019-02-21,-0.00423847848004705,0.005587468006114146
2019-02-22,0.015581187817084384,0.01059211601694146
2019-02-25,-0.007751631575765782,0.0008981547505627983
2019-02-26,-0.018269505961522825,-0.010344233676350142
2019-02-27,0.0012048791670609463,0.0007031896559723103
2019-02-28,0.006221804683348342,0.005350146953106919
2019-03-01,-0.005259784855530926,-0.0016526131755244611
2019-03-05,0.013328786277576797,0.0110780914503338
2019-03-06,0.004093417117575974,0.003990868578999563
2019-03-07,-0.004799379828602639,-0.0017253498414565452
2019-03-08,0.002257197736362917,-0.0029716616627449293
2019-03-11,0.005491288644653669,0.006558892479636522
2019-03-12,0.011740608837941537,0.010755855655129825
2019-03-13,0.004221128609718512,0.003071328122150564
2019-03-14,-0.0012253506108171987,-0.00036611062499444834
2019-03-15,-0.006235478719581401,-0.0052888712858956055
2019-03-18,-0.0055811906337607095,-0.001834562637224862
2019-03-19,0.011500217198569206,0.009103464893096849
2019-03-20,0.00035424071871642066,-0.002579768410393257
2019-03-22,0.00807016101381125,0.0068850651702888725
2019-03-25,-0.005955087147069519,-0.0059487559175457234
2019-03-26,-0.004235781234912454,0.00010291930299913138
2019-03-27,0.0059072280470142515,0.003165372520496538
2019-03-28,0.005881976528328092,0.004606187041373449
2019-04-01,0.027127711773539703,0.02469496959724242
2019-04-02,0.001736756892978861,0.0002759574054617695
2019-04-03,-0.006030196866045771,-0.008035327543068137
2019-04-04,-0.0020926294818983506,-0.001318405160990988
2019-04-05,-0.005801395718414353,-0.0032387350085332045
2019-04-08,-0.001997701245891188,-0.0013764552688017271
2019-04-09,0.003625867421424591,0.004114342656040304
2019-04-10,0.002322158088972819,0.0037269827497235512
2019-04-11,-0.010409432341294588,-0.007303761264992381
2019-04-12,-0.002594819996230082,-0.001839327049163656
2019-04-15,0.008515746271937675,0.006689130566169329
2019-04-16,0.001499784519002079,0.0012908340396502267
2019-04-18,-0.0037537795360066584,-0.005369464149448034
2019-04-22,-0.013961541128891228,-0.014139964432173458
2019-04-23,0.0022352296707449457,0.0022681349279002447
2019-04-24,-0.0043168757482176905,-0.004192108178701927
2019-04-25,-0.012927285379879949,-0.01189954647307376
2019-04-26,0.005560844099392285,0.00522743319700033
2019-04-30,0.005524635886049652,0.005583993965963436
2019-05-02,0.010477821478082584,0.006344819357262159
2019-05-03,-0.0029153704578789344,-0.0030043453751793384
2019-05-06,-0.009345968067445067,-0.008265837045575741
2019-05-07,0.00364306279597023,0.00034400587829709086
2019-05-08,0.0011918828455870813,-0.0014255083066561547
2019-05-09,-0.007864346429262708,-0.007126106573202788
2019-05-10,0.006172616142684659,0.0051809113629573775
2019-05-13,-0.0015418737241180628,-0.0048971789325163535
2019-05-14,0.0016101676615192589,0.0014117397626476542
2019-05-15,0.003472945996806559,0.0039449855209826926
2019-05-16,-0.00035946941354073823,-0.0018359732076928378
2019-05-17,0.011828804981033565,0.005759143214822733
2019-05-20,0.016109277729984446,0.016285553597429496
2019-05-21,0.007485272172088008,0.0018845120397230524
2019-05-22,-0.007098286643925792,-0.0061733784774178554
2019-05-23,0.003666783864388138,0.0039026867041127176
2019-05-24,0.003243604609888475,0.005665179519155544
2019-05-27,0.024897809275436583,0.024512834822652176
2019-05-28,-0.009581164795295959,-0.004786601625373877
2019-05-29,0.0020338735214939624,0.00256007907326526
2019-05-30,-0.004000121231877539,-0.004638253805055505
2019-05-31,-0.0016431453223392219,-0.000773238948055994
2019-06-03,-0.006428648763484817,-0.0006740772788355897
2019-06-04,0.003781046538248059,0.002589560601266979
2019-06-06,0.0022809068329033787,0.0003673978534769285
2019-06-07,-0.0009532370330568051,-0.0011208766987788356
2019-06-10,0.012023934483078765,0.007498520929844068
2019-06-11,0.005451311517315341,0.004832742464139407
2019-06-12,0.007757459711812863,0.003317742287481786
2019-06-13,-0.012330172943393142,-0.010443342940622906
2019-06-14,0.00142115171353175,0.0008092282454279711
2019-06-17,-0.002002617783713423,-0.003491963079420212
2019-06-18,-0.006728890006066182,-0.005209717826051446
2019-06-19,0.01387203497795082,0.01068628145343813
2019-06-20,-0.0018682865625131418,-0.0007225308268949096
2019-06-21,-0.017554106504712397,-0.014309791451408854
2019-06-24,-0.009086131033340883,-0.008697010442715467
2019-06-25,0.005685802853903293,0.005064347343290488
2019-06-26,0.0021147186075817894,0.0036395316169463765
2019-06-27,0.0025631178906612494,0.003831647125032844
2019-06-28,0.011310243574714744,0.010158201014162566
2019-07-01,0.0006911590836899943,0.0011856125515446046
2019-07-02,-0.0073974860962074266,-0.005546277085887919
2019-07-03,-0.009420394459442176,-0.008622464963210086
2019-07-04,0.002011181842943234,0.001239230052105085
2019-07-05,-0.006230462767333976,-0.010209296177883125
2019-07-08,-0.010143758753475557,-0.010209225791029576
2019-07-09,-0.010689887022263766,-0.00730601565300311
2019-07-10,0.0030972117362362515,0.002021370559650582
2019-07-11,0.004393951030316037,0.005368198052089449
2019-07-12,-0.0005676474695937309,0.0007384580394509449
2019-07-15,0.010224389508649281,0.005330573517879188
2019-07-16,0.00379969114662574,0.003763388431937947
2019-07-17,-0.006044509119565485,-0.0027243393570860184
2019-07-18,-0.014147485456367914,-0.012606526118722502
2019-07-19,-0.018722225946504103,-0.01658279291212774
2019-07-22,-0.014466020308701179,-0.008177441833910124
2019-07-23,0.010982288198314955,0.006231212956674349
2019-07-24,-0.006349459264225318,-0.008289559066049368
2019-07-25,-0.005225761968133013,-0.003721728054044938
2019-07-26,-0.0071299607841536945,-0.0027581999889070416
2019-07-29,0.006646652390945754,0.001271510078922289
2019-07-30,0.006409549174035491,0.0005829084502863449
2019-07-31,0.02028423774590151,0.01357581101508365
2019-08-01,-0.01758584998825087,-0.012734947184788167
2019-08-02,0.00045055972937369415,0.0018332042607240662
2019-08-05,-0.010713085168735948,-0.009044578569585775
2019-08-06,0.008855139934227875,0.010308002882622255
2019-08-07,0.017418463917475882,0.013849789122471813
2019-08-08,-0.0027396041585403654,0.004516740716331338
2019-08-09,0.007638630947545571,0.004825564306463043
2019-08-13,-0.015363861519856645,-0.016080052235395312
2019-08-14,-0.006054417399360904,-0.0030571479145564736
2019-08-16,-0.008368559424769557,-0.0023227138763868105
2019-08-19,0.002714255789932412,0.0019480282394802168
2019-08-20,-0.0010350137709511566,0.0026997720709211704
2019-08-21,-0.004273109302825271,-0.0021470644170512856
2019-08-22,-0.0003589453877888176,-0.003320387658511837
2019-08-23,-0.0028398466648645137,-0.0028116217453009306
2019-08-26,0.006817418829162175,0.00791305907406079
2019-08-27,0.010750224484453523,0.0097528745023022
2019-08-28,-0.002566775438284289,-0.0024269856601011044
2019-08-29,-0.010757375854748825,-0.01068549108859369
2019-08-30,0.0023722847757945034,0.004917941044261223
2019-09-03,-0.006758026485958601,-0.006919389512867809
2019-09-04,0.0006332838792531462,-0.0014141054854498714
2019-09-05,-0.00265213102852884,-0.001660332517600083
2019-09-06,0.006403822881310622,0.006938817310775043
2019-09-09,0.0045405724829132845,0.005383037789081335
2019-09-11,0.01517392893437465,0.006958751329831273
2019-09-12,0.00920174857912298,0.003100978689555616
2019-09-13,0.002239583585543964,0.0047722415019469215
2019-09-16,0.001989150199086987,0.0013547367075867967
2019-09-17,-0.01255552648211246,-0.012307528292201005
2019-09-18,0.00226005147803803,0.0020814781484244462
2019-09-19,0.0005622578297133092,-0.0014979240257414566
2019-09-20,0.006427320004753805,0.017517437616628866
2019-09-23,0.04003080016818185,0.03728225205762305
2019-09-24,-0.013527313507557422,-0.005871824028435333
2019-09-25,0.005079680180768498,-0.0022827511519611875
2019-09-26,0.005938495563105355,0.006937265607318181
2019-09-27,0.001303766320070107,-0.0027332904010378654
2019-09-30,0.014666438437338834,0.01081571862548341
2019-10-01,-0.01364503261073765,-0.010652688699125227
2019-10-03,-0.004363759142826062,-0.007533713759830012
2019-10-04,-0.005819569003074322,-0.004788328262160949
2019-10-07,-0.01410478991157021,-0.01786114493001165
2019-10-09,0.0011734556508516182,0.0045624254366548956
2019-10-10,0.02023405065880113,0.01000199186499466
2019-10-11,0.06672920054036503,0.02490462144050838
2019-10-14,0.010505309399204008,0.007486631909461475
2019-10-15,-0.002292846932633832,0.0018347036052568726
2019-10-16,-0.0015097082169365135,-0.0001279280602667808
2019-10-17,0.0031136350297188966,0.004984333741100218
2019-10-18,-0.0035566446509993173,0.001792326079391409
2019-10-22,0.0003905238379821369,0.002421141519732448
2019-10-23,-0.012306790029596044,-0.00717894091264706
2019-10-24,-0.009665803947832927,-0.0071430069356893545
2019-10-25,0.006697919993377031,0.0032907155399637604
2019-10-27,0.001988335340250258,0.0048491119495990475
2019-10-29,-0.009619419252852446,-0.009854518241404531
2019-10-30,0.00420077135845405,0.006326189802299116
2019-10-31,0.004608538972894829,0.007744962181301763
2019-11-01,0.004889080685304064,0.004880555875832961
2019-11-04,0.0027794729310238186,0.004304581764394631
2019-11-05,-0.003003733696959209,-0.005453805989597815
2019-11-06,0.0016613428202234715,-0.00036611027283144743
2019-11-07,0.006286711403161678,0.008773095902759421
2019-11-08,-0.01335138017603197,-0.013505527054965332
2019-11-11,-0.00032818042574593093,-0.0020676642388941556
2019-11-13,-0.013541411916753057,-0.009744774914233298
2019-11-14,0.009669422193404444,0.0031404472186048896
2019-11-15,0.01457931868299919,0.013748196968914219
2019-11-18,0.010788442405466357,0.008790161931301397
2019-11-19,0.0012100964806116355,0.0013187602393840846
2019-11-20,0.002267860809051807,0.005527423994226753
2019-11-21,0.000941738357458932,-0.0008852923255426322
2019-11-22,4.813753311046448e-05,-0.0009742883808892405
2019-11-25,0.0027606332174555572,0.0036849404014790746
2019-11-26,-0.0010042347361884447,-0.0023856064234180404
2019-11-27,-0.0032565067600699455,-0.0014000867175969383
2019-11-28,0.006430470132365265,0.0008827865076824545
2019-11-29,-0.0033223390732702892,0.0005214152440333514
2019-12-02,0.007548651142184756,0.005400875624322441
2019-12-03,0.0003953206813181032,0.0005553142540800937
2019-12-04,0.008231993022189637,0.012980836303591667
2019-12-05,0.004261978558568015,0.0036365336121325247
2019-12-06,-0.0024040240198695165,-0.005353241056195066
2019-12-09,-0.003211862041656029,-0.0021569772562147647
2019-12-10,-0.002159939157218059,-0.005906628006585419
2019-12-11,-0.004417302161158671,-0.002998378181317966
2019-12-12,-0.0014436414547275367,0.000952091339781681
2019-12-13,0.0012225479136443863,-0.0013118306220694478
2019-12-16,0.0024941961338553332,0.0023582395278835978
2019-12-17,0.01740456954595111,0.01047484499083575
2019-12-18,0.0016719090036268443,0.003617179803624701
2019-12-19,0.0018595728596645046,0.0037696717417623183
2019-12-20,0.005250438341858189,0.004535240013383517
2019-12-23,0.020227103113800108,0.013178188216185445
2019-12-24,-0.012791582229901661,-0.005463357603192234
2019-12-26,0.0016052494075349674,0.003754631906494694
2019-12-27,0.0005580616124965078,0.0035151966435515844
2019-12-30,0.017422289913639557,0.0085920142317466
2019-12-31,0.0031324973166190788,0.003300103923999767
2020-01-01,0.0068582502864443,-0.0023125984928386726
2020-01-02,0.0015033061307376337,0.002290233976050886
2020-01-03,0.0007891729923041254,0.0016818667441631247
2020-01-06,-0.018719538950991536,-0.014507057523521646
2020-01-07,0.0073544108963590525,0.004417449340589137
2020-01-08,0.0020687095665323785,-0.0007482215324857737
2020-01-09,0.0062255893677855625,0.0050356911330153966
2020-01-10,0.006629122272021416,0.006371367287401657
2020-01-13,0.0005112397618547526,0.007250965288841261
2020-01-14,-0.006735839035863779,0.0008663394814335398
2020-01-15,-0.000756310928860128,-0.0005405840619222641
2020-01-16,0.0031243202458348164,0.009572312730896877
2020-01-17,0.0012071785309525317,0.005901626341083151
2020-01-20,0.013642387042999447,0.006971676247263163
2020-01-21,-0.0020832592111588648,-0.004154192817969433
2020-01-22,-0.004426227878016058,-0.0033506284407320576
2020-01-23,0.006178397890141253,0.0029090023171393095
2020-01-24,0.016996644551151432,0.011183767134619457
2020-01-27,0.005919162392209282,0.004453215555260588
2020-01-28,0.0036874588942825224,-0.0005767541838748781
2020-01-29,-0.0006047039680665091,0.002539016435842063
2020-01-30,0.0044993628224330355,-0.0032070177984648233
2020-01-31,0.002592900772307133,-0.003017948164593645
2020-02-03,-0.008964663851408709,-0.0070263987124446975
2020-02-04,0.018123774353639776,0.01579760353698032
2020-02-05,0.015095227122993295,0.012329545214407642
2020-02-06,-0.009886302704407927,-0.00640519008432468
2020-02-07,0.0020051799559213566,0.004528460695766481
2020-02-10,0.002635456664026743,-0.0010571230356641245
2020-02-11,0.008179324557264162,0.005745830262577871
2020-02-12,0.00506834623728914,0.004122779433732713
2020-02-13,0.0013514866901558284,-0.006977162527012251
2020-02-14,-0.005207930156331262,-0.0034858429452580136
2020-02-17,-0.00260143633028843,-0.0005261616730919349
2020-02-18,0.006793518274887162,0.0026012959517928125
2020-02-19,0.00288051344747716,0.008426694273755062
2020-02-20,0.009242930270429519,0.008491342565771873
2020-02-24,0.002429242968195438,-0.00662040554007594
2020-02-25,-0.002573988442355979,-0.00501480614914435
2020-02-26,-0.008869562983434451,-0.00956624249395
2020-02-27,-0.00036461578372129076,-0.0006266067891757894
2020-02-28,-0.003854819458301806,-0.011416551090064307
2020-03-02,-0.010359463088363668,-0.009546656413047356
2020-03-03,0.01316127107543463,0.00954314948785972
2020-03-04,-0.015439764447852968,-0.01380448240448224
2020-03-05,0.004621794173871374,0.0060442529374244375
2020-03-06,-0.01052962826368858,-0.012610241801069294
2020-03-09,-0.020180242449453333,-0.02676027005007273
2020-03-11,-0.007206529687719019,-0.008911004781975006
2020-03-12,-0.03918457713200233,-0.05256897839984413
2020-03-13,0.0299383027031521,0.025355066552537206
2020-03-16,-0.05529980086226698,-0.05866287681480621
2020-03-17,0.006724463439694124,-0.0029152487942412536
2020-03-18,-0.046756217013208944,-0.04099435143261235
2020-03-19,-0.03764465458646798,-0.030267376741440512
2020-03-20,0.027111940258285,0.03534099522246448
2020-03-23,-0.0482326423631558,-0.07596181796840565
2020-03-24,-0.050491212578783966,-0.022770236320897138
2020-03-25,0.014327965739660253,0.007509206384952647
2020-03-26,0.006576726981786925,0.01644012593461485
2020-03-27,0.0014833410505729924,-0.008066856546719629
2020-03-30,-0.006756837094671321,-0.017213215378225
2020-03-31,0.03210154995448187,0.028504453209883433
2020-04-01,-0.01186448083731333,-0.01873824999112817
2020-04-03,-0.009057631897792722,-0.0007018989727815891
2020-04-07,0.013817001092863237,0.022279881009060334
2020-04-08,0.008812788937687888,0.021710985778150567
2020-04-09,0.018302454102725445,0.029868484201737565
2020-04-13,0.003607249988245801,0.012770377232748497
2020-04-15,0.025690332625424583,0.018611687866448293
2020-04-16,-0.010132690871937357,-0.010747717425716403
2020-04-17,0.010580750689941878,0.013694746245041155
2020-04-20,0.005939818352920371,0.014697747800526333
2020-04-21,-0.005101132004872885,-0.014911728128712599
2020-04-22,0.031128479343083288,0.025402753384874868
2020-04-23,0.013066438014719484,0.005225862679580092
2020-04-24,0.0021406417260441376,-0.003872008772890555
2020-04-27,0.012830910545182903,0.005340264242708047
2020-04-28,-0.0028030208241297747,0.0007864425222977988
2020-04-29,0.005452657384716085,0.010130761664417967
2020-04-30,-0.007321744055243666,-0.004387240451488455
2020-05-04,0.028444134238597676,0.0008404744484797042
2020-05-05,-0.011928184586378485,-0.011122882752028041
2020-05-06,-0.009641753115888007,-0.00741690593703166
2020-05-07,-0.005940838511828521,-0.0038113660212947317
2020-05-08,-0.0025525405289703595,-0.002987251766753617
2020-05-11,-0.017758357364016052,-0.01206579621477065
2020-05-12,-0.04748769053829589,-0.033469859073490586
2020-05-13,-0.014338572704579583,0.0031093577105713753
2020-05-14,-0.01860021357763247,-0.01317968476252457
2020-05-15,-0.018344286446029055,-0.011150146920251259
2020-05-18,0.04104634568674842,0.012965624851908759
2020-05-19,0.0016031289204499278,0.0031672683438649842
2020-05-20,0.01308945990701179,0.010827207085199271
2020-05-21,-0.004189001648296679,-0.0009027782127968129
2020-05-22,-0.0014566635637051158,-0.004761853093702578
2020-05-26,0.009411174148734727,0.0034865387247537123
2020-05-27,-0.01908311333769128,-0.013883736199915217
2020-05-28,0.03003343995182656,0.021294507246863326
2020-05-29,-0.005025589984275848,-0.00019372951910483932
2020-06-01,-0.0004841932374722094,0.009001866514705345
2020-06-02,0.03449903077606907,0.034269502904592984
2020-06-03,0.003144879478485207,0.006760042356127784
2020-06-04,-0.00033454543189441075,0.005097339059199273
2020-06-05,0.018055693997770003,0.018265749432513887
2020-06-08,0.0015744280599468714,0.005344996359512309
2020-06-09,-0.020052997636863388,-0.018240477140027467
2020-06-10,-0.005627465499416052,-0.0001896747851008367
2020-06-11,-0.008060751644246543,-0.013770092791237115
2020-06-12,-0.00535035142494678,-0.0036896305410333303
2020-06-15,0.003884964650225427,-0.0003328278429887701
2020-06-16,0.009520493943194368,0.005283052422276487
2020-06-17,-0.007319891573066171,-0.0029611696786936686
2020-06-18,-0.032535314181312044,-0.02574684749705223
2020-06-19,0.0027875691518958524,0.0017057752400087421
2020-06-22,0.01568280884396197,0.017619022481450912
2020-06-23,0.003343560568008094,0.010589839212614263
2020-06-24,-0.01148237285284831,-0.002223898497608852
2020-06-25,0.010523773375286033,0.0023133915043283947
2020-06-26,0.004208621369722533,0.010868905893846457
2020-06-29,0.012231959483756598,0.003622441315276027
2020-06-30,-0.007071543151674364,-0.004093048174618872
2020-07-01,0.005256015826559155,0.004661240061676205
2020-07-02,0.006671131009863974,0.005673903801346605
2020-07-03,0.014360077768093277,0.00939176289387279
2020-07-06,0.014021015191686522,0.01057156520517955
2020-07-07,0.0038789580128117257,0.0016753800855357469
2020-07-08,-0.02097942970060742,-0.01941381791525956
2020-07-09,-0.013619685077808058,-0.008762915332955158
2020-07-10,0.0012994827019867606,-0.0024604122836310704
2020-07-13,-0.004845311359245866,-0.004285887502504549
2020-07-14,-0.005421350159146292,-0.007070888177471094
2020-07-15,0.005293270395513243,0.0007006510894526932
2020-07-16,0.004219904438300765,0.002534240251926852
2020-07-17,-0.006939460601257697,-0.0008674327915017827
2020-07-20,0.005010650143284707,0.009153205690405274
2020-07-21,-0.008626087229592677,-0.004621130127657634
2020-07-22,-0.0015758794015356813,-0.001944464717864526
2020-07-23,0.014617588747241343,0.011466351427563585
2020-07-24,-0.004276216071684175,0.00010357074578676848
2020-07-27,-0.016404129220455057,-0.009394813792074231
2020-07-28,-0.016392328457898505,-0.01231415067455865
2020-07-29,0.015457006936119363,0.012231908760922606
2020-07-30,0.0010063112793276033,0.00481910832710721
2020-07-31,0.0022478762934976795,0.006517031750526827
2020-08-03,0.0007019665068202815,0.0058887261756132795
2020-08-04,0.010490758874340889,0.008169022384593421
2020-08-05,0.004183999854046979,0.00038852078322914284
2020-08-06,0.003716457931581556,0.0029954167010288863
2020-08-07,-0.004449932495369091,-0.003661995615251852
2020-08-10,0.034141001502626306,0.03331671677938935
2020-08-11,0.01145629152119528,0.006991499336764892
2020-08-12,0.0024631942225811143,0.004786219121822026
2020-08-13,0.009739945706354069,0.009760500485836453
2020-08-14,0.00796806149643545,0.004057186405049582
2020-08-17,0.0013311456979395511,0.0015786557978826924
2020-08-18,0.00751706909210171,0.007900571114836847
2020-08-19,0.008033019575305679,0.013524014795824137
2020-08-20,0.009191085522594246,0.0064701155181056975
2020-08-21,0.02160281137842397,0.02616519053200366
2020-08-24,0.002837283412073594,0.01743852266467096
2020-08-25,0.003520502458449837,0.0010432072191273812
2020-08-26,0.01026328332446073,0.01140861602331627
2020-08-27,-0.04159572935911277,-0.016615706931937473
2020-08-28,0.031318086742269685,0.026164248808852278
2020-08-31,-0.01316418845244265,-0.022502532762313926
2020-09-01,-0.010777691158963834,-0.009361811162657795
2020-09-02,0.023150282263548403,0.01798532269588365
2020-09-03,-0.01736215755243289,-0.00772372439155295
2020-09-04,-0.0051769642768079984,-0.0050471375455575325
2020-09-07,0.04372590338501347,0.032418457190210116
2020-09-08,-0.017389193427566136,-0.015372533827596362
2020-09-09,-0.028201454263668616,-0.020822117181733563
2020-09-10,0.016683482921788804,0.018790469100358777
2020-09-11,-0.018047020675441717,-0.009097169475327101
2020-09-14,-0.01991980263776044,0.004648370496145196
2020-09-15,0.000753573472140136,0.012610587570137874
2020-09-16,-0.039269039641603116,-0.032058005716552415
2020-09-17,-0.0051337538477575365,-0.012319200951374908
2020-09-18,-0.003636489514664532,-0.00015741698224270618
2020-09-21,-0.034985245441263454,-0.035550419632574985
2020-09-22,-0.020948455109126348,-0.01259775366737708
2020-09-23,0.003709900615596123,-0.00010511856402972702
2020-09-24,0.008956290468205987,-0.005413666380208046
2020-09-25,0.015975253939251782,0.02118915948627059
2020-09-28,0.013662825333069822,0.015199377798452702
2020-09-29,0.0011697069064272266,0.004526962394725043
2020-09-30,-0.008601848025500493,-0.007726295395649791
2020-10-01,-0.011780326041084074,-0.003298398619892456
2020-10-05,0.003736136984104342,0.003816386283552979
2020-10-06,-0.00047840406151982546,-0.0008823791678836446
2020-10-07,0.005026541687993686,-0.0019199018293670593
2020-10-08,0.001987917354379305,-0.0015236826552506035
2020-10-09,-0.02033702156933508,-0.011819602606037715
2020-10-12,0.010373902141665729,-0.00012239978832329461
2020-10-13,-0.008802017190373353,-0.0031921807793664717
2020-10-14,-0.004366480423932467,-0.0018204150175459015
2020-10-15,-0.005092226251735148,-0.008782330773413893
2020-10-16,0.0071561210306999995,0.0072407497546724126
2020-10-19,-0.008268627534890407,-0.0009641395910967177
2020-10-20,0.007279356620206073,0.005309041400691546
2020-10-21,0.009200274258468248,0.007384215107845347
2020-10-22,0.006583375042833945,0.007081642187660587
2020-10-23,-0.0037030185755993635,-0.002794701665049331
2020-10-26,-0.005289515415213346,-0.00752174905253345
2020-10-27,0.009047076616263987,0.013011141808526213
2020-10-28,-0.0037248325229935954,-0.004564558033772844
2020-10-29,-0.00282873551553884,0.002997274939412399
2020-10-30,0.0037593074026064715,0.006457900879178121
2020-11-02,-0.00013536088092175932,-0.001478880762366732
2020-11-03,-0.002689982352496291,0.002924410645527375
2020-11-04,-0.007563538826885055,-0.0037889284046067834
2020-11-05,0.001117547825886219,0.006617593802275142
2020-11-06,0.002182039553047359,-0.0013587386917566404
2020-11-09,0.002259947522598583,0.00238663843222758
2020-11-10,-0.0050019205099936775,-0.006098885414804181
2020-11-11,0.00867582410656492,0.01253609495951848
2020-11-12,0.0037192708242739106,0.0025644126965278214
2020-11-13,0.0013685070270191926,0.003297723993692518
2020-11-14,0.009844730673711164,0.010909084533058944
2020-11-17,0.03679515421763742,0.02784211979930303
2020-11-18,0.0174319880735776,0.011169458694994838
2020-11-19,-0.0005655486800368407,-0.0046688306729638016
2020-11-20,0.008355625186386696,0.009139711874360034
2020-11-23,-0.0061983806239815625,-0.001884286522788466
2020-11-24,-0.003015154998176207,0.0015416033133519803
2020-11-25,-0.013628258308454702,-0.013697303422073526
2020-11-26,-0.0025118485245437267,0.008429698097615483
2020-11-27,0.019472705415394326,0.014563372420481465
2020-12-01,0.014636015071930027,0.017438901628807898
2020-12-02,-0.004534290276318654,-0.0032640394856022744
2020-12-03,-0.007637776592652945,-0.000958496040573814
2020-12-04,0.00864485064567342,0.009937778600329602
2020-12-07,0.00026187846552775274,0.0020069434009529394
2020-12-08,0.009342903770444862,0.0037371279117546013
2020-12-09,-0.005784667240828684,-0.002048780473860607
2020-12-10,-0.012026513256124045,-0.009377227412345474
2020-12-11,0.010025179001440912,0.0031551489786166747
2020-12-14,0.017199220848973688,0.009948600377559791
2020-12-15,-0.00592211009044073,-0.00546853968190919
2020-12-16,-0.0026807621621218834,0.0011299444488261424
2020-12-17,-0.0010300275282006637,-0.0014656523981236918
2020-12-18,0.013132198356802814,0.004612240345587599
2020-12-21,-0.0273742068035874,-0.028463405185399072
2020-12-22,0.005695118337882509,0.007324108085977762
2020-12-23,0.012906570431755922,0.01663676346360471
2020-12-24,0.0017165539303456827,0.003654759386684179
2020-12-28,-0.003441687226853457,0.002762536524199892
2020-12-29,0.005033000386694976,0.0024642144168750455
2020-12-30,0.0026311160254785964,0.003778163572572824
2020-12-31,0.0002728013131318764,-0.0007498552080009
2021-01-01,0.004737590032753788,0.004093074468118393
2021-01-04,0.0023350119342163125,0.00616823857874194
2021-01-05,-1.4776965124986639e-05,0.0035024034466857876
2021-01-06,0.007873183160699175,0.005103653560350174
2021-01-07,0.004375360811778273,0.004523583683491261
2021-01-08,0.02083004285254709,0.012738970173523642
2021-01-11,0.005914729031597846,0.0022712451259319236
2021-01-12,-0.016089007494850482,-0.0027414990081122146
2021-01-13,-0.011987355814349286,-0.0075972038308805894
2021-01-14,0.0023503040400821213,0.002639879003750072
2021-01-15,-0.007089912129031263,-0.007964885395249387
2021-01-18,-0.01286981332268497,-0.010814920320262957
2021-01-19,-0.0018331912383717135,0.0051447723287153194
2021-01-20,0.004867741143416539,0.006037022433556726
2021-01-21,0.0026095131535013873,-0.0024270407479617786
2021-01-22,0.001254473376108536,0.0007811290330545448
2021-01-25,0.01990091768327095,0.012655295526322285
2021-01-27,-0.017300054575163357,-0.013977250734683491
2021-01-28,0.008622607154478778,0.0030410637963133673
2021-01-29,-0.019678000335846473,-0.01013393466720875
2021-02-01,0.02530711594966196,0.026998935711102942
2021-02-02,0.01341041886666801,0.01670179148422811
2021-02-03,0.006888973488599948,0.008989411526850807
2021-02-04,0.009492304404020374,0.011118739848702543
2021-02-05,-0.007854491342390737,-0.003667455648192622
2021-02-08,-0.0024199326270806275,0.004292339589530998
2021-02-09,0.007717167788053242,0.004506331932965635
2021-02-10,-0.0048330811944656635,-0.0005084637192177338
2021-02-11,0.011083687660349464,0.00800333584077445
2021-02-12,0.003951694287454325,0.004832155938460103
2021-02-15,0.016977001209068667,0.0128592373478641
2021-02-16,0.006286700360280979,0.006810251973130534
2021-02-17,0.010199629003152634,0.007074278834522382
2021-02-18,0.004965888417540765,0.003296556264640093
2021-02-19,-0.007628218494356553,-0.00999216413106426
2021-02-22,-0.0002846732975169214,-0.006642000750481064
2021-02-23,-0.0066457353206886794,-0.00013728506458538154
2021-02-24,0.0038430272901576936,0.004017320765323711
2021-02-25,-0.004876358512517793,0.0009279666184357537
2021-02-26,0.00044822312539921156,-0.005058779568619311
2021-03-01,0.0017880775117054915,0.005036723179962037
2021-03-02,0.01201621684544056,0.015120533371843395
2021-03-03,0.003914613091351996,0.00945200900182313
2021-03-04,0.005542234947602698,0.007039363756261853
2021-03-05,-0.00010924755930951685,-0.00020445357600167643
2021-03-08,0.00138409592265722,0.00659230888110809
2021-03-09,0.004976833099208475,0.004199992952859733
2021-03-10,0.0011873500650903903,0.00010088116304294691
2021-03-12,0.014543740634173402,0.010254756988383122
2021-03-15,0.008877837990075344,0.002414833548806056
2021-03-16,0.007958924660793123,0.004852459443166921
2021-03-17,-0.00927398338546958,-0.015183418025131047
2021-03-18,-0.011198375514970917,-0.008646310318885624
2021-03-19,-0.002894616642706504,0.0023333955735636023
2021-03-22,0.009136304690413136,0.004593442007054203
2021-03-23,0.007099474261609356,0.004152560105132508
2021-03-24,-0.010107336511940644,-0.010639760914994953
2021-03-25,-0.01523147435201939,-0.012315613897975043
2021-03-26,0.008649037786880085,0.013211824010095019
2021-03-30,0.010967768805625631,0.01607794133872682
2021-03-31,-0.008512455214474392,-0.005021129504695528
2021-04-01,0.0004722022646811556,0.0009658374625601451
2021-04-05,0.004427554759896281,-0.0008038572453598941
2021-04-06,0.007499263175633626,0.008411058231483809
2021-04-07,0.016964501826458967,0.017519301635481956
2021-04-08,-0.005409054748785589,-0.0015094260674720656
2021-04-09,0.017439793571834377,0.010846789211683418
2021-04-12,-0.02195262952896915,-0.027259305405463462
2021-04-13,-0.006237496283420969,-0.0011830025397823172
2021-04-15,0.014342688125139152,0.010563616039695523
2021-04-16,0.0025359194593402067,0.00760660001865919
2021-04-19,-0.01397880250604602,-0.015160754720342541
2021-04-20,-0.007245301493402857,-0.00442700256777919
2021-04-22,0.0037983028291023687,0.0004770517330986233
2021-04-23,0.0009760904014910528,0.0026193045384938006
2021-04-26,0.006185589363754322,0.008181720630056993
2021-04-27,0.008061033767137252,0.007596399101554997
2021-04-28,-0.00446341111682813,0.0018681805458556824
2021-04-29,-0.0052364482030685545,-0.0022412947727142654
2021-04-30,-0.007959076492820846,-0.007071638799105935
2021-05-03,0.003954135005689236,0.007186727261698797
2021-05-04,0.008096127496706362,0.004263243165446786
2021-05-05,0.008416096091761457,0.012316140934999656
2021-05-06,0.004520902400999721,0.004286802749275827
2021-05-07,-0.000475405705378029,-0.001681627902005404
2021-05-10,-3.625156575391475e-05,0.0018993290980822463
2021-05-11,0.006736778182674601,0.005011665315973296
2021-05-12,0.0036402115304482938,-0.0017637773138408077
2021-05-14,0.004029287906241424,0.00040521609973096233
2021-05-17,0.005136773568078427,0.006509377797306279
2021-05-18,0.0057351018959755804,0.007480433374218065
2021-05-19,-0.0019868465976234013,0.0012538984474385444
2021-05-20,-0.011918633089213853,-0.01230953719731829
2021-05-21,0.0018636361209843164,0.0034085492649190523
2021-05-24,0.007259377861639782,0.011230737851977278
2021-05-25,-0.006930549223031824,-0.003858585997853225
2021-05-26,0.0009117153584980547,0.002946023177277342
2021-05-27,0.0004629409904987659,0.004472755026737607
2021-05-28,-0.010699188962260834,-0.010237130771190709
2021-05-31,0.007205909154185875,0.004793274555671377
2021-06-01,0.003698618713458113,-4.121409642013886e-05
2021-06-02,0.018733311126676457,0.01570518990067921
2021-06-03,0.013032639750005608,0.0162880960863904
2021-06-04,-0.017568327762163924,-0.016890164159797195
2021-06-07,0.010592244988662161,0.008652075396552099
2021-06-08,0.02104222926333592,0.013324322774528833
2021-06-09,0.009856606143014205,0.003673775237721882
2021-06-10,-0.0055399060279543895,-0.002342048380060305
2021-06-11,0.000809874686848841,0.002771288657251138
2021-06-14,-0.008731555524859052,-0.007203395074222423
2021-06-15,0.008037689669383443,0.0015971102458982684
2021-06-16,-0.0017882424477913103,0.00011824575284160262
2021-06-17,0.00424483887946565,0.0010411444318011108
2021-06-18,0.013237472167201406,0.0067612818502368706
2021-06-21,0.01683737276032144,0.013093639262012378
2021-06-22,0.01232344965172737,0.007632813357073039
2021-06-23,-0.0030260315016162826,-3.8657919474757556e-05
2021-06-24,0.009702993772163838,0.005840534220746912
2021-06-25,-0.011036913456455891,-0.010266798276645861
2021-06-28,-0.0010525427037639478,-0.0027577864416197684
2021-06-29,-0.00688097558111389,-0.0028820864396969814
2021-06-30,0.013367909275948258,0.007942368250421052
2021-07-01,-0.009855161712210346,-0.002858847128031623
2021-07-02,-0.00017802584323239206,0.007857106399232155
2021-07-05,-0.0029058814637116406,0.002495479988168828
2021-07-06,0.012760819602754808,0.0036173898974318336
2021-07-07,-0.0052588258541800634,-0.003324451492248642
2021-07-08,-0.0006828411431953201,0.0008197397118811093
2021-07-09,0.0015167792208600403,0.002022091263885561
2021-07-12,0.012026017632644158,0.007280613167514727
2021-07-13,0.0029010472497602684,0.002189029750315109
2021-07-14,-0.004244073021615806,-0.0027872706790096915
2021-07-15,0.0006273544891803218,0.0017653577087203324
2021-07-16,0.0007067127400962043,0.004770237276683168
2021-07-19,0.011051727853798876,0.012377163648072814
2021-07-20,-0.01151485747818196,-0.013310812072749043
2021-07-22,0.007761326372652643,0.014098900341859033
2021-07-23,0.008369802062439608,-0.0010741945766179536
2021-07-26,-0.001125879536493788,-0.0037612779713355124
2021-07-27,-0.005689935193703215,-0.003420836804290826
2021-07-28,-0.0039967992979813745,-0.0025807290186968253
2021-07-29,0.004342792058661409,0.00017588346315544439
2021-07-30,0.020443752527882414,0.010779292878181584
2021-08-02,0.029980374923314103,0.019106018201408746
2021-08-03,-0.00954907739467201,-0.0019852478975806174
2021-08-04,-0.03512152729501985,-0.018121582814251067
2021-08-05,-0.001973438492870458,0.000645862570317524
2021-08-06,-0.018089276104035188,-0.009234084123569308
2021-08-09,0.00039398188491556884,-0.0040280751676993985
2021-08-10,0.022329733339965727,0.004755000257344875
2021-08-11,0.00010935147695171206,-0.005294206684324763
2021-08-12,0.009620570824785745,0.008313702755900418
2021-08-13,0.019781888616064648,0.010185918600361806
2021-08-16,0.008377820004780021,0.005374319594864615
2021-08-17,0.00989039430264652,0.010420231123230182
2021-08-18,5.817021826035008e-05,0.0003204522921477525
2021-08-20,-0.0031482393154196216,-0.012801599787994816
2021-08-23,-0.0008267981023137687,-0.0049309325523622695
2021-08-24,-0.008253531901363234,-0.0014885489810768562
2021-08-25,-0.0014015047979944498,0.0003027782835996109
2021-08-26,0.003375716556431689,0.0026442475509656413
2021-08-27,0.005325679413669106,0.006357522637974548
2021-08-30,0.007502256649189795,0.010041620668475356
2021-08-31,0.0020523467356950145,0.004077142196799116
2021-09-01,0.014326451304988172,0.008688091791542679
2021-09-02,0.007342797079919116,0.010165491294209529
2021-09-03,0.0066646493915199,0.0030753901889911343
2021-09-06,-0.0034700246465271343,-0.0014021573016057838
2021-09-07,0.004479909835940575,0.002790151367697118
2021-09-08,-0.0009365110335732491,0.0018475733765807092
2021-09-09,0.023561215023633942,0.016407391522977776
2021-09-13,-0.0023937104511079044,-0.0011462698596639868
2021-09-14,0.0016706116166804604,0.0011780485691705717
2021-09-15,-0.0024397049240993934,-0.0015657282494702489
2021-09-16,-0.001223190933406018,-0.001137692181346888
2021-09-17,-0.007526638698503049,-0.006330441142797707
2021-09-20,-0.001853300630220052,-0.00536194839618954
2021-09-21,0.005066339681699373,0.004200064976312531
2021-09-22,0.011583099802012914,0.010360726743376236
2021-09-23,0.008699622967329094,0.007675380522293739
2021-09-24,0.002676016428627727,5.7288491686017596e-05
2021-09-27,-0.007337322787477349,-0.006871626448501644
2021-09-28,-0.003984837683658459,-0.004959818173076837
2021-09-29,-0.010886593317876057,-0.004311434520767354
2021-09-30,0.010079333865967734,0.00776669846501129
2021-10-01,0.017279090493168694,0.012152573393298824
2021-10-04,0.007449990230264545,0.008694214779086093
2021-10-05,-0.002135036438561768,-0.0026117232725446967
2021-10-06,-0.014778368190462094,-0.013629829305967924
2021-10-07,0.005234761165554127,0.009639530952814829
2021-10-08,-0.0018261237303066153,0.0003504397811759831
2021-10-11,0.01265961856587775,0.01160983859070547
2021-10-12,-0.00010048267487337798,0.0015213100525892735
2021-10-13,-0.0015684039211525677,0.001149785329483645
2021-10-14,0.0012314770845497937,0.0012014169707872855
2021-10-18,-0.004607119856982594,-0.003525616720901934
2021-10-19,-0.012533520921697558,-0.013773624858410808
2021-10-20,-0.014828490974168733,-0.014979751963603568
2021-10-21,0.012568027206149976,0.0035087134273965024
2021-10-22,-0.0019315791495946421,0.0018856085906193403
2021-10-25,-0.0003289929125284728,-0.002265840573079734
2021-10-26,0.001826189629634087,0.007074142942915659
2021-10-27,0.006089661623308901,0.00734865265727438
2021-10-28,-0.01009028062509559,-0.012218320775824763
2021-10-29,-3.206554594923455e-05,-0.0013406264812478102
2021-11-01,0.011030112702534626,0.013015138248667197
2021-11-02,0.002087036860933996,0.005065302599642878
2021-11-03,-0.001771418271176603,-0.0017599435600137564
2021-11-04,0.009856850839754504,0.009278069466767009
2021-11-08,-0.00726762418547799,0.001369070768615181
2021-11-09,0.01349036335114919,0.007983375306360334
2021-11-10,-0.0011807384754013855,-0.0006777301363385109
2021-11-11,0.0006875112665310189,1.8141746907697747e-05
2021-11-12,-0.0017162194937631807,-0.0009853158328457694
2021-11-15,-0.0022303833888810045,-0.0024155568537867463
2021-11-16,0.0014281188496055722,-0.0027459625098320392
2021-11-17,-0.005273261767400895,-0.0025669322739851584
2021-11-18,-6.287161245793464e-05,-0.006011189043446332
2021-11-22,-0.010178982030144916,-0.015274384682705502
2021-11-23,0.0053001438521820855,0.008633506093254162
2021-11-24,-0.004109158135324592,-0.006292775307529111
2021-11-25,-0.0033470036377271787,-0.0025365582443901695
2021-11-26,-0.009143186478545793,-0.01443610779819821
2021-11-29,-0.0007098571964081772,-0.0046038472040287465
2021-11-30,-0.004281216190290822,0.0010098027597790773
2021-12-01,-0.011916088452495765,-0.00863780305365158
2021-12-02,2.091302670196351e-05,0.007923101028420278
2021-12-03,-0.011821715503391336,-0.008261690243333758
2021-12-06,-0.006590889114316045,-0.008582383268576518
2021-12-07,0.007226606859219558,0.009780293838359062
2021-12-08,0.006608937273833875,0.006424735925292489
2021-12-09,0.0008057212349359303,0.0010644933452044368
2021-12-10,0.008912081850398984,0.008994260031667515
2021-12-13,0.003341581185748905,0.0011449588600036928
2021-12-14,-0.0025074088401282656,-0.0022103975444135266
2021-12-15,0.00789304596305225,0.002917649859799123
2021-12-16,-0.006139448338148665,-0.006307566909817999
2021-12-17,-0.011161999325714943,-0.009791054009606436
2021-12-20,-0.018062994469083105,-0.01910590893159889
2021-12-21,0.006441541990523296,0.00738025469154919
2021-12-22,0.012829776418429395,0.011675257314989808
2021-12-23,0.0043375729447154045,0.007314767669427069
2021-12-24,-0.004746300755335994,-0.008269719866849521
2021-12-27,-0.003492340141041622,9.878417029517917e-05
2021-12-28,0.018914813664213388,0.016112363433165994
2021-12-29,0.0011402816757506945,0.002836830384998555
2021-12-30,-0.0018830224611299188,-0.0005501938155606691
2021-12-31,0.006971393933422814,0.006304298894347139
2022-01-03,0.005309946849221729,0.0051341529033371285
2022-01-04,0.014191653165316832,0.010884083128024065
2022-01-05,0.011560391597738919,0.006625567785718279
2022-01-06,-0.012785465898284644,-0.007262882614509105
2022-01-07,0.002993008652773219,-0.0007589312523925046
2022-01-10,-7.639155420545237e-05,0.004118832490199981
2022-01-11,-0.003949537151577031,-0.0013982262848998683
2022-01-12,0.004713425754210436,0.006678966280794556
2022-01-13,-0.005548008751320702,-0.000324068951912453
2022-01-14,-0.005907506989499327,-0.0011404918329241949
2022-01-17,0.009204651372429606,0.004045249607809352
2022-01-18,-0.00924674789963794,-0.012970052018358042
2022-01-19,-0.00993660545016054,-0.006250950898962081
2022-01-20,-0.005794417354582249,-0.004493299681991743
2022-01-21,-0.0015781281459157246,-0.007120420066257618
2022-01-24,-0.026550035549461257,-0.02727671395802756
2022-01-25,0.010031306805920064,0.00927506995430186
2022-01-27,-0.006009374161353025,-0.006474536413009162
2022-01-28,-0.005372573907537649,-0.002685340239579232
2022-01-31,0.003709757748163566,0.005406123717009768
2022-02-01,-0.0013968796436291846,0.002475478477905304
2022-02-02,0.012754434880190285,0.01065723061941196
2022-02-03,-0.0022111909075291916,-0.0011416088831409051
2022-02-04,0.0029930298608543803,0.0003836204921301537
2022-02-07,-0.013431611201906791,-0.012410673640827593
2022-02-08,-0.011053758278335256,-0.006902579297179752
2022-02-09,0.017946607598255664,0.014385220493542126
2022-02-10,0.004885047162918744,0.004475437491946774
2022-02-11,-0.009334419753383076,-0.008494707091981284
2022-02-14,-0.014001215167527599,-0.01733372351288001
2022-02-15,0.008239841797370162,0.010989031640021628
2022-02-16,0.011120514689899367,0.0080348003563328
2022-02-17,0.0007373051871422813,-0.00014052451294095658
2022-02-18,-0.0047875585848208505,-0.004788722121116803
2022-02-21,-0.00845783396825188,-0.01150348310096891
2022-02-22,-0.006080741153720252,-0.005355727336392164
2022-02-23,0.0014123304097081813,0.0017093574501600283
2022-02-24,-0.023904908304062434,-0.028465221787569595
2022-02-25,0.025584899691666108,0.023731601669689503
2022-02-28,0.005529996507729463,0.006507145577114022
2022-03-02,-0.008373323153129773,-0.011273924696156
2022-03-03,-0.0024531230458061408,-0.008222331098423746
2022-03-04,-0.01922945709307565,-0.015362132372172954
2022-03-07,-0.028441199876848264,-0.024029645071254883
2022-03-08,0.0077629035053165905,0.008504681256899418
2022-03-09,0.016479992994128317,0.013806822128201918
2022-03-10,0.011525131335912677,0.013009505051542185
2022-03-11,-0.009024092889910653,-0.0035409362679923156
2022-03-14,0.01043807475332123,0.006781330574794207
2022-03-15,-0.01319262336350557,-0.010515580104973653
2022-03-16,-0.0015285319366125268,0.00447850523503063
2022-03-17,-0.006780033550588177,-0.00450227932774737
2022-03-21,0.012308663136811476,0.008974336857969889
2022-03-22,-0.014351213095549386,-0.007679080474023896
2022-03-23,-0.011382910477764423,-0.010056061687203787
2022-03-24,-0.008243192139888406,-0.006928127236470053
2022-03-25,0.0008346932188794778,-0.0003429425339730982
2022-03-28,-0.003833474434166662,0.00066017545732347
2022-03-29,0.0038877031200437186,0.006647150702293244
2022-03-30,0.01500480483754672,0.011659223755621314
2022-03-31,0.009697620669385254,0.007598757219875922
2022-04-01,0.007033742171814503,0.0077633065350369195
2022-04-04,0.010060527226631803,0.011778530937911858
2022-04-05,0.001616830910683443,0.003079343969846158
2022-04-06,0.002199878647375064,0.003234907652161517
2022-04-07,-0.0021678999504276884,-0.0009007965950551852
2022-04-08,0.00524468597090829,0.007473759863510749
2022-04-11,-0.007463801001330425,-0.0010723311627926719
2022-04-12,-0.011372654149416196,-0.010704100850672027
2022-04-13,0.0007327236925065142,0.0005711040590055508
2022-04-18,-0.005425265709903226,-0.0055207766270197085
2022-04-19,0.005957942686286377,0.0011276163831875894
2022-04-20,-0.006589100669348444,-0.00047528865539825165
2022-04-21,0.0017233177288326473,0.002418198816077305
2022-04-22,-0.010030111428584516,-0.007889024798530372
2022-04-25,-0.011390675709193452,-0.012072263240504113
2022-04-26,-0.0036507659195383233,0.0008321979408920837
2022-04-27,-0.010484749795496028,-0.007349352339980642
2022-04-28,0.0015147985730533642,0.0027645168010126684
2022-04-29,-0.006630620438511698,-0.006915546572199278
2022-05-02,-0.0024212180933876827,-0.0014438896144093416
2022-05-04,-0.004541071130207243,-0.010764745622737635
2022-05-05,0.0038919986634936227,0.0020185611364346313
2022-05-06,0.0043597758948220626,0.0004656102164598705
2022-05-09,-0.005521543965174281,-0.006236789528377934
2022-05-10,-0.010781673321633278,-0.009833176509971524
2022-05-11,-0.010345131376043499,-0.00620595200806637
2022-05-12,-0.010639076240370247,-0.01219175226983942
2022-05-13,0.003960046818961112,0.006946203138491742
2022-05-16,-0.007527239104583331,-0.0048285000997765936
2022-05-17,0.009770780831375126,0.011623664938564331
2022-05-18,0.012215572008480773,0.01194874603431151
2022-05-19,-0.016560679153001464,-0.013599217224510941
2022-05-20,0.012749411561232027,0.012587229406758872
2022-05-23,-0.0001665906611866703,0.006276955230110515
2022-05-24,-0.007541058105361393,-0.004544226888283381
2022-05-25,-0.005347541688780219,-0.005413554542350296
2022-05-26,0.004531288982146198,0.003385021938547417
2022-05-27,0.009021755051779455,0.010561127126470912
2022-05-30,-0.007623680250263251,-0.0012784414232671754
2022-05-31,-0.012880448152894962,-0.01071293871466248
2022-06-01,-0.016675182937722726,-0.012363995875575993
2022-06-02,0.00680498950031568,0.004609207197605782
2022-06-03,-0.012211323396498112,-0.012956293991160054
2022-06-06,0.0018398968549952987,0.0006658077512812189
2022-06-07,-0.02377037013724109,-0.021313508902707105
2022-06-08,-0.009805005958865454,-0.005178316420182927
2022-06-09,0.002063355126548841,0.002365000886061501
2022-06-10,-0.0026788446870479165,-0.0020271477180964616
2022-06-13,0.0018694914481966248,-0.0023942355068603837
2022-06-14,0.0012037360434578514,0.0009872781352356355
2022-06-15,0.0028200745568948723,0.0030348220806696294
2022-06-16,-0.01699865134053156,-0.015743317217402554
2022-06-17,-0.02218268399645678,-0.01810011148971268
2022-06-20,0.020690131489974794,0.013690856443159547
2022-06-21,0.0019046557151387335,0.0030919855825550873
2022-06-22,-0.005742369027545618,-0.005148784715294655
2022-06-23,0.012999379060032236,0.012540044507734074
2022-06-24,-0.0026950777402473926,-0.0013671445063589407
2022-06-27,0.011505308170145107,0.0092433761165264
2022-06-28,-0.0006259951645529324,0.0010838900710117508
2022-06-29,0.01249244343638328,0.011213818995803336
2022-06-30,0.017360904656482958,0.014426193587287167
2022-07-01,0.008477718958542381,0.006174909478866111
2022-07-04,0.012783010880382015,0.016718461525291942
2022-07-05,0.006098632205620676,0.008330046295340218
2022-07-06,0.02452262098035883,0.021992125524438407
2022-07-07,0.0003526697304002419,0.0005671060430893732
2022-07-08,0.0031261095133834466,0.003808953046545562
2022-07-11,-0.005098812456489486,-0.004608600637793998
2022-07-12,-0.007450451728411708,-0.007480327831784143
2022-07-13,-0.0009078867188724063,-0.002857807020820993
2022-07-14,0.003885975381371721,0.007093598906119323
2022-07-15,0.01653988438688356,0.015193553554124418
2022-07-18,0.016584249803588167,0.014359541811767813
2022-07-19,0.009083351899942685,0.006838207604330452
2022-07-20,-0.0020379193169959954,-0.0034472370445662224
2022-07-21,0.005612608943188772,0.00965376393736802
2022-07-22,0.006940329219311144,0.005695859837167256
2022-07-25,0.0012968941123389418,-0.00033695800082521516
2022-07-26,-0.003661875972368782,-0.0061169106175242675
2022-07-27,-0.0035696188122490164,-0.0023568819584223978
2022-07-28,0.00021510459633810371,-0.003023720621035016
2022-07-29,0.018626932683158307,0.018685270079866343
2022-08-01,-0.006338647882221323,-0.0005848184450521255
2022-08-02,0.01841342991551542,0.011626551989784701
2022-08-03,0.007772807279645926,0.002324007290704525
2022-08-04,0.008426544181729013,0.0059906343798333
2022-08-05,-0.00817103134062845,-0.0040461954215302905
2022-08-08,0.0030231805058563315,0.0050386003592975724
2022-08-10,0.0063314480288998295,0.003062744998280846
2022-08-11,-0.006000309616346778,-0.002034286270429902
2022-08-12,0.009628015848848748,0.004721342553007526
2022-08-16,-0.006476531593494336,-0.003913316884721465
2022-08-17,0.008629931636443149,0.008275437859605257
2022-08-18,-0.013641128909198236,-0.008810870521123589
2022-08-19,-0.004286190155367754,-0.003738794090328231
2022-08-22,-0.004669500353180034,-0.002342128634138507
2022-08-23,-0.006609617945821774,-0.0030440103879330596
2022-08-24,0.009237519104714471,0.008999591324982034
2022-08-25,0.0075461417928549095,0.004577505316839089
2022-08-26,0.004349439862931437,0.0034636939711239698
2022-08-29,-0.0054031078654252504,-0.005461832798467166
2022-08-30,-0.005815682273555965,-0.002763498999167647
2022-09-01,-0.01367854346293497,-0.01077273926098249
2022-09-02,0.0034688568554144274,0.0038809821940667642
2022-09-05,0.007943436510037859,0.00767585907536663
2022-09-06,0.008332687240450143,0.006885064136876199
2022-09-07,0.0036489173090772198,0.006070804652395745
2022-09-08,0.00888573619599239,0.007723483034306613
2022-09-09,0.003522210472614877,0.004103572148317566
2022-09-12,-0.009817303094543052,-0.006050596604555445
2022-09-13,0.0053946964618503,0.005916234769386499
2022-09-14,0.0023277368996947245,5.610216142932405e-05
2022-09-15,0.004509747294609816,0.0037230049025105596
2022-09-16,-0.032083088245021596,-0.029101941171037402
2022-09-19,-0.0010100340868261111,-0.0010006431826190313
2022-09-20,0.027195867058869228,0.023738723704077033
2022-09-21,0.007538204524556424,0.004729543595148497
2022-09-22,-0.005580651153080973,-0.0004689030722050815
2022-09-23,-0.0012378949830732268,-0.003665608590993219
2022-09-26,0.0013325108083779126,-0.004443153005959209
2022-09-27,0.009938149066213103,0.007451423026650305
2022-09-28,-0.0019254004945667214,0.00022908855105820667
2022-09-29,0.008329435661008163,0.00908779279651873
2022-09-30,0.012377403512766713,0.010804163491714626
2022-10-03,0.004926834216404775,0.004680845093710118
2022-10-04,0.004895838185017008,0.006008182076072442
2022-10-06,-0.018263258329249576,-0.015825621381944224
2022-10-07,-0.010313320838529818,-0.008306625375086644
2022-10-10,-0.0019385582389270144,-0.001699633012322123
2022-10-11,-0.00507981844553165,-0.004622678298609531
2022-10-12,0.0014178007799433786,0.004456114548976398
2022-10-13,-0.005573649904335504,-0.006072505750395201
2022-10-14,0.006047529117635338,0.0056287163605329696
2022-10-17,0.006450925911680779,0.004198666056232751
2022-10-18,0.004641675700279051,0.0047660550751413774
2022-10-19,0.004993801969158761,0.006398850571622679
2022-10-20,0.005447246798187489,0.0019572971344422934
2022-10-21,0.0010089697142160342,0.001677050724623214
2022-10-24,-0.0016779963566468214,-0.00038723230319717147
2022-10-25,0.0038626309983679566,0.003360963166511974
2022-10-27,0.012830365581601265,0.011055386383010835
2022-10-28,-0.0130297748937358,-0.010146486005521765
2022-10-31,0.009249845751883808,0.007404924619711515
2022-11-01,0.010531096673715531,0.00814547015816419
2022-11-02,-0.00863044138318824,-0.005847386143294867
2022-11-03,0.013253965169167744,0.008228938750913985
2022-11-04,0.011165036025259242,0.0069731143066308265
2022-11-07,-0.002745257977361329,-0.0027866978360387797
2022-11-09,0.007069271549897405,0.004823213924646625
2022-11-10,-0.0035210749585576706,-0.004100438532441532
2022-11-11,-0.008164704307318481,-0.006063413243612557
2022-11-14,-0.006802962215142005,-0.004314021285328581
2022-11-15,-0.0009245668235933604,0.0012292383356683134
2022-11-16,0.00996319861486793,0.004321894312245494
2022-11-17,0.0016105209451945865,-0.0007217438179955632
2022-11-18,0.014645607837942602,0.009465795859973038
2022-11-21,0.020472276117366458,0.013114681193491518
2022-11-22,0.009938763788836453,0.00945000857744697
2022-11-23,-0.004108883379519871,-0.0022931545211786956
2022-11-24,0.010962625723911152,0.010121483183148523
2022-11-25,-0.00495093067113929,-0.004675207600238922
2022-11-28,0.014776241298164072,0.012741189347927562
2022-11-29,0.00045792776144397575,0.0011696917247347122
2022-11-30,0.0034990523926406478,0.005925407477276585
2022-12-01,-0.005572332753345851,-0.002713891658135443
2022-12-02,-0.0017992340691289858,-0.00040168715140263486
2022-12-05,-0.012582990084008417,-0.010315993156043564
2022-12-06,-0.0050406982542255665,-0.0024536470874617143
2022-12-07,0.008181636598443722,0.005154669081663177
2022-12-08,0.008239341093260105,0.007706686243142611
2022-12-09,-0.010175982228236582,-0.007173316141915949
2022-12-12,-0.0006081769807621397,0.0015991974332629582
2022-12-13,0.013306043210712345,0.015855277114716064
2022-12-14,0.004879287451753201,0.006616643953694235
2022-12-15,-0.00493429555230996,-0.005837891459426218
2022-12-16,0.0024606803125586246,-0.0024911055688464174
2022-12-19,-0.006078051846570179,-0.000989301451839924
2022-12-20,-0.013762285271514815,-0.009230686032300326
2022-12-21,0.0038503575546791936,-0.0006567760094469564
2022-12-22,-0.01608572726585396,-0.01224059851998157
2022-12-23,-0.01590315138496942,-0.02103212151480223
2022-12-26,0.013381987021267824,0.012597372559424797
2022-12-27,0.014275209454842567,0.012918518284961374
2022-12-28,0.0076834672115947905,0.0032572243670128476
2022-12-29,0.004089112210590011,0.0016843053032526251
2022-12-30,-0.0037758989279020345,-0.00019308604117694787
2023-01-02,-0.004314547326110773,-0.002142510418389343
2023-01-03,0.001573099898161592,0.0016637873790211553
2023-01-04,-0.002647776013008252,-0.0024599407539993303
2023-01-05,0.006068831238571384,0.005140951522751335
2023-01-06,-0.007460379447114539,-0.00532368168733533
2023-01-09,0.005073438634492682,0.0046131811228775615
2023-01-10,-0.0014848999371086789,-0.0004935842104887122
2023-01-11,0.004644339872207287,0.003714899558002192
2023-01-12,-0.004667381629808581,-0.0048884993782376
2023-01-13,0.004116960253454279,0.0012965586371881314
2023-01-16,-0.003179487706729552,-0.001172483117152493
2023-01-17,-0.0007108250377144095,-0.0009610944599362035
2023-01-18,0.005064101213845908,0.0038134838945781497
2023-01-19,-0.010564607367577993,-0.005919700230270464
2023-01-20,-0.010398339305480944,-0.008461471809410667
2023-01-23,0.0027276082011895315,0.0011101349469628734
2023-01-24,-0.0050123471197560665,-0.0028811092658149544
2023-01-25,-0.0036317177661756867,-0.0036189921625522257
2023-01-27,0.01256631451369074,0.004109489470016987
2023-01-30,0.0005676869290187651,-0.0008884652983519303
2023-01-31,0.004475049559049944,0.005978818684524863
2023-02-01,0.012301970887331058,0.0041641169485386285
2023-02-02,0.011090142236271798,0.00803637083297366
2023-02-03,0.008149697477579787,0.009822869280552853
2023-02-06,-0.005802007142011799,-0.0009658428186839815
2023-02-07,0.006157199833810654,0.004958761626877078
2023-02-08,-0.001085845171370737,0.0032840965647649395
2023-02-09,-0.004822685366424493,-0.00593603063677081
2023-02-10,0.003375820557012908,0.009043391043671611
2023-02-13,-0.009062613748001757,-0.00831284249011723
2023-02-14,-0.0017345195634522973,-0.000672417791998353
2023-02-15,0.007102845053432111,0.0062831701822284305
2023-02-16,0.0017660210018308942,0.0032384726118309913
2023-02-17,-0.002667136965521153,-0.003195602759492694
2023-02-20,0.000777177222840629,0.0012208393873490288
2023-02-21,0.002034660365888903,0.0005504952981851765
2023-02-22,0.00022286436619347054,-0.0021345749461265614
2023-02-23,0.006122442129786719,0.0019674201489532843
2023-02-24,-0.0036593865823048165,-0.001190795219952915
2023-02-27,0.009349572950286447,0.006430989534435598
2023-02-28,-0.0054766822359256515,-0.0028152097860579756
2023-03-01,-0.0029858137525727376,0.0015911220816332676
2023-03-02,-0.01309212310998743,-0.010377600382381478
2023-03-03,-0.005742689547345349,-0.0023382547128311735
2023-03-06,0.004115877164353985,0.006157561759423599
2023-03-08,-0.004766873261382451,-0.002478041549432842
2023-03-09,0.0011303954371571392,0.0009943303521736395
2023-03-10,4.5848793403740146e-05,-6.805272118156724e-05
2023-03-13,-0.0075026366004214634,-0.009493580522192043
2023-03-14,-0.00788591854057387,-0.006200507444059366
2023-03-15,0.004363821064256977,0.0034489300732577165
2023-03-16,-0.01096827285895615,-0.007236126776624353
2023-03-17,-0.0020473281006277246,-0.001318707829344207
2023-03-20,0.006212311137872991,0.0033478664241482865
2023-03-21,0.0051461807394839005,0.004331817588044216
2023-03-22,0.0087865082361135,0.00695060140584637
2023-03-23,0.008329297226683439,0.003952262095264127
2023-03-24,-0.006566780195231671,-0.005296058900124681
2023-03-27,0.002300344137360715,8.536510033510305e-05
2023-03-28,0.008452512310240598,0.006314680821673422
2023-03-29,0.010353570135505401,0.0114940441479596
2023-03-31,0.009139622089528584,0.0075338938416731885
2023-04-03,-0.0008856203042407687,-0.0009340886723215625
2023-04-05,0.007951122083935619,0.00515811574063864
2023-04-06,0.007770269321980881,0.006393995552076135
2023-04-10,-0.000657035652296842,0.002128678586509946
2023-04-11,0.0018839626733800057,0.0025070681341336208
2023-04-12,0.0002870069802312874,0.0015806411309871678
2023-04-13,0.003428931913610231,0.0030408425534206272
2023-04-17,0.005062587547548375,0.0028320227797889144
2023-04-18,0.0028931330527557516,0.0037282268183871877
2023-04-19,-0.004550965730396503,-0.003084381706102407
2023-04-20,-0.005755527356774641,-0.005388487945050228
2023-04-21,-0.0015186902898696518,-0.0011435443968723443
2023-04-24,-0.0008500378399636729,-0.00024995231963985463
2023-04-25,-0.004438897697326792,-0.0018727857411027491
2023-04-26,-0.0018472097574976417,0.0028913220934377267
2023-04-27,0.010635897114847415,0.008645246726590807
2023-04-28,0.01294270510679989,0.010813433930755324
2023-05-02,-0.010607063830106263,-0.008156261297221723
2023-05-03,0.004774972737732622,0.0049183402892025154
2023-05-04,0.003938507003130631,0.004365677591567495
2023-05-05,0.00857688728456322,0.005452122092107978
2023-05-08,-0.002624319278427164,0.0006706379229944029
2023-05-09,-0.00803502309934545,-0.004664838443437743
2023-05-10,0.003497384698375542,0.003088399848608853
2023-05-11,0.003918832999160517,0.005013376049660008
2023-05-12,0.0015277428522955377,0.0021022432772276355
2023-05-15,-0.0015874866069207738,6.541921053310423e-05
2023-05-16,-0.0030909532191986775,-0.0021801830959355417
2023-05-17,-0.008573340577994627,-0.006411309766403163
2023-05-18,-0.0017383917189861954,-0.0008727119769063102
2023-05-19,-0.0022702315979894337,-0.002656411311782027
2023-05-22,-0.00014356272834503562,0.004445395108698967
2023-05-23,-0.0028191430280951725,-0.0015215106576660247
2023-05-24,0.0036685308832448377,0.002527598291035002
2023-05-25,0.009168049403584755,0.008582676988528161
2023-05-26,0.0108838267229447,0.012050035120323065
2023-05-29,0.005902067550677876,0.004274193928943962
2023-05-30,0.0015691832909355487,0.0021185957653011194
2023-05-31,0.003390770762179994,0.003988740090320482
2023-06-01,-0.005464092308755218,-0.004010817649832797
2023-06-02,0.010251927058865608,0.008424791896279728
2023-06-05,0.0077582877259962085,0.0049778736839316
2023-06-06,0.009649008404009802,0.006301843796837946
2023-06-07,0.009703479923576447,0.01043239450613174
2023-06-08,-0.00845799086481286,-0.008709688026356858
2023-06-09,0.0009615982512017803,0.00020252840688587807
2023-06-12,0.005920756642721564,0.004768938944698138
2023-06-13,0.005704571981923121,0.0078043425761228835
2023-06-14,0.0011373963332405295,0.002229246196732454
2023-06-15,-0.004689249911648598,-0.001565775360487478
2023-06-16,0.01031840663237502,0.011452349982451709
2023-06-19,0.006390832147158644,0.005075339219067778
2023-06-20,0.00353735760406489,0.005372488754596035
2023-06-21,0.006904563138913942,0.004810739787562036
2023-06-22,-0.0010226371472353835,-0.001777322901369447
2023-06-23,-0.003066381457117805,-0.003927303691712506
2023-06-26,0.0021058957104330474,0.00555876154585165
2023-06-27,0.00032940733087784193,0.00031902461886709906
2023-06-28,0.005886572015696001,0.004537405563752388
2023-06-30,0.005871930267611518,0.0038974528644599923
2023-07-03,-0.005590053089211211,-0.0071617201121485
2023-07-04,0.000380045108413955,0.00018041733687925712
2023-07-05,0.0030779161567736904,0.003105413921190943
2023-07-06,0.009658077945363554,0.012640860753164045
2023-07-07,-0.004967750335455074,-0.007202917293327011
2023-07-10,0.004092723510315564,0.0022718170910398204
2023-07-11,0.010009971657136445,0.007220899864845333
2023-07-12,0.0044253738451551896,0.005263979070312907
2023-07-13,-0.0015963461161946392,-0.0022520486406566926
2023-07-14,0.002727516491846771,0.004696508958052268
2023-07-17,0.0058533761389920405,0.00279556467663139
2023-07-18,-0.004286916411080405,-0.003327069418179181
2023-07-19,0.0058405238318631255,0.005847871338056004
2023-07-20,0.005877113517465244,0.0031084300973426176
2023-07-21,-0.007992935423177487,-0.002715588296783434
2023-07-24,0.004781488679003715,0.0004859210130181932
2023-07-25,0.007437860181143824,0.003995180372009613
2023-07-26,0.002287860840703658,0.001807675400101216
2023-07-27,0.0006289788099501759,0.001319481938506388
2023-07-28,-0.0007456703840000208,0.0019080103881388337
2023-07-31,0.005722925778676644,0.006544459508675809
2023-08-01,-0.00213382610945419,0.0012657828462833442
2023-08-02,-0.016542293418615284,-0.01441615777944647
2023-08-03,-0.014453812600204204,-0.00862815572036591
2023-08-04,0.0009798137739292585,-0.0018033580148821469
2023-08-07,0.002190149795044657,0.002086581477838032
2023-08-08,-0.0012326721223346934,-0.0005307633779894032
2023-08-09,0.0022075610385422833,0.0033261620587439257
2023-08-10,-0.0075139898510954576,-0.0063034323480782245
2023-08-11,0.0036759225570704213,-0.0009254995776530276
2023-08-14,-0.0009302046086992562,-0.004045941824665717
2023-08-16,0.00814765625220588,0.004019375092861591
2023-08-17,-0.0025936150548373704,-0.0021699291186764776
2023-08-18,0.0006378582275612803,0.0022545279953314714
2023-08-21,0.00271668557126103,0.0036849565644155274
2023-08-22,0.0002738976320113414,0.001696378962915914
2023-08-23,-0.001760165288850475,0.0009654038068962533
2023-08-24,-0.0030170073777399404,-0.0030141868890403204
2023-08-25,-0.007075267447724011,-0.0064756416596194735
2023-08-28,0.0008388341215242996,0.0037464524670334574
2023-08-29,0.004187370887121267,0.004590035752619475
2023-08-30,0.0032294666994520716,0.003054272361256812
2023-08-31,-0.0013806047244038062,0.0002171400102717246
2023-09-01,0.0010054100087845007,0.0034822552617565896
2023-09-04,-0.005822599284537552,-0.0035893188490956638
2023-09-05,0.008256840034266417,0.009428131059525028
2023-09-06,0.008265521138592049,0.005357441074867105
2023-09-07,0.005054553298612078,0.006428672055087364
2023-09-08,0.0036639963130983954,0.003880131990169411
2023-09-11,0.005178215601584934,0.006610507114064165
2023-09-12,-0.003939322006558748,-0.012022706476014802
2023-09-13,0.016973686330549565,0.013341368307149493
2023-09-14,-0.004247160361088834,0.002300667932101377
2023-09-15,0.007068312200065903,0.0037068402066657738
2023-09-18,0.0023011081147801607,0.0008454485691214342
2023-09-20,-0.003175049881248413,-0.0038164335281367237
2023-09-21,-0.007667807991557064,-0.008825024434817324
2023-09-22,-0.0068014343182795384,-0.004428594469285424
2023-09-25,0.0004062303760427419,0.0016854464919235502
2023-09-26,-0.0007724491287924041,-0.0018014193419153602
2023-09-27,0.0031321378879622793,0.003265866688164244
2023-09-28,-0.007808599374666785,-0.008006530511598496
2023-09-29,0.012296369128672177,0.013801939055764365
2023-10-03,0.0017165249065344173,-0.000510975054449138
2023-10-04,-0.009478517283568938,-0.01119719343306795
2023-10-05,-0.001538066267496521,-0.0010961642871208763
2023-10-06,-0.000657284814514387,0.0019917910295552143
2023-10-09,-0.009531723341055245,-0.010482929099602394
2023-10-10,0.0014269123818721114,0.005732089265536983
2023-10-11,0.004834903881016734,0.005004154767777484
2023-10-12,0.002202188949076916,0.0032302427912076236
2023-10-13,-0.0011580704279599578,-0.0018088857011235077
2023-10-16,-0.003587891193352477,-0.0030316154314506648
2023-10-17,0.001110231137521139,0.002900793963029514
2023-10-18,0.000986797552845282,-0.0008617921949946354
2023-10-19,-0.0035868444555328064,-0.00256732496563705
2023-10-20,-0.005570069481183287,-0.003472057638295481
2023-10-23,-0.013682428549618273,-0.01811555028648674
2023-10-25,-0.010578395911491697,-0.009913437181427565
2023-10-26,-0.01456749637121149,-0.013028165377274406
2023-10-27,0.013022714937095893,0.01473354773002149
2023-10-30,0.002555262809992927,0.003660283471330738
2023-10-31,0.015621551574388163,0.006863510478864834
2023-11-01,-0.0076142514225988785,-0.0030888111303660044
2023-11-02,0.005490454507564942,0.009476029272368016
2023-11-03,0.0126987800428486,0.012671723830637107
2023-11-06,0.008849445298688878,0.008734624020925586
2023-11-07,0.004167597505650657,0.0017144914019322109
2023-11-08,0.007278566178248796,0.007577993799956009
2023-11-09,-0.009838765036683348,-0.0056675908867469165
2023-11-10,0.004868742075465921,0.004348931545211536
2023-11-13,-0.005511115275894577,-0.002796907920066888
2023-11-15,0.007330590610055192,0.00942240631999106
2023-11-16,0.008134767481028198,0.007039138041895655
2023-11-17,0.004570761688453341,0.0065749419859901835
2023-11-20,0.0034745407186990186,-0.000303509785253246
2023-11-21,-0.0007966766317275809,0.0024396968042260337
2023-11-22,0.0017807870554451444,0.00617644861583301
2023-11-23,0.0014230643544000565,0.0030065719888438917
2023-11-24,0.010666506354444301,0.00623727862365779
2023-11-28,-0.0010175472060981684,0.00013746469288472432
2023-11-29,0.004506001797939516,0.005912589196999589
2023-11-30,0.020357303433856656,0.016465082881509715
2023-12-01,-0.00238540324007207,0.0007582898967215232
2023-12-04,0.012125533557184669,0.010937025021460654
2023-12-05,0.0031606553784319018,0.004967753397019375
2023-12-06,-0.008525850856832223,-0.006147415395914837
2023-12-07,0.0034662616217300897,0.0034815986455077838
2023-12-08,-0.0006313461572945173,-0.00013964288577314563
2023-12-11,0.008127596063634094,0.006033153362832866
2023-12-12,-0.0045558431334609805,-0.005998360902097508
2023-12-13,0.0035712869904585324,0.007507526976779869
2023-12-14,-0.0017980744932216467,0.000897142640616463
2023-12-15,-0.0026833693757429364,0.00021494626384183763
2023-12-18,0.0004837601954240573,0.0005000932034866124
2023-12-19,0.002609052062903866,0.0031746142893853335
2023-12-20,-0.018247346718551972,-0.018307603111302913
2023-12-21,0.0044047388435330005,0.0066055204381855435
2023-12-22,0.010968700521202836,0.010877480366310834
2023-12-26,-0.0020934429299370506,0.0010541025433027016
2023-12-27,0.011194434241133843,0.005921397441947958
2023-12-28,-0.0004034534523025263,0.0005703005406872291
2023-12-29,0.006038084643865016,0.00796112182928154
2024-01-01,-0.004779286541507139,-0.0029051475556405816
2024-01-02,-0.0026474233630711707,-0.0021516162743533103
2024-01-03,0.0036119376866823264,0.002276710529715224
2024-01-04,-0.003212371372129787,0.001942929808924817
2024-01-05,0.002583915184396146,-1.5222647209358587e-05
2024-01-08,0.00039522495974578313,-0.0024813001982156883
2024-01-09,0.008982623833931561,0.005821470358518965
2024-01-10,-0.0018138277684138558,-0.0006300731064796546
2024-01-11,0.0032379932536304983,0.0017923598898046751
2024-01-12,0.008808338333165133,0.004731521558843825
2024-01-15,0.004790813592376258,0.003341665774237703
2024-01-16,-0.005764246217533589,-0.0051639300264347664
2024-01-17,-0.009689336429838326,-0.009419692128654376
2024-01-18,0.005401630900208147,0.0006144215479003168
2024-01-19,0.0046397493726834825,0.006978745226984134
2024-01-23,-0.0006171302462002436,-0.00710933784271182
2024-01-24,0.008977169393283937,0.009505512230942002
2024-01-25,-0.02785163981943942,-0.017815147760169518
2024-01-29,0.014130050871083839,0.013630643042406021
2024-01-30,-0.004678178591618757,-0.005641259463166801
2024-01-31,0.020551215397807694,0.017655752667479936
2024-02-01,-0.0016441378873000318,-0.004919975201437668
2024-02-02,0.0002561318075394289,-0.0004272763701576401
2024-02-05,-0.004136133639221038,-0.006495969277086844
2024-02-06,0.004746749857134024,0.007269841893458139
2024-02-07,0.013247024701336117,0.012990910517061327
2024-02-08,0.000945069734874317,-0.0017390369337167107
2024-02-09,0.006908594810483017,0.004356551370922885
2024-02-12,0.0012999437471459818,0.003259257573045061
2024-02-13,-0.004500058117321956,-0.0021205514383981997
2024-02-14,0.004799824349215357,0.005147858254095964
2024-02-15,0.004667732090467272,0.005854747341918821
2024-02-16,0.007304645120862844,0.010348216399221205
2024-02-19,0.014051593562824535,0.010747293918625125
2024-02-20,0.005537382317422984,0.0021530688400352186
2024-02-21,-0.006555063345984311,-0.005969916154177532
2024-02-22,-0.007795341735853564,-0.0027497859633087264
2024-02-23,-0.0020011738408074473,-0.0013735341640105463
2024-02-26,0.002753083765271031,0.00039198718787791895
2024-02-27,0.00920484476543474,0.008570308288087462
2024-02-28,-0.002559795403747213,-0.006496326702589114
2024-02-29,-0.00022834062941807089,0.0014992517268061132
2024-03-01,0.008291392239655675,0.008297379332249335
2024-03-04,-0.0007523932412957246,0.0015804966406521481
2024-03-05,-0.0022729259206566914,-0.0017408721763001024
2024-03-06,0.016135744803638923,0.0050766442336523205
2024-03-07,0.0010506558480964634,0.0021566807656092234
2024-03-11,0.0045234686610551135,-0.00020494381903264072
2024-03-12,-0.0033301822373519576,-0.0043237974341917874
2024-03-13,-0.012075758992327129,-0.014639084020736373
2024-03-14,0.0045291533673105285,0.005146550976764188
2024-03-15,-0.0052695934282011095,-0.0015393283394195554
2024-03-18,0.012580190419601518,0.011929849508641725
2024-03-19,-0.012438963533380747,-0.01113800131554449
2024-03-20,0.004980835190491018,0.0054119259811895425
2024-03-21,0.002161185157215533,0.006887067579381992
2024-03-22,0.009742453786469258,0.009188083690642439
2024-03-26,-0.005622513668572976,-0.001908117999113156
2024-03-27,0.00800511984874198,0.005507895433432249
2024-03-28,0.015042175093249366,0.01273461709657832
2024-04-01,-5.266679276791613e-05,0.004064345966123783
2024-04-02,-0.009151012152085325,-0.0030359182893497667
2024-04-03,0.003438749424465928,0.003945020130327558
2024-04-04,-0.007638451788452405,-0.003613005717677876
2024-04-05,-0.0013037641879632676,-0.00033203577630609043
2024-04-08,0.0015961291622680145,0.001193477938341468
2024-04-09,-0.008525504871428377,-0.0041529963391654864
2024-04-10,-0.005435876602060673,-0.001333468488290861
2024-04-12,-0.02029485965291721,-0.012787444991793571
2024-04-15,-0.003026210509674921,-0.005208774538468306
2024-04-16,-0.004153567192083998,-0.0006117447123263955
2024-04-18,0.006865785770632222,0.004894411223119583
2024-04-19,0.0009365205374263358,0.001160623300723542
2024-04-22,0.0043577264870495735,0.006307473664503165
2024-04-23,-0.0064177828343074984,-0.004648552113219922
2024-04-24,0.00841006171726218,0.007100166086114112
2024-04-25,-0.010227769815015575,-3.0321687227877507e-05
2024-04-26,-0.0042355237979177915,-0.0004337953248842064
2024-04-29,0.013585667261884883,0.007671012345814233
2024-04-30,0.0018456924695704475,3.6092285524205996e-06
2024-05-02,-0.011634337884559674,-0.007533523971335413
2024-05-03,0.004773741078686203,0.003089145412529642
2024-05-06,0.0096581833440328,0.009024836141038866
2024-05-07,0.003795594304367398,0.001872725928127828
2024-05-08,-0.0064118975664674265,-0.004076156295416921
2024-05-09,0.0002502306136753169,-0.003726251142697608
2024-05-10,0.004838446902802255,0.006353665254100844
2024-05-13,0.013853603169714682,0.011177915662012181
2024-05-14,0.006858923335206555,0.006637384420622403
2024-05-15,0.0026573766648607276,0.005566780173886811
2024-05-16,0.007534412480964729,0.010569595915480637
2024-05-17,-0.00032952204196177916,0.004486268579448534
2024-05-21,-0.0021204710663095946,-0.002639030052712917
2024-05-22,0.0025759971793186975,0.0007153770603489559
2024-05-23,0.003547215398154951,0.001596384500230896
2024-05-24,0.009340997117666812,0.00791314945589398
2024-05-27,0.0028360629482413386,0.008039801280823773
2024-05-28,-0.002874295968649684,-0.00019729103209272303
2024-05-29,0.005046863096310069,0.0008260404618785002
2024-05-30,0.01039418600501428,0.003884735495055047
2024-05-31,-0.012717173440839797,-0.003545776515572344
2024-06-03,0.00044565498386758915,0.009049357231318462
2024-06-04,-0.009613428169983309,-0.02171153768830738
2024-06-05,0.054887963933307596,0.04353525425751649
2024-06-06,-0.0035288897989958603,0.0011499417458182243
2024-06-07,0.029477372653549376,0.0244274351730124
2024-06-10,0.009566123929863852,0.009604703052018703
2024-06-11,-0.007105424069906485,-0.001311594634503825
2024-06-12,-0.015547901761023764,-0.004822205839225818
2024-06-13,0.003566162716861645,0.0046316828583023275
2024-06-14,0.006051376816440213,0.00382960096541652
2024-06-18,0.0007683216105756312,0.003953695532593281
2024-06-19,-0.012353336959126996,-0.013177314338183923
2024-06-20,-0.0032759541112705975,-0.0010135890667714886
2024-06-21,-0.00021113619090472278,0.0003738448202210516
2024-06-24,0.009471362607669079,0.010753160033194981
2024-06-25,0.0027479724353295766,0.0029816535679930206
2024-06-26,-0.0013458652349205558,-0.0002808509109686621
2024-06-27,-0.00230576971069308,-0.0018072901544495918
2024-06-28,0.005966444104060766,0.0058471783537081025
2024-07-01,0.011864444066253,0.012754584671001344
2024-07-02,-0.00996599624194267,-0.007406731197449668
2024-07-03,0.0026849175094834257,0.0029481808754328585
2024-07-04,0.0071356486735078125,0.006705581867157719
2024-07-05,0.012133772719777,0.012124705402980353
2024-07-08,-0.007315918020902546,-0.005850434974491894
2024-07-09,0.018368823895843326,0.018378847883276105
2024-07-10,-0.010789457263103349,-0.007977398348406746
2024-07-11,-0.0013424342903820986,-0.0007392652951655536
2024-07-12,-0.008982167699844529,-0.006520925345469804
2024-07-15,0.015152396965830546,0.011473133741528219
2024-07-16,0.004855449756238001,0.004106765309374037
2024-07-18,-0.0004703494713756706,-0.004143098625128788
2024-07-19,-0.015284329376467207,-0.018760836322727036
2024-07-22,-0.011396191394618439,-0.0019982818481928707
2024-07-23,0.0012991646255207587,0.0015310769247384635
2024-07-24,0.009014338687047086,0.007512650078423337
2024-07-25,0.010904951422180205,0.010350690617726192
2024-07-26,0.016328252356914624,0.016261259745940875
2024-07-29,-0.006909277893352519,6.130753203252977e-05
2024-07-30,0.005531530238951537,0.002839568609331469
2024-07-31,0.012197042127218704,0.013716809223413751
2024-08-01,0.0004998231891760268,0.0009363272596843147
2024-08-02,0.0026330531279932365,-0.0005633786631492354
2024-08-05,-0.0158525398446149,-0.01926843189186126
2024-08-06,-0.00880068957036827,-0.004103334215219077
2024-08-07,0.01618256921315854,0.01935834564700032
2024-08-08,-0.003563785901327118,-0.0016905817093750544
2024-08-09,0.0026081644240721603,0.0032923692958609966
2024-08-12,-0.0017510983340599713,-0.0014008401885850946
2024-08-13,0.004397090623352133,0.006980677542486263
2024-08-14,-0.005399479916960712,-0.0035075409616307563
2024-08-16,0.018896882567719275,0.017088337100337123
2024-08-19,0.002822369548434424,0.0015965552533443853
2024-08-20,0.002828948346217829,0.0016715404966890727
2024-08-21,0.0013709919794415869,0.001833840162527867
2024-08-22,-0.0019650353371905957,0.0022650710786799606
2024-08-23,-0.004949099067015964,-0.001002839109598034
2024-08-26,-0.007674129562198337,-0.003393811173149948
2024-08-27,0.017386306680384524,0.011765739780157672
2024-08-28,0.0030306125701238143,0.0013775905413977506
2024-08-29,0.0006741813545160164,-0.0032550246562197517
2024-08-30,0.006122041895038884,0.006315874006416858
2024-09-02,0.0030094439143718015,-0.0012072246652342653
2024-09-03,0.0016910560552413066,0.0026503425859023765
2024-09-04,0.012499400206158183,0.011467643788926426
2024-09-05,-0.002000471571572292,-0.002307557121754934
2024-09-06,-0.0035187270063782583,-0.0017128321364445686
2024-09-09,-0.0009573275075352374,0.002362067309009357
2024-09-10,0.014300894152944693,0.008725915814612661
2024-09-11,0.0014816204667508078,0.0023248794900135885
2024-09-12,0.016950335663705525,0.013723985257073645
2024-09-13,-0.003339332999650527,-0.0010332622389583452
2024-09-16,-0.0077354046389434385,-0.004207485317465661
2024-09-17,0.004996502540939847,0.00440056737588004
2024-09-18,-0.009552583236669122,-0.011143865358694265
2024-09-19,0.005524021816207393,0.003254003326108058
2024-09-20,-0.0028876859375660605,-0.0015019281345994234
2024-09-23,0.01333694244900991,0.005972167809046065
2024-09-24,-0.0036252471464397833,-0.001454887397824802
2024-09-25,0.01264716826192301,0.008378830830374228
2024-09-26,0.000335509662780495,0.0027249272591952207
2024-09-27,0.005328599981711795,0.003292606896971332
2024-09-30,0.0001370095241459762,0.0020739789003603923
2024-10-01,0.005984263349086019,0.007180232298037957
2024-10-03,-0.022059477294721297,-0.01879799316462891
2024-10-04,-0.021532007609302874,-0.02008680668266371
2024-10-07,-0.0017403736686693663,-0.005460136035904685
2024-10-08,0.016901351619753834,0.016895847501709187
2024-10-09,0.006787276816483679,0.007933280803036177
2024-10-10,-0.0048593317940808884,-0.0004768847927693674
2024-10-11,0.012338847552515067,0.013286823359011218
2024-10-14,0.00530033076541298,0.0020510207144040287
2024-10-15,0.006497826028371933,0.007349519481866093
2024-10-16,-0.00028593391654039137,0.0008344042262698169
2024-10-17,-0.013602427472269061,-0.014828785179943208
2024-10-18,-0.0006680471574588784,-0.0007024680118452752
2024-10-21,-0.006154308240231966,-0.012700991832168988
2024-10-22,-0.026924659103494345,-0.01440772739840565
2024-10-23,0.01640101143847808,-0.00024972822998705534
2024-10-24,0.007557409530673155,0.001360828138075002
2024-10-25,0.0036279182908796085,-0.0008832053705983846
2024-10-28,0.006674221885320608,0.001757837100598226
2024-10-29,-0.007426635141938509,-0.0045213183043076016
2024-10-30,-0.008522402147005144,0.0009964721921598518
2024-10-31,-0.000755206705016736,0.010215646252548703
2024-11-01,0.004981267768103387,0.005856346759500203
2024-11-04,-0.0018943647053150355,-0.0055645964582167785
2024-11-05,0.0007154422983689787,0.0018439424430879133
2024-11-06,0.01253366645858586,0.00758872772420337
2024-11-07,0.008441598725568855,-0.0024734350440133554
2024-11-08,-0.011766979226325875,-0.007734593197139971
2024-11-11,-0.015009458083844919,-0.007946148697107117
2024-11-12,-0.011105192673712051,-0.008048611262786142
2024-11-13,-0.017604517776194425,-0.019759579071863764
2024-11-14,0.013146530435207181,0.007164644346583089
2024-11-18,-0.008964630415718967,-0.006593625927761759
2024-11-19,0.007238085720596826,0.006917005933302997
2024-11-21,0.01271121643120009,0.007410788816668262
2024-11-22,0.017686401154570052,0.01558216588170897
2024-11-25,-0.002251926716965007,0.003062354604740907
2024-11-26,0.00934769601194948,0.0030563589469684853
2024-11-27,-0.016289513901662177,-0.009209918271066564
2024-11-28,-0.008360020736604776,-0.008513139409704084
2024-11-29,0.015268260142350758,0.012576828010196635
2024-12-02,0.006692170889773319,0.007202714455654705
2024-12-03,-0.017145753571116844,-0.004951631437731902
2024-12-04,0.008992859900177806,0.006380195845543612
2024-12-05,0.005783309687826879,0.0037271196040930404
2024-12-06,-0.007218510552918955,-0.003543480139984398
2024-12-09,-0.00262076748807868,-0.0017388796571305063
2024-12-10,0.012171601795069896,0.010273693620063917
2024-12-11,-0.002702732720535962,-0.000514879401665494
2024-12-12,-0.0037987001471108516,-0.004189254151244263
2024-12-13,0.007405105875654835,0.006629685063071245
2024-12-16,0.005681037606839709,0.003758500549139318
2024-12-17,-0.009255139773033575,-0.010498222972821549
2024-12-18,0.001345410799387479,0.0008599486930897283
2024-12-19,0.00017531429312528683,0.0006684443995863868
2024-12-20,-0.007239043198594034,-0.009943068863470421
2024-12-23,-0.004966782392622867,-0.005520149295970416
2024-12-24,0.0027782319401922317,0.002446869517164834
2024-12-26,0.002929044681075625,0.0023003927713682077
2024-12-27,0.001690774125681566,0.00150935835601927
2024-12-30,0.009286064505711695,0.00890845959576582
2024-12-31,0.01826653496648194,0.017670217468876186
2025-01-01,0.003045271968236837,0.0015513123963262888
2025-01-02,-0.001366554616728943,0.00019239137119776264
2025-01-03,0.002558085547438365,-0.001328452575794352
2025-01-06,-0.011866828273200167,-0.011546604362467369
2025-01-07,0.005040842664473097,0.002638368340268002
2025-01-08,-0.011106392798807974,-0.011181887887278977
2025-01-09,0.003299987319698247,0.0005070072008261383
2025-01-10,-0.010237853903203096,-0.012199933783781484
2025-01-13,-0.007782007735616571,-0.011253118538681718
2025-01-14,-0.0014330720302596666,0.002729710201081036
2025-01-15,0.0005482226874195039,-0.0004221671775244784
2025-01-16,0.0007869610582724982,0.002545524660140966
2025-01-17,-0.00585895013952609,-0.0036660921445165794
2025-01-20,0.016505042747382973,0.012845909402794767
2025-01-21,-0.002756857852925217,-0.002666757735649222
2025-01-22,0.020775302483823126,0.014350577744839176
2025-01-23,-0.0024861932403512825,0.003168991987424369
2025-01-24,-0.005275600392756934,-0.005914560106711635
2025-01-27,-0.028751880291553743,-0.02377309153416264
2025-01-28,-0.011183055455616753,-0.01083173377522263
2025-01-29,0.007112728213048423,0.009541771570732946
2025-01-30,0.0025701382338957127,0.00409610227622158
2025-01-31,-0.010774830495956273,-0.0040592725030473
2025-02-01,0.0017921401772319633,-0.0014414963047278682
2025-02-03,0.007692657206707883,0.00587091692392677
2025-02-04,-0.009708732440446085,-0.005841002544315687
2025-02-05,0.010195995401099625,0.012757163239760252
2025-02-06,-0.005288538779282528,-0.005755763772775546
2025-02-07,0.021488449452626672,0.02120140190998697
2025-02-10,0.0022531885399486615,-0.0016073973019016098
2025-02-11,-0.010860964632253287,-0.0130227354311169
2025-02-12,-0.0008238044820715797,-0.0015867582290929182
2025-02-13,0.008665734093529094,0.005645611322923773
2025-02-14,-0.009830839389161888,-0.016697572555612324
2025-02-17,-0.0016409139278445433,-5.4232586037004127e-05
2025-02-18,0.003199394639674365,0.0012924116645203763
2025-02-19,-0.01063176183188784,-0.009257719529987876
2025-02-20,0.001962394572779565,0.001214082668222902
2025-02-21,-0.002679993362497078,-0.004492669880722942
2025-02-24,-0.009400407440288559,-0.007261422674529572
2025-02-25,-0.0033965372872792436,-0.0009588864304356389
2025-02-27,0.012003898480208561,0.004881140630872714
2025-02-28,-0.027423813000532718,-0.027338317212830723
2025-03-03,0.00162490911243895,0.006776163382385005
2025-03-04,0.0030792716482741685,0.002582425899982868
2025-03-05,0.00786054915769583,0.009892570201630762
2025-03-06,0.012382497104492894,0.008638439738190852
2025-03-07,0.006086527243093244,0.004098677460508113
2025-03-10,0.0062400046873404644,0.003704559601671358
2025-03-11,-0.004161419230480248,-0.004555329130907677
2025-03-12,0.006851055941520398,0.0053992172746211925
2025-03-13,0.0007200812808769068,-0.000921153268742561
2025-03-17,0.009452697520279944,0.012518530082917612
2025-03-18,0.0036707664170488436,0.0033383519588872936
2025-03-19,-0.0010507448213320954,0.002657155268114799
2025-03-20,0.01639190905517818,0.013475434545326197
2025-03-21,0.02142772814802032,0.013657707283609969
2025-03-24,-0.0008060096805179767,0.0030084664076229072
2025-03-25,0.002326235221490406,0.005069320676299477
2025-03-26,-0.00541173714372456,-0.008766099249769394
2025-03-27,0.0007808261171631535,0.000717630057889264
2025-03-28,0.007233947726356425,0.004800736943126354
2025-04-01,-0.01481321551934608,-0.01319915106349639
2025-04-02,0.014591750979432357,0.005420634441537939
2025-04-03,0.0057546205279630095,0.005907526859090513
2025-04-04,-0.0035205818771298237,-0.0068866350002423265
2025-04-07,-0.01791301884564182,-0.01864829079828756
2025-04-08,0.020704082595537496,0.018136896901473715
2025-04-09,-0.009078671066216189,-0.008523211905187334
2025-04-11,0.017840080355155007,0.019881770620923143
2025-04-15,0.01820456412485652,0.01862333853783795
2025-04-16,0.0064203948418004465,0.004747982848376442
2025-04-17,0.01705982818312639,0.01543444302501868
2025-04-21,0.01101940954245758,0.010933725595595668
2025-04-22,-0.0011134221629578109,0.0018000608014602203
2025-04-23,-0.003881257335586374,-0.00242179788658541
2025-04-24,0.0003145758619089151,0.0014134347721875358
2025-04-25,-0.01964779177951014,-0.020673259020218136
2025-04-28,0.01595672960022712,0.011246829983073223
2025-04-29,-0.012216657205667874,-0.009760283356810532
2025-04-30,0.011524892756897437,0.007309859596270485
2025-05-02,-0.006482648290592307,-0.0054964558753905855
2025-05-05,0.0007053115937627086,0.005136583605176566
2025-05-06,0.025645503834994317,0.016773465715728242
2025-05-07,0.01516115109613946,0.013204505697560027
2025-05-08,-0.005134480415184701,-0.0045021585391319275
2025-05-09,-0.0028153002384655942,-0.0021972751935891294
2025-05-12,-0.000999602156424942,0.004692950987729065
2025-05-13,-0.0008954880933752799,0.00019000765246435502
2025-05-14,-0.0034772782895069404,-0.0015346309297727633
2025-05-15,-0.0023717689930677272,0.0035590293644870057
2025-05-16,-0.013496491949578108,-0.014746995258430904
2025-05-19,0.004387955774770614,0.003537511843145589
2025-05-20,-0.0005529290552650412,-0.0038365104024779876
2025-05-21,-0.0014903965632731267,0.0006274026028629825
2025-05-22,0.0004685001754913396,0.0008373093085162151
2025-05-23,-0.005983569352812217,-0.007617867562904616
2025-05-26,-0.007956065278725296,-0.00515279484375394
2025-05-27,0.0010630596957634075,-0.0030235973460051337
2025-05-28,-0.012279247605914432,-0.012514750988144582
2025-05-29,0.00044944003609101793,0.00040479285840759084
2025-05-30,0.04188976201258534,0.030728388795802232
2025-06-02,0.013588330179670694,0.007968046004139086
2025-06-03,-0.0021602117762919678,-0.0020762819824843262
2025-06-04,0.0064456647662956695,0.006956061622260236
2025-06-05,-0.006209402249972922,-0.004248795001068177
2025-06-06,-0.008244047059561804,-0.0022786611652730678
2025-06-09,0.010943732136996353,0.008243086846133788
2025-06-10,-0.005060364499066142,-0.0016207238397679539
2025-06-11,-0.007176372907086139,-0.004304435611635428
2025-06-12,-0.00503894727930271,-0.006731907020645888
2025-06-13,-0.0019121575543834717,-0.0040422930331744395
2025-06-16,0.0041126168307029105,0.004994439353970933
2025-06-17,0.002923775321755698,0.002576132354002871
2025-06-18,-0.007102777027069765,-0.006719583619742192
2025-06-19,0.003924598510133161,0.0025617355061749985
2025-06-20,0.004870200529895248,0.004021042296958699
2025-06-23,-0.001188591437354362,6.077326638869525e-05
2025-06-24,0.011384856763087588,0.012432574703485001
2025-06-25,-0.011589410939444895,-0.003331213663962849
2025-06-26,0.01741184811599447,0.014845218446441535
2025-06-27,0.022384665709000145,0.015782609289963175
2025-06-30,-0.0007876531638962396,0.0008955264108739674
2025-07-01,0.0013534562100081782,-0.001068037371673737
2025-07-02,0.0017517602100263169,0.0011072207867698007
2025-07-03,0.004324510943792546,0.005866312572484983
2025-07-04,-0.009931266490054106,-0.00677388999133772
2025-07-07,0.006253824184061117,0.007145558873495158
2025-07-08,0.008590189096559104,0.003806803269735918
2025-07-09,-0.004711336565115378,0.0005039375988318373
2025-07-10,-0.010409022556764248,-0.009818126630444238
2025-07-11,-0.0054854074757169444,-0.00904247919184958
2025-07-14,-0.009364543156821956,-0.009328385633369976
2025-07-15,0.0063969831957260415,0.005812972855584159
2025-07-16,-0.004684983895952742,-0.0004030021076585178
2025-07-17,0.0006922636261411492,0.002292154033144805
2025-07-18,-0.005253494996179008,-0.009319246819809949
2025-07-21,0.006765135951705124,0.004473843109067659
2025-07-22,-0.006365153010834009,-0.008000091618996667
2025-07-23,0.00765554777118099,0.0082029344473558
2025-07-24,-0.002398807223970429,-0.0036012541888616706
2025-07-25,-0.0063497091773106395,-0.0062467962600552115
2025-07-28,-0.02101355557098948,-0.018280828108825285
2025-07-29,0.011360404119766616,0.008668155053061434
2025-07-30,-0.004321740198182294,-0.0026126492503299008
2025-07-31,-0.00032103654174333923,0.001396090178600887
2025-08-01,-0.008427981218947389,-0.00693455827120347
2025-08-04,0.0156943890518478,0.012347299109938455
2025-08-05,0.004679341556753791,0.004072846215054118
2025-08-06,-0.0016345113828114713,-0.003116710695770881
2025-08-07,-0.0034914714726105647,-0.001657984973342293
2025-08-08,-0.0015591369026678327,-0.0010813835293528593
2025-08-11,0.022379165343620912,0.01649379771688073
2025-08-12,0.000125028583279416,-0.003511361419233778
2025-08-13,-0.0004990506094879124,0.002815189986143476
2025-08-14,0.010733848567863186,0.010592526828684258
2025-08-18,-0.006624516502552868,0.0009349755918181654
2025-08-19,0.00490335981534671,0.006467432784519551
2025-08-20,0.004743259384889442,0.00042424202835237055
2025-08-21,-0.0021702762539470713,-0.0026988423380259084
2025-08-22,-0.007529404396171443,-0.008185115913645121
2025-08-25,-0.0066094517783051076,-0.0045784360691810445
2025-08-26,-0.01636828987958206,-0.015308418210345386
2025-08-28,-0.01838647619976224,-0.015817003177886084
2025-08-29,0.006698071376852424,0.0026382557578459014
2025-09-01,0.012178885984179976,0.011013652891075823
2025-09-02,0.0037990950366111804,-0.0005098526474251198
2025-09-03,-0.0017551648551750163,0.0008662730622809285
2025-09-04,0.0004799929349327942,0.0015864080734767775
2025-09-05,-0.014698240567525193,-0.012836051184703719
2025-09-08,-0.010685973813918712,-0.004911685202468052
2025-09-09,-0.002886049186030191,-7.251593405237927e-06
2025-09-10,0.004837336174827268,0.004603697323266629
2025-09-11,-0.005616035726139218,-0.0030869531905775966
2025-09-12,-0.0025738613939236834,-0.006302433098095554
2025-09-15,0.0010226574762585256,9.20738063123635e-05
2025-09-16,0.010101298092407878,0.011887837881855441
2025-09-17,0.0021671229429043757,0.001096942955347918
2025-09-18,-0.0011139250775276256,0.0004774210534403968
2025-09-19,-0.008062322313467417,-0.01074875441070055
2025-09-22,-0.002080106251958065,-0.0013059122777830652
2025-09-23,-0.01776749746961227,-0.011863940395304867
2025-09-24,0.00047533053124912243,0.0013539253892903545
2025-09-25,-0.0009643761169576314,-0.0026013760599402826
2025-09-26,-0.011866396771253163,-0.011740315653344074
2025-09-29,-0.003534628244474745,-0.006679081449565124
2025-09-30,0.0022332917211318293,0.0026783293287807567
2025-10-01,0.0073040097020565875,0.004115418912756703
2025-10-03,0.0027846271236672817,0.0077626778918083745
2025-10-06,0.01380261492755322,0.011965127336384176
2025-10-07,0.0035206302657997375,0.0007721797266940455
2025-10-08,-0.0009027024797001316,-0.0059908151883716855
2025-10-09,-0.0008192372042417938,0.0005601396726681409
2025-10-10,-0.00275308304107233,-0.0001690855895362166
2025-10-13,-0.00027121421258887986,0.000170813505096071
2025-10-14,-0.0030691244915095257,-0.003146595570318008
2025-10-15,0.004324699549827608,0.0031365545722432503
2025-10-16,0.004032608854710217,0.0053153522675429225
2025-10-17,0.016913300030589985,0.011260959388091941
2025-10-20,0.002959929637085151,0.0019605710602553514
2025-10-21,-0.0022182298956558,-0.00038758863082403213
2025-10-23,0.0018787645454967233,-0.002018864090651904
2025-10-24,-0.0007165120441595604,-0.0008279834971986125
2025-10-27,0.004362415662418107,0.003655781784128672
2025-10-28,0.0013598309914931274,0.0020911763540692324
2025-10-29,0.0065922572376113115,0.01269319888733147
2025-10-30,-0.006312197231301095,-0.003854302843964584
2025-10-31,-0.012752766991066573,-0.010369948296596902
2025-11-03,0.012878416577917917,0.008725776237825727
2025-11-04,-0.00048626630719563195,0.00010635408810490295
2025-11-06,-0.003853938286327217,-0.005987111785824621
2025-11-07,-0.0130624215111609,-0.009680199368561552
2025-11-10,0.009013505510569744,0.00682848699699024
2025-11-11,0.005613474363581569,0.005262602241404825
2025-11-12,-0.001545156520976922,0.000273286318827929
2025-11-13,0.003720537245105795,0.0014650062656423452
2025-11-14,0.014756570993543381,0.010544054383515593
2025-11-17,0.00823748142155221,0.013267430307230248
2025-11-18,0.004597157822815502,0.00015982801340683368
2025-11-19,-0.005771408998972108,-0.004167121769994783
2025-11-20,0.0001009609356374759,0.00010662661323583024
2025-11-21,-0.011118674563655841,-0.011321744244958623
2025-11-24,-0.011893402753272105,-0.008910313614272728
2025-11-25,-0.00011940102090872786,-0.00033542794904591923
2025-11-26,0.013617209053289881,0.01307053857797439
2025-11-27,0.00038098578916383256,0.0002405694084336002
2025-11-28,0.0011722452597882152,0.000899702060427734
2025-12-01,-0.007760936317053108,-0.0004473844227445272
2025-12-02,-0.0008106881978394403,-0.004176386992259513
2025-12-03,-0.0038385265873358567,-0.0015388573486085288
2025-12-04,-0.0018388142528064314,-0.001766071030350291
2025-12-05,0.0043011084881424315,0.003237133901363348
2025-12-08,-0.014624421103006246,-0.015801407702181136
2025-12-09,0.0031689905682708106,0.0019223227552151911
2025-12-10,-0.0021482340039888324,-0.0004899225302737454
2025-12-11,0.0038069903518372417,0.002894806296552529
2025-12-12,0.0057063841647724475,0.008263469452536445
2025-12-15,0.0041126056271350055,0.005092968216716063
2025-12-16,-0.005437108550836576,-0.0036766848827955124
2025-12-17,-0.007381876507589816,-0.0054107253303489365
2025-12-18,-0.015205136632263338,-0.010325037954855575
2025-12-19,0.0041692582237932005,0.007796790406193809
2025-12-22,0.011687297396282569,0.008548023774350011
