Date,sample_return,lw_return
2018-01-24,-0.005124657694896286,-0.005090685195700976
2018-01-25,-0.008593820581176085,-0.008465131581822789
2018-01-29,-0.002271239128842405,-0.0020227303535513335
2018-01-30,-0.006941172185002007,-0.007240746652811229
2018-01-31,-0.0028561354839722335,-0.003065797038267991
2018-02-01,-0.002660268113233415,-0.0026081076898819525
2018-02-02,-0.011803266973763184,-0.012129296810839716
2018-02-05,-0.0007739975036604962,-0.0010536943110631474
2018-02-06,-0.014845586912010935,-0.014584262356841782
2018-02-07,0.005950658041035657,0.005873650903052142
2018-02-08,0.014664422447392002,0.014363819727480947
2018-02-09,-0.0022075319943407824,-0.0024339615693102687
2018-02-12,0.003798538839110488,0.003940316986118262
2018-02-14,0.00165735293536288,0.0015444220890295552
2018-02-15,0.0024146113845620425,0.0023249984609853966
2018-02-16,-0.0011225623093691654,-0.0013457566378452586
2018-02-19,0.002493718915819906,0.0021735756472188255
2018-02-20,-0.005119648627714801,-0.004964177719354457
2018-02-21,0.0010518378368108594,0.0008867348196875805
2018-02-22,-0.005489562171472078,-0.005518406227591159
2018-02-23,0.006539204791939074,0.006178224234661053
2018-02-26,-0.0009457899208565243,-0.00048461523046596346
2018-02-27,0.0040498942919477135,0.00400215659251697
2018-02-28,0.0005629307855051893,0.0005758123933271361
2018-03-01,0.0010593402083378344,0.0008433380267517769
2018-03-05,-0.0005417766025915603,-0.0008597092026874878
2018-03-06,-0.0076663500763398664,-0.007168596360128555
2018-03-07,-0.0010596571769540789,-0.0014497447611394707
2018-03-08,-0.0016432103081099347,-0.0014711626754328538
2018-03-09,0.0017828614297582983,0.0020176699384616536
2018-03-12,0.006569012691078972,0.00638503401184322
2018-03-13,-0.0016914778970215083,-0.0018160844931210368
2018-03-14,-0.003989405007711657,-0.0035684299114098475
2018-03-15,-0.00012914230985223963,-0.00010630277835441083
2018-03-16,-0.007442750510519274,-0.00797581104003289
2018-03-19,0.002888581975614792,0.002474689041354027
2018-03-20,-1.839398506977782e-05,0.0002117706796856681
2018-03-21,0.0037759253938854376,0.0038367741473235933
2018-03-22,-0.005772746318448841,-0.00561910205162207
2018-03-23,-0.0027826876713074877,-0.0024940740371574522
2018-03-26,-0.006978971201397877,-0.0065566107720380915
2018-03-27,0.0035481904239826625,0.0033921440617862182
2018-03-28,0.0027769217461538027,0.002438554762004606
2018-04-02,0.011361445449762305,0.011405882547566894
2018-04-03,0.0010583967904933198,0.0008281085462395216
2018-04-04,-0.008575110804549027,-0.00848106447508576
2018-04-05,0.005573773402876807,0.0055555271799949835
2018-04-06,0.0017588492888373918,0.0018418690041197398
2018-04-09,0.0012491522187865034,0.0007694790939392265
2018-04-10,-0.0024772528167806267,-0.002266134627648796
2018-04-11,0.0006944355376995361,0.0005657504036642195
2018-04-12,0.011191923412418918,0.010838188676082881
2018-04-13,0.01005219920934277,0.00969328742555476
2018-04-16,0.002565361500395494,0.0026507493912080304
2018-04-17,-0.0014276057131781873,-0.0012362681001463146
2018-04-18,0.0019554733112191985,0.0017551085012337334
2018-04-19,0.004584181942165232,0.004561335531005874
2018-04-20,0.004942874542610915,0.005171689256266852
2018-04-23,0.009537148067521668,0.00936115255373039
2018-04-24,-0.004107278169127178,-0.0039932460829967
2018-04-25,0.005683204348724078,0.005440277291424631
2018-04-26,-0.003831973625879945,-0.0038209241100863487
2018-04-27,-0.0007068519460738161,-0.0003563522118749838
2018-04-30,0.0033011090057282243,0.0031374930317371874
2018-05-02,0.007584596092729053,0.00741609923211685
2018-05-03,-0.00031987118790546723,-0.0005894394627448379
2018-05-04,-0.01169235136414808,-0.01149396893912495
2018-05-07,-0.00017245343715221944,-0.00016089467601734038
2018-05-08,0.0035097686773419533,0.003576915070978185
2018-05-09,-0.003973084356727391,-0.0036332319175537836
2018-05-10,0.0006861152094548007,0.0007145454076467963
2018-05-11,0.000447939123167027,0.000668291341944788
2018-05-14,0.0014726347185866863,0.0010857393689377058
2018-05-15,0.0017338543553690458,0.001531657199188209
2018-05-16,0.0019261695794701701,0.0014922476554967774
2018-05-17,-0.004565695558260536,-0.004531855937861456
2018-05-18,0.004847841434179294,0.004350924880031274
2018-05-21,-0.006815472775141906,-0.00685146240769468
2018-05-22,0.0045534654139343655,0.0041254623671597695
2018-05-23,0.004285249872024594,0.004073183621054955
2018-05-24,0.003197897275159619,0.003066784794840469
2018-05-25,0.004135403472907655,0.0037868014540222575
2018-05-28,0.005715660219837647,0.005701394076082078
2018-05-29,0.0027626362857762635,0.002408477513128556
2018-05-30,0.005320330527328316,0.005187700204442752
2018-05-31,0.0028799926851008845,0.002687147293211941
2018-06-01,0.0011274448224124634,0.0008624752597605582
2018-06-04,9.616227277692464e-05,-0.0003454552699719447
2018-06-05,-0.011709654361665734,-0.011493826620360173
2018-06-06,0.0076847399662822525,0.007490746766307456
2018-06-07,0.004476845287849926,0.00471083640093607
2018-06-08,0.005074903990030842,0.005368295335720297
2018-06-11,0.001341392538281892,0.001315368008496105
2018-06-12,0.003018932342229016,0.0029467890136602314
2018-06-13,0.0007153330226497927,0.0003624095309821912
2018-06-14,-0.0018341210694036172,-0.0018121003315426352
2018-06-15,0.0016543383555828756,0.001908150684673593
2018-06-18,0.002647407912353635,0.0027073333692559667
2018-06-19,-0.0022722493558838455,-0.0025614159006482175
2018-06-20,-0.004522477480768665,-0.004516077372239503
2018-06-21,-0.00492756703917344,-0.0045899491355198005
2018-06-22,0.0028455675921351168,0.0027623199133642072
2018-06-25,0.0011664254821867515,0.0014616607589034525
2018-06-26,-0.0023903764903313294,-0.0023507054261849153
2018-06-27,-0.006456650018363916,-0.0063084147160052
2018-06-28,-0.0076285423768523535,-0.0076709981232575
2018-06-29,0.014780593871831864,0.014478360350626916
2018-07-02,-0.010299528610319835,-0.009761710001287973
2018-07-03,-0.0020463671434451844,-0.001843395742673011
2018-07-04,0.003412843122350934,0.0032771457045340374
2018-07-05,-0.006842156236996906,-0.006778645744306767
2018-07-06,-0.003948464585007351,-0.0037817459101816267
2018-07-09,0.006046597864788319,0.006335613799969645
2018-07-10,0.0028194070075715817,0.002686215502678036
2018-07-11,-0.002904129522168227,-0.002987427344364982
2018-07-12,0.0022226310975955923,0.0015837191931492712
2018-07-13,0.0002918304986473559,0.00013655618184468072
2018-07-16,-0.006017810820160381,-0.0063392476641375844
2018-07-17,0.0005956511431848442,0.0010495840359547167
2018-07-18,-0.0007586368199147107,-0.0003963886917516647
2018-07-19,-0.007106402049331674,-0.007335571163704953
2018-07-20,-0.0028413194470537683,-0.0025474797916373677
2018-07-23,0.0018423568504334262,0.0020047112687048715
2018-07-24,-0.009314593193242312,-0.008389645596878716
2018-07-25,-0.0010762285987527967,-0.0012059773507340932
2018-07-26,0.002628799419152279,0.0029967880808029045
2018-07-27,0.019514466426953557,0.019187582924151788
2018-07-30,-4.3040074988135975e-05,0.00013003669530171273
2018-07-31,0.006652418823860923,0.006412919951651325
2018-08-01,0.0048705391582533255,0.004992554737976607
2018-08-02,-0.004605340167503101,-0.004717462361788185
2018-08-03,0.004584782806818182,0.004656538744516271
2018-08-06,-0.0028913718742624786,-0.0024670850129900595
2018-08-07,-0.002961842373471562,-0.002944858137962086
2018-08-08,0.0013334068756163876,0.0011101096994645871
2018-08-09,-0.006255668172386196,-0.006193559353469223
2018-08-10,0.004554770816434772,0.004680867778991207
2018-08-13,0.006165385927056371,0.005906011593514125
2018-08-14,0.0022790858104360916,0.002463837929508246
2018-08-16,-0.002726137364881861,-0.002651379586265982
2018-08-17,0.006194446610294892,0.006426256449905871
2018-08-20,-0.004967507276806718,-0.005191711951003241
2018-08-21,0.006723216198423851,0.0066918699840137486
2018-08-23,0.005052429992112998,0.005045302081472611
2018-08-24,-0.006226799215113096,-0.005933367201030991
2018-08-27,0.009384804902075536,0.009564889965974146
2018-08-28,0.005060006997496969,0.005023444745726431
2018-08-29,-0.006595577058731834,-0.0063128005661637005
2018-08-30,0.007647848201568747,0.007175799925101736
2018-08-31,0.009960160392369261,0.009801302125956307
2018-09-03,0.0019565485206429105,0.001353616274516065
2018-09-04,-0.007583533347054809,-0.007806996580539627
2018-09-05,-0.0020248442967406447,-0.002165618858744845
2018-09-06,0.001680385166643462,0.0018771425606992382
2018-09-07,0.006036628368879476,0.006127067104304861
2018-09-10,-0.007659883036038833,-0.00778613616771451
2018-09-11,-0.006747617070586081,-0.0069054475792530295
2018-09-12,0.0034215539635563536,0.003112267445104687
2018-09-14,0.0030117590164608445,0.0032945069493015107
2018-09-17,-0.008215442875908339,-0.008173644104276066
2018-09-18,0.00434985565966427,0.003769581832041565
2018-09-19,-0.0036792306695436028,-0.003812204125479299
2018-09-21,0.0009132472471834688,-0.00025374190168303773
2018-09-24,-0.012747465873052305,-0.012134788002025144
2018-09-25,0.006312723104765074,0.006484059911136232
2018-09-26,-0.008571022355814795,-0.007566811025926098
2018-09-27,-0.005809262852627003,-0.0057620983966796754
2018-09-28,0.004558149191393069,0.003996494630390405
2018-10-01,-0.004496110789043435,-0.004224032838042813
2018-10-03,-0.014194878314653507,-0.0140060783172327
2018-10-04,-0.014282971336438601,-0.014624544511105562
2018-10-05,-0.008773170006164044,-0.009316395793648149
2018-10-08,0.00026179808106722925,6.963798041793314e-05
2018-10-09,-0.00717522989753029,-0.007616334430240123
2018-10-10,0.0009644638697748377,0.0017072273154163566
2018-10-11,-0.00643169102446043,-0.007126717444469263
2018-10-12,0.005535772685014493,0.005848409918750797
2018-10-15,0.000874934524277726,0.001287539013545351
2018-10-16,-0.0008029243165625802,-0.00033604136840975645
2018-10-17,0.005177944271509683,0.004790456741585097
2018-10-19,-0.004430378534795091,-0.005424441448902045
2018-10-22,-0.010576206610378074,-0.010741051255742921
2018-10-23,-0.016977384033217417,-0.01671135934787736
2018-10-24,0.002451330937254915,0.002732007606868674
2018-10-25,0.0015916953117615725,0.0011234601652456283
2018-10-26,-0.004479845933643383,-0.0041796687938252175
2018-10-29,0.0033093033747952144,0.0036176292821732486
2018-10-30,0.008136828860681638,0.00814237033230021
2018-10-31,0.012963367147244314,0.012878714285906987
2018-11-01,-0.011228036236410829,-0.01122178759459339
2018-11-02,0.007056091478845459,0.007760998934127719
2018-11-05,0.0029870494566225344,0.0030820948337403798
2018-11-06,-0.0032854446719832687,-0.0035567793736025043
2018-11-07,0.005912870595749803,0.006025020469202006
2018-11-09,0.001447101561281315,0.0017786613780363671
2018-11-12,-0.0008542632738124182,-0.0010838033360131673
2018-11-13,0.007783461865842243,0.0076512808297681065
2018-11-14,-0.0016430295005469024,-0.0013436944804100515
2018-11-15,0.005511564049204141,0.005951905091203429
2018-11-16,0.007611693327603086,0.007675247988586687
2018-11-19,0.007983097141288397,0.007637733778833819
2018-11-20,-0.007084041535540242,-0.00713986870941922
2018-11-21,-0.0033083276215031482,-0.0032921667285650985
2018-11-22,-0.006548339882462056,-0.00629571296614273
2018-11-26,0.010023730583981736,0.00930795129858784
2018-11-27,0.0022969985111302572,0.0023170130959352885
2018-11-28,-0.003487315101924628,-0.0034528434958911174
2018-11-29,0.0023160762794560657,0.002289686367066493
2018-11-30,-0.003233618564118679,-0.0033874213864294243
2018-12-03,0.0031937286871820962,0.0025678978116897523
2018-12-04,0.0030452290469913123,0.0033050245544329363
2018-12-05,-0.0036580626279618853,-0.00386969919880857
2018-12-06,-0.00791219633424942,-0.00811490145631658
2018-12-07,0.003340997625373582,0.0029942989997841203
2018-12-10,-0.018864417330269397,-0.018347091775645228
2018-12-11,0.01046417791047166,0.010265157228319815
2018-12-12,0.014302226090783602,0.014432521151511078
2018-12-13,0.01170026909444482,0.011410944505955013
2018-12-14,0.0013923851886693068,0.0015592989127408185
2018-12-17,0.0003994674037886625,0.00035405662703626
2018-12-18,-0.0005975973164459125,-0.0007569465753755854
2018-12-19,0.016084468166519872,0.015748546032565685
2018-12-20,-0.001994116836113283,-0.0019355992648733352
2018-12-21,-0.013279194016229347,-0.01326704456116455
2018-12-24,-0.0011505123246902216,-0.001569957905776823
2018-12-26,-0.0018608990182978806,-0.0016150351889791558
2018-12-27,0.00612697996518423,0.006211209483514319
2018-12-28,0.004491008048181325,0.0045642567805444295
2018-12-31,0.006178173644231647,0.0063452053688452985
2019-01-01,-0.0023982735371616206,-0.0022327894574477804
2019-01-02,-0.0008375100411109069,-0.0007229134794108689
2019-01-03,-0.0018627487673453119,-0.001984983108849026
2019-01-04,0.0009701518301078919,0.0009049433948572975
2019-01-07,0.0026958496294965375,0.002460291033925788
2019-01-08,-0.0030116312646778086,-0.002876999401949332
2019-01-09,0.004133081186770517,0.004020146458921074
2019-01-10,0.006927322897803645,0.0069609298549776245
2019-01-11,-0.005747799940066073,-0.005617259887757273
2019-01-14,-0.001232044607040443,-0.0005663488583201386
2019-01-15,0.008042098840381134,0.007949781646643686
2019-01-16,0.0056716890871392825,0.0055032048012730594
2019-01-17,0.0008220618160374284,0.0010146052318267206
2019-01-18,-8.282039580953601e-05,-0.000267860871527468
2019-01-21,0.0008809551955379971,0.0010301679672806178
2019-01-22,-0.001475870307080809,-0.001545098676491546
2019-01-23,-0.0014407742462390586,-0.0018343754000749648
2019-01-24,-0.0027078582784913624,-0.002929985423044618
2019-01-25,-0.0014309883161849816,-0.0009704255030753947
2019-01-28,7.506620266231091e-05,-0.0006096279422490164
2019-01-29,0.002387744984793139,0.0023637620032419355
2019-01-30,0.002017896821734524,0.002381925561420825
2019-01-31,0.009960260017862795,0.010079387016971808
2019-02-01,0.017663156592661933,0.017128594222492917
2019-02-04,-0.0037325246530388262,-0.003837613464123466
2019-02-05,0.000662909126805855,0.0002481981546793796
2019-02-06,0.0012591479915227406,0.0017136053633494187
2019-02-07,-0.002798588459825406,-0.0023404698751416046
2019-02-08,-0.005966944409417023,-0.005854674991344142
2019-02-11,-0.018482552571486233,-0.0183051761719217
2019-02-12,0.007343918060712365,0.006930953930663458
2019-02-14,-0.005968053847779931,-0.006250481720887144
2019-02-15,-0.006346383592427502,-0.006570650750022944
2019-02-18,-0.005900990733502997,-0.005989638211382769
2019-02-19,-0.00617581062358297,-0.0058691456052312714
2019-02-20,0.0010740279167217796,0.001150915798034406
2019-02-21,0.0019680048653125523,0.0025209893070878946
2019-02-22,0.005475345679611727,0.00533380441010139
2019-02-25,0.004899507316470415,0.00502221625340831
2019-02-26,-0.009384273062474054,-0.009049175453489516
2019-02-27,-0.0025575956799651516,-0.0022541831408645976
2019-02-28,-0.0047377865838316765,-0.0044172850072052555
2019-03-01,0.002456258115698805,0.0025972539159819915
2019-03-05,0.0008994311561551666,0.0011261403513536312
2019-03-06,0.008621388394736198,0.008332058984324627
2019-03-07,-0.004782330857318176,-0.00464094270561665
2019-03-08,-0.004681067857455671,-0.004484975027570374
2019-03-11,0.01129665872923672,0.011355213301675663
2019-03-12,0.0034146954217647795,0.0035698200271870877
2019-03-13,-0.00807351196648147,-0.007929071838954806
2019-03-14,0.0017643023945077662,0.001334944694617003
2019-03-15,0.00642463894770086,0.0061246247282546115
2019-03-18,0.0004395991591994615,0.0002986233879086052
2019-03-19,0.004287177754673269,0.004148591824205388
2019-03-20,-6.781672297933054e-05,-0.0002175077689565211
2019-03-22,0.0020064987190136826,0.0018967880852846764
2019-03-25,-0.011384568983904974,-0.011052037754795846
2019-03-26,0.005240266138556526,0.00458789474550341
2019-03-27,-0.0006078826793862157,-0.0008486717925098533
2019-03-28,0.001933693703689148,0.0023030561555416555
2019-04-01,0.013498472419422385,0.013614821846770478
2019-04-02,-0.001260458054507375,-0.0010349234129404133
2019-04-03,-0.00156583726933539,-0.002010031947698102
2019-04-04,-0.0028289452466844795,-0.002610558439642554
2019-04-05,0.0007386630569592471,0.0009357364701083554
2019-04-08,0.0034953580787681505,0.0034586037130637233
2019-04-09,0.00034021354023078704,0.0002911384058060007
2019-04-10,0.004470297829420147,0.004364083307577546
2019-04-11,-0.0015102199753189067,-0.001711470627353777
2019-04-12,-0.00044866266684753754,-0.00027547579726383466
2019-04-15,0.003465617746051323,0.003174571168340919
2019-04-16,0.003928990672587827,0.004005983601282291
2019-04-18,-0.006514805698961304,-0.006614174125275148
2019-04-22,-0.005470375821341393,-0.005619288621230493
2019-04-23,0.0008137970420468504,0.001083668581222002
2019-04-24,0.0005379760466764332,0.00037933222949945375
2019-04-25,-0.009038174686171536,-0.008859221868637478
2019-04-26,0.0019127164134783304,0.001993118807321995
2019-04-30,0.003665537232021538,0.0036759867115589533
2019-05-02,-0.005086786672537774,-0.005096938820828973
2019-05-03,-0.0007085748809054999,-0.0010315814991267457
2019-05-06,-0.00950295349272988,-0.00948472321859352
2019-05-07,0.0029705258356691397,0.0026688339158155547
2019-05-08,-0.004617575446426799,-0.004742366891528893
2019-05-09,0.001221286051423058,0.0009400618253951182
2019-05-10,-0.0053358214269207446,-0.005036859940548884
2019-05-13,-0.00482972427694977,-0.0044047058874156116
2019-05-14,-0.0020577141398545715,-0.0024532758862890465
2019-05-15,0.00016713330084731307,0.0003095596821620569
2019-05-16,-0.0030877230086977267,-0.003250731910535872
2019-05-17,0.008879440855974328,0.008023963835439239
2019-05-20,0.021309495015581534,0.020907738614017173
2019-05-21,-0.0019261026931871677,-0.002225625355598347
2019-05-22,-0.004981262703844105,-0.005155791236231686
2019-05-23,-0.0025786432453002075,-0.0027824510468623747
2019-05-24,0.005720160887279484,0.006003063983534506
2019-05-27,0.017259940611309282,0.01690274100610626
2019-05-28,-0.0037515002950234055,-0.0033327540822309836
2019-05-29,0.0037718226391683166,0.0036120763942396475
2019-05-30,-0.0022298552186508997,-0.0026661147857901016
2019-05-31,0.0020444929016931717,0.002429836383412167
2019-06-03,0.007082101126568388,0.007146612254580588
2019-06-04,0.003772904603272066,0.003284913708788465
2019-06-06,0.0036339345559708957,0.0032556855368299493
2019-06-07,0.0007183645416696544,0.000670701074713647
2019-06-10,0.0055912628273282385,0.005911868894997561
2019-06-11,0.004711639910279663,0.004473576328420742
2019-06-12,-0.004206426788162185,-0.004248553111239141
2019-06-13,-0.0026040960912221056,-0.002954923210125974
2019-06-14,-0.0022850102022393933,-0.002411984556823023
2019-06-17,-0.0011313124148543876,-0.001372969586121706
2019-06-18,-0.003972633490488663,-0.0037631454223514293
2019-06-19,0.003372293498453813,0.0027733519411826135
2019-06-20,2.5796461717140563e-05,0.0004937860645783962
2019-06-21,-0.006079109250260589,-0.006064059870685384
2019-06-24,-0.008012433868922711,-0.00811738982246418
2019-06-25,0.0026124471263638295,0.002794802282982044
2019-06-26,-0.0033460493781519536,-0.003283938503747612
2019-06-27,0.005923464756269793,0.0056288757255458
2019-06-28,0.006341191917476881,0.006041334005679597
2019-07-01,-0.004041375836867098,-0.004076271420745849
2019-07-02,-0.0011201682989450562,-0.0007456346103672279
2019-07-03,-0.00028560405414886043,-0.000600357536702442
2019-07-04,0.0030281555240123724,0.002965496022461072
2019-07-05,-0.01150587880035828,-0.011467206734990508
2019-07-08,-0.013794048299935743,-0.013606942416385348
2019-07-09,-0.006845041712772115,-0.006241063551922978
2019-07-10,0.004447425602663076,0.004157158279638245
2019-07-11,0.0008409580283516796,0.0010368494472809994
2019-07-12,-0.00024012407088511238,0.00016236701091848878
2019-07-15,0.0014180399329132977,0.0016016848477294194
2019-07-16,0.004367901388899222,0.004302735818852544
2019-07-17,0.0008961020120013064,0.0012077670602022358
2019-07-18,-0.00150318008624602,-0.002224865803347754
2019-07-19,-0.01673104145974858,-0.016677500162149708
2019-07-22,-0.0034400052732280833,-0.003290725161859402
2019-07-23,0.005244017110489878,0.004881594815732014
2019-07-24,-0.0009064778462327091,-0.0010086489364438229
2019-07-25,-0.0042217155638308804,-0.003971818814285642
2019-07-26,-0.0010709155635886466,-0.0012023511338106836
2019-07-29,-0.004733288420063473,-0.004621985862074935
2019-07-30,-0.003752503947663969,-0.003971215392562113
2019-07-31,0.005471159195241624,0.005587977960418817
2019-08-01,-0.007054454557295709,-0.0076770125931388475
2019-08-02,-0.0023093434677438247,-0.0022211396161808342
2019-08-05,-0.002855669565634927,-0.002879699950990784
2019-08-06,0.0080520225929366,0.008291186165647123
2019-08-07,0.003989209886202032,0.004069665949800793
2019-08-08,0.013976828941525628,0.013849290740690948
2019-08-09,0.0012237793231914,0.0008549092741270187
2019-08-13,-0.00932872496543849,-0.009872000794219677
2019-08-14,0.0014149410364545374,0.002106129847000121
2019-08-16,-0.004324712818379327,-0.00396555090825833
2019-08-19,0.0035817854625219787,0.0037142364512102333
2019-08-20,0.010739570138549495,0.010408813235826285
2019-08-21,0.0016742555249066782,0.0015265960092065082
2019-08-22,-0.0006741302264522046,-0.0005407643314637956
2019-08-23,0.0045329959722655725,0.004509961513753294
2019-08-26,0.011372221806901093,0.011232392248327106
2019-08-27,-0.003898499276108697,-0.0035586140373867767
2019-08-28,-0.003284091357797388,-0.003218413691680818
2019-08-29,0.0006898765414173392,0.0002732057720910532
2019-08-30,0.006670364062221373,0.006689408654347027
2019-09-03,-0.014360221778275162,-0.013859582053928966
2019-09-04,0.002605259418678221,0.0026072933191790553
2019-09-05,0.0001242299185303102,0.00025227733167204456
2019-09-06,0.004867798410821796,0.005089211125724842
2019-09-09,0.0023872877443645696,0.0024582190000734068
2019-09-11,-0.007087965799937689,-0.0066695167610024515
2019-09-12,-0.005462004384650743,-0.005160070051270432
2019-09-13,0.004201641399476282,0.0044929703901747204
2019-09-16,0.0029430792061175626,0.0024889056636942563
2019-09-17,-0.0074812215909481625,-0.007534084982293004
2019-09-18,0.004034014642288926,0.0039553173225293226
2019-09-19,0.0016642883544421671,0.001198985016797962
2019-09-20,0.020137750437128444,0.02061232366144667
2019-09-23,0.028700326958062336,0.028634522135098334
2019-09-24,-0.0010134066880460044,-0.001114197258062827
2019-09-25,-0.00669969473947521,-0.006657341235788735
2019-09-26,0.0054377483489713605,0.005687595735152024
2019-09-27,-0.002490837061508046,-0.0028830650440482774
2019-09-30,0.01175607739277676,0.01197800260782529
2019-10-01,-0.006186109478284417,-0.006182658885813103
2019-10-03,-0.008577498906296156,-0.008855771040212226
2019-10-04,-0.005968498043872208,-0.005894541025601416
2019-10-07,-0.004853279733055697,-0.005267026196992353
2019-10-09,0.004513063731310452,0.004445457881598268
2019-10-10,0.005196094490386852,0.004936622268875885
2019-10-11,0.01976707858085765,0.019041287938663855
2019-10-14,0.001741053358358117,0.001549236828103482
2019-10-15,0.004319996435354541,0.004133019619799488
2019-10-16,-0.005804238875555622,-0.005481763459325867
2019-10-17,0.006223147523591139,0.006082283794121183
2019-10-18,0.0022781265976270426,0.0026421477728279697
2019-10-22,-0.0070781088308625485,-0.007571328799480066
2019-10-23,0.0014309880831311964,0.0010589676818455558
2019-10-24,-0.011570810683925296,-0.011147649519699132
2019-10-25,-0.00416097503637876,-0.004195170515553178
2019-10-27,0.00533520916052262,0.005529676581581294
2019-10-29,-0.008406537065635442,-0.008188451563164702
2019-10-30,0.002773188695123749,0.003096555673616737
2019-10-31,0.009382768207740248,0.009472901090235167
2019-11-01,-0.002270290068771843,-0.0019898489174605283
2019-11-04,0.004463883181924488,0.004456666132868586
2019-11-05,-0.007392369662868594,-0.007037262801041699
2019-11-06,-0.005843327340444768,-0.006116589145761385
2019-11-07,0.0066744495185337045,0.006436685282556821
2019-11-08,-0.011365150604290102,-0.01140546883644113
2019-11-11,0.0035497720923734584,0.003578460121759928
2019-11-13,-0.004712048239569342,-0.004407920485144871
2019-11-14,0.0017181164288816463,0.0016766727325084748
2019-11-15,0.008736316276533452,0.008385944242352986
2019-11-18,-0.0022316030528757753,-0.002062789328067637
2019-11-19,0.006475604992160753,0.006809136387693235
2019-11-20,0.003104697216017632,0.003658518956895008
2019-11-21,0.0014109790735449103,0.0011672864796689892
2019-11-22,-0.006215817860333765,-0.006363715650720397
2019-11-25,0.00042322903245660035,0.0010370143509342285
2019-11-26,-0.012115997838327237,-0.011624006770265753
2019-11-27,-0.002115773254965399,-0.0017582264213223248
2019-11-28,0.006422901650966022,0.006228236697996941
2019-11-29,-0.0016840589076608393,-0.001502893277885573
2019-12-02,-0.0027736539310508897,-0.002873431556631034
2019-12-03,-0.003034269928710264,-0.003033839890849261
2019-12-04,0.009413269628966693,0.009234559547429976
2019-12-05,0.0005838231490688575,0.0007608903431314171
2019-12-06,0.0003020059919209138,0.00020665142753242632
2019-12-09,-0.002820264206503666,-0.0030492223345174874
2019-12-10,-0.008552558243587756,-0.008619593649257113
2019-12-11,0.002036097143868646,0.001476274277569418
2019-12-12,0.001371547738117677,0.0014237921404568622
2019-12-13,0.005554220304545024,0.005484307832884814
2019-12-16,-0.0009340352437868687,-0.0012047806462808686
2019-12-17,0.005820612542393201,0.006035440672136702
2019-12-18,0.005181418150878984,0.0051015317142811675
2019-12-19,6.836300558845927e-05,-8.928200479751464e-05
2019-12-20,0.002607619651657333,0.0022131803163410995
2019-12-23,0.005958679391855266,0.006035857070298351
2019-12-24,-0.000341100842023538,-0.00026739528828493913
2019-12-26,0.003132477591584847,0.002827673438183881
2019-12-27,0.002755987752289131,0.002931682028582488
2019-12-30,0.0008658579578084748,0.0011919050664025974
2019-12-31,0.002056372370261065,0.0015525901015075018
2020-01-01,0.000877113610907103,0.0007113490300534066
2020-01-02,-0.002341071004224902,-0.002041283814987949
2020-01-03,-0.0026452523778286007,-0.002458409481989386
2020-01-06,-0.004747001862819938,-0.005513380879437538
2020-01-07,-0.0012989245166864676,-0.0011240362501335126
2020-01-08,-0.006487406389361457,-0.006290605830045973
2020-01-09,0.00468552079168748,0.004698874240311567
2020-01-10,0.003689055230698614,0.004030379931893487
2020-01-13,0.011546122932763959,0.011407750090499706
2020-01-14,0.008595761455593686,0.008574428511258668
2020-01-15,-0.0069961286628765565,-0.006305689831887129
2020-01-16,0.0007239206616925548,0.0012627284101026032
2020-01-17,0.0028188394921391164,0.0030883953023508395
2020-01-20,0.001223697302510289,0.0012722332783323337
2020-01-21,0.00016609094364396912,6.296640564456977e-05
2020-01-22,-0.006968693798324261,-0.006273934920917563
2020-01-23,0.0025696113877851793,0.002564285516014174
2020-01-24,0.009317881112067428,0.009203811264915318
2020-01-27,0.0014297753853083654,0.001065731421898015
2020-01-28,0.0017454151655316133,0.0016332343738996054
2020-01-29,0.006201000866619158,0.006376783996065129
2020-01-30,-0.003979588418424413,-0.0043632747208522575
2020-01-31,-0.0023928824615686737,-0.0021091669435342264
2020-02-03,0.00024326578923178918,0.00018652355679630336
2020-02-04,0.00989441652788909,0.010045275709963702
2020-02-05,0.007736669201589358,0.007526637914313109
2020-02-06,-0.0030872235861571307,-0.003086100485332483
2020-02-07,0.002370933366240579,0.0022893532753197423
2020-02-10,-0.004938443132749654,-0.005262044970306034
2020-02-11,0.008919894826913875,0.008656187813885835
2020-02-12,-0.0015566035160070016,-0.0012397981653151976
2020-02-13,-0.007786483500890434,-0.008056728543931213
2020-02-14,-0.003068036240680754,-0.0028829167323102846
2020-02-17,0.00021189053190784032,0.0001723338278183579
2020-02-18,-0.00199322392318566,-0.0019435831394171304
2020-02-19,0.00934717494417585,0.009802607931383068
2020-02-20,0.007345742522422596,0.007028713412227179
2020-02-24,-0.008127090658562217,-0.008616554637790881
2020-02-25,0.003549409806950554,0.003553188209947471
2020-02-26,-0.00810820576898434,-0.00764273140746348
2020-02-27,5.67387597403355e-05,0.000346853147985639
2020-02-28,-0.011260059441362876,-0.012311819087048512
2020-03-02,-0.0013077792430128488,-0.0015510369069308251
2020-03-03,0.01125849399353505,0.010976109810222245
2020-03-04,-0.0064652758147437745,-0.006423787905259153
2020-03-05,0.003826214283585474,0.003425009778799639
2020-03-06,-0.009752208795869959,-0.009737922805755523
2020-03-09,-0.015283722375576715,-0.016073493769398598
2020-03-11,-0.005844112121005093,-0.005717535043496858
2020-03-12,-0.039516356453142706,-0.040294018343992696
2020-03-13,0.003633950297252118,0.004174616404754589
2020-03-16,-0.062303549310360355,-0.06125683798038307
2020-03-17,-0.011374330130018772,-0.011672894574315354
2020-03-18,-0.047412155983984,-0.048422504518274415
2020-03-19,-0.032973315717676845,-0.03233960943815343
2020-03-20,0.05161087916078273,0.05152859071157556
2020-03-23,-0.08247385967408516,-0.0852181671979774
2020-03-24,-0.0014393742759525603,-0.001026955252528124
2020-03-25,0.017300852337956335,0.017738687659003646
2020-03-26,0.0232112587040581,0.024611225479589823
2020-03-27,0.0008784644398128075,0.00024560776079734104
2020-03-30,-0.010907355416388004,-0.011196069392306357
2020-03-31,0.03706676240235499,0.03690646460814719
2020-04-01,-0.025329312307831992,-0.026429922446121027
2020-04-03,0.0029526682829628327,0.001970244068707375
2020-04-07,0.03405070791604684,0.03571081351175754
2020-04-08,0.020262302252081314,0.020407729719710905
2020-04-09,0.024925821480282478,0.02589297437591453
2020-04-13,0.0026988868350752196,0.0029649871366245234
2020-04-15,0.0035655128654669276,0.003909820244533845
2020-04-16,0.0026051450638284257,0.0016577005359008966
2020-04-17,0.00363075561488959,0.004307526044325502
2020-04-20,0.007875973383466925,0.00807876420051815
2020-04-21,-0.013639069496905807,-0.012728721418953818
2020-04-22,0.018785641191769127,0.01686043759881151
2020-04-23,-0.0005199052034470391,0.0008300603659691642
2020-04-24,0.002855793051565007,0.0012951544325604171
2020-04-27,0.0087594159485337,0.008606260193032405
2020-04-28,-0.008699956544166644,-0.00812632121843982
2020-04-29,0.0035028894320494465,0.004618478674583166
2020-04-30,0.007195872228951419,0.0076601763734777326
2020-05-04,-0.010554893795144947,-0.011453554517181492
2020-05-05,0.000887043377938713,-0.0006747581537277555
2020-05-06,-0.0030802659644813047,-0.004090612876793007
2020-05-07,-0.01955487596371156,-0.0180244104105703
2020-05-08,-0.007914595830583213,-0.006735487589198076
2020-05-11,-0.0024919020533522625,-0.0028845947578878504
2020-05-12,-0.008877360919491085,-0.009420146062592307
2020-05-13,0.010214475635414642,0.009820660038120498
2020-05-14,-0.008451395801075725,-0.007588915296679098
2020-05-15,-0.00944977230980372,-0.008752853802364088
2020-05-18,0.017030565235273527,0.01303761357720613
2020-05-19,-0.006201190880263418,-0.00527620339765444
2020-05-20,0.003144305333861468,0.0037552691096913752
2020-05-21,0.004213840850485434,0.00550974237156077
2020-05-22,0.0020586397633917093,0.002010830355513929
2020-05-26,0.006636549500957099,0.005836453132805926
2020-05-27,0.006316704953588759,0.004326848820431355
2020-05-28,0.011767350651575787,0.012210479275464507
2020-05-29,0.020761275161443358,0.019604499873504162
2020-06-01,-0.0010966487691749832,-0.000535374743590767
2020-06-02,0.007880448367746132,0.008248511370420342
2020-06-03,-0.0047695165031394395,-0.0033377935316854473
2020-06-04,0.012848359811583996,0.012752478393892078
2020-06-05,0.01142949023007624,0.0119952562014521
2020-06-08,-0.0006005420982537865,0.000918104214038784
2020-06-09,-0.006961781422738555,-0.007218800319960951
2020-06-10,0.0012803839053640177,0.0012777251816747347
2020-06-11,-0.01071695622930906,-0.01179142996839378
2020-06-12,-0.009070018726598308,-0.008839653483861867
2020-06-15,-0.007916359847177565,-0.007380866867812101
2020-06-16,-0.0036310291743659033,-0.00298068168913571
2020-06-17,0.0005246475006534154,7.452841293297468e-05
2020-06-18,-0.01643675414899073,-0.015044016613582581
2020-06-19,0.009447685858646335,0.007813047141487544
2020-06-22,0.021617671762868326,0.021774237597555122
2020-06-23,0.017771558996508834,0.017880353036948474
2020-06-24,-0.0012362636691793266,-0.0012586247599115075
2020-06-25,0.003415595557726633,0.003141914292699318
2020-06-26,0.011896829998508626,0.011704743955570642
2020-06-29,0.0003045370330055559,-0.0007984776293290094
2020-06-30,0.00485189495022106,0.004774641177770388
2020-07-01,-0.008674544669911166,-0.007459382437458281
2020-07-02,0.003866889201293538,0.004432969565244038
2020-07-03,0.003216027704868218,0.0035308250001044386
2020-07-06,0.0038221296366865495,0.004086798948146143
2020-07-07,-0.0073412390796832126,-0.006404639331366175
2020-07-08,-0.01389228890289555,-0.013259612774246334
2020-07-09,-0.005826848362232443,-0.005654111176203233
2020-07-10,-0.0022975935951380505,-0.002691585971702948
2020-07-13,0.007691647733468162,0.007327193843928563
2020-07-14,-0.010047994321778669,-0.009508457315899825
2020-07-15,0.012342370962729523,0.011554963363711227
2020-07-16,0.0012588891614050194,0.0017566392863733171
2020-07-17,0.004452211439628618,0.004458840628622595
2020-07-20,0.006760312199666227,0.007078491176763104
2020-07-21,0.0009519047206328204,0.0018138899952854545
2020-07-22,-0.0014321717849928293,-0.002233220047570286
2020-07-23,0.011029207645403005,0.01139559128694905
2020-07-24,0.0020788931196624293,0.0024506062478653824
2020-07-27,-0.0024622053052870134,-0.00216998495722283
2020-07-28,-0.011177002547370394,-0.009276145258394052
2020-07-29,0.003377502041656792,0.0028211076757028563
2020-07-30,0.004574038935813718,0.005177287161753798
2020-07-31,0.00381820870150539,0.0041931987381420965
2020-08-03,0.0012938211653274407,0.0016475756903623422
2020-08-04,0.0014252078502481375,0.0011615097674651446
2020-08-05,-0.003921190592103751,-0.0036885526078716574
2020-08-06,0.0008712990263652579,0.001356296385938607
2020-08-07,-0.0033601630440768413,-0.003674279282810186
2020-08-10,0.03056923862845233,0.03022930417249863
2020-08-11,0.0006372236605269619,0.0005487331957687616
2020-08-12,-0.0030392673515776797,-0.0037798057266403024
2020-08-13,0.004198608573340619,0.0038657594042297546
2020-08-14,0.0008778557829622945,0.001512162138448855
2020-08-17,0.007235825665142207,0.007363722200673763
2020-08-18,0.003760444972822896,0.003995167075957375
2020-08-19,0.01010327482254483,0.010063157000094296
2020-08-20,0.009541257480484186,0.008572732819518035
2020-08-21,0.020673375494547286,0.02083112821353076
2020-08-24,0.00915690376202968,0.009472567434779578
2020-08-25,-0.008639966435423396,-0.008045840108519858
2020-08-26,0.011203212985901805,0.010950847696883929
2020-08-27,-0.0012952227806406883,-0.0012897583450357114
2020-08-28,0.014385248187618146,0.013764511173042204
2020-08-31,-0.028612962132345245,-0.028908381321346138
2020-09-01,-0.004338387709214815,-0.00437230646879295
2020-09-02,0.015065378065763049,0.015157266464449669
2020-09-03,-0.0012481462655855762,-0.0002599171240247689
2020-09-04,-0.010789860327995466,-0.010406014192358645
2020-09-07,0.017350030675450417,0.01656306110297049
2020-09-08,-0.008590483582620698,-0.008480746989478491
2020-09-09,-0.007435195132980275,-0.007312345171464169
2020-09-10,0.013240768900648152,0.013361608231062893
2020-09-11,-0.0007150657224879608,-0.00013956024916448174
2020-09-14,0.014172680477076448,0.014832870989126709
2020-09-15,0.007185993546936749,0.008286909100903605
2020-09-16,-0.013534529252148646,-0.013718242307240542
2020-09-17,-0.012075123044826271,-0.011894440334993466
2020-09-18,-0.0028601358382554613,-0.0021114536694020122
2020-09-21,-0.025619685810278753,-0.025492241399955692
2020-09-22,-0.020765725070851764,-0.01952602661616181
2020-09-23,-0.005299640798340131,-0.005099856366275203
2020-09-24,-0.008678168718922906,-0.00910899053196425
2020-09-25,0.02241118911123042,0.021542309886136268
2020-09-28,0.008897272249993196,0.009041024821930213
2020-09-29,-0.00845180155906694,-0.0071818741965966534
2020-09-30,0.0034136244817529935,0.0028474389099964656
2020-10-01,-0.000915869817330162,-0.0009414271995398698
2020-10-05,0.010865522490510048,0.010066994941209164
2020-10-06,-0.0017709277771715552,-0.0015403411511955266
2020-10-07,0.005312823221262698,0.005030097900723253
2020-10-08,0.009832701049171309,0.009062370725043952
2020-10-09,-0.0049234118645059615,-0.005016232892152014
2020-10-12,0.01162569628024546,0.01040969898838116
2020-10-13,-0.00019524487708196642,-3.0204870759375775e-05
2020-10-14,-0.01675254159020922,-0.01563100555392834
2020-10-15,-0.010315461152756776,-0.01053956618112039
2020-10-16,0.0008835121391286253,0.001970648393233435
2020-10-19,0.0005532099754672804,0.001251756849850379
2020-10-20,-0.0005425691556945808,-7.308323999978561e-05
2020-10-21,-0.0009531085284553847,-0.0008913613266488547
2020-10-22,0.008365269457420131,0.008055782902464332
2020-10-23,0.005482030700798933,0.004723248709518171
2020-10-26,-0.007575410757592423,-0.007231048724746296
2020-10-27,0.0163305086261045,0.015100677040518205
2020-10-28,-0.00458913095786183,-0.004534859368659927
2020-10-29,0.003223384613796249,0.0036321889129989826
2020-10-30,0.0014076101665923435,0.0012528240330089717
2020-11-02,-0.0023691701658508616,-0.0035624652107149085
2020-11-03,-0.001860387975640475,-0.00022153955651634566
2020-11-04,0.0034756688693255004,0.0037322852627336266
2020-11-05,0.008359050651138894,0.009011730689901968
2020-11-06,0.002332024404513212,0.001730887310854082
2020-11-09,0.006362008163209374,0.00668932082103289
2020-11-10,-0.014693793731717973,-0.013774609853936625
2020-11-11,0.0065874756764852434,0.007045972798007611
2020-11-12,0.0002990941044308601,0.0010106568963899405
2020-11-13,0.003393957673051376,0.003392646332787253
2020-11-14,0.0021038227657938233,0.002670863361747138
2020-11-17,0.017762487149641872,0.016126994830292504
2020-11-18,0.003185679106930928,0.002228885559586319
2020-11-19,0.008759893583362315,0.008182093323904325
2020-11-20,0.011486991932202852,0.011668435575943093
2020-11-23,0.0060926729359946806,0.0060386537187901955
2020-11-24,0.006361971550166414,0.005912791914023172
2020-11-25,-0.014461004953333304,-0.014578606707905653
2020-11-26,-0.005470762065509559,-0.00549760196210257
2020-11-27,-0.008133907077280955,-0.006903680749410235
2020-12-01,0.00924553883821467,0.00922813482953261
2020-12-02,-0.005061591340048717,-0.005290021238104148
2020-12-03,0.0055947419687351506,0.00545432174549808
2020-12-04,0.008780333094332748,0.008777686333297938
2020-12-07,0.007853422632874297,0.008163086309281121
2020-12-08,0.0032475614787208108,0.0033895224233860062
2020-12-09,0.0014741856231974026,0.0018424664358445367
2020-12-10,-0.0022296048175559358,-0.0021853843268660046
2020-12-11,0.008005375885126127,0.007366932430566797
2020-12-14,0.004806845249486312,0.00434443928520597
2020-12-15,-0.010064368399250205,-0.009591443774571622
2020-12-16,0.0074076258139943105,0.006930877250103696
2020-12-17,-0.005319855278762322,-0.0047810411439706555
2020-12-18,0.0029063378519788743,0.002726521686850459
2020-12-21,-0.02241122479847161,-0.022465265178929036
2020-12-22,0.006009474053694491,0.006323100300538563
2020-12-23,0.008098471281448166,0.008187316976336166
2020-12-24,-0.0001037235052808912,0.0003316507828935915
2020-12-28,0.0024170697382771816,0.0022249065747842233
2020-12-29,-9.824466806977045e-06,0.0011960656359282663
2020-12-30,0.0014776156158434956,0.001650752854642593
2020-12-31,-0.00249947574299094,-0.0026739413381242742
2021-01-01,6.605001452983459e-05,8.660756999263891e-05
2021-01-04,0.0023570295012980236,0.0027903990602343746
2021-01-05,0.005414563360606977,0.0052079441187781045
2021-01-06,-0.012195158533551192,-0.011163037952430552
2021-01-07,0.0032951011178176727,0.0030429550294292515
2021-01-08,0.013571645450331054,0.013623330577704137
2021-01-11,0.00018702942329875674,0.0003993781362036624
2021-01-12,0.0048164083972584235,0.004651016198586761
2021-01-13,-0.00011704940092319041,-0.0006978765147903338
2021-01-14,-0.0011814573309735076,-0.0012052213466091724
2021-01-15,-0.010207838693192708,-0.010368013193027555
2021-01-18,-0.008651038235884876,-0.008251666287262231
2021-01-19,-0.0027184124155379685,-0.0024159260203393852
2021-01-20,-0.0048658422295588056,-0.003739211473936604
2021-01-21,-0.007850834525059625,-0.007180896240297804
2021-01-22,-0.004960240344874612,-0.003512749255778916
2021-01-25,-0.006676736673029715,-0.005977587194851032
2021-01-27,0.005360076697782425,0.004664523169047036
2021-01-28,-0.001128424760918643,-0.0014546335732217466
2021-01-29,-0.008839746994610067,-0.008911838215617529
2021-02-01,0.008558796191443297,0.008165118206114099
2021-02-02,0.018582385927754286,0.018805319520336154
2021-02-03,0.006258956466330887,0.006812713657626783
2021-02-04,0.012553832993539618,0.012608433216280078
2021-02-05,-0.0018130908855043927,-0.0018597713201130115
2021-02-08,0.005144004220617415,0.005526719823622317
2021-02-09,0.004979006120922832,0.004941628508097359
2021-02-10,-0.0037107044487229212,-0.0037724328819881744
2021-02-11,0.004035859565514719,0.004236630101066423
2021-02-12,0.0053925135495964845,0.004648738072751016
2021-02-15,-0.0031494796636042798,-0.003547325058407702
2021-02-16,0.011419809055679988,0.01136989484561668
2021-02-17,0.008519470242007804,0.008041180060484673
2021-02-18,0.019738538183272102,0.018730144156509997
2021-02-19,-0.015507046682244851,-0.01526686756878838
2021-02-22,-0.011915547052017203,-0.01185309592693109
2021-02-23,-0.000744896515663576,-0.00040681932207699777
2021-02-24,-0.0005437717105356214,0.0005375644951503402
2021-02-25,0.014262647341536556,0.013243641971614485
2021-02-26,-0.0011777065710745548,-0.0022200406491321763
2021-03-01,0.001972211819435556,0.003507087501080166
2021-03-02,0.0150001423057829,0.015280125647628814
2021-03-03,0.0027902096873402365,0.0026640176562171304
2021-03-04,0.004275554161520605,0.004503679384403448
2021-03-05,-0.010600255673914545,-0.010516822307031985
2021-03-08,0.012609000521061809,0.012344296146030585
2021-03-09,0.007390413905875863,0.00653217551778466
2021-03-10,-0.0036320675768697175,-0.003034890514902415
2021-03-12,0.00168762163673231,0.0015898647689668172
2021-03-15,0.0007505629037479462,-3.445015217165754e-05
2021-03-16,0.013535421671287923,0.012899042688476994
2021-03-17,-0.023368679317575025,-0.02290510332109484
2021-03-18,-0.008944810816219055,-0.009368129626881844
2021-03-19,0.016037904392574128,0.014889290920823549
2021-03-22,-0.0032428915294714588,-0.0029609501158913212
2021-03-23,-0.0018414466934389981,-0.0011981806317337374
2021-03-24,-0.009270331527741415,-0.009556414062755928
2021-03-25,-0.02121075257895891,-0.020744654134739405
2021-03-26,0.02268807813936364,0.022387385961422264
2021-03-30,0.03096496354183943,0.030109398280138634
2021-03-31,0.0011255102868428985,0.0004560129940695077
2021-04-01,-0.011867903915433436,-0.01048518806146106
2021-04-05,-0.012120222930771616,-0.012000729295261399
2021-04-06,0.0006325645647965129,0.0007923112007654554
2021-04-07,0.006486030625847447,0.0067522812518863405
2021-04-08,-0.005537403393302631,-0.00474563550656317
2021-04-09,0.008330676816473837,0.009069506326453187
2021-04-12,-0.0156262878740349,-0.016463593168249004
2021-04-13,0.0009810075646435122,0.0011382047690459045
2021-04-15,0.002573870454809983,0.002530882401853605
2021-04-16,0.011133578116790041,0.011681362045316017
2021-04-19,-0.005160004555357466,-0.006027751810074738
2021-04-20,0.00011818256051609067,-0.0005103700866230412
2021-04-22,0.001373467089315594,0.0010148815967870308
2021-04-23,-0.005340575578816537,-0.004631191255100951
2021-04-26,0.016120026846209234,0.01679424697825153
2021-04-27,-0.008769817300966369,-0.00798353488072996
2021-04-28,-0.002089785412060723,-0.001596665747311393
2021-04-29,-0.008462086169016288,-0.008432733615170218
2021-04-30,-0.0029258314670705895,-0.0026311395526179824
2021-05-03,0.00857327010107371,0.00891841374997563
2021-05-04,0.0041182072495653714,0.004374688357232292
2021-05-05,0.017076305416499855,0.017230617795839523
2021-05-06,0.004247334420778159,0.0044634515629068455
2021-05-07,-0.0017372567098915643,-0.0014890485098249728
2021-05-10,0.007066660400698348,0.007330767815458163
2021-05-11,0.008640600696416275,0.009121160207811218
2021-05-12,0.0054415045574138935,0.004298642896106828
2021-05-14,-0.0008535570108803912,-0.0009365523757102307
2021-05-17,0.003352830236002222,0.0033642070211446673
2021-05-18,0.0038420757001682597,0.004612773262853759
2021-05-19,0.004828950006322109,0.004804561616702673
2021-05-20,-0.002192216808412282,-0.0030944370244139646
2021-05-21,0.0007110696553883759,0.000944607783127595
2021-05-24,0.0078123112780025105,0.008765345066628122
2021-05-25,-0.009080277816992381,-0.007953075381807746
2021-05-26,0.001367934671755543,0.0021005884256608516
2021-05-27,0.0066570517181929805,0.006968267815390965
2021-05-28,-0.0005525451223720569,-0.0014465802164113975
2021-05-31,-0.006911431383058159,-0.006536662708911644
2021-06-01,0.0013127093750204455,0.001575009152531452
2021-06-02,0.006737924347133165,0.006625582768508426
2021-06-03,0.00850905242311518,0.008717894904108644
2021-06-04,0.00855518981419486,0.007869369764338725
2021-06-07,0.0069329329637243964,0.006863455074078952
2021-06-08,-1.5654067215857374e-05,-0.00043490415302257406
2021-06-09,0.007073604375232107,0.00671108974656865
2021-06-10,0.000637089075215661,0.0004030374291450762
2021-06-11,2.6389702277336308e-05,-0.00014276319080355694
2021-06-14,-5.5647834092945134e-05,-0.0003434224687162068
2021-06-15,0.003256288977774584,0.003024805565858067
2021-06-16,0.010559859333081048,0.010281059259095646
2021-06-17,-0.0037322213320543267,-0.003370156407948795
2021-06-18,-0.003468011403583244,-0.0028740502548180724
2021-06-21,0.010254160119069218,0.01024308894263548
2021-06-22,0.005850902682407436,0.005566653203171328
2021-06-23,-0.016057752695897702,-0.014991816094109415
2021-06-24,0.0038806612502406386,0.0035239983490398387
2021-06-25,-0.002001410137387323,-0.0014554917511424893
2021-06-28,-0.001608916787980811,-0.0013679390203319166
2021-06-29,-0.004530153697740874,-0.004179616939219212
2021-06-30,0.010706926635993225,0.010440721114183869
2021-07-01,0.0037595209061557586,0.003800257187502986
2021-07-02,0.002936276019139178,0.0032365221530406313
2021-07-05,-0.0014329295549240725,-0.0011336094010496478
2021-07-06,-0.0021997947830817164,-0.003221141341069417
2021-07-07,-0.001756777672663118,-0.001762983307499792
2021-07-08,0.007270205544016859,0.006538082395190691
2021-07-09,0.0004728073651425039,-9.177877392260438e-05
2021-07-12,0.0036490551246910613,0.0034281431870439418
2021-07-13,0.006027370911074944,0.005488526077743224
2021-07-14,0.0033401089277219414,0.0034566846061262592
2021-07-15,0.00788127308900605,0.007788628822385418
2021-07-16,0.012166519055409894,0.011806979041182148
2021-07-19,0.01042535608338899,0.0099989994728319
2021-07-20,-0.013107153045948033,-0.012351565850703522
2021-07-22,0.01666404995649832,0.0171274910977953
2021-07-23,0.00030645264536383765,0.0007942662409733798
2021-07-26,-0.004481356481488948,-0.004634719209764431
2021-07-27,-0.005235839939440624,-0.004097682890117749
2021-07-28,-0.004795477032423728,-0.005543475608352347
2021-07-29,-0.016118554563057243,-0.015057337652118806
2021-07-30,0.004046976915262031,0.004776928717374229
2021-08-02,0.005414392574163684,0.004779898825150498
2021-08-03,0.007685530320507948,0.008410589062249478
2021-08-04,-0.004683351456020624,-0.003979869554484465
2021-08-05,-0.007230879613781946,-0.006806713368430947
2021-08-06,-0.009755389265884002,-0.008742648425819096
2021-08-09,-0.003832350539502852,-0.003727193781334278
2021-08-10,-0.0028043218811093585,-0.002773559563927065
2021-08-11,-0.012765452764588613,-0.01257589938742978
2021-08-12,0.004723726917222125,0.005923441419775351
2021-08-13,0.013086919055244344,0.011912234694544268
2021-08-16,0.0042748035804451995,0.003737093102671219
2021-08-17,0.017158956149959437,0.016918288203669515
2021-08-18,0.002868729807273165,0.002606487420331246
2021-08-20,-0.00636760484632775,-0.006585233392626836
2021-08-23,-0.012019972700872647,-0.012172133380248841
2021-08-24,-0.0028320871636870206,-0.0017340669687480096
2021-08-25,0.005536784064901236,0.005811926684215627
2021-08-26,-0.005367147821322196,-0.005390488049349295
2021-08-27,-0.0008244169893826884,0.00023030993895978963
2021-08-30,0.007269021485452682,0.007176242630486077
2021-08-31,0.0059769340853610105,0.006640115309345112
2021-09-01,0.001615537110366457,0.0010294314031082605
2021-09-02,0.012184177924570813,0.012456992198219552
2021-09-03,0.006234080893599853,0.006046962648949217
2021-09-06,0.006276304409287984,0.006541360948848783
2021-09-07,0.010692660531073154,0.009993765162450229
2021-09-08,0.0016193960892522193,0.0016108308258649924
2021-09-09,0.009479640764294379,0.00893778202906594
2021-09-13,-0.0011236108376487055,-0.000762562107587531
2021-09-14,-0.0035537996826342177,-0.0028986694508688973
2021-09-15,0.0080818088857632,0.007796778081232444
2021-09-16,0.0032866698209783347,0.003376123263440984
2021-09-17,-0.0020425345861627376,-0.0017511964622702993
2021-09-20,-0.005201520335829684,-0.005077017490391249
2021-09-21,-0.0028639191234285603,-0.002514664329829961
2021-09-22,0.0014583086700855794,0.001800864263162201
2021-09-23,-0.005940880141975881,-0.005404153903657724
2021-09-24,0.005115565320873144,0.004919018581438924
2021-09-27,-0.006387725661895571,-0.006809791007510203
2021-09-28,0.00534260520804012,0.004561866429584017
2021-09-29,-0.0004479522888187729,-0.0001737625551851498
2021-09-30,0.01582217557022848,0.01427736117509108
2021-10-01,0.011796947925660509,0.011236110458259237
2021-10-04,0.001729242082665031,0.0013594459208971627
2021-10-05,0.0013700433014818577,0.001695609295187556
2021-10-06,-0.007121160530947999,-0.006901830752150512
2021-10-07,0.013462892280348153,0.012928426599436486
2021-10-08,0.006306873617143548,0.006304299803644795
2021-10-11,0.014214092462422601,0.013339118579927962
2021-10-12,0.003917431698082853,0.004032594853810533
2021-10-13,-0.006160007963326214,-0.005579568924047335
2021-10-14,0.00554902472714577,0.004857089518816184
2021-10-18,-0.006816267294811523,-0.006871709866652548
2021-10-19,-0.015650590284013416,-0.014584688522936987
2021-10-20,-0.0033525170410760845,-0.004142665566336172
2021-10-21,-0.008877239633443808,-0.008651655653663423
2021-10-22,-0.005547023979155632,-0.004995949008644016
2021-10-25,-0.0018241815111999854,-0.0010339216690843985
2021-10-26,-0.006221592087182802,-0.00622542788284611
2021-10-27,0.021412729531341806,0.020729747095491063
2021-10-28,-0.009248407604185228,-0.00848150365581183
2021-10-29,0.003274365880559965,0.0027168254006853295
2021-11-01,0.011429582787268999,0.01254768803487132
2021-11-02,0.005115056922092307,0.0047140014314018845
2021-11-03,0.00017329631136519575,0.0004284020893406638
2021-11-04,0.002862251509528861,0.0033079321807953743
2021-11-08,0.006415076748462985,0.006702378414057401
2021-11-09,0.0044919918354639436,0.004708661309812311
2021-11-10,-0.002749723086527242,-0.002633530266868553
2021-11-11,0.003251245555830847,0.0035250553200151876
2021-11-12,-0.0009942515586314077,-0.0009901696917228521
2021-11-15,0.0022531264210751195,0.0023351673956065614
2021-11-16,-0.004942976543871274,-0.0045311876810185505
2021-11-17,-0.0044314250101899115,-0.0035650247280794908
2021-11-18,-0.004340561959617596,-0.005304067118586724
2021-11-22,-0.013241961628322512,-0.013872080063071796
2021-11-23,0.010051695676592573,0.010081097888787938
2021-11-24,-0.0053677354013479065,-0.005282254147677515
2021-11-25,-0.003041649165365641,-0.002474688753167905
2021-11-26,-0.005531729526184483,-0.005887814762073271
2021-11-29,-0.0009362512294495379,-0.0012699760036406886
2021-11-30,-0.00021412650199920135,0.0005857784377848818
2021-12-01,-0.014271300793773936,-0.01350412911625316
2021-12-02,0.0037643604079364516,0.004556465394159024
2021-12-03,-0.006109418600149709,-0.0061236716902317535
2021-12-06,-0.014426620169361146,-0.01482475206136158
2021-12-07,0.008180881161986472,0.008483113670102134
2021-12-08,0.003981816540742604,0.0039889656412262
2021-12-09,-0.0019337146538133748,-0.0012401603625700793
2021-12-10,-0.001812673627777644,-0.000856950892523015
2021-12-13,0.005688022011549484,0.005839034427209261
2021-12-14,0.014875608183152339,0.014025586895275817
2021-12-15,0.00646476333166691,0.0060717306282471305
2021-12-16,-0.0009005491566417966,-0.0007911568615436512
2021-12-17,-0.004452147847521015,-0.004901866178357663
2021-12-20,-0.0156708376917723,-0.015434694739098089
2021-12-21,0.011308762675735749,0.011625918040113198
2021-12-22,0.0074736477903454114,0.007395354999407374
2021-12-23,0.006911872099253315,0.0062605044054337335
2021-12-24,-0.0047978390862151235,-0.0044107225790126076
2021-12-27,0.008123405431955515,0.00900621099843525
2021-12-28,0.006107647250732461,0.006762394218642545
2021-12-29,0.005370723841192717,0.005093048109989557
2021-12-30,0.006630275503167517,0.005978353232414459
2021-12-31,0.0038359204441731545,0.00399987595183153
2022-01-03,-0.0002607543034680892,0.0004157042586075399
2022-01-04,0.010985023965395684,0.010801463704945044
2022-01-05,-0.005457565547285437,-0.005737637033007493
2022-01-06,-0.0036215149237881898,-0.0034244455045425136
2022-01-07,-0.0006895648666910804,-0.0007705432009371884
2022-01-10,0.0005099304723914608,0.0011443916087052503
2022-01-11,0.00046044701388205035,0.001272704601211659
2022-01-12,0.0027676837765197434,0.0028527389042791963
2022-01-13,-0.0011163172787085362,-0.0012439702239085046
2022-01-14,0.0014755990806354776,0.002076081297451776
2022-01-17,0.005250288149476239,0.005291237019917863
2022-01-18,-0.0033506731072167205,-0.0041838063676350205
2022-01-19,-0.005105088711503371,-0.00501976635512287
2022-01-20,-0.011223982041544019,-0.010347099062219277
2022-01-21,-0.00992580900686603,-0.010503778439022627
2022-01-24,-0.019389797165297977,-0.01978455068408668
2022-01-25,0.006056129493337149,0.006267036711701598
2022-01-27,-0.013009973802280136,-0.01252375279558848
2022-01-28,0.0017544910995839103,0.001942975337333959
2022-01-31,0.00530697831647877,0.005828298346663939
2022-02-01,-0.009903364380700691,-0.008433296200457942
2022-02-02,0.011381506598661242,0.011460549959972605
2022-02-03,-0.0009725819643142958,-0.0009384784150529911
2022-02-04,-0.00518414623231642,-0.005363816262165539
2022-02-07,-0.011234032302056308,-0.011068564139908971
2022-02-08,-0.007475552548054757,-0.007548441410722103
2022-02-09,0.016185345876165175,0.015241706923249328
2022-02-10,-0.004595702474626243,-0.0039759611836497205
2022-02-11,-0.0010775688080979658,-0.0012005179856957628
2022-02-14,-0.013716875875712528,-0.014229578786511128
2022-02-15,0.007314273418788637,0.007789925021395616
2022-02-16,0.010482126707944878,0.010151448068939167
2022-02-17,-0.0003256102529566176,-0.0002561283611209723
2022-02-18,-0.002791844340072506,-0.002473069159880956
2022-02-21,-0.0024519045764908633,-0.0032265797609221506
2022-02-22,0.000447825670302931,-0.0010058712686844811
2022-02-23,0.0017628166141752007,0.0020112906931021497
2022-02-24,-0.024637857782504886,-0.026379445782012203
2022-02-25,0.007985006822698853,0.009443225781252838
2022-02-28,0.01725625686219596,0.016886523277280373
2022-03-02,-0.005879701895275987,-0.006861676650221327
2022-03-03,-0.0002210532117710645,-0.0003365898300928107
2022-03-04,-0.00999425884628163,-0.010188934369231354
2022-03-07,-0.02022698965784352,-0.019934263447241078
2022-03-08,0.009350347080605044,0.009321250212145492
2022-03-09,0.005803827193570755,0.006937458961022843
2022-03-10,0.013830683840469492,0.01309786748202581
2022-03-11,0.0004214118415001493,0.0007861657112261905
2022-03-14,0.004874479549976404,0.005014668926670278
2022-03-15,0.0012198146012697036,0.0006499953809268148
2022-03-16,0.0044289853815304096,0.00520914962443321
2022-03-17,-0.00798951076105582,-0.007499054529435896
2022-03-21,-2.837021738667637e-05,-0.00010919603007125056
2022-03-22,-0.008226639529015731,-0.007059806334396476
2022-03-23,-0.011372438669501002,-0.011382643898324336
2022-03-24,-0.0046724201123960075,-0.0036411035563055083
2022-03-25,-0.008754754544043158,-0.008204000678659258
2022-03-28,0.004461869473564917,0.004163344362983374
2022-03-29,0.00407419944231279,0.003695329928610254
2022-03-30,0.015064641789091456,0.01434237539412617
2022-03-31,-0.001958852252082994,-0.002417439142035327
2022-04-01,0.0033568605404818404,0.0035758338083443607
2022-04-04,0.006979087473426181,0.007293380257589963
2022-04-05,0.01571619469279591,0.014462488594065018
2022-04-06,-0.007461924726492723,-0.006816629381696752
2022-04-07,0.009845683199314104,0.00879244986517221
2022-04-08,-0.005545247490578204,-0.004396312626254433
2022-04-11,-0.0053504595430620815,-0.004924849562649617
2022-04-12,-0.006281633544887625,-0.0071691209746300505
2022-04-13,-0.0031412355296245894,-0.0033796294967658002
2022-04-18,-0.0015327834549701308,-0.0022048082233773114
2022-04-19,-0.013243033339620474,-0.012357356877837974
2022-04-20,0.008194310176925386,0.008107378733266696
2022-04-21,0.014016654399679421,0.013577535319853312
2022-04-22,0.005546914359848585,0.005533228417409964
2022-04-25,-0.007247301428356376,-0.008254002833799031
2022-04-26,0.0071199877268776565,0.00734023958900824
2022-04-27,-0.0018794353699470231,-0.0029757231902920473
2022-04-28,0.013477612315248317,0.013416931701236307
2022-04-29,-0.0070925314848844226,-0.0069044154939133535
2022-05-02,0.001005972561170139,0.0008170294444255176
2022-05-04,-0.01372059689009298,-0.014132431436569726
2022-05-05,-0.00245818367362993,-0.002630720116121662
2022-05-06,-0.0030956370756773516,-0.0037255823302031863
2022-05-09,-0.008909178808151638,-0.009025457030992924
2022-05-10,-0.006025520270163329,-0.006000183113752727
2022-05-11,-0.00985493996544032,-0.010223724968929595
2022-05-12,0.0029922297947881193,0.0019984058710118863
2022-05-13,0.012269701928138938,0.011638394865793522
2022-05-16,0.0021406986795924326,0.0024313035089722147
2022-05-17,0.015452434485707189,0.01560983018441776
2022-05-18,0.011390840992170897,0.011666863916000613
2022-05-19,-0.009951133486670666,-0.010848549310847902
2022-05-20,0.0114849320843764,0.011087732539896882
2022-05-23,-0.00038962828106218865,-0.00012561774512485305
2022-05-24,0.0022418115562043393,0.0014460409822456756
2022-05-25,-0.009795666794687507,-0.01085963041974326
2022-05-26,0.0023025414126924115,0.002054887935821431
2022-05-27,0.005751262215192721,0.006893886204921717
2022-05-30,0.0010696655321765997,0.0019380884464105643
2022-05-31,0.0015121162491287532,0.0004675065074845289
2022-06-01,0.0032009041860394613,0.002824882912178247
2022-06-02,0.003748539755658756,0.003715700195417321
2022-06-03,-0.0123950011196914,-0.01172243422503969
2022-06-06,0.00032534737240743294,-0.0004765087152948117
2022-06-07,-0.008341662417103067,-0.007868503599667218
2022-06-08,-0.008021304698390477,-0.007944965355086571
2022-06-09,0.004164216674862465,0.0040421427615550025
2022-06-10,-0.003845769617952421,-0.003911028391730323
2022-06-13,-0.006014893969582429,-0.006752694213479955
2022-06-14,-0.0038793292218625057,-0.003912646170969906
2022-06-15,-0.0036182319486976486,-0.003469782701427218
2022-06-16,-0.006609677055094385,-0.007569174476119321
2022-06-17,-0.01513095922275951,-0.015960441557430097
2022-06-20,0.015362597029650288,0.015179388117888097
2022-06-21,0.003940942442801253,0.004711364486839653
2022-06-22,-0.0014143346836756705,-0.001234154012929084
2022-06-23,0.009861678535453547,0.009729591371750494
2022-06-24,0.004090693867458476,0.004082856715914553
2022-06-27,0.005242933755029464,0.005207455222560002
2022-06-28,-0.0010495484476119492,-0.0010515685605594683
2022-06-29,0.0060433780469989215,0.005646527065630501
2022-06-30,0.014979490503484965,0.013924932760194105
2022-07-01,0.010502328660054537,0.01005461997331996
2022-07-04,0.006238342415520897,0.006245012543870424
2022-07-05,0.004166229555457021,0.004386730435766749
2022-07-06,0.00578639649473131,0.006044961565714175
2022-07-07,-0.0029599372269404384,-0.0029107989829294007
2022-07-08,0.007219430410153041,0.007087951659903908
2022-07-11,-0.009666609856323376,-0.008583684831901514
2022-07-12,-0.0070656894648743855,-0.007344548730099089
2022-07-13,0.00797798644052499,0.007292607118636836
2022-07-14,0.01070318763421389,0.010369116862473047
2022-07-15,0.006038278436547279,0.006194148524343111
2022-07-18,0.00849078223499677,0.008383890894063358
2022-07-19,-0.0021599999752592775,-0.0019353503784010268
2022-07-20,0.002463436519347303,0.0028222781034772885
2022-07-21,0.012020875947328416,0.01156200592141726
2022-07-22,-0.0018716195287805366,-0.001304843095447678
2022-07-25,-0.005894693150799414,-0.005618365489651161
2022-07-26,-0.009056995384794627,-0.009090562543553596
2022-07-27,0.000984388723468342,0.001256472363985262
2022-07-28,-0.00218141534914684,-0.0018245095433330665
2022-07-29,0.015960038079384935,0.016456425713916437
2022-08-01,0.015864758032142472,0.015164174996080693
2022-08-02,0.008977079544203894,0.009435917073282679
2022-08-03,0.003333369965311675,0.002659492563759665
2022-08-04,0.006269989726195892,0.006177352274997432
2022-08-05,0.007273326273136411,0.007900017989809383
2022-08-08,0.009571918521292248,0.00933825538504989
2022-08-10,-0.011330446489252386,-0.010757720705170084
2022-08-11,-0.007418289741913346,-0.0069174648965214
2022-08-12,0.002462466080497094,0.0020099723263770405
2022-08-16,0.006834376593549946,0.006852288252934172
2022-08-17,0.0018894724298039417,0.0019012576903705185
2022-08-18,-0.0005921072197465987,-0.0006373180517272582
2022-08-19,-0.0015476475827553963,-0.0015987936851751586
2022-08-22,0.0005276755034613564,-5.13210943410338e-05
2022-08-23,0.0020104072435724353,0.002531097961779888
2022-08-24,0.004382694993408517,0.0044259702696958295
2022-08-25,-0.007682917337151264,-0.0073955127936052535
2022-08-26,-0.003867662040622886,-0.0032282073108664063
2022-08-29,-0.0050907337276985005,-0.005415683581949466
2022-08-30,0.0019833802155418924,0.0025074506065409473
2022-09-01,-0.006150454196439071,-0.005314832582702181
2022-09-02,-0.0038369945319199766,-0.003593259900848943
2022-09-05,0.004484524459429085,0.0041494937365608095
2022-09-06,0.002246656651598739,0.0019401274330340804
2022-09-07,-0.0028673609338287294,-0.0016992322706276882
2022-09-08,-0.0027339454985317287,-0.0018020061891219944
2022-09-09,0.0018338418993725308,0.0018491789772006502
2022-09-12,-0.007959402164556192,-0.007230327533614951
2022-09-13,0.0056482180460433375,0.005295981643055529
2022-09-14,-0.00843670487845187,-0.007896596874257592
2022-09-15,0.003443829898241194,0.0027930552961518756
2022-09-16,-0.025835706940341922,-0.02553633357133366
2022-09-19,0.009239612134544583,0.008921984525055647
2022-09-20,0.017791127987051954,0.017632821869932726
2022-09-21,0.001152281775540518,0.0007860235734455927
2022-09-22,0.0004380199620095263,0.00044643671789812325
2022-09-23,-0.003653958639346593,-0.0037716859171624127
2022-09-26,-0.004961264460397512,-0.004912838113192155
2022-09-27,0.0047261289690638305,0.0042555377829636525
2022-09-28,-0.0007259149360345215,-0.0009837184213326538
2022-09-29,0.014559830685380203,0.013336963487801756
2022-09-30,0.012447453519901869,0.012515869159179478
2022-10-03,-0.009084813142487335,-0.007892760209573454
2022-10-04,0.003941946048634192,0.004319854230921473
2022-10-06,-0.005134651355703713,-0.004933288650829633
2022-10-07,0.002303675507499372,0.001983249819338573
2022-10-10,-0.001842785677332584,-0.00203373999435629
2022-10-11,-0.009126400531129427,-0.008922098853253678
2022-10-12,0.011726045944696105,0.010825285731698905
2022-10-13,-0.003744796192422372,-0.0033309167563388533
2022-10-14,0.0021790563470410742,0.0023122176187820465
2022-10-17,0.004584581079833486,0.004590190913981147
2022-10-18,0.00348256826920747,0.0036677707880490174
2022-10-19,-0.007717965003710026,-0.006537753255642403
2022-10-20,0.005611746373117729,0.004872100151445527
2022-10-21,-0.002500867179226449,-0.002631638008923929
2022-10-24,0.00097495545643688,0.0015041194478334155
2022-10-25,0.006938778114361596,0.006709152211954239
2022-10-27,0.007588558423661807,0.006490687289828384
2022-10-28,0.003407207802942413,0.002441772186275934
2022-10-31,0.007995613879825858,0.008170176196268832
2022-11-01,0.007362794920449471,0.007261321905745303
2022-11-02,-0.008452975632434112,-0.007887008398705132
2022-11-03,0.0005583119378321654,0.0003368503452742726
2022-11-04,-0.009114474756597338,-0.007971112613286932
2022-11-07,-0.005411302303377011,-0.0049047381146057195
2022-11-09,-0.007268020203268575,-0.006422022894543018
2022-11-10,0.008840714759837208,0.008373250244904403
2022-11-11,-0.002998379709449813,-0.002915294064035485
2022-11-14,9.438425732378726e-05,-0.0002950041538022723
2022-11-15,0.005747864958587076,0.005924112405403762
2022-11-16,0.003810846804175697,0.00377133523076104
2022-11-17,0.0017827054309356826,0.0014039988418477066
2022-11-18,0.006100852561907607,0.005555832671630166
2022-11-21,0.007327501262212334,0.0072382304550604225
2022-11-22,0.003320047929668924,0.0039824777340207815
2022-11-23,-0.001217068997737145,-0.0015060194545175373
2022-11-24,0.006359385493817945,0.00666835092699853
2022-11-25,-0.0012986259741038244,-0.0011246257762971114
2022-11-28,0.010925425379716212,0.010877963717729495
2022-11-29,0.0002518872343222668,0.0003650334784026573
2022-11-30,0.006276926283670484,0.005992531539740775
2022-12-01,0.0034742773743295227,0.003709020287087523
2022-12-02,-0.003971674708603658,-0.003557815862645581
2022-12-05,-0.0036643394618974525,-0.0041769816173155335
2022-12-06,-0.0010377820451854482,-0.0010026334942058886
2022-12-07,0.01006956632487846,0.009601176172768218
2022-12-08,0.003624408901088673,0.003260866435553106
2022-12-09,0.007356771011550375,0.005907377926359869
2022-12-12,0.0001541912268799864,0.00044395854648375933
2022-12-13,0.007808260550800155,0.00792277838931884
2022-12-14,-0.004220991109381859,-0.003204457783471221
2022-12-15,-0.0008439732999162581,-0.0011116948544113337
2022-12-16,0.002993674375406232,0.002586730641924294
2022-12-19,0.008784892652183187,0.007876080923005437
2022-12-20,-0.0066029738913526165,-0.006255405626737888
2022-12-21,-0.005041946300064666,-0.00461650700359406
2022-12-22,0.0026827397528668344,0.002233648622061564
2022-12-23,-5.861852523002752e-05,-0.001607934216154481
2022-12-26,-0.007271386232349327,-0.005894937106351775
2022-12-27,0.001930152274055603,0.0022690842320330193
2022-12-28,0.003723587437412032,0.0036230437528103356
2022-12-29,0.0033251063291719093,0.0029636377070004047
2022-12-30,-0.0009236694298657051,-0.0006040141692108167
2023-01-02,-0.00795915482145124,-0.00772734083716643
2023-01-03,0.0018202593772811075,0.0019044058717908733
2023-01-04,0.00304568333265983,0.0029031275586377378
2023-01-05,0.01521317180014071,0.014112430698611867
2023-01-06,0.002827376083904105,0.0025355433655342096
2023-01-09,0.0013970408022751582,0.0016493995081002062
2023-01-10,-0.0018929099879685311,-0.0017712934140038201
2023-01-11,-0.0029569094911062075,-0.002611593301029344
2023-01-12,-0.004540960065812216,-0.0039993144033733646
2023-01-13,-0.0037032648213965245,-0.00390857070199135
2023-01-16,0.0006046583561453659,0.0009137422023722916
2023-01-17,-0.0008341336380938943,-0.000910275732700858
2023-01-18,0.0028348868195686135,0.0029276914655936006
2023-01-19,-0.006985727884484976,-0.006729744250076035
2023-01-20,-0.0020017824791393355,-0.0025405779919761267
2023-01-23,-0.005255436959300271,-0.005582261775977414
2023-01-24,-0.0004952839118191766,-0.0005863031095130638
2023-01-25,0.004287617283883239,0.003636519949144801
2023-01-27,-0.003094457292081805,-0.0030006831548245673
2023-01-30,0.004313014883444641,0.0037626357051619686
2023-01-31,0.009318450616186552,0.009410272866511655
2023-02-01,0.008323065494393126,0.008034682724546917
2023-02-02,0.01332336752783296,0.012292033381448823
2023-02-03,0.004807466637082508,0.00507954090719034
2023-02-06,0.0016005199593867767,0.001603680649614339
2023-02-07,0.0097668665906178,0.009177857857649227
2023-02-08,-0.004648193072150465,-0.004044683997696597
2023-02-09,-0.001773104474346014,-0.001601494813890754
2023-02-10,-0.0007136543089959099,-1.7254529527821515e-05
2023-02-13,-0.00835076134919383,-0.008088594366424905
2023-02-14,-0.004121111264164667,-0.004184830107287509
2023-02-15,0.006138650755236256,0.00614403979037733
2023-02-16,-0.001992095904273831,-0.0012157959112710855
2023-02-17,-0.001328798994505562,-0.0009632368710876404
2023-02-20,-0.004142744186529801,-0.003623508567716094
2023-02-21,0.006143822962199947,0.005521588354404144
2023-02-22,-0.0007556710133112623,-0.0009111047444188849
2023-02-23,0.0024295889138592156,0.002359903802771061
2023-02-24,-0.0009181447485565506,-0.0009568119815788634
2023-02-27,0.004116696291601078,0.00407019303736632
2023-02-28,0.0013946608247950001,0.001543969492871847
2023-03-01,-0.00040818117771110015,-0.0002044504344385768
2023-03-02,-0.005749521790099779,-0.005786547892496844
2023-03-03,0.0022944429271066014,0.0020062489784445775
2023-03-06,0.008857184926288321,0.008450277359196543
2023-03-08,-0.007721523641737094,-0.007395053722984644
2023-03-09,-0.004148955740957494,-0.004485553975357147
2023-03-10,-0.0024345634971862356,-0.002366408556140588
2023-03-13,-0.014597172773714823,-0.013973964382829364
2023-03-14,-0.0070523302097712645,-0.00680324385142264
2023-03-15,-0.0001539852020066353,0.00022313393746344078
2023-03-16,-0.0058470636789111794,-0.005776457563665547
2023-03-17,-0.008059182415380782,-0.00733913366484191
2023-03-20,0.00691825893494696,0.006710396768613456
2023-03-21,0.0017764343044011518,0.0021699573732118665
2023-03-22,0.0005299980121698081,0.0007150634159939379
2023-03-23,-0.004055779490360375,-0.0037507086445037288
2023-03-24,-0.0014318065821576711,-0.0010444369916987755
2023-03-27,-0.002117128914346733,-0.0020072211780371506
2023-03-28,-9.883941854923984e-05,-0.00026563094130828803
2023-03-29,0.005248554820770895,0.005687681691392331
2023-03-31,0.012234473818487294,0.011771675717780414
2023-04-03,0.002031720394442102,0.0021078992741839263
2023-04-05,0.003507345537776181,0.0030676723706156424
2023-04-06,-0.01039121630264214,-0.009816346279059104
2023-04-10,-0.0016860522878850346,-0.0011876701336420996
2023-04-11,-0.008120696450678026,-0.007320971118376616
2023-04-12,0.004844552679286416,0.004693046427849124
2023-04-13,-0.0050313337146797674,-0.0045723600717737685
2023-04-17,-0.0027146784091758845,-0.002291772652501723
2023-04-18,0.001995202707576918,0.002218025468417609
2023-04-19,-0.006696960667454107,-0.006482507146676738
2023-04-20,0.002830930169437082,0.0025188104975953285
2023-04-21,0.005935665637024372,0.005597423286226199
2023-04-24,0.005852998189775732,0.0054067499230709614
2023-04-25,-0.0014593188229981803,-0.0015456726778122305
2023-04-26,0.006576752355425321,0.006617044000293577
2023-04-27,1.7407091207284907e-05,0.0003277160646201161
2023-04-28,0.006422323155555355,0.006862475545827088
2023-05-02,-0.001475365802748593,-0.0016132121423420133
2023-05-03,0.005561088927168681,0.005213140555801679
2023-05-04,-0.0014920398960543643,-0.0014654716235609655
2023-05-05,-0.003012489676634499,-0.00266692422524544
2023-05-08,0.00084690236246676,0.0012532208898360362
2023-05-09,-0.006925374498517312,-0.0064826044179243265
2023-05-10,0.0017546528117738263,0.0022974491820034466
2023-05-11,0.006907212465828777,0.007009611150836174
2023-05-12,-0.006912271258985406,-0.006412111970596785
2023-05-15,-3.3838238526763455e-05,5.58486838376954e-05
2023-05-16,-0.003284812334126335,-0.003283208900840195
2023-05-17,-0.003884102949019048,-0.0038531628102367998
2023-05-18,-0.0008493904611413876,-0.0010334828731741233
2023-05-19,-0.0021494617315272837,-0.002286006095096083
2023-05-22,0.008259161477609085,0.008070312321192789
2023-05-23,0.003736498440204447,0.0037501906145074003
2023-05-24,0.0010014053019770633,0.000958501887585212
2023-05-25,0.004189348676314673,0.004055765757072841
2023-05-26,0.012605416651780365,0.012900090531921189
2023-05-29,0.0063651970805314335,0.00624787217173928
2023-05-30,0.002138735604864388,0.002096136709194999
2023-05-31,-8.447413332650572e-05,0.00017327915081958418
2023-06-01,-0.0039039286817589645,-0.003487567951210289
2023-06-02,-0.002505397022285003,-0.0022926541960479867
2023-06-05,0.005210959683795861,0.005107328358625623
2023-06-06,0.0007342781601722462,0.000710373420064789
2023-06-07,0.012980217732631614,0.012853921945827074
2023-06-08,-0.006202715236031187,-0.006272149954501425
2023-06-09,0.00040498010843318223,0.0005979370197438465
2023-06-12,0.00713723310995067,0.006824448742997093
2023-06-13,0.012213916037719265,0.011645917555858962
2023-06-14,0.0008828909785288034,0.0008767094605275996
2023-06-15,0.0012210228330180254,0.0012946465818648603
2023-06-16,0.009828224389478387,0.009553694806457697
2023-06-19,0.002953003567312305,0.0030021323838029705
2023-06-20,0.004186338275692192,0.0040157064190101755
2023-06-21,0.0005082308181618429,0.0009382927395479586
2023-06-22,-0.0021354182019124902,-0.0023153642177455762
2023-06-23,0.003018023027820836,0.0030537721818204404
2023-06-26,0.007786214793621918,0.007870446055106348
2023-06-27,0.0008561369666209318,0.0008195830022315036
2023-06-28,0.007873405470011967,0.00747249069840268
2023-06-30,0.0009744627545469994,0.0013355960038929796
2023-07-03,-0.0036012257059117097,-0.003722778561414671
2023-07-04,0.0020187079486868225,0.0020941410579619706
2023-07-05,0.004128371757620197,0.0039586675848676065
2023-07-06,0.0037773794757532952,0.004302459259760065
2023-07-07,-0.005529339870329453,-0.005937728665798272
2023-07-10,-0.0033501451059236957,-0.0033381270821498626
2023-07-11,0.011682492364055828,0.011376791025965114
2023-07-12,0.006565447850990877,0.006526217222038914
2023-07-13,-0.0013853675218943053,-0.0014018399231243
2023-07-14,0.007703479976432462,0.007657922264366312
2023-07-17,0.0004805136334270723,0.0007717465392815221
2023-07-18,0.003737499916730796,0.003426319004321978
2023-07-19,0.0019174734095147175,0.0021391586133323653
2023-07-20,0.0017488491271965385,0.0017928594235441225
2023-07-21,0.0052966874302407384,0.0049875763591515805
2023-07-24,-0.0036583668081383307,-0.0037675584565807245
2023-07-25,-0.0013825613812892812,-0.001289885280473955
2023-07-26,0.0016854586610236728,0.0015538700223586663
2023-07-27,0.011290618479288712,0.010277639030434216
2023-07-28,0.0066555502532553695,0.006244776968834364
2023-07-31,-0.0030373917944588025,-0.002391693125476996
2023-08-01,0.007109804280543288,0.0069567510535718784
2023-08-02,-0.013572237347709367,-0.013359262497483456
2023-08-03,-0.0018119113947186192,-0.002196497863008629
2023-08-04,0.004906562870835,0.004669600438927476
2023-08-07,-0.0006774928825506408,-0.0005062608958515246
2023-08-08,-0.003281003434157283,-0.002560902680886006
2023-08-09,0.00628765054056264,0.0060854092230941
2023-08-10,-0.0035925190437262606,-0.0041605264201854415
2023-08-11,-0.001908696384700139,-0.0016596422366091513
2023-08-14,-0.0008847388067228768,-0.0011869353900600009
2023-08-16,0.005432948268472088,0.005336553091659179
2023-08-17,-0.001096959261959385,-0.0008103476656203157
2023-08-18,0.0074223750282345485,0.007095917173251943
2023-08-21,0.0016912003587157215,0.001795426421592772
2023-08-22,-0.004509825286018922,-0.0040485704019579665
2023-08-23,0.0023466793328135475,0.002451493558847412
2023-08-24,-0.010195943999682874,-0.009979537013077586
2023-08-25,0.0004638686873346947,-2.2120817045085924e-05
2023-08-28,-0.0012457382757711873,-0.0011455095914689585
2023-08-29,-0.0019611842623545833,-0.0016391820297398136
2023-08-30,-0.0012256569704080032,-0.0010829922644467944
2023-08-31,-0.0025956713574409006,-0.0025333314222465487
2023-09-01,0.003460020784952286,0.0037500429637261335
2023-09-04,-0.0010111392689150399,-0.0006682192771416623
2023-09-05,0.014278729180341614,0.013687881381298313
2023-09-06,0.011366705586602627,0.010821972774085448
2023-09-07,0.01097139307088793,0.010925717443306551
2023-09-08,0.00025806341164854316,0.0001615691089870455
2023-09-11,0.0054038140081010206,0.0053334511236139215
2023-09-12,-0.008203312332525692,-0.008053435424066141
2023-09-13,0.0022529156499467356,0.0023134061605223086
2023-09-14,0.0022114681374908393,0.0022488088740085063
2023-09-15,0.004362312504759508,0.0045573202509403285
2023-09-18,0.005846884071945457,0.005734330274506159
2023-09-20,-0.006859646067795951,-0.00678307275074002
2023-09-21,-0.005360373930086108,-0.005518869589090752
2023-09-22,-0.0068394927415278105,-0.006689490973210598
2023-09-25,-0.00357283109649606,-0.003102701874459158
2023-09-26,0.003473107460615016,0.003344291810338392
2023-09-27,-0.0014837708819587993,-0.0013985790880862686
2023-09-28,-0.008858469028164956,-0.009017261627661834
2023-09-29,0.009959131536954748,0.009978140756765933
2023-10-03,-0.0035920449434464503,-0.0036743816810987477
2023-10-04,-0.0030003409802001817,-0.003059851571574628
2023-10-05,-0.0004177726507027505,-0.0005896666514443409
2023-10-06,-0.009003511023425744,-0.008667670872090662
2023-10-09,-0.003866798439733157,-0.003936499801860782
2023-10-10,0.004357908901258556,0.0042976436336425484
2023-10-11,0.0006502805467779021,0.001297153937933657
2023-10-12,0.004658770118108916,0.0046722372814115
2023-10-13,-0.002784850692161017,-0.002841465840088349
2023-10-16,-0.0005060359758216801,-0.0008443042933695853
2023-10-17,0.0011244140704010348,0.0011618068403527466
2023-10-18,0.0007212099067788796,0.000542971864994899
2023-10-19,0.002181960999566618,0.0016481837535759997
2023-10-20,-0.001452690905848863,-0.0016727276219391594
2023-10-23,-0.008993356541703771,-0.009127646885922597
2023-10-25,-0.009014473222519933,-0.008888312344962755
2023-10-26,-0.015729677442172584,-0.015748326791333932
2023-10-27,0.015659388567285173,0.015427533390675107
2023-10-30,-0.0043517417391691566,-0.004179468960536694
2023-10-31,-0.0006091718409151083,-0.00021207267585254586
2023-11-01,-0.007228493875710685,-0.006869190763395461
2023-11-02,0.0049446201070485725,0.004984249742801543
2023-11-03,0.00658611076312088,0.0066323906916218615
2023-11-06,0.011820342037980547,0.011517728399231958
2023-11-07,0.006802754088504621,0.006523949831440046
2023-11-08,0.004715134234204561,0.004660884017890604
2023-11-09,-0.0004539348241245783,-0.0004396735041597331
2023-11-10,-0.00031084407534544365,-0.00020021790002684346
2023-11-13,-0.0019357235937679886,-0.0016628210677592813
2023-11-15,0.003845554908114974,0.003934807165021806
2023-11-16,0.006686899249852966,0.006617329497429192
2023-11-17,0.0028371527763590395,0.0033664699796650682
2023-11-20,0.011168082166316718,0.010675535960221513
2023-11-21,0.0016413426254706588,0.0017943959244142989
2023-11-22,0.0015086203655439705,0.0015430440057327497
2023-11-23,0.006244634850665484,0.006067941394118703
2023-11-24,0.006776139815554313,0.0064457787017165235
2023-11-28,-0.003050250834680057,-0.003259510855927643
2023-11-29,0.0012780041558987424,0.0016728473863229622
2023-11-30,0.009074513670362157,0.009298523308523272
2023-12-01,0.008534516113789269,0.008300445643450829
2023-12-04,0.006410311937327967,0.006429265369854803
2023-12-05,0.0015667037820564754,0.0014113649805108412
2023-12-06,-0.0038283006204539987,-0.0037784086612965115
2023-12-07,-0.005439859837100644,-0.00511232121973369
2023-12-08,-0.004662256900105927,-0.004554192816530874
2023-12-11,0.0016477728864911722,0.001876811771795192
2023-12-12,-0.007768892348932474,-0.0077231762050308
2023-12-13,-0.0006077253337734905,-0.0002248316136577707
2023-12-14,0.006948204454367059,0.0069704228274879865
2023-12-15,-0.0007013624889895562,-0.0006460333863555648
2023-12-18,-0.0006267169742508562,-0.0004645661567625473
2023-12-19,0.011882321960693974,0.011325556804078981
2023-12-20,-0.014881887274163366,-0.01488439782893496
2023-12-21,0.0018691246216584404,0.0020653121502454677
2023-12-22,0.014476672636579202,0.014381373210212529
2023-12-26,0.012116332769330012,0.011694534977133455
2023-12-27,-0.00023319634127439998,8.418631213277892e-05
2023-12-28,0.013638562710302856,0.013064745283580717
2023-12-29,0.005225368336050999,0.005558839746491807
2024-01-01,0.012217237055911443,0.011467406725805849
2024-01-02,0.006575325535625677,0.006295462137565903
2024-01-03,-0.005568583961912916,-0.005652896053408482
2024-01-04,-0.0023800537275862886,-0.0021408402808082237
2024-01-05,0.0017537603682882394,0.0016244694063054519
2024-01-08,-0.01144780447421771,-0.011294032458672205
2024-01-09,-0.0012595422711592533,-0.001303114228266945
2024-01-10,-0.009798638302399583,-0.00944743624449481
2024-01-11,0.006123446655001516,0.006033756518059177
2024-01-12,0.012247108627580324,0.011520185926125592
2024-01-15,0.0118466736798048,0.011725894339062655
2024-01-16,-0.00036285975543577973,-0.0006732486276258169
2024-01-17,-0.009165383039075273,-0.009467657010431774
2024-01-18,0.0013338059272126343,0.0010546665924277031
2024-01-19,0.007822815648682846,0.0076223537389352395
2024-01-23,-0.0118125155352568,-0.012534427746119051
2024-01-24,0.0046919991148685536,0.004848077593637565
2024-01-25,-0.022630572342515178,-0.021936191825281778
2024-01-29,0.015235425197995428,0.014936227486351306
2024-01-30,-0.010415601313371771,-0.010066787629168277
2024-01-31,0.00985153962271238,0.010016118228729469
2024-02-01,-0.007875185019797316,-0.007739094756864858
2024-02-02,0.021581441339996323,0.019982994609989715
2024-02-05,-0.005166819910405834,-0.004984822307453929
2024-02-06,0.00528586166911828,0.005734414948639147
2024-02-07,0.003443972261074118,0.003927372690622407
2024-02-08,-0.011120295397532384,-0.011026907309787991
2024-02-09,0.0018099192503342717,0.0015687357593779155
2024-02-12,-0.00039468447765031065,-0.000595945557641666
2024-02-13,0.0006217351117568669,0.001046764037826246
2024-02-14,0.0026001555348374727,0.0028554878355168626
2024-02-15,0.009521456920659446,0.009723963849482375
2024-02-16,0.009244008888501644,0.010324173611736216
2024-02-19,0.011350829389533563,0.011165962273840459
2024-02-20,-0.007675715790051802,-0.007338988066322863
2024-02-21,-0.009215160706201816,-0.009154864551336487
2024-02-22,-0.0007712096221876598,-0.0006849355976869481
2024-02-23,-0.008562222313528899,-0.008098288539322231
2024-02-26,-0.013448213325101162,-0.012813584246143435
2024-02-27,0.004849612211383681,0.00459257317806982
2024-02-28,-0.0037916863338239397,-0.0041742193130184305
2024-02-29,0.0030747832909703804,0.0033681140618595415
2024-03-01,0.0022505746922000173,0.0025453443903313226
2024-03-04,0.0002974182990481065,0.00016436204880968452
2024-03-05,-0.0006933974165023333,-0.0006830926401682433
2024-03-06,0.009272262204652843,0.008445033971163071
2024-03-07,-0.0006441695622034608,-0.0005696842197491041
2024-03-11,-0.001026280246044197,-0.0011338126534126314
2024-03-12,-0.002641461029452458,-0.0028300248231132854
2024-03-13,-0.014233339334399471,-0.014468309384910626
2024-03-14,0.013871252006811547,0.013705922741027146
2024-03-15,0.0028839355106059514,0.0026981414947070802
2024-03-18,0.0038105580852930863,0.004453012061893481
2024-03-19,-0.010316505796271566,-0.010452381273284204
2024-03-20,-0.0009798873306864858,-0.0007034943812556332
2024-03-21,0.002462745524419796,0.002801068528184794
2024-03-22,0.0013683200946292592,0.001450493775429291
2024-03-26,0.0017020162282245649,0.0016712816488456497
2024-03-27,-0.0028270679236848243,-0.0028942366834380177
2024-03-28,0.006097554434475149,0.0061543531540426384
2024-04-01,0.005533792279189983,0.005953159337976397
2024-04-02,0.005719637961918557,0.005514549499897068
2024-04-03,0.008146999993074017,0.008006351663299889
2024-04-04,-0.00024152340668736607,-0.0005377609132509953
2024-04-05,-0.003236750836212778,-0.0031892526590121244
2024-04-08,0.00042627328283263564,0.0004633416961097588
2024-04-09,0.0004461953973434189,0.0002771078227094933
2024-04-10,0.006405243267320151,0.006094231796272196
2024-04-12,-0.005799700481457988,-0.005883837761244663
2024-04-15,-0.0028562898890061163,-0.003412651363324058
2024-04-16,0.005645152453761462,0.005695867880218841
2024-04-18,0.0038438715617034893,0.003487157480172062
2024-04-19,-0.002375836397446246,-0.0018011133334943086
2024-04-22,0.00673669189291588,0.0071658827690942745
2024-04-23,-0.00563482479436461,-0.005605986884848125
2024-04-24,0.004709748982097833,0.0046760154476943915
2024-04-25,0.0015960072968825545,0.002372134919924681
2024-04-26,-0.0009683813175661612,-0.00036981105291396114
2024-04-29,0.011729985568774887,0.01084630729666782
2024-04-30,-5.884473902446213e-05,0.0002192340848094583
2024-05-02,-0.004191867590090499,-0.003985683111550922
2024-05-03,0.0006712836331240455,0.000717659571087502
2024-05-06,0.001243387189847148,0.0008623279947175243
2024-05-07,0.004844680348330315,0.004576967276934293
2024-05-08,-0.0006828221678988029,-0.0005398042279334818
2024-05-09,-0.01130448171917689,-0.011630912145351653
2024-05-10,0.01567750065555195,0.015565684657000374
2024-05-13,0.0037313844217415227,0.0036985249076571265
2024-05-14,0.004582171020182694,0.004567991032474701
2024-05-15,0.003810595785533289,0.0038595742451291767
2024-05-16,0.010359287848239624,0.010432230058912926
2024-05-17,0.0033671135783177996,0.003577393058269556
2024-05-21,0.0018774691402070843,0.0018031729553361193
2024-05-22,0.0037757410119406837,0.0033519831612256446
2024-05-23,0.0052862651135239915,0.005453546101925135
2024-05-24,0.005402072081311524,0.005279893689133921
2024-05-27,0.012459024523226845,0.011600035704168092
2024-05-28,0.00600247350384238,0.005925286456716774
2024-05-29,-0.006420423932902787,-0.006339888748987989
2024-05-30,0.008889220835094932,0.00784156768347757
2024-05-31,0.0014096848313069048,0.0014660487410184271
2024-06-03,0.006553862816279705,0.007318005491214692
2024-06-04,-0.00914969220589635,-0.009622823048864224
2024-06-05,0.03400460508707814,0.03382452549070979
2024-06-06,-0.003619725712356526,-0.0032934921612987637
2024-06-07,0.021261344648534485,0.021781045311515427
2024-06-10,0.00861020424563512,0.008714442081854607
2024-06-11,-0.0015635311381768783,-0.00114343280343972
2024-06-12,0.0010232261703633557,0.0009837029312445048
2024-06-13,-0.004026983287347006,-0.003304655301442229
2024-06-14,0.0014567760119285145,0.0016641004009616683
2024-06-18,-0.004979819631066321,-0.00429148556006554
2024-06-19,-0.015254070916704818,-0.015206885160801086
2024-06-20,-0.005624713679201362,-0.005470580247284335
2024-06-21,0.004201428810672274,0.0038624899140383556
2024-06-24,0.009932003101010313,0.009838611842747905
2024-06-25,-0.0037116309189948937,-0.002835076728022773
2024-06-26,-0.00237906027152548,-0.0022379904100562724
2024-06-27,0.005598196165842339,0.0052882589335131345
2024-06-28,0.0008795610625288233,0.0012792360119694185
2024-07-01,0.010252406796871848,0.010718281096973021
2024-07-02,-0.008279874693446031,-0.00830443467000967
2024-07-03,0.005631856433495452,0.0054391300716978355
2024-07-04,0.011810138967152701,0.01097551534123991
2024-07-05,0.00745384963943952,0.0075611941957762835
2024-07-08,-0.0012006044846637539,-0.0011176155955718737
2024-07-09,0.01773066159534323,0.01749992076421937
2024-07-10,-0.004101040318221389,-0.00428755904378394
2024-07-11,-0.0018283801043883462,-0.0018209513534532653
2024-07-12,-0.0034212837613739376,-0.002917030828954537
2024-07-15,0.0067980848657407476,0.0069153201038539966
2024-07-16,0.008725040195892285,0.008152815990352384
2024-07-18,-0.008116415542183522,-0.007659492431329625
2024-07-19,-0.013915500360001075,-0.01480832850377432
2024-07-22,0.00708057579642543,0.0066430423217988845
2024-07-23,0.008701294812231154,0.008390097404449536
2024-07-24,0.0031823233593855464,0.003075461336121037
2024-07-25,0.008428485391282145,0.00886040557215235
2024-07-26,0.009103278534450032,0.009658337412701237
2024-07-29,-0.0015130048722410627,-0.0011169134976952038
2024-07-30,0.005376167418643289,0.004874031317255084
2024-07-31,0.011691342592499782,0.011401084980883353
2024-08-01,0.0012346173322945251,0.0015847896806996868
2024-08-02,-0.0002998614483850252,-0.0008335977327858218
2024-08-05,-0.01147216885443808,-0.012351327654347108
2024-08-06,-0.004002776133816284,-0.0038074615372347166
2024-08-07,0.011578971213886154,0.012305675950020661
2024-08-08,-0.0022421444154783073,-0.002407497977713814
2024-08-09,-0.0016727662494956824,-0.0013997749984703415
2024-08-12,-3.394782397784374e-05,-0.0002947619488755062
2024-08-13,0.00937657430202305,0.009072582355722664
2024-08-14,0.0006699210004170899,0.0005005804975170895
2024-08-16,0.012650380539458508,0.013295069244788403
2024-08-19,0.0036525324303429397,0.0033598106597846297
2024-08-20,0.001966693857459197,0.001607263337367473
2024-08-21,0.008504152439269688,0.008445416965026698
2024-08-22,0.009282279211412755,0.009048765134631195
2024-08-23,-0.0007285766875729682,-0.0006959659927405573
2024-08-26,0.008503520967445848,0.008095626575543786
2024-08-27,0.0030792497661226216,0.0030238341971155916
2024-08-28,0.0024227567263936296,0.0022790668649937135
2024-08-29,-0.007808402776539901,-0.007358066484680572
2024-08-30,0.005535403114348499,0.005790724720572272
2024-09-02,-0.002092777008882848,-0.002194466781010875
2024-09-03,0.0023164842793511778,0.002323020514529472
2024-09-04,0.009727266542317948,0.009558396320603856
2024-09-05,-0.0006744932169652158,-0.0010926931297488285
2024-09-06,0.005749164501591931,0.005001920321315387
2024-09-09,0.0013181468562928453,0.0013057902365780994
2024-09-10,0.007244443316991107,0.007364897039741651
2024-09-11,0.005515396266627585,0.005017365909887732
2024-09-12,0.009938135988501282,0.010199112212591508
2024-09-13,-0.006451331396905257,-0.0059152200407065125
2024-09-16,0.0015846800061338861,0.0014935441359055503
2024-09-17,0.0052956595750375465,0.004533142194382731
2024-09-18,-0.020198724959653053,-0.019401236761982344
2024-09-19,0.006475159709219868,0.00598868435640715
2024-09-20,-0.004963228816868757,-0.004780734399229321
2024-09-23,0.0035268394303264563,0.0033847291616494472
2024-09-24,-0.0003904692599104053,-0.00017040297545463964
2024-09-25,-0.0016748753336710686,-0.0019527259532896722
2024-09-26,0.0063035868109114065,0.006331666754942697
2024-09-27,0.007512227370803672,0.00725687222260132
2024-09-30,0.0007004719755516933,0.00013132642597192724
2024-10-01,0.0034089532114792605,0.0035659710808642166
2024-10-03,-0.017479359483871602,-0.017414532852432964
2024-10-04,-0.014035135611139182,-0.014116099010323055
2024-10-07,-0.003991345423733645,-0.004334371390339716
2024-10-08,0.0073570905065289,0.008005494983568562
2024-10-09,0.005620497576427342,0.006446606850290702
2024-10-10,-0.005449371576881531,-0.0052652009557408
2024-10-11,0.007380482024889212,0.007633624170867345
2024-10-14,-0.004074366887684399,-0.0035872203879230074
2024-10-15,0.005357882297684516,0.0054108962045569765
2024-10-16,-0.0070043989423657395,-0.006935613353431643
2024-10-17,-0.010024140202375046,-0.010355203238348893
2024-10-18,-0.0028201880059052914,-0.0025807877966800637
2024-10-21,-0.0100763987054581,-0.010002119959411165
2024-10-22,-0.003903928452566913,-0.004418011998573935
2024-10-23,-0.015875947177159715,-0.015200473337632697
2024-10-24,-0.0022652168161947715,-0.001708750009612256
2024-10-25,-0.0027096449189878734,-0.0026840128090603946
2024-10-28,-0.0037608914869466914,-0.00347211238661238
2024-10-29,-0.0022202599041021083,-0.002335330047156526
2024-10-30,-0.0011374797098330403,-0.0004688457122660376
2024-10-31,0.013747513972696097,0.01344103065203867
2024-11-01,0.0050627952448587315,0.00520160218368955
2024-11-04,-0.009334407442189732,-0.00922797951197788
2024-11-05,-0.0021074050028643135,-0.00197917192176214
2024-11-06,0.0007103705293298151,0.0012219512451974762
2024-11-07,-0.007985400115299073,-0.007910932365548762
2024-11-08,-0.00574204678597433,-0.005455657146235965
2024-11-11,-0.005444763517283392,-0.005508475456697823
2024-11-12,-0.010870621269921325,-0.010670962524882768
2024-11-13,-0.01360898726887623,-0.013819507920261499
2024-11-14,-0.0034925924207923694,-0.0030193610801469437
2024-11-18,-0.010938400155289706,-0.010976431407892827
2024-11-19,0.0014803993453818142,0.0019073155620802263
2024-11-21,-0.0013454617337233113,-0.0015960850226179144
2024-11-22,0.011133893434714437,0.01168192927970176
2024-11-25,0.010502829509604893,0.010546094109232384
2024-11-26,4.840505621586579e-07,-0.00031595382677674895
2024-11-27,-0.004346963564472796,-0.004345483542799729
2024-11-28,-0.009362990761804914,-0.009634616551494373
2024-11-29,0.008899632557092006,0.00932150762760562
2024-12-02,-0.004769035164102765,-0.0038097459767761238
2024-12-03,0.006873707442921991,0.0072532647140821135
2024-12-04,0.008081470694198315,0.007748390479798177
2024-12-05,0.006038498633512399,0.005956808046248121
2024-12-06,0.006013925929896532,0.005677595823787234
2024-12-09,-0.006361736231421911,-0.00608960897125038
2024-12-10,0.008000172833380875,0.007987844982672163
2024-12-11,0.002432312764146396,0.0021471382772635496
2024-12-12,-0.006480827806442397,-0.006480580705248344
2024-12-13,0.005294935320343517,0.005218263474190206
2024-12-16,-0.005186221430077566,-0.005120337469111536
2024-12-17,-0.012434327505206707,-0.012099505542825212
2024-12-18,-0.0020824658765356352,-0.0014679359787279466
2024-12-19,-0.0023317581442029948,-0.0020732552016393424
2024-12-20,-0.012393475563466191,-0.012678572741746687
2024-12-23,-0.0034933573455342187,-0.003982829635700309
2024-12-24,0.0006184341432790082,0.0007967943366947178
2024-12-26,0.001259393333748837,0.0008628570090782489
2024-12-27,0.0010005987733368608,0.001543009226185494
2024-12-30,0.0019328835845755807,0.0023262004246661075
2024-12-31,0.009391605054475494,0.009368894197065334
2025-01-01,0.006988847333414724,0.006565391779021173
2025-01-02,0.0004911198773574657,0.001089680242116609
2025-01-03,0.003953699090255673,0.003226021583435054
2025-01-06,-0.014035936432962672,-0.013883498493371272
2025-01-07,-0.0018015539014080257,-0.0017516119807247743
2025-01-08,-0.006522310096158626,-0.00701613808697006
2025-01-09,0.0020458602526895234,0.0017412853269969373
2025-01-10,-0.01156699806247361,-0.011361206483215558
2025-01-13,-0.015389478328283739,-0.016116805003124058
2025-01-14,0.004757827795337052,0.004700047720338165
2025-01-15,-0.0014198352990295695,-0.0021612831808519844
2025-01-16,0.003194823779655494,0.0029527988415135958
2025-01-17,-0.006106690975641031,-0.006047658807719874
2025-01-20,0.008662594285201058,0.00858210644964778
2025-01-21,-0.005169427941505645,-0.0056660605032969255
2025-01-22,0.009011964132599483,0.008942263594833244
2025-01-23,0.0010295803195394318,0.00205936010490134
2025-01-24,-0.014485770065752617,-0.014834395160608822
2025-01-27,-0.01825010503130714,-0.018436551673565078
2025-01-28,-0.01717433111690884,-0.016321648006522978
2025-01-29,0.020026615275125746,0.02046070790331991
2025-01-30,0.007182430490330067,0.0071029321052179396
2025-01-31,0.011151181675578997,0.010791108052986822
2025-02-01,0.0013316594582916492,0.001925085611087154
2025-02-03,-0.007566345998965416,-0.006531455267407928
2025-02-04,0.005285774361067463,0.005153468213572006
2025-02-05,0.007396203300236021,0.007229812358999825
2025-02-06,-0.005057242897451848,-0.004876958794091065
2025-02-07,0.013899462505658215,0.013672763249756307
2025-02-10,-0.006998938696585646,-0.00703215117728633
2025-02-11,-0.016359818356199034,-0.01665139495109972
2025-02-12,0.005543558551444324,0.004938328003844117
2025-02-13,-0.005214897186289647,-0.005774221643900823
2025-02-14,-0.0057705506153069176,-0.006623767799189233
2025-02-17,-0.001771933465594997,-0.001717790024988783
2025-02-18,-0.004311978904719178,-0.004329444209905504
2025-02-19,0.0002738378208079356,0.00021959057677240932
2025-02-20,0.0029191300421617626,0.0027524466850996155
2025-02-21,-0.0016258797521139312,-0.00231292446470711
2025-02-24,-0.005283887075870922,-0.00538389366396453
2025-02-25,0.0004042699601732341,0.000664692789587864
2025-02-27,-0.0013531142409115293,-0.0019487178812864262
2025-02-28,-0.022997673631335896,-0.023365058004578745
2025-03-03,0.0045744516842483145,0.005205095775343217
2025-03-04,-0.00765509025478525,-0.006947350976129013
2025-03-05,0.009657356587515872,0.010149105895096516
2025-03-06,0.01796817946102954,0.017454188146196797
2025-03-07,-0.0024414116132451375,-0.0019635812795928396
2025-03-10,-0.0028533537720131187,-0.003440204324041696
2025-03-11,-0.002507279747922651,-0.0031719553207786343
2025-03-12,0.0009571613396933711,0.0005942908079545619
2025-03-13,0.0017115783428682592,0.001441894010772945
2025-03-17,0.005267358858941177,0.005036776930004016
2025-03-18,0.0015403158773524583,0.0015490366308791113
2025-03-19,0.011002361106176996,0.01207325068809715
2025-03-20,0.011123825457736448,0.011209076685363334
2025-03-21,0.004748929533377234,0.004219502134449516
2025-03-24,0.0106091333151776,0.010366974625621627
2025-03-25,0.012675584893808855,0.011838659814208317
2025-03-26,-0.005384784692395507,-0.005345337213373754
2025-03-27,0.0014695251885926473,0.0018186750729800453
2025-03-28,0.00554227513101427,0.004562124117247439
2025-04-01,-0.011261343972435844,-0.011036286782684373
2025-04-02,-0.0011593066532299301,-0.0009524114321897976
2025-04-03,-0.003796203775063637,-0.003959273276175476
2025-04-04,-0.00938567154267652,-0.010289506841086265
2025-04-07,-0.016373784087417593,-0.016652632472328423
2025-04-08,0.015859071458513632,0.015571957542356716
2025-04-09,-0.002733900919117219,-0.0033540984547851893
2025-04-11,0.017339983487029417,0.0173469245695199
2025-04-15,0.016345008559573368,0.016896841510240727
2025-04-16,0.009341914918732878,0.009111250607687443
2025-04-17,0.009538626412872234,0.008575200370256376
2025-04-21,0.008097928995796002,0.008232891499697038
2025-04-22,0.0031154524325869163,0.0031957119797910473
2025-04-23,-0.000889342849701975,-0.00014834805153909664
2025-04-24,0.0010512385894499918,0.0007866192759474693
2025-04-25,-0.015139499308186527,-0.015281457896024081
2025-04-28,0.011165367365367728,0.010982503810038933
2025-04-29,-0.0031176048315713733,-0.0031885243632627422
2025-04-30,-0.003766936798737838,-0.003879534317021142
2025-05-02,-0.008975066852973635,-0.008238268862555019
2025-05-05,0.0033418237814912214,0.004113419080437377
2025-05-06,0.005573645326013174,0.005511436393203364
2025-05-07,0.0028536635533565795,0.0034001338998055903
2025-05-08,-0.0020300447511160525,-0.002326106456432133
2025-05-09,0.0006523916741626007,0.00044038480797367846
2025-05-12,0.00044218098653759155,0.0014156443853068892
2025-05-13,-0.0028889129373712795,-0.003182149859846439
2025-05-14,0.00014359579839954683,0.0005937171483553364
2025-05-15,0.0059389748657085375,0.006213268876111391
2025-05-16,-0.00011696791208405102,-9.491864736712154e-05
2025-05-19,0.0013897978132372654,0.0014773259823174462
2025-05-20,-0.00777343970538316,-0.008247622088365818
2025-05-21,0.005353194943637101,0.005483111851179939
2025-05-22,-0.005374968138251008,-0.005517532040245095
2025-05-23,6.549643799307197e-05,6.261944222838993e-05
2025-05-26,0.00451527516733974,0.0049348237208716025
2025-05-27,-0.0046951601168915,-0.004660421273946687
2025-05-28,-0.00552495916742861,-0.0054559256763147745
2025-05-29,-0.003756715072920537,-0.0033257820794398603
2025-05-30,0.0014065715824803152,0.001037997841501693
2025-06-02,-0.003663240026504001,-0.003563393774883576
2025-06-03,-0.001406541777207334,-0.0015647229484540694
2025-06-04,0.0033751180117523316,0.003509676925576372
2025-06-05,-0.0010847526178921177,-0.0008701584582843933
2025-06-06,-0.002733537185873157,-0.002256431450307927
2025-06-09,0.009201612043548215,0.008755131049746925
2025-06-10,0.005451000835598435,0.005325784931466234
2025-06-11,0.004549710668058702,0.004608694530062161
2025-06-12,-0.007030584546700716,-0.006891911356639279
2025-06-13,-0.0012015802640822464,-0.001643885693616964
2025-06-16,0.005513329996243544,0.005536928835492952
2025-06-17,0.004556575192181273,0.004060522110710723
2025-06-18,-0.0037812799906172673,-0.0038680713515991524
2025-06-19,-0.00030025750904500424,-0.00036204567699247973
2025-06-20,-0.0007323576037039105,-0.0003080887239231308
2025-06-23,-0.0006004732441432104,-0.0003429830607315701
2025-06-24,0.0073503129897818315,0.007244533893330726
2025-06-25,0.001369119855416749,0.0015911955583046632
2025-06-26,0.010948000058813434,0.010490028789844634
2025-06-27,0.015505505355825474,0.014449640123570843
2025-06-30,0.0016009609299686323,0.0016621134180516495
2025-07-01,0.007218042595220937,0.0071630584320899
2025-07-02,0.007398770696654696,0.007544078956482811
2025-07-03,0.008882189872097181,0.008824863147196414
2025-07-04,-0.0034618730959878235,-0.0027674425821808133
2025-07-07,0.0029635227273395004,0.002697373790598092
2025-07-08,0.003927754706972571,0.0034169930918047813
2025-07-09,0.00649961005085965,0.006244094581302905
2025-07-10,-0.00656873582112274,-0.006386718029506991
2025-07-11,-0.003084722048708804,-0.0035035385036660204
2025-07-14,-0.002339761699294331,-0.00209311164080764
2025-07-15,0.007955346076279629,0.007964649596053438
2025-07-16,-0.0032353827327541917,-0.003019712847417134
2025-07-17,-0.0017942309111619377,-0.0012820789832995697
2025-07-18,-0.008610583292887983,-0.008585359498434158
2025-07-21,-0.0026797472682718562,-0.0026761519135972338
2025-07-22,-0.0013788017615349707,-0.0016770436712151664
2025-07-23,0.0068433891399687485,0.006587197765181529
2025-07-24,-0.004340379277593937,-0.004341129893206983
2025-07-25,-0.011409250690321386,-0.010927099627444625
2025-07-28,-0.008770020364746453,-0.008665870324912108
2025-07-29,0.002403714639007212,0.002431083281728603
2025-07-30,0.0023680619328651474,0.0021818875316189177
2025-07-31,-0.002232718599139071,-0.0022497084039996506
2025-08-01,-0.0073331779523582285,-0.0071985552292309195
2025-08-04,0.005243279154462613,0.005623185346990837
2025-08-05,0.003841621488543944,0.003662443250721213
2025-08-06,-0.005088117040619866,-0.004992305401784563
2025-08-07,0.0024893586795781833,0.002905225419118992
2025-08-08,-0.0022742902251386065,-0.0021439394840939087
2025-08-11,0.006886863260218073,0.006980031480499571
2025-08-12,-0.003811155411777333,-0.0037355668446030148
2025-08-13,0.0053398677839464875,0.005483851919190128
2025-08-14,0.009512567629050396,0.008989377153776826
2025-08-18,0.007802705588898603,0.008379608871837314
2025-08-19,0.005736995830070256,0.0060485556361421985
2025-08-20,0.002851714417236648,0.0028613976531104163
2025-08-21,-0.004081817271419594,-0.004085429850820469
2025-08-22,-0.008030975167136759,-0.008023885507363307
2025-08-25,-0.0019480269477331522,-0.002431558217888492
2025-08-26,-0.013264027997562761,-0.013150178016466141
2025-08-28,-0.00968076580889113,-0.009236627411988996
2025-08-29,0.005029901738694422,0.004863784070880302
2025-09-01,0.009356641335184584,0.009461319200993204
2025-09-02,0.004535968224908258,0.004248227659370892
2025-09-03,-0.0008225342484331342,-0.0005605415211586654
2025-09-04,0.0002772485461748778,0.0008053625953170598
2025-09-05,-0.008344945346076476,-0.008191952635258976
2025-09-08,-0.00705280857138105,-0.006597002548138164
2025-09-09,0.005081661344183575,0.004871868549304478
2025-09-10,0.004781436732315517,0.004975920240305739
2025-09-11,-0.0018947836401459364,-0.001785848411041176
2025-09-12,-0.0039326659100122514,-0.0040657621811604075
2025-09-15,-0.0040715114734216065,-0.0036619179121350955
2025-09-16,0.004632317729415006,0.004978504149684004
2025-09-17,0.004258175062236921,0.003936903439715991
2025-09-18,0.0026068443107420233,0.00213466954693672
2025-09-19,-0.002883849193480634,-0.003600899816906096
2025-09-22,-0.0018021925512425024,-0.0021688578717704117
2025-09-23,-0.005214840066402187,-0.005474251758390855
2025-09-24,0.0024626564286787905,0.0022697927864511157
2025-09-25,-0.008570930910412406,-0.008859297590753342
2025-09-26,-0.014823673911933634,-0.014865647281706751
2025-09-29,-0.00879572622156231,-0.008401043274652457
2025-09-30,0.0011230854682011675,0.0007900040015250966
2025-10-01,0.007217445014628463,0.006588495086810021
2025-10-03,0.008967391757612643,0.008711217254601049
2025-10-06,0.009208294774886891,0.008500453966594166
2025-10-07,0.0008579353451493299,0.0013635547065342015
2025-10-08,-0.003656392302691481,-0.004216607800359481
2025-10-09,0.0028217111039631907,0.0025722425936034582
2025-10-10,0.0025014659411134368,0.0026298751201901892
2025-10-13,-0.0017597328930729701,-0.001816939961860772
2025-10-14,-0.0023572565468866,-0.002280143942943598
2025-10-15,0.0014043404035522236,0.0017687314350918395
2025-10-16,0.0057767556918647675,0.006281020203003687
2025-10-17,0.007752274727226207,0.0072066139227989
2025-10-20,0.004206160443320531,0.0036732740757116507
2025-10-21,0.0009443161878039714,0.0009870528422875632
2025-10-23,0.0018623478212327713,0.0013674367365828367
2025-10-24,-0.00556311123177085,-0.005857806146457275
2025-10-27,0.00031200729274205363,0.0007552344810004799
2025-10-28,-0.0007148753873639306,-0.00024586556144276923
2025-10-29,0.01800455013011232,0.017348342972663782
2025-10-30,-0.008425312030628147,-0.008114973756118873
2025-10-31,-0.010324281165176905,-0.009815858768990184
2025-11-03,-0.00045974887115782833,-0.0002819899115642302
2025-11-04,-0.002324073025403352,-0.0018175352107540298
2025-11-06,0.005655150427898973,0.0048539651924163615
2025-11-07,-0.0076746128979274545,-0.007844696209208149
2025-11-10,0.005089313419281547,0.005240652912641602
2025-11-11,-0.0008770668386148494,-0.0007384540010278086
2025-11-12,0.007363377247853924,0.008086477353766608
2025-11-13,0.0037894545306417027,0.0036474889373296683
2025-11-14,0.002295370962176199,0.0019053002340617708
2025-11-17,0.006477409546766152,0.006198092128755508
2025-11-18,-0.0017715277242720635,-0.002114266228762627
2025-11-19,0.0030609587145482326,0.0028621703425497453
2025-11-20,-0.0005462177738156628,-0.00018458136567887017
2025-11-21,-0.005344297623663388,-0.005425771545007643
2025-11-24,-0.0019886367952194964,-0.0026785854362951327
2025-11-25,-0.0008277782269159392,-0.0005554601264456378
2025-11-26,0.007877789175769858,0.007907658044495966
2025-11-27,-0.0009688128777614008,-0.001236370894842824
2025-11-28,0.0015535508778503028,0.0016310889438746722
2025-12-01,0.002263803933182074,0.002298823537508085
2025-12-02,-0.001168800676655708,-0.0008978916448684345
2025-12-03,-0.001512061433355311,-0.0015267869536136481
2025-12-04,-0.001677930438201837,-0.0014794429358511371
2025-12-05,0.0010007198394702019,0.0015870103779121228
2025-12-08,-0.005876434732421495,-0.00605662619236261
2025-12-09,-0.00659241347310098,-0.006615376142436967
2025-12-10,0.0008541313376108471,0.0008927160802068508
2025-12-11,0.002783863143368889,0.0026123575285889153
2025-12-12,0.0017014837421475693,0.0024898417631885068
2025-12-15,0.004499643563721263,0.0038756711714564916
2025-12-16,-0.0006678286574836464,-0.0007832244307290107
2025-12-17,-0.003574446142553709,-0.00372890880337663
2025-12-18,-0.008344100415750877,-0.00768137004108274
2025-12-19,0.0031654744175768205,0.003242744358413147
2025-12-22,0.008449047330877976,0.008257731912483239
