Date,sample_return,lw_return
2015-07-08,-0.0044416509624790506,-0.002873789751008053
2015-07-09,-0.004712948001815872,-0.006085584944976426
2015-07-10,-0.011482255533114974,0.0012797106667146471
2015-07-13,0.006112440929544254,0.009482138740621869
2015-07-14,-0.000850360491148545,0.001984825724181183
2015-07-15,0.01395974442623367,0.000769881874900194
2015-07-16,0.0001807434284401047,0.0036952621988872846
2015-07-17,-0.0010740161086131253,-0.0009329129316009778
2015-07-20,0.003574544347866523,0.0069061216962567834
2015-07-21,0.0037883378148068064,0.001064340454627565
2015-07-22,-0.0004340708212287025,0.004062651003686007
2015-07-23,0.004785822706929038,-0.005522514145854369
2015-07-24,-0.02044361997991946,-0.012648982759114068
2015-07-27,-0.012840865324592488,-0.008739909093682262
2015-07-28,9.819091566738833e-06,-0.0016399408272662255
2015-07-29,0.014354712936576253,0.009993861515975989
2015-07-30,-0.00842520786291018,-4.8518430887169585e-05
2015-07-31,0.014572810738747204,0.006597775139175385
2015-08-03,0.00963107177023036,-0.001716643427464903
2015-08-04,0.00967351581425797,0.007150053856317858
2015-08-05,0.002453982149594689,-0.0018215836372200052
2015-08-06,-0.020426347406491456,-0.005047620938955224
2015-08-07,0.019050150071818713,0.006991629784778711
2015-08-10,-0.016139451247998034,-0.011295965528264718
2015-08-11,0.015257860720295354,0.0008686495713252449
2015-08-12,0.012331699581010509,-0.003783243479213757
2015-08-13,0.020209532118305108,0.0058554018610537445
2015-08-14,-0.00448061927986059,0.0035658253095115664
2015-08-17,-0.0004971764699254226,0.001848256536199289
2015-08-18,0.009024237048626786,0.0007265214488121215
2015-08-19,0.0308410494300484,0.013512261342509593
2015-08-20,-0.019748549682297396,-0.011966183415055492
2015-08-21,-0.003802607638295333,-0.007848033504908977
2015-08-24,-0.04038844115206743,-0.056692210086966996
2015-08-25,-0.019991590014552554,0.0031926747740048927
2015-08-26,-0.015718074106020465,-0.0032331110712453394
2015-08-27,0.0026304183721836526,0.012580406898391756
2015-08-28,-0.007157416770686507,-0.0035403306239393854
2015-08-31,0.02792720290944249,0.009021629835575543
2015-09-01,0.011385268582288275,-0.010664968708377617
2015-09-02,0.015817572493586923,0.009767236707120831
2015-09-03,0.0002414846512164909,0.009796447214337624
2015-09-04,0.015154663048637001,0.002902175394835057
2015-09-07,0.007579190016228702,-0.0027861600707832215
2015-09-08,-0.005802089204092505,0.0006233481261832181
2015-09-09,0.011134017863217743,0.014435403428338212
2015-09-10,-0.0033791543932833704,0.000799415135162529
2015-09-11,0.006687206252810243,0.00039075347503558983
2015-09-14,0.013200241243861653,0.00881599698078604
2015-09-15,-0.005104781978918619,-0.004560576212949985
2015-09-16,0.004879996280919353,-0.0019562756095754755
2015-09-18,-0.026314800163027823,0.006830759147390783
2015-09-21,0.0014333197959144478,-0.0023317740036231764
2015-09-22,-0.012943943543528473,-0.013450407978874375
2015-09-23,0.005882808108847481,-0.003345670524889634
2015-09-24,-0.01504695113654666,-0.0012163189705262907
2015-09-28,-0.019022208943559934,-0.011302762188792611
2015-09-29,-0.003908329817224241,0.0008982146511602916
2015-09-30,0.010913890950909956,0.012299459490819427
2015-10-01,0.003706207944013281,0.002636967400221928
2015-10-05,-0.009250602184224552,-0.001550021755013552
2015-10-06,-0.0061034281535288695,0.002839706425282856
2015-10-07,-0.012958462030150851,-0.0020081805009432
2015-10-08,0.013515878673269727,0.008068794295790922
2015-10-09,0.015266817564580964,0.0015876804242308605
2015-10-12,-0.034567583290466275,-0.01355650943717749
2015-10-13,-0.027900315452137406,-0.008850017488152468
2015-10-14,0.001068160779466512,0.00028459108662480276
2015-10-15,-0.010858834710062708,-0.0017509598822580902
2015-10-16,-0.01684389141532643,-0.006066156378240608
2015-10-19,0.02354488012867453,0.0015881188940469193
2015-10-20,-0.014608449546853697,-0.004480608819334568
2015-10-21,-0.014916731247381958,-0.006233078299231065
2015-10-23,-0.01628222542596976,-0.0011089990853932702
2015-10-26,0.018240325701620253,6.007199851129261e-05
2015-10-27,-0.028806998574230618,-0.004834224375182939
2015-10-28,0.014753284777063927,0.002861729550972909
2015-10-29,0.00907060835525004,-0.00698972830383647
2015-10-30,0.0016271798656406799,0.0056672015336504886
2015-11-02,-0.04168584073804523,-0.009479453859701717
2015-11-03,-0.002594589318437355,0.001946952409535925
2015-11-04,0.012094710184856632,0.0006689902197716768
2015-11-05,-0.027782418682289253,-0.007103327151367876
2015-11-06,0.015034032769819418,0.00189560533974805
2015-11-09,0.002193502348901074,-0.0013779264712190126
2015-11-10,-0.012589840269026651,-0.012100081689561443
2015-11-13,-0.007237726367325375,-0.005457215110525512
2015-11-16,-0.014317981528965684,-0.00982887429915298
2015-11-17,0.007755447581664297,0.00393439572895811
2015-11-18,0.016504767401413507,0.003349813340316394
2015-11-19,-0.01748334823506687,0.002841021091836699
2015-11-20,0.005752616902425525,0.009165785334329164
2015-11-23,0.009017926322858156,-0.0012824364539703796
2015-11-24,0.009530858930888564,0.003862203056758047
2015-11-26,-0.0018303461427246798,-0.0012654749334482195
2015-11-27,-0.025431148570855454,-0.0041627259899445065
2015-11-30,-0.013620198769003614,-0.008475718388373082
2015-12-01,0.00869086590956507,0.006958482223857093
2015-12-02,0.010884711151899679,0.005993751884275869
2015-12-03,-4.262490037284768e-05,-0.0017292397827252202
2015-12-04,-0.007907254552383738,-0.0025062219217209724
2015-12-07,0.023717856975654067,0.004302243386797404
2015-12-08,0.012527231884672712,0.0031299216744363687
2015-12-09,-0.008878764900688441,-0.007422040914822164
2015-12-10,-0.001858818259403615,0.003411477734043309
2015-12-11,-0.022022884927207047,-0.002662458003572771
2015-12-14,0.00803715603714779,-0.00251053916876084
2015-12-15,0.018853667199158427,0.010064996249433435
2015-12-16,-0.0049059602855310285,-0.003076897039126346
2015-12-17,0.004299768950609054,0.00766446778218357
2015-12-18,-0.007241291092595088,-0.0052334286709578275
2015-12-21,0.009820983331850913,0.008815924682080173
2015-12-22,-0.014741834223482816,-0.0038119276525262783
2015-12-23,0.006290487496453521,0.004420987131887719
2015-12-24,-0.01417630801660047,-0.00187492209765037
2015-12-28,0.009970074882480914,0.002522771911360821
2015-12-29,-0.011911394232806826,-0.0030185270062651364
2015-12-30,0.009976186904056175,0.006704252329605385
2015-12-31,0.009151062875899289,0.008562474061960161
2016-01-01,0.0022985243928780805,-0.0015628460256359353
2016-01-04,-0.010625432287227402,-0.010428199045376153
2016-01-05,-0.003759877142302377,-0.003377778939245438
2016-01-06,0.01459845741176337,0.00300609991421433
2016-01-07,0.006638914858198707,-0.00607915799127217
2016-01-08,0.006728209838459253,0.006703036669292717
2016-01-11,-0.008462021029208629,-0.0105639543890827
2016-01-12,-0.009538096093804467,-0.006349284718458861
2016-01-13,-0.015467992610884959,-0.006217862767991839
2016-01-14,0.0041918990467558195,0.0036353871622173814
2016-01-15,-0.03062837947041672,-0.012258700101260204
2016-01-18,-0.00019590010156461668,-0.006781444895493873
2016-01-19,-0.013157690063652926,-0.0036710518012619112
2016-01-20,-0.006314046831975688,-0.005009306459158846
2016-01-21,-0.014199954544135807,-0.006094366231110194
2016-01-22,0.00907323866390134,0.0047158508872948346
2016-01-25,0.005954775783007354,0.006257282398679934
2016-01-27,-0.0017356921235779938,0.0036162045048412713
2016-01-28,0.01822667147218703,0.0015377647759275991
2016-01-29,0.013307949267994404,0.015673351576692546
2016-02-01,0.013292550036337142,0.006242665651629319
2016-02-02,-0.003041100007967734,-0.005203833730519472
2016-02-03,0.009751355926096964,0.0027456489013990395
2016-02-04,0.00032757228999111916,0.001960747037329422
2016-02-05,0.02598080182860273,0.013741143549996832
2016-02-08,0.004924967362284356,0.0021724573996454092
2016-02-09,0.001305420788285318,-0.005775038480570753
2016-02-10,0.026640642803687636,0.0012936267030071152
2016-02-11,-0.014117378987982552,-0.010276263910450025
2016-02-12,-0.006628286980898576,-0.005551822878605906
2016-02-15,0.03527892375980251,0.011606082639350809
2016-02-16,0.01893886983748557,0.003546283015156257
2016-02-17,0.009976005324662945,0.00287341062036965
2016-02-18,-0.002354244788004742,0.0005591654755753535
2016-02-19,-0.00013055730432606793,0.0019774374664156954
2016-02-22,0.015973121077377788,0.0026729791790379197
2016-02-23,-0.012949953107549757,-0.009269863809606678
2016-02-24,0.0033015492416242414,-0.006535347933331826
2016-02-25,-0.008638451720770487,-0.00269478063696821
2016-02-26,0.008892746388883653,0.0030822964563852772
2016-02-29,0.00607418870298892,0.004128593226336686
2016-03-01,-0.017399930732304288,0.004495657527356006
2016-03-02,0.016144075678403723,0.013094615779253527
2016-03-03,-0.00038662531774599795,-0.0012143434543806651
2016-03-04,-0.0050927926552240994,-0.009544592400245794
2016-03-08,-0.0011252048267334227,-0.002333851953432488
2016-03-09,-0.004292445834638994,0.002778614966359697
2016-03-10,-0.007458099288376136,-0.001850598123188667
2016-03-11,0.003385911562079496,-0.003769114598016965
2016-03-14,0.005160631915510204,0.007994763047585897
2016-03-15,-0.00029149619310153555,-0.003913200323271356
2016-03-16,-0.014528383844757534,-0.0030910973474247683
2016-03-17,0.012093379007741139,0.011324464722990587
2016-03-18,0.0069044509969638295,0.002018036036767353
2016-03-21,0.015826114462948595,0.01762219028098181
2016-03-22,0.0005302685722469828,-0.0053090921106493
2016-03-23,0.0014495701462542135,0.0019553208791670417
2016-03-28,0.008460645242432903,0.004704560238273349
2016-03-29,0.019370686883233228,0.005822809905451837
2016-03-30,-0.0014150578103081864,0.0007142735516349609
2016-03-31,0.0021924610882534242,0.005019532294063965
2016-04-01,0.0033409471789056407,-0.0032603613649073836
2016-04-04,0.0007513891174711258,0.009627229009705427
2016-04-05,-0.002376525413403756,-0.007885168691833777
2016-04-06,0.0071541643195712195,-0.0027168073570051866
2016-04-07,-0.0061220598165134775,-0.0008724940610089313
2016-04-08,0.010342939418475717,0.0087570053693296
2016-04-11,-0.015828444891624886,-0.001085876447987712
2016-04-12,0.007833805477994891,0.006337209003188743
2016-04-13,0.015440067915000038,0.013726101062151027
2016-04-18,0.008421633931449004,0.013673942811887989
2016-04-20,0.0031492196036861453,0.0030902803205193675
2016-04-21,-0.01997116402539473,-0.011284023637098127
2016-04-22,0.0023306568891323268,-0.000427097911285354
2016-04-25,0.002386453708152361,4.935323887779344e-05
2016-04-26,-0.0024086372553634564,0.0007718381430006048
2016-04-27,0.0012173160743736914,0.0072143216752191715
2016-04-28,0.003909585674038014,-0.0015022732655379841
2016-04-29,-0.0007020705760495396,-0.002667025901793741
2016-05-02,0.0024567457470816923,0.002251320580298759
2016-05-03,-0.01015109253702154,0.00045716804136328247
2016-05-04,0.017487248951772144,0.004470135685325746
2016-05-05,-0.01492118958777445,-0.006806811881832494
2016-05-06,0.00112321854493922,0.0028860116722866577
2016-05-09,0.003435642597059146,0.014231251620864032
2016-05-10,-0.01201818100404276,-0.009199591124876613
2016-05-11,0.0026795017745829637,0.001383704822096963
2016-05-12,-0.0038766732926988675,0.0008690586993136173
2016-05-13,0.008447401119050622,0.0028428497659280716
2016-05-16,-0.0024624182096980524,-0.0023523778647371475
2016-05-17,0.0037268264266549587,0.004175703948171229
2016-05-18,0.005100641523887383,-0.0005644355807087409
2016-05-19,-0.005551995781379523,-0.0030076071571641986
2016-05-20,-0.008175366927296993,-0.008025180303935122
2016-05-23,-0.006073931848066632,-0.001110233611425209
2016-05-24,-0.0027130580556482264,0.0036406334149946193
2016-05-25,0.014850094393911915,0.009957268473731089
2016-05-26,0.008927606794006202,0.0024798875756443105
2016-05-27,0.020504734108904445,0.01348207610216175
2016-05-30,0.0035123703029489917,0.005540414209300015
2016-05-31,-0.01451979909453374,-0.0030539180660381937
2016-06-01,-0.023515322461893393,-0.0008196732612936304
2016-06-02,-0.011518435723738837,-0.003944289167475763
2016-06-03,0.026842073527955233,0.012541332227963473
2016-06-06,-0.0073717688402094705,-0.0009347262882557529
2016-06-07,-0.003419698305276771,-0.002493083033406579
2016-06-08,0.0005785574207878159,0.00013858614258482763
2016-06-09,-0.003090051592422917,-0.003290014521119638
2016-06-10,-0.001189609242794595,-0.0038558751209658505
2016-06-13,-0.00957044209533074,-0.0042778999713757124
2016-06-14,-0.00736264682905442,-0.008948194425992735
2016-06-15,-0.002217500578039916,-0.00037116775990993374
2016-06-16,0.007579056251060147,0.0005247236017941847
2016-06-17,0.0076912338091726625,0.006060301392161754
2016-06-20,0.009357276206308569,0.004041690882735528
2016-06-21,-0.000515464266102016,-0.0003554383403295646
2016-06-22,0.014998693368604005,0.005238751035555896
2016-06-23,0.01078971281467649,0.0026380442585544096
2016-06-24,0.01593728902154795,0.0047622973723570865
2016-06-27,-0.009551539402186426,-0.00011215731823599191
2016-06-28,-0.02906948715433691,-0.0015454652738505935
2016-06-29,0.013440220293316218,0.007810878306347453
2016-06-30,0.011143087010793598,0.006974032895146232
2016-07-01,0.011227726227785187,0.006629901240865585
2016-07-04,-0.0014583183929887753,0.0036561733270213987
2016-07-05,-0.0007209137008177835,0.0038122069280602305
2016-07-07,-0.008354229552867952,-0.00529512349850167
2016-07-08,0.01607799217242799,0.0029400983272442442
2016-07-11,0.01178485310488377,0.008284620867033958
2016-07-12,0.005367923641543581,0.0011915192809581687
2016-07-13,-0.005037098822026392,-0.00023661759119630247
2016-07-14,0.012724695191952129,0.006395492704383029
2016-07-15,-0.009814420093660261,-0.00020678142746130568
2016-07-18,-0.008256058348552928,-0.003477473684471395
2016-07-19,0.01553318129078392,0.00656632330908446
2016-07-20,-0.004938943604207888,-0.0025883885275340634
2016-07-21,0.011000424485767392,0.0074154958456275075
2016-07-22,-0.01688400788466441,-0.0063354616109854295
2016-07-25,0.01039100681670185,0.008907977389118443
2016-07-26,-0.010146537801997193,-0.006559777786151758
2016-07-27,0.01976933788398438,0.014888162434602397
2016-07-28,0.005150639266151349,0.005623423516684449
2016-07-29,-0.0018461274839163954,0.005275875863947704
2016-08-01,0.007405479676793041,0.007065825804176869
2016-08-02,0.01032597763958916,0.002483916506068565
2016-08-03,0.012448612163213175,-0.0025963454784521064
2016-08-04,-0.0035046135404682597,0.0020784382267075296
2016-08-05,0.013094241796771334,0.012433804352190332
2016-08-08,0.02619993115085916,0.012304313882410387
2016-08-09,-0.012778480257026926,-0.007556952227391014
2016-08-10,-0.00860215001004931,-0.005938031583788192
2016-08-11,0.006613712303734775,0.0038012032024304964
2016-08-12,-0.002920905158422807,0.0010796062959609145
2016-08-16,-0.0007405499969536526,-0.00011051758276428258
2016-08-17,0.005760662544671101,0.0018022496116725122
2016-08-18,-0.00015784961152190869,2.4760402146652052e-05
2016-08-19,-0.00040103256350842434,-0.0009404002030036768
2016-08-22,-0.019124671212724643,-0.004830308934586824
2016-08-23,0.0028962289479833045,-0.003591470807575267
2016-08-24,-0.0030103984444761816,0.0026871502348088205
2016-08-25,-0.0007501319905767855,0.00247881374486245
2016-08-26,-0.0014810617587196263,-0.00228499851709556
2016-08-29,-0.00926332323763599,-0.0020358666273256882
2016-08-30,0.0128304527517711,0.011273591451744428
2016-08-31,0.013730569047783976,0.008294749162405449
2016-09-01,0.00826830159004907,0.00463871051883486
2016-09-02,0.0005606723530889061,-0.0006524231182374073
2016-09-06,0.027159218516564755,0.014944309983553644
2016-09-07,0.0023152273081971445,0.001666245784328003
2016-09-08,-0.0070617193826000065,0.0010543672961693437
2016-09-09,-0.004229474230069884,-0.006316220741059404
2016-09-12,-0.011792564496998809,-0.009535026970492974
2016-09-14,0.00714272825415744,-0.0008692143322692712
2016-09-15,0.0005889374123607164,0.0006187067940390269
2016-09-16,-0.0010683402384162872,0.000384976432374407
2016-09-19,-0.004132436128892072,0.0033315179423902505
2016-09-20,-0.0028706949463736934,0.002572674438529351
2016-09-21,-0.00031088027982468353,0.0026252100049625107
2016-09-22,-4.117576929111959e-05,0.005938358349176049
2016-09-23,-0.0058116850297769635,-0.004446750063780703
2016-09-26,-0.010579188032966105,-0.006044232060201117
2016-09-27,0.004790729492093093,0.005020930787709742
2016-09-28,0.002598263894398634,0.0009455346349471885
2016-09-29,0.004554358656001007,-0.009336337468227315
2016-09-30,0.0016875635441310844,0.007379208987153048
2016-10-03,0.01123686818007411,0.015308337155867815
2016-10-04,0.00818164037103839,0.009131559083805071
2016-10-05,-0.000696974957915651,-0.002501369862989167
2016-10-06,-0.012597699156678504,-0.005223678588470421
2016-10-07,-0.002698150820826693,-0.00619872813269258
2016-10-10,-0.012368643760136386,-0.002238324298454878
2016-10-13,0.004657640071000999,-0.0010495298991384987
2016-10-14,-0.01936221822070299,-0.005705685479767863
2016-10-17,-0.002451016052763725,-0.005251112024744769
2016-10-18,0.008540462108815022,0.007839279337393038
2016-10-19,-0.0037723295881282167,0.0006856383790547184
2016-10-20,-0.01694067142706197,-0.009525571853437454
2016-10-21,-0.009492961075083297,-0.0018788576800812338
2016-10-24,0.0013622855931640495,-0.003348841475698515
2016-10-25,-0.0173725184244509,-0.002737878843978607
2016-10-26,0.007814009327284112,-0.0016297043706398004
2016-10-27,-0.015273804523272228,-0.0047324880031181776
2016-10-28,0.03963452715728587,0.018810403150326498
2016-11-01,0.0011927836187506798,0.003698624661601923
2016-11-02,-0.00887380897168738,-0.005338519195602338
2016-11-03,0.0010200309198220535,-0.005092828299520528
2016-11-04,-0.011725171813333431,-0.005707049109631787
2016-11-07,-0.007654631066572383,-0.00029212512333389416
2016-11-08,0.004433283231083763,-0.00017415446006220137
2016-11-09,0.02323884372925474,0.005795420214554264
2016-11-10,-0.0019508491576333675,0.0054167043874040754
2016-11-11,0.0071667260790566015,-0.015373720350749149
2016-11-15,-0.027338785598106655,-0.022187165092021364
2016-11-16,0.013159409199448276,0.009029000424961997
2016-11-17,0.005860416847974154,-0.0064146292076839315
2016-11-18,0.006678246501187668,0.005989981671197003
2016-11-21,-0.009295461549591693,-0.014924000421515435
2016-11-22,0.0002722998161533018,0.008543574448710045
2016-11-23,0.011356501951335361,-0.0006877085838768002
2016-11-24,-0.007620967623405349,-0.0032611239891852445
2016-11-25,-0.004187296889557362,0.0028042063409210237
2016-11-28,-0.0036254313962907608,0.006366526490456806
2016-11-29,0.02097703267387936,0.008596040410145863
2016-11-30,0.0023256215932235783,0.0025709652693146914
2016-12-01,0.002332073339824279,-0.004726844757438873
2016-12-02,-0.02023246404365958,-0.007376982339144457
2016-12-05,0.022148659641926825,0.0066294057358401645
2016-12-06,-0.007256596826834197,-0.0011384457595325032
2016-12-07,-0.0189093014207766,-0.007625458556011759
2016-12-08,0.026683607388623493,0.012260696667700938
2016-12-09,0.006618816166475812,-0.013238135885448313
2016-12-12,-0.009455586875025197,-0.0030014698889627794
2016-12-13,0.009148120596373278,0.00047972606826124326
2016-12-14,-0.007521260867916572,-0.003655536073685095
2016-12-15,0.007434063274160138,0.0013243165233675482
2016-12-16,0.000560048479079888,0.001897874932540266
2016-12-19,0.005943038927938988,-0.001325031421304012
2016-12-20,-0.007461802702919463,-0.002657447614690333
2016-12-21,-0.0036034152886441247,-0.005719331032653169
2016-12-22,0.007624885590735106,-0.0014927052642769894
2016-12-23,-0.003572016176046334,-0.0012857279296122127
2016-12-26,0.005006405655351747,-0.0025147007058528284
2016-12-27,-0.0004816447608052823,0.00029635626113262074
2016-12-28,0.003941328312084614,0.005148832265572245
2016-12-29,0.008164721219463007,0.009940652939412629
2016-12-30,0.007908162466879734,0.0039283923059389115
2017-01-02,-0.0034310103389219686,-0.0016371140872127768
2017-01-03,-0.010722767204438207,-6.832792528211663e-05
2017-01-04,-0.007760876967737933,-0.003969451226513145
2017-01-05,0.005356727545886701,0.0013452427748016323
2017-01-06,0.003519939512780057,-0.002604360659212452
2017-01-09,0.014660971560832941,0.0058210984715462285
2017-01-10,-0.0018454936035895624,0.004341206430591911
2017-01-11,0.005076338626136313,0.007579721217053945
2017-01-12,0.008934098456238269,0.006544448374180566
2017-01-13,0.000656325282617327,0.0008147178660887423
2017-01-16,-0.00895954937205788,-0.006819924284847779
2017-01-17,0.008706396446217977,0.002431715417660285
2017-01-18,-0.005674786656301287,-0.002766732008905631
2017-01-19,-0.011149517874014307,-0.006189200307207603
2017-01-20,0.01261111385156673,0.005625702868417395
2017-01-23,-0.012119082605828765,-0.003980264232815205
2017-01-24,0.0038613494817599514,0.008124116953123128
2017-01-25,0.005178153324784338,-0.0019548935339816003
2017-01-27,-0.0003983979120734328,0.006365403517371786
2017-01-30,0.0055267304047441354,-0.0022620125760173305
2017-01-31,-0.008364397965189438,-0.0008202701919231734
2017-02-01,-0.00790785636291492,0.0014065754172532996
2017-02-02,0.016734534965025145,0.013758287948098198
2017-02-03,-0.00024664821043841184,0.008866337202045329
2017-02-06,-0.0031050541719735707,0.008408458558985428
2017-02-07,0.018472758892032478,0.003101683332671065
2017-02-08,-0.021363752019461495,-0.012814062799694098
2017-02-09,-0.01943161850627465,-0.0038090695673340842
2017-02-10,-0.008045560435832192,0.0019361091793725254
2017-02-13,-0.0018016242512574202,0.000739061143152254
2017-02-14,0.004042398099203287,0.0032294270442607183
2017-02-15,0.0045085430826231985,-0.0022378025296847072
2017-02-16,0.014595413947119638,-1.1802935930657431e-05
2017-02-17,0.003135526310151336,0.0037287483403736534
2017-02-20,-0.007267410582660835,-0.002427318742410309
2017-02-21,0.0012791785022575,0.008175595623367159
2017-02-22,-0.004347608204308232,-0.008192669289629672
2017-02-23,0.009182904721751952,0.0002789736633407562
2017-02-27,-0.03568321789458053,-0.015016245417471756
2017-02-28,-0.005890380450035239,-9.040687583538432e-05
2017-03-01,0.025498243864052337,0.014582958335116353
2017-03-02,0.011244028155703143,0.00553337021393739
2017-03-03,-0.004770252219698306,0.0026493386604812628
2017-03-06,-0.007587482994464643,-0.00225485846340714
2017-03-07,-0.016299209961097592,-0.0068799105015215556
2017-03-08,0.015254800403300555,0.004983463814244782
2017-03-09,-0.009152273997963754,-0.002939495107250151
2017-03-10,0.012512574457721522,0.0062044523400773205
2017-03-14,0.01077588226032803,0.004559564462011656
2017-03-15,0.0037948051589261514,0.0070851299600725405
2017-03-16,0.005580525935268049,0.006465376203635444
2017-03-17,-0.009995144263042361,-0.0012306408726315801
2017-03-20,0.01921747511853781,0.00857969578177343
2017-03-21,0.022024336279874157,0.00949106709518633
2017-03-22,-0.002235884481800933,-0.0019536108350195836
2017-03-23,0.009681307093095283,0.003994892650904321
2017-03-24,-0.0013358855971033526,0.0025574225868556636
2017-03-27,-0.005889940149648685,-0.0016678412331197533
2017-03-28,0.0032125810357972497,0.007304172811394691
2017-03-29,-0.008697953822280903,0.003105482945304485
2017-03-30,-0.007065844231429169,0.0022541382273672437
2017-03-31,0.03624009103186875,0.01555520912995008
2017-04-03,0.020657723056261134,0.008234123650537321
2017-04-05,-0.013253649082604782,0.009374607535480787
2017-04-06,0.013668871312838213,-0.0002730748049042711
2017-04-07,0.005926352734449627,-0.0004382099509943847
2017-04-10,0.012881114845193784,0.0010649828080174389
2017-04-11,-0.010906254981846091,0.005234379432939668
2017-04-12,-0.026243195504322494,-0.006475790617725945
2017-04-13,-0.00812829528965325,9.519614454366472e-05
2017-04-17,-0.008692623581624146,-0.0066114413032473006
2017-04-18,0.0035660787857688487,0.00029347097677838153
2017-04-19,0.005060617315964442,-5.842176153447525e-05
2017-04-20,-0.003726325616269912,-0.001830010121766893
2017-04-21,-0.0014994303464913885,0.0007853921867837551
2017-04-24,-0.008474830144309303,5.6917923474545095e-05
2017-04-25,-0.00021686543341252712,0.004133209980090559
2017-04-26,0.008907993411742149,0.0009948436834994222
2017-04-27,-0.008507561161678126,-0.002145394981077998
2017-04-28,0.010285448324315183,0.0007162852174560999
2017-05-02,0.005603130865489338,-0.0009361682088970017
2017-05-03,-0.02152889964955019,-0.008241315885327985
2017-05-04,0.0027586702382827724,0.001840012906907579
2017-05-05,-0.003919790730491982,-0.008549179675816174
2017-05-08,0.010266884251208858,0.0038825523352288747
2017-05-09,0.006555031052628133,0.004946484394505469
2017-05-10,0.0043298252973205074,0.007165296674887436
2017-05-11,-0.013697487756358541,-0.004805742942952956
2017-05-12,0.007249289955077862,0.0009014316260525503
2017-05-15,0.008237830703115805,-0.0014611285732609664
2017-05-16,0.008453636781136,0.004015819938562871
2017-05-17,-0.0038738998742045678,-0.006491629992928108
2017-05-18,-0.002514665610063158,0.0008121860151037011
2017-05-19,0.007031544687338863,-0.004190997428131084
2017-05-22,-0.02047749535547194,-0.01012972963277873
2017-05-23,-0.005362957603907749,-0.0053335076268780125
2017-05-24,-0.004995457355984255,-0.00920861720618387
2017-05-25,0.0014793860206539643,0.0006468077404524318
2017-05-26,0.012243758036974616,0.004779647571815473
2017-05-29,0.022673705674825084,0.005453186206248014
2017-05-30,-0.019560704393703283,-0.005575852291336746
2017-05-31,0.01399748151374337,0.004466933287551159
2017-06-01,0.005344979275164432,0.00484270881840201
2017-06-02,-0.010716851317863645,0.001105050662667622
2017-06-05,0.007765660227658596,0.0038071851318288493
2017-06-06,0.0005184490952753972,0.0017216589317515846
2017-06-07,-0.012674113125382792,0.0007812314423102743
2017-06-08,0.01080005547825455,0.0019746132894068492
2017-06-09,-0.008965287632808659,-0.0013631252578752303
2017-06-12,0.00015736271969787896,-0.005566218560775779
2017-06-13,-0.01101612969926604,-0.005068057585044696
2017-06-14,-0.005164791352259621,0.00037654286687043633
2017-06-15,-0.010585944996242243,-0.014574392251591014
2017-06-16,0.004089052597760426,0.0012631225417955316
2017-06-19,0.02411309358790607,0.002396568098548837
2017-06-20,0.0010580983715069228,0.0004006591758368177
2017-06-21,-0.00013941666800381346,0.0021941711406624617
2017-06-22,-0.012946950092186445,-0.0008831344672104919
2017-06-23,-0.0013146788540125214,-0.00489397141937345
2017-06-27,-0.009958647273740504,-0.005110537864643109
2017-06-28,-0.013478813426964819,-0.00573506005765059
2017-06-29,0.0033764378748719955,0.002296557778592771
2017-06-30,0.01922385300688732,0.009546230325935118
2017-07-03,0.017644629175019765,0.00607921656654228
2017-07-04,0.013601753423712719,0.0037890890962633574
2017-07-05,-0.013564641283287554,-0.0008837338026754854
2017-07-06,0.006391272967234691,0.003931756284093198
2017-07-07,-0.03183428209581948,-0.007230705925889549
2017-07-10,0.007223035088915636,0.006253088260990816
2017-07-11,-0.007305939384728658,-0.003102509125012779
2017-07-12,0.0007196478318437581,-0.00025177670160246547
2017-07-13,0.010134570209863041,0.003685154098516691
2017-07-14,-0.01851943478163909,-0.0032886660930273653
2017-07-17,-0.00379523748681116,0.0025729329992909065
2017-07-18,0.0022884033493753737,0.00029764889032682135
2017-07-19,-0.01040349083356692,0.0010406263044231787
2017-07-20,0.00669678877182092,-0.0016548369071143377
2017-07-21,-0.002325984758001901,0.0011246770144955395
2017-07-24,-0.004029869222329528,0.0012294166341019971
2017-07-25,-0.013449212093482123,-0.005092622699849301
2017-07-26,-0.016408513812143716,-0.005835985591969215
2017-07-27,0.019729438305652987,0.0017876486943445517
2017-07-28,-0.00022803145536157035,-0.0036327941289745615
2017-07-31,-0.0022908915700883712,0.0028112668305376592
2017-08-01,-0.00014980543741364028,0.005416396586898201
2017-08-02,0.006846338564251438,0.002424304337768564
2017-08-03,0.0050730728600485615,0.002174935441036542
2017-08-04,0.01655459709288469,0.0026686535506328475
2017-08-07,0.00319610737592834,-0.0006606548997441527
2017-08-08,-0.00013345112995073911,-0.008187263455189282
2017-08-09,-0.008029069893701767,-0.007669733047407598
2017-08-10,0.005154178936682805,-0.006377722712547649
2017-08-11,-0.003607433910977142,-0.0005153603208973169
2017-08-14,0.002724487195174297,0.004725707541285863
2017-08-16,0.005352143732270731,0.009687703104914833
2017-08-17,-0.015362139619529898,0.0014173382545711788
2017-08-18,-0.00044310145590346797,-0.007225782330550219
2017-08-21,-0.007186963556518211,-0.005300481985463492
2017-08-22,-0.002417768453452258,0.006405885795590666
2017-08-23,0.0038079325095335403,0.000653658159851883
2017-08-24,0.018197724307862897,0.005315175561241328
2017-08-28,0.020201389610063687,0.012510669770574122
2017-08-29,0.000241429482977466,-0.006826572909525032
2017-08-30,0.0015810762237638831,0.005539110585483795
2017-08-31,-0.0030596887299883845,0.004819515882471342
2017-09-01,-0.005907611897613066,0.0027921638650784406
2017-09-04,-0.0007324924667987856,-0.0033775126849017985
2017-09-05,-0.0013913920002423929,0.0005497581201898995
2017-09-06,0.0009032602751562124,0.0019398509473518917
2017-09-07,0.004082803598532624,0.004656214696449343
2017-09-08,0.003823012117025359,0.005668116734024023
2017-09-11,-0.006896682401328129,-0.0015810009229405041
2017-09-12,-0.004703238326789929,0.00436399550150915
2017-09-13,0.005172826216966866,-0.0048499871978207884
2017-09-14,-0.011281387202734132,-0.004504322095382074
2017-09-15,0.0175328908496271,0.010247596543754036
2017-09-18,-0.010728657658257165,-0.00042943024233791966
2017-09-19,0.00789706138508467,0.003511860123325397
2017-09-20,-0.00754158311333414,-0.004760350349978284
2017-09-21,0.01310413695142411,-0.0002725117449866002
2017-09-22,-0.011991814914067608,-0.009896287381083153
2017-09-25,-0.018639942365224062,-0.010418505662331788
2017-09-26,-0.007614431711203407,0.0005547851105104865
2017-09-27,-0.006158569190245538,-0.010590156554184525
2017-09-28,-0.00011038526492181491,0.007650016379370838
2017-09-29,0.004336718779471773,0.007118381287524481
2017-10-03,-0.0026245294461299034,0.004356030590379427
2017-10-04,0.01855257247181685,0.006785083293123468
2017-10-05,-0.00934360517045936,-0.004564096738243735
2017-10-06,0.01283883882853652,0.00877685680596725
2017-10-09,0.007920064677020654,0.00392824522448919
2017-10-10,-0.0009036770976577869,0.003943470721813594
2017-10-11,0.004212172092123687,0.0045386066357436
2017-10-12,0.009280647826188456,0.005548768249960048
2017-10-13,0.00444695356339943,0.008562991704682138
2017-10-16,0.003766639139068632,0.006800909943826582
2017-10-17,0.005436936292819728,-0.00015673426659779837
2017-10-18,-0.009223055455920117,-0.0026838388572061503
2017-10-19,0.0026464029622716876,-0.0006639165859165538
2017-10-23,-0.0022847571266290615,-0.0043848822445540555
2017-10-24,0.00020813321102413403,0.0024558215423037114
2017-10-25,-0.015322153552949637,-0.005968461193042052
2017-10-26,-0.0010439468606717617,0.004286710009751195
2017-10-27,0.008415555673909666,0.00029374757393696026
2017-10-30,0.0016177320564976381,0.0077680362423686615
2017-10-31,-0.0045080474339033085,-0.004343319985040642
2017-11-01,0.019331991981818654,0.008835469603554323
2017-11-02,0.002604361582265853,0.0012644850362948574
2017-11-03,0.005919609287913746,0.0014151166758926924
2017-11-06,0.005640196415651899,0.0035345987623898226
2017-11-07,-0.016963806017984293,-0.0036366035550600816
2017-11-08,-0.011510684103239029,-0.0026949439654687653
2017-11-09,0.006616327282537562,0.005070636168544989
2017-11-10,0.005055024356676612,0.003636930111743102
2017-11-13,0.003189017367519516,7.870835495810488e-05
2017-11-14,-0.004505362729134333,-0.008340346328674777
2017-11-15,0.0157002764068049,0.0016062767988831643
2017-11-16,5.2477223995502044e-05,0.007421580209884899
2017-11-17,-0.0059914420962153304,-0.0013394230748082357
2017-11-20,-0.00661717365548858,-0.003074558079142052
2017-11-21,0.0006446923881933517,0.005872870552369203
2017-11-22,0.0038459027306778732,-0.0005326297154635959
2017-11-23,-0.00579201297002481,0.0014867220724020603
2017-11-24,-0.005325820832485227,-0.00019458827137999724
2017-11-27,-0.005586651523384381,0.002444598089007601
2017-11-28,0.00375329574903785,0.005210051983755304
2017-11-29,0.004254228645538205,0.00015567284663231258
2017-11-30,0.00407828255853996,-0.002831908923457069
2017-12-01,-0.0085282182236392,-0.008324510448341855
2017-12-04,0.002639658882238563,0.0007260429169061197
2017-12-05,-0.005623074320448089,-0.002051566218520457
2017-12-06,0.0052489110657505745,-0.004039723539155177
2017-12-07,0.014833386013999897,0.00977683957092511
2017-12-08,0.004439934292080989,0.008015371132355746
2017-12-11,0.003612470230782419,0.0039386683510926465
2017-12-12,-0.010888788290318745,-0.006917643191694065
2017-12-13,-0.00689099097371062,0.0006256990374010583
2017-12-14,-0.005680550574472623,-0.001510422861787261
2017-12-15,-0.0034202603347925106,0.001054354897936365
2017-12-18,0.008283163821606782,0.004862576892729489
2017-12-19,-0.00323878985588658,0.004896995838196254
2017-12-20,0.0013213648917192872,-0.0020740278809579676
2017-12-21,-0.007751758152586787,-0.005561229730272432
2017-12-22,0.004819904183126235,0.004047040500492863
2017-12-26,-0.006664940123333396,0.003917375681744124
2017-12-27,-0.005795738614665657,-0.00630809093745066
2017-12-28,0.0020844806975656403,-0.0004049363461086339
2017-12-29,0.005101038060684052,0.0037599403538095886
2018-01-01,0.003253130888994508,-0.000834196979998087
2018-01-02,-0.00398283563502956,-0.0015942220407595175
2018-01-03,0.0006482754413978302,0.003461276049980714
2018-01-04,0.018045761995303146,0.007632103343761745
2018-01-05,0.01370485268412465,0.008926600203974538
2018-01-08,0.01733403354450579,-0.0003080363787364179
2018-01-09,-0.005644478694990962,-0.0022315180897614696
2018-01-10,-0.013456560035094394,-0.0018447178994471904
2018-01-11,0.018041382011247387,0.001087890354324701
2018-01-12,0.001600550480798794,-0.0007783956315559677
2018-01-15,0.004742874148451695,0.000624579443215722
2018-01-16,0.001573011456507181,-0.004058990954679976
2018-01-17,0.00966999242214588,-0.0001945030413503903
2018-01-18,-0.00882465869860938,0.0014865225733060672
2018-01-19,-0.001806990879820101,0.006904979540058495
2018-01-22,0.010217697697993307,0.004799798920728881
2018-01-23,-0.012738073362411877,-0.002669810337355409
2018-01-24,0.008285428620135942,-0.0021059916278583124
2018-01-25,0.003963862708472293,-0.005629429271088799
2018-01-29,-0.001053600277148882,-0.0010668246990161822
2018-01-30,-0.007317447097559217,-0.010889718931586672
2018-01-31,0.01495510344322274,-0.0010039582693082529
2018-02-01,0.001964951655933724,0.0010508443679731682
2018-02-02,-0.009150024019460055,-0.016789568634804193
2018-02-05,0.016290559202422387,0.0001200467426167819
2018-02-06,-0.0020511954687138442,-0.010510138434909208
2018-02-07,-0.0012355873684548905,0.0012880807872506185
2018-02-08,-0.004289148461976474,0.010059531825214083
2018-02-09,-0.0033890553754969974,-0.00578398749617145
2018-02-12,-0.0015879889988921311,0.007549287870617515
2018-02-14,-0.020267272859668308,-0.0015146963135678686
2018-02-15,0.007131110333486224,0.0007652439369291172
2018-02-16,-0.0027476909737554336,-0.005425631754171609
2018-02-19,0.007287334534769102,0.0009174219720748872
2018-02-20,-0.006074743938712022,-0.0019172853388826265
2018-02-21,-0.011850452405929206,-0.001328633327229785
2018-02-22,-0.010524520012674642,-0.005149890297766876
2018-02-23,-0.001038159571939861,0.004497385086993513
2018-02-26,-0.006842794277658447,0.003844293627018017
2018-02-27,-0.007469714936160885,-0.0004200705993877207
2018-02-28,0.004944623728261861,0.002316057260398757
2018-03-01,-0.009810931163781685,-0.0025127720635099784
2018-03-05,0.009912247326153142,0.0005826536010102839
2018-03-06,-0.0035750955913667814,-0.0031505300232107293
2018-03-07,-0.009529491178265962,-0.006214602357127946
2018-03-08,0.011211400436819209,0.0028266285105378675
2018-03-09,-0.002733196692356749,-0.0016571734831553326
2018-03-12,0.009089071888952457,0.003996794914874112
2018-03-13,-0.01277838835442702,-0.006812978394382984
2018-03-14,-0.013533717059842357,-0.0029304144581889444
2018-03-15,-0.004289252613455893,-0.003075802737002986
2018-03-16,-0.017013862740254064,-0.011792028570287591
2018-03-19,0.0033960115045078656,-0.00340431355533149
2018-03-20,0.014194120258000903,0.00647231343738458
2018-03-21,0.010280759384395545,0.0039274054767280235
2018-03-22,-0.020219784188916096,-0.007741851692781953
2018-03-23,0.0019380684381617543,-0.0038381268316632798
2018-03-26,0.002428010256404356,-0.003289846024561652
2018-03-27,0.003474441731542841,0.0033714297317191306
2018-03-28,0.0019719780867361114,-0.0008968957306763319
2018-04-02,0.01822672553382816,0.017530523965926016
2018-04-03,-0.005304812230406348,0.00019192247771082508
2018-04-04,-0.01969530111228198,-0.0071520070933985555
2018-04-05,0.015076757557769615,0.011245090558078276
2018-04-06,-0.005818458438245153,-0.0003455685981879065
2018-04-09,-0.006454916088065706,-0.0011510764222687033
2018-04-10,-0.002096701121199482,-0.00347590455263592
2018-04-11,0.009543789276673233,0.0010328291833279688
2018-04-12,0.0043365757334962955,0.007826237239171438
2018-04-13,0.0026915129145379892,0.004089636160948263
2018-04-16,-0.0035971767628263317,-0.001044070771602336
2018-04-17,-0.006796508887119938,-0.0031756982403686167
2018-04-18,0.008904038491360936,0.0060813315940456275
2018-04-19,0.015322690913876726,0.005599111948342385
2018-04-20,0.028389568162085304,0.0061914817209572925
2018-04-23,0.016832805050710054,0.010572707112633917
2018-04-24,-0.0033403326256310783,-0.0054633596316110925
2018-04-25,-0.008151202823881354,-0.0009888848911427323
2018-04-26,0.019524011651239175,-0.0012658278901264977
2018-04-27,-0.011545795831788977,0.0009000363883005462
2018-04-30,0.0026614885384695294,0.00530075215295521
2018-05-02,0.02648063671853774,0.00870159585101875
2018-05-03,-0.00032913367170693346,-0.00222060778179271
2018-05-04,0.001839023244620952,-0.005944827043241523
2018-05-07,-0.010321837857684103,-0.0011568477901838024
2018-05-08,0.0016639348256585005,0.004611519412283358
2018-05-09,0.009153905045429704,0.0009299355132254864
2018-05-10,-0.02075297285643287,-0.0030588925293419914
2018-05-11,0.01676631794887982,0.002455244406394371
2018-05-14,0.002040494327738212,-0.0007242436737430963
2018-05-15,0.0080817932957473,0.0022522478971352742
2018-05-16,0.003374860662249848,0.0021783806628499075
2018-05-17,-0.008216146088201882,-0.004634350592588632
2018-05-18,0.010719292085128819,0.006667508192941041
2018-05-21,-0.020432776429221023,-0.008535100157487326
2018-05-22,0.003273021752012914,0.0034814348749279437
2018-05-23,0.021207860463611953,0.003221906281610957
2018-05-24,-0.006647310987018037,0.0017967440601047303
2018-05-25,0.003111054586392284,0.005581224541526255
2018-05-28,0.00929684861047523,0.0070072321872465355
2018-05-29,0.0008376634176045657,-0.00619790129069174
2018-05-30,0.01065316288495625,0.006700926128213006
2018-05-31,-0.02665740688292732,3.654194070774907e-05
2018-06-01,-9.21593163000741e-05,-0.001999275660841369
2018-06-04,0.00949013702917469,0.0009190234353560027
2018-06-05,0.0007598212792834578,-0.005681344978096262
2018-06-06,0.0037355856603019898,0.0027464430533168643
2018-06-07,0.000886454879488015,0.004265545464904966
2018-06-08,-0.01430065764543268,0.004814729097464464
2018-06-11,-0.02684610108185196,-0.004897084746874435
2018-06-12,-0.015403543851212963,-0.004110360161892368
2018-06-13,-0.005712035339628174,-0.002070446452400517
2018-06-14,-0.009726456598849546,-0.006980029303871904
2018-06-15,-0.005063840564643721,0.0028273682204991565
2018-06-18,0.008856286333180719,0.008200037376787102
2018-06-19,-0.01025295963072073,-0.004166668420440506
2018-06-20,-0.008623993555991135,-0.006053962405652036
2018-06-21,0.008026719042756229,-0.00048574922099098273
2018-06-22,-0.000523531100375912,0.0019016080544015897
2018-06-25,0.019122879853774265,0.006529138995483634
2018-06-26,0.008704566059316712,0.00035238298648715036
2018-06-27,-0.012854037755731837,-0.002682532004605818
2018-06-28,-0.014348081506283287,-0.00904236749236645
2018-06-29,0.010622862615203418,0.008179199425986312
2018-07-02,-0.009061407977941997,-0.007332721001416663
2018-07-03,-0.005386221604593061,-0.003881375928732661
2018-07-04,-0.0014794585725898892,0.0004312816412346966
2018-07-05,-0.0038505070335928667,-0.004503842202889201
2018-07-06,-0.011923338860600746,-0.00493554690269764
2018-07-09,0.008618393633186453,0.006267243388225667
2018-07-10,0.002434078990615074,0.0038836517054221704
2018-07-11,0.004574022166276154,0.001401545282071131
2018-07-12,-0.0026078632667011466,-0.004391636084361709
2018-07-13,0.0036662272617837234,0.0019627283812414338
2018-07-16,-0.0067826550381188695,-0.0047041408998242905
2018-07-17,0.0029693290567537286,0.005765073300794436
2018-07-18,-0.005575201622214636,-0.003656355239667758
2018-07-19,0.00014218834908737827,-0.0035617752144861854
2018-07-20,0.0018250919384594838,-0.0024336708270884765
2018-07-23,-0.0064925269329555125,0.0042587927551790096
2018-07-24,-0.0009196990117048087,-0.0044954044483978585
2018-07-25,-0.00851635348560525,0.0015877039136779519
2018-07-26,0.002448557262400657,0.004660542577422161
2018-07-27,0.013255154590927656,0.015065648506386739
2018-07-30,0.022430784325996708,0.014999023063303262
2018-07-31,-0.004438247549836306,0.001061374930216035
2018-08-01,-0.00250095996200007,0.0057631599818502
2018-08-02,-0.02087609360885027,-0.010612250903681387
2018-08-03,-0.0014057173578592033,0.006415242384102562
2018-08-06,-0.0008302543709171708,-0.0026885921622206033
2018-08-07,-0.011651908060957842,-0.007035719443085505
2018-08-08,0.0008898644084187222,0.001880482862750828
2018-08-09,0.0009405827006971892,-0.002461646994284471
2018-08-10,-0.001996452637814881,0.0021956678557312377
2018-08-13,0.012309228912669987,0.006908377946141951
2018-08-14,0.002212688952155044,0.002572347134436741
2018-08-16,0.00021419060883582134,-0.0005383140379415123
2018-08-17,0.0074963714264781435,0.006568416303367539
2018-08-20,0.0045704895924353825,-0.0024962006655132726
2018-08-21,0.00840184864451586,0.006649770938576563
2018-08-23,0.011659251746568379,0.010433292273956557
2018-08-24,0.0003331242206799888,-0.0022929518291754892
2018-08-27,0.0027135051758843216,0.008239780105974627
2018-08-28,0.004397650987594452,0.003674326105829428
2018-08-29,0.016452392185055887,-0.0007297575991746801
2018-08-30,0.003785276769605884,0.007619142885285473
2018-08-31,0.0022516569872307593,0.003492455609301006
2018-09-03,0.0013909520463439595,-0.004638270870563597
2018-09-04,-0.007959653907235265,-0.0064764015184377854
2018-09-05,0.022166140785355636,0.0019014745655527672
2018-09-06,0.006087119123122978,0.0037346590982043526
2018-09-07,0.004878542034509256,0.005212101437115938
2018-09-10,0.001342419022069195,-0.00811272308537242
2018-09-11,-0.002884083143311484,-0.0031744493017356675
2018-09-12,0.00423022292372911,-0.001243335925751524
2018-09-14,-0.002805018654595388,0.006245571909090808
2018-09-17,-0.010920763856548854,-0.008392395898002867
2018-09-18,0.009968899437305489,0.0021360018109028056
2018-09-19,-0.001344890345109166,-0.008264486697123501
2018-09-21,-0.004998437862871187,-0.0024474246330767986
2018-09-24,0.004174178544186086,0.001753951738192289
2018-09-25,0.0025978246437256534,0.0031407233241560156
2018-09-26,0.0051552320355918915,-0.00013185974328255759
2018-09-27,-0.01657324417167386,-0.009426809160516199
2018-09-28,0.004483303132143181,0.0052945388503765276
2018-10-01,-0.01572243542926861,-0.010493014204638305
2018-10-03,-0.008599599842649077,-0.013723303412083356
2018-10-04,-0.025027558084763354,-0.014693235115624119
2018-10-05,-0.030107605012477417,-0.019528217622794972
2018-10-08,0.006879942129949144,0.003012496803853657
2018-10-09,-0.018151880450160158,-0.006891791751923611
2018-10-10,-0.001793540660397436,0.002986050624453707
2018-10-11,0.003830415149126491,-0.006009702998323416
2018-10-12,-0.0019156387127875524,0.0031612857620192036
2018-10-15,0.013594666226619853,0.0018703883410001786
2018-10-16,0.006168462188826819,0.003350785268053715
2018-10-17,0.011115528168419984,-0.0018132978809091375
2018-10-19,0.00177564457030521,0.0020945348253655904
2018-10-22,-0.020639481864228947,-0.014482999078002207
2018-10-23,-0.02042931236964677,-0.010827189868636608
2018-10-24,0.014237250585500334,0.0035928953510336844
2018-10-25,-0.0003158638236990844,0.0030895116387545797
2018-10-26,-0.014658775428887449,-0.005151516376985417
2018-10-29,-0.005831385490335719,0.0001232575847289535
2018-10-30,0.007277436819532314,0.004406370054547449
2018-10-31,0.01654254110910264,0.014636749549993743
2018-11-01,-0.012563913993981305,-0.008684073489232214
2018-11-02,0.023698053381256315,0.01829473254929915
2018-11-05,-0.0030793155817457115,-0.002831479430733568
2018-11-06,0.0011247814262069374,-0.0028306690493150283
2018-11-07,0.0034015394155409565,0.005315802843317943
2018-11-09,-0.0020464932652060884,0.0016553481022841187
2018-11-12,-0.015392316265151883,-0.010404483499799482
2018-11-13,0.008208166196214806,0.008364650142435292
2018-11-14,0.0276011885440121,0.005712951999891703
2018-11-15,0.01660203785153739,0.009737211441053068
2018-11-16,4.176796369530396e-05,0.0069293299105119685
2018-11-19,-0.00322303837741766,0.006308365474019672
2018-11-20,0.004800191994469164,-0.006171410490514328
2018-11-21,0.0020837912128783493,-0.0030737878413300748
2018-11-22,0.00142929324328091,-0.005837324631893445
2018-11-26,0.01911846947621846,0.009166589173486252
2018-11-27,0.01916578817644407,0.007816623731108313
2018-11-28,-0.015634246777379218,-0.00605579155383619
2018-11-29,-0.003309506580819862,0.005532101954729135
2018-11-30,0.010420676300153718,-0.003556474483674692
2018-12-03,0.016344930053333435,0.004194923754011689
2018-12-04,0.009511564183559064,0.007948061578662458
2018-12-05,0.0058149422935928775,-0.001757725603656681
2018-12-06,-0.0036931736475727395,-0.009523915931154911
2018-12-07,0.0012855986485395033,0.002228945026166252
2018-12-10,-0.01271093290271046,-0.016385220806729054
2018-12-11,0.018888406719482054,0.011120783857134685
2018-12-12,0.0069025294658649275,0.007219359699853805
2018-12-13,0.018293164329553538,0.016130098052225428
2018-12-14,-0.0001838457819267509,0.0028178616857672846
2018-12-17,0.01458187942103712,0.0018626249788889278
2018-12-18,0.0034424777061610426,-0.001765766830017531
2018-12-19,0.0028097261584867626,0.012952093556144078
2018-12-20,-0.006240033047383671,6.859149012425781e-05
2018-12-21,0.0013823674481927512,-0.006618969804053324
2018-12-24,0.017785827589257636,0.0015481481471034148
2018-12-26,-0.010794473798783304,-0.0013409148608084394
2018-12-27,0.0012336847514641824,0.004341870416118742
2018-12-28,0.004036464908102219,0.004277333429151138
2018-12-31,0.012915498008673079,0.008710853853399527
2019-01-01,-0.005298013933244583,0.0005979889759849805
2019-01-02,0.00224680599897502,-0.003755268541115965
2019-01-03,-0.007513519653870051,-0.005684053329144087
2019-01-04,0.0034582565009828653,0.004116151611484722
2019-01-07,-0.007570759248385119,-0.0018217780019689816
2019-01-08,-0.012812855931765274,-0.007828079915135627
2019-01-09,0.0019084515404949442,0.0035105645066200496
2019-01-10,0.008091338103553263,0.008420868475079937
2019-01-11,-0.003931077786924326,-0.005833340822277435
2019-01-14,0.008832013213424538,0.0034015939691377927
2019-01-15,-0.00035350247339904263,0.004129912271562654
2019-01-16,0.013286504401319796,0.0069495583851553674
2019-01-17,0.006533800707897977,0.002866004780437036
2019-01-18,0.014781962061904005,0.004335414480312823
2019-01-21,0.004342737535690503,0.0023018608149329533
2019-01-22,-0.019890498273712257,-0.009568808163671987
2019-01-23,-0.0036448933520059324,-0.0040103018497723245
2019-01-24,0.0018196019576583126,-0.00131094904626657
2019-01-25,-0.014444966882209925,-0.002110200624504231
2019-01-28,-0.012335374039864906,-0.005867743203349196
2019-01-29,0.013576384221849772,0.004586671805241913
2019-01-30,-0.006119839827400292,-0.0011101187301454738
2019-01-31,0.015827547310748386,0.010950563891816015
2019-02-01,0.015531145867529355,0.010435428146364814
2019-02-04,-0.0018989389624281608,-0.0046584911094748865
2019-02-05,0.007601091438270721,-0.004585518321233134
2019-02-06,-0.02241896738540372,0.00016048597908193893
2019-02-07,0.00347505197941631,0.005122339282066616
2019-02-08,-0.0034689999686057043,-0.0048191284568887376
2019-02-11,-0.017040970550249734,-0.017667518114474475
2019-02-12,0.027594542790935105,0.007912459886892965
2019-02-14,-0.026004684851863167,-0.013220069038562893
2019-02-15,-0.003507264413792361,-0.004471965075209213
2019-02-18,-0.013372602905410534,-0.004079751405543189
2019-02-19,-0.011351024842131404,-0.0048243914823084925
2019-02-20,-0.0075525699502405905,0.00012282449790359845
2019-02-21,-0.022033822148600314,0.004923625212346556
2019-02-22,-0.011054664269110366,0.009677912956712715
2019-02-25,-0.02663262599343611,-0.0027263775674104245
2019-02-26,-0.010294952854770736,-0.009303865926071579
2019-02-27,0.013338491593383845,-0.0019618846304563006
2019-02-28,0.023311190108630184,0.0067063583977272695
2019-03-01,0.009519485144508332,0.006737661281785857
2019-03-05,0.007505952671430558,0.013595702351847958
2019-03-06,0.006291507829461197,0.008670596180932725
2019-03-07,-0.011588381921558455,-0.005091146409198021
2019-03-08,0.0031417594039980503,0.0024961726410211937
2019-03-11,0.0028662299311875286,0.008465062115166457
2019-03-12,0.006747209435683404,0.004354764366451465
2019-03-13,-0.018084716505664598,-0.0045973395715705944
2019-03-14,-0.028610694892213708,-0.00760033118943207
2019-03-15,0.012976114101412669,0.0029100077581186296
2019-03-18,-0.01125378953093368,-0.004132473798224948
2019-03-19,-0.0015767560769387083,0.0029736487824709515
2019-03-20,0.005979848955337798,0.0018781843379168783
2019-03-22,0.004246824766871158,0.004896575605602376
2019-03-25,0.010017268752406126,-0.004869888758619392
2019-03-26,-0.02975630034792117,-0.002893241433862964
2019-03-27,0.017377341808704608,0.007089219804862255
2019-03-28,-0.00827609446882521,0.0028479519718264392
2019-04-01,0.02520646815606083,0.014917150898180869
2019-04-02,0.012898520810685437,-0.0005659617253262301
2019-04-03,0.0022501920366796704,-0.0006832457209744161
2019-04-04,0.006456020525332229,-0.0008979552288319055
2019-04-05,-0.002507458124001286,-0.001516792782268889
2019-04-08,-0.0009477063194217832,-0.0002785478571966768
2019-04-09,-0.01104588032357808,-0.0009258778826757945
2019-04-10,0.006506282379029475,0.0032841453662244297
2019-04-11,-0.009688619446230283,-0.007979107511383664
2019-04-12,-0.018945102889364556,-0.003959197948253229
2019-04-15,-0.0060793520584701225,-0.0008335847792934551
2019-04-16,-0.004464303627923245,0.000301405018136932
2019-04-18,-0.003964605431452212,-0.00527993799070049
2019-04-22,-0.019614594736730398,-0.008207148330231904
2019-04-23,-0.0007704639710279885,-0.0022949810284085817
2019-04-24,-0.015999646087039,-0.00688909473000944
2019-04-25,-0.024477431720070275,-0.018283303697967795
2019-04-26,-0.0022764534099475237,0.003929645496669762
2019-04-30,0.014862427505630927,0.005160279961521999
2019-05-02,0.01940390109196919,0.005803989092314661
2019-05-03,0.01209528244257409,-0.0010761154640591538
2019-05-06,0.0016833433963387543,-0.006510763706136237
2019-05-07,0.02123182981643303,0.006095958284184252
2019-05-08,0.009411471651069077,-0.003498917564417756
2019-05-09,0.010896087981042865,0.0014046364450117643
2019-05-10,-0.024246820554991548,-0.01001501330696573
2019-05-13,0.006640159125036627,-0.0008812968170105336
2019-05-14,0.006745556598778307,-0.0030445052265311388
2019-05-15,0.0021910756926102315,0.0031923121374251044
2019-05-16,0.00024433544559149283,-0.0012345145628325522
2019-05-17,0.016102262983872642,0.004207214528948444
2019-05-20,0.0036109526009480567,0.007279656421525005
2019-05-21,0.0053218299407381915,-0.0008541640907734844
2019-05-22,-0.003815666041741042,-0.006044300346147641
2019-05-23,0.0038785574097145985,0.0019162459136605448
2019-05-24,0.007396079685057402,0.0037984388020377837
2019-05-27,0.004164690797768746,0.017179644247469546
2019-05-28,0.010986567220114606,-0.0016652901609812232
2019-05-29,-0.0028016179778288935,0.003376051240045742
2019-05-30,-0.005052866668157062,-0.004102798221822203
2019-05-31,0.016055394750749213,0.006222817074339043
2019-06-03,-0.01657699809560915,-0.0012272361472853454
2019-06-04,0.007865149063723135,0.0008447716992271086
2019-06-06,0.0034828069138448364,-0.001856254224560747
2019-06-07,0.0028157251666292107,0.00045395864379718816
2019-06-10,0.020815337561433077,0.008842978816400547
2019-06-11,0.016423454799223282,0.004694240285067395
2019-06-12,0.007681589549095112,0.0024996148437623146
2019-06-13,-0.001442010456098719,-0.006262567887667633
2019-06-14,-0.007814639233154792,-0.0031234468056622012
2019-06-17,0.005103886856444392,-0.0019932072146747358
2019-06-18,-0.0018760171197143446,0.0005059692642510168
2019-06-19,0.007094259145559494,0.004069466850332706
2019-06-20,-0.005539592325557441,0.00041520842269724713
2019-06-21,-0.0035695767605555193,-0.005604039927384806
2019-06-24,-0.0010930166345769431,-0.010381247882800784
2019-06-25,-0.014282887187026713,0.003613260963527804
2019-06-26,-0.00827607301730714,-0.003739173727702355
2019-06-27,0.011195388361997554,0.003819619516423548
2019-06-28,0.011603068680662049,0.005637383192425864
2019-07-01,-0.008883220739760063,-0.003419313320466438
2019-07-02,0.01241036555542028,0.002209660838465595
2019-07-03,0.0004432562545136811,-0.0014432687727698069
2019-07-04,0.007674187043750215,3.64575867768857e-05
2019-07-05,-0.00700798893672079,-0.008424255191350599
2019-07-08,-0.017999094230952542,-0.015199383709845771
2019-07-09,-0.002012726738867583,-0.0029165822605395626
2019-07-10,0.008104718363094534,0.0022736684506018826
2019-07-11,0.012941458793046277,0.007951015971753041
2019-07-12,-0.0076487802923042225,-0.00022340752201163955
2019-07-15,0.0013453331643132858,0.0049198544480319045
2019-07-16,-0.0006649534861094556,0.004697810314057041
2019-07-17,-0.011282728089123333,-0.003249133467351225
2019-07-18,-0.0035815780431513603,-0.006220972163079858
2019-07-19,-0.030625828263020037,-0.019071979171321116
2019-07-22,-0.007110003844862954,-0.005939440887308644
2019-07-23,0.018732952548046,0.010672994279531315
2019-07-24,-0.0011101379945861766,-0.0025575629724114376
2019-07-25,-0.005080618650262713,-0.006984914847018513
2019-07-26,-0.006515025214674893,-0.006199735405152163
2019-07-29,0.0005011598503473936,-0.0026783089373960613
2019-07-30,0.022975887158577943,0.004146594339674967
2019-07-31,0.0089544170094863,0.0073167305092934325
2019-08-01,0.0012898993393489822,-0.007118120444518337
2019-08-02,0.012976178978128715,0.006981331313458176
2019-08-05,-0.009644924534671338,-0.005720349381474325
2019-08-06,0.007500205653140201,0.00871231561482808
2019-08-07,0.0025486416298061594,0.006936302992138755
2019-08-08,-0.007753726856539561,0.009875238221863383
2019-08-09,0.006087745021679698,0.0039629392662047245
2019-08-13,-0.01802102788978937,-0.013947663317986757
2019-08-14,-0.01085717296979575,-0.004259898304847171
2019-08-16,-0.009977717492944096,-0.00746812929576069
2019-08-19,-0.011317121816712086,0.004613889613237016
2019-08-20,0.008215976443921658,0.004874032811038048
2019-08-21,-0.009763737963807754,-0.0021302784094941593
2019-08-22,-0.008804857923955453,0.0015014817877046951
2019-08-23,0.0017232137263084812,0.0006608854706754883
2019-08-26,0.013750826571813892,0.0077055405253823005
2019-08-27,0.011689816519080692,0.004568380997515406
2019-08-28,-0.0008113976557138457,-0.00033797171249606004
2019-08-29,-0.005108287823862635,-0.002636538311538844
2019-08-30,-0.016457917932372182,0.002502170719767701
2019-09-03,-0.017450938871206387,-0.011189133280691311
2019-09-04,-0.007026663488888868,-0.00424420700044281
2019-09-05,0.0006938947465461088,-0.0002147820265302005
2019-09-06,-0.007627711636300557,0.004862452562239951
2019-09-09,0.0011331432980298747,0.00282626379446103
2019-09-11,0.0033150444190336503,0.000518873752070159
2019-09-12,0.0069129342034791675,-0.0023355719430283423
2019-09-13,0.0021282676537026416,0.004590587817698721
2019-09-16,0.013902634677020628,0.0014090327778086174
2019-09-17,-0.0027916667607787186,-0.007110679600506335
2019-09-18,0.004607386743947292,0.002555526716995655
2019-09-19,-0.006041536415742581,-0.005248997804454454
2019-09-20,-0.017119498484827095,0.007512700363619836
2019-09-23,0.03271202746429291,0.028766643506966758
2019-09-24,-0.005889810087448744,-0.00011882816927076415
2019-09-25,-0.0013061805688647443,-0.007335009948098088
2019-09-26,0.001184449167087126,0.0006180420102787115
2019-09-27,-0.0015219924334292495,-0.0022937600193790883
2019-09-30,0.005497020651623664,0.009743628909821386
2019-10-01,-0.012810170663707982,-0.014045738717480858
2019-10-03,0.0031012903870659535,-0.004834908708633662
2019-10-04,-0.009278414520146116,-0.005320691495633394
2019-10-07,-0.023205774409856723,-0.011957260210817663
2019-10-09,0.0030324198608160076,0.005139795890021729
2019-10-10,0.01836869413897879,0.005212649594098701
2019-10-11,0.053954408199034146,0.02115442671793813
2019-10-14,0.0003319796194543162,0.0015306460113222431
2019-10-15,0.0012596290976420773,0.004592133272613846
2019-10-16,0.0023439848625421843,-0.002253688883735537
2019-10-17,0.020616601812654737,0.006773089281088609
2019-10-18,0.029074693848870854,0.009755303092800538
2019-10-22,-0.04210332494665446,-0.008494813737028734
2019-10-23,0.020721364798214948,0.00399077589840096
2019-10-24,-0.01884426449111231,-0.0060745826865778365
2019-10-25,-0.002650454571224263,-0.0025985131499414115
2019-10-27,0.01750787452112841,0.007728346882003157
2019-10-29,0.022325463973210932,-0.009594660508724403
2019-10-30,0.025066900784616847,0.0020902793006142176
2019-10-31,0.008319544992224759,0.009631585398424073
2019-11-01,0.02012354520385096,0.0027323199905023125
2019-11-04,0.017815238840582687,0.007982047540623892
2019-11-05,-0.01767336355930905,-0.012889941746251044
2019-11-06,0.008274130793465324,0.002809092829081579
2019-11-07,0.002875775807179399,0.006388917502656733
2019-11-08,-0.0034788788486934583,-0.01109088344422072
2019-11-11,-0.01872669027452215,-0.00031420352121879825
2019-11-13,-0.015375292414361908,-0.0050051499985401685
2019-11-14,0.0009567703320352767,0.0027554117636132687
2019-11-15,0.008563629202548178,-0.0011872669641570413
2019-11-18,0.008267385681596866,0.0018281949349342572
2019-11-19,-0.01675379799275798,-0.0008634327793606343
2019-11-20,0.011252050499067894,0.008140834333287019
2019-11-21,-0.0038358518547852434,-0.002321974106409911
2019-11-22,0.005370128212396904,-0.0004614990334197273
2019-11-25,-0.0010919881677388843,0.005662196419035525
2019-11-26,-0.012908067449916521,-0.008477252338756031
2019-11-27,0.007834886248991701,0.0007021319426558567
2019-11-28,0.006062129769290582,0.006258919663245929
2019-11-29,-0.010431252674238212,-0.0034788176008676733
2019-12-02,0.01692099553915818,0.006124374671925062
2019-12-03,-0.011662359186393108,-0.0028040362413918663
2019-12-04,0.021793453024174656,0.010816020520889313
2019-12-05,0.0006627927442598768,0.0020125931509615133
2019-12-06,-0.00032055521150414713,-0.002012093150360851
2019-12-09,0.005075485935529061,-0.0014725771951712597
2019-12-10,-0.006854901493984503,-0.005976152231621476
2019-12-11,-0.002278931846047847,-0.001957705841958607
2019-12-12,-0.0040405287012956976,-0.0001371516955346271
2019-12-13,0.0022371759485091923,0.0032355677652580878
2019-12-16,0.004297985648716084,0.004197309548695388
2019-12-17,0.019308958824016988,0.003450200098364709
2019-12-18,-0.0028201450004207065,0.0028283562039064882
2019-12-19,-0.0022299472387349996,-0.00045960693548323937
2019-12-20,-0.008981244385098352,0.001843606386957125
2019-12-23,-0.002013863844804027,0.009198200304779502
2019-12-24,-0.0074993150162117606,-0.0018476089666165272
2019-12-26,0.00817525637720648,0.0024455361049129697
2019-12-27,0.0031904291078316475,0.0037440170506244123
2019-12-30,0.0061100090081348795,0.002994427475734446
2019-12-31,0.0032028581709649677,0.0020178640209290587
2020-01-01,0.013398176834501943,0.004207672225610909
2020-01-02,-0.0028301444981437504,-7.922157297797451e-07
2020-01-03,-0.007339672732336412,0.0022164626645509193
2020-01-06,-0.0045448597364898535,-0.006010081457266606
2020-01-07,-0.002820145065194053,0.0028502797857848645
2020-01-08,-0.009060557953552918,-0.009279384802971438
2020-01-09,0.004144893013640053,0.0032253018874295564
2020-01-10,0.0032537978993736048,0.006967571434741112
2020-01-13,-9.113742954605089e-05,0.011277798987790268
2020-01-14,-0.002821663588633536,0.0005094355313838327
2020-01-15,-0.003827626397874879,-0.004973928723386298
2020-01-16,-0.004835271170794459,0.0032604920375558007
2020-01-17,-0.0035781221939844643,0.0028591426066657782
2020-01-20,0.0059939401227643236,0.003774522601841036
2020-01-21,0.007438499165627341,-0.00018643847224320725
2020-01-22,-0.010723239492874792,-0.00411563036630861
2020-01-23,0.005235637396003799,0.0015762284568720782
2020-01-24,0.03165235984009603,0.012596493459847907
2020-01-27,0.013653570158311668,0.004016852042342798
2020-01-28,0.0006108114539385665,0.0034407641648687335
2020-01-29,0.009208535391599135,0.00654626986815906
2020-01-30,0.007739609069844777,-0.004649638661762189
2020-01-31,0.02111721363359047,-0.0024390790701663365
2020-02-03,-0.018999171899274206,-0.005914006974342038
2020-02-04,0.01014321418329285,0.013800800076124971
2020-02-05,0.021729762163301417,0.006790942325100095
2020-02-06,-0.010206087461230515,-0.0017761497202763744
2020-02-07,0.0006405874969872005,0.009741885143280548
2020-02-10,-0.011642195505835876,-0.001419299937981542
2020-02-11,0.022504806370510003,0.009030062731298737
2020-02-12,-0.004745795081632009,-0.00021742515913366722
2020-02-13,-0.012779974784554978,-0.01017769853161891
2020-02-14,-0.010360887032488098,-0.0007853361748332913
2020-02-17,0.007913615076032693,-0.00032125364127044416
2020-02-18,-0.007492110194849185,-0.0016231405860823284
2020-02-19,0.013864324053607836,0.005180047868533565
2020-02-20,0.005548143889610807,0.004514520608004122
2020-02-24,-0.00773351861378368,-0.00783854877291938
2020-02-25,0.0014228261064096687,0.0002129499373336774
2020-02-26,-0.012751020447114786,-0.007675165343125637
2020-02-27,-0.01770188683841789,-0.003496415228178552
2020-02-28,-0.020308922962940415,-0.01512559255501783
2020-03-02,0.003585889051876001,-0.0038553179060231493
2020-03-03,0.015856315508621287,0.009736292606575296
2020-03-04,-0.006299017234256494,-0.006162314402718535
2020-03-05,-0.00944254653124545,0.0024023886544209884
2020-03-06,-0.011282152581866552,-0.011955680299824118
2020-03-09,-0.010974511119175275,-0.019640575428240103
2020-03-11,0.009713275684932037,-0.0017127591316766079
2020-03-12,-0.05582184569446494,-0.05044290334339023
2020-03-13,0.035593710818819145,0.020899849947278032
2020-03-16,-0.055346063240861616,-0.0558186274154976
2020-03-17,-0.00396516672724089,-0.007674973953410624
2020-03-18,-0.05133493554109568,-0.04215241938783435
2020-03-19,-0.01718947785307208,-0.019377905505384086
2020-03-20,0.044925520979103864,0.041424919485678245
2020-03-23,-0.06256044465022054,-0.08224176423641297
2020-03-24,-0.006870661633705242,-0.013320277609840385
2020-03-25,0.017527905343334843,0.0087259542572507
2020-03-26,-0.01042934730362792,0.005299668506158303
2020-03-27,0.011523086665919089,-0.0008838481194557999
2020-03-30,0.023227323885155464,-0.004897426322095992
2020-03-31,0.013137678666573144,0.029975825464141265
2020-04-01,-0.02397474697770452,-0.02148447487245147
2020-04-03,0.03380336962905099,0.012138195978171772
2020-04-07,0.05513740055763492,0.0395625990325367
2020-04-08,-0.000999224921819854,0.01266240562177696
2020-04-09,0.0017708404982137368,0.01977268731286006
2020-04-13,0.0053835879905406725,0.010038401282847593
2020-04-15,0.019676409012183843,0.008305374876952197
2020-04-16,-0.009578035378775553,0.001199847114593743
2020-04-17,-0.02737339589185912,-0.0008053372174642078
2020-04-20,0.015163944334985444,0.012287139183228903
2020-04-21,0.0283565940429174,0.0017220161705919172
2020-04-22,0.028506737240482666,0.021713297136146194
2020-04-23,0.018295490692928053,0.004642987331155877
2020-04-24,0.0029212091338706257,0.004564795316808703
2020-04-27,-0.0018289849234147818,0.004823633258713945
2020-04-28,-0.012735311637563822,-0.009661453989358557
2020-04-29,0.012111230730176115,0.003915210388633584
2020-04-30,-0.008290491832526595,0.0028110260866491023
2020-05-04,0.01845970206021999,-0.0022691382335073645
2020-05-05,0.008301155930799303,-0.008171697234902593
2020-05-06,-0.004199818806277173,-0.007060505499461375
2020-05-07,-0.030258606660005623,-0.013081549136106983
2020-05-08,-0.03816674897192118,-0.013761679853489922
2020-05-11,-0.012209279149037052,-0.008677965712185718
2020-05-12,-0.02472253383801308,-0.022232632399108224
2020-05-13,-0.0036652964693948296,0.010676673442665603
2020-05-14,0.015100170957074359,-0.004790848200229712
2020-05-15,-0.014942388543634633,-0.014563066020520805
2020-05-18,0.06828915459198472,0.022254470727845886
2020-05-19,-0.020828807364376915,-0.0057089430407032534
2020-05-20,0.01804763939110712,0.006075411137355076
2020-05-21,0.01072718810791,0.007885761744487742
2020-05-22,-0.023854158604295295,-0.002201346218321686
2020-05-26,0.003254589453468345,0.0067599359406216725
2020-05-27,0.015211907446070122,-0.0010716334975298955
2020-05-28,0.04024132117115266,0.0166700696397033
2020-05-29,0.016514131317160806,0.017111911136974266
2020-06-01,-0.019577465454816267,-0.0037294088500047983
2020-06-02,0.05600848178218877,0.027695935596057077
2020-06-03,-0.029905261993109923,0.0012221084327503396
2020-06-04,-0.018296902631631112,0.009076046008556826
2020-06-05,-0.006023243329922547,0.023932250972042473
2020-06-08,0.018991694637791278,0.006077054569340462
2020-06-09,-0.016190938567720064,-0.007300518613590165
2020-06-10,0.006320668335766083,0.0026161732213939057
2020-06-11,-0.022189464526508034,-0.014179429000167026
2020-06-12,-0.040542605176632954,-0.013113839423759172
2020-06-15,0.016440157766562935,-0.0054680427357223374
2020-06-16,0.014602084632711655,0.003044389489761745
2020-06-17,-0.007615904704906934,-0.0052588139024054535
2020-06-18,-0.05589476124502675,-0.025744308681731224
2020-06-19,0.045003947412183234,0.017787844373050306
2020-06-22,0.006689276873868685,0.025589896505405763
2020-06-23,-0.002394962064207994,0.019661863426900794
2020-06-24,0.0008350084881875164,-0.004382718029562213
2020-06-25,0.0005216281045710269,0.004783643936080379
2020-06-26,0.003413185354367638,0.015068816170267294
2020-06-29,-0.013081611640319188,0.0004578878336706539
2020-06-30,-0.01879082215542126,-0.0029212406379788528
2020-07-01,0.005368490695226182,0.0020970149374066704
2020-07-02,0.027623970166573423,0.009887384344999946
2020-07-03,0.03696032091337461,0.011500406870987927
2020-07-06,0.022743994572389414,0.008875215569229242
2020-07-07,-0.03258484516414772,-0.009074284657438177
2020-07-08,-0.015337091946164802,-0.016344207848334128
2020-07-09,-0.02405796639433715,-0.009903134222411274
2020-07-10,-0.01409961780893876,-0.006098844169081142
2020-07-13,-0.017779466873889767,-0.0009994265741375427
2020-07-14,-0.0021070620500714607,-0.011820450729095731
2020-07-15,-0.028810256259146554,0.0015806256616309846
2020-07-16,0.01084175639329728,0.0054256631852394295
2020-07-17,-0.013805777316912082,0.0007988377150991313
2020-07-20,0.010940663014848362,0.008003793312582202
2020-07-21,0.021310665635370207,0.008722715030416278
2020-07-22,0.007329365067631184,-0.00496536929436411
2020-07-23,0.03472455177970489,0.015486030900030595
2020-07-24,0.001769592665879843,0.002754299894570808
2020-07-27,-0.020671314008775823,-0.009934296429510985
2020-07-28,-0.0049467441621035575,-0.007438166490283556
2020-07-29,0.0020683405322851982,0.009448000811824776
2020-07-30,-0.013130045804442486,0.003605465415694481
2020-07-31,-0.01199269218436676,-0.000796603625105881
2020-08-03,0.006266213781155579,0.005940055004453005
2020-08-04,0.011096221756742356,0.004332907039946535
2020-08-05,-0.01296049468789564,-0.006400734856776444
2020-08-06,-0.007529859520170995,-0.004674224299777411
2020-08-07,0.029669590004072915,-0.003563277145069833
2020-08-10,0.05290348148604282,0.02355654039642298
2020-08-11,0.0069507570620139835,0.00019273247332459895
2020-08-12,0.008513430984640783,-0.0004895663847840654
2020-08-13,0.015236073671656096,0.007253910472062545
2020-08-14,-0.02364054483595715,0.0039736521734071596
2020-08-17,-0.008856924747617912,-0.00486333903593698
2020-08-18,0.019468185798929782,0.010898274025776485
2020-08-19,0.007114362649543756,0.0032823493955893438
2020-08-20,-0.00859354425892217,0.005786730051443248
2020-08-21,0.06559540159946166,0.02870885410108563
2020-08-24,-0.06406013069247642,0.005706196410886265
2020-08-25,0.021658889697303674,-0.010025061598316414
2020-08-26,0.0027812616531271575,0.013492281942943364
2020-08-27,-0.03994724375686444,-0.016446556755083837
2020-08-28,0.028762317474450596,0.019278137746495234
2020-08-31,-0.03497982495092262,-0.020927823050978015
2020-09-01,-0.001492794976058906,-0.013375838215062818
2020-09-02,0.009506001912292217,0.020276813978521727
2020-09-03,-0.015159470506793327,-0.004975474479508845
2020-09-04,-0.01269274148189094,-0.007584167727616305
2020-09-07,0.033020982526524974,0.026774364308753622
2020-09-08,-0.017925863067318568,-0.01605285074553953
2020-09-09,0.012760510997985646,-0.004970165764361312
2020-09-10,0.0023339467924752806,0.01484593799904083
2020-09-11,-0.017525211163301118,-0.009368154514443186
2020-09-14,-0.04944011737884593,0.00017659308971498648
2020-09-15,-0.011752054415011532,0.016946912460984447
2020-09-16,0.022841704348024235,-0.020112693891389408
2020-09-17,-0.0009896348200180232,-0.005909034949616017
2020-09-18,-0.02237960350423416,-0.006278023914198282
2020-09-21,-0.03319892949662555,-0.02779308823179494
2020-09-22,-0.060473136975013574,-0.03153126086334298
2020-09-23,0.0003137542336176351,0.0019385544430308781
2020-09-24,0.018644874702709906,-0.013277185074153462
2020-09-25,0.03289565038068424,0.027311780224614654
2020-09-28,-6.0062975845925817e-05,0.0035418446339136227
2020-09-29,-0.02753932043472487,-0.007101185353556378
2020-09-30,0.02758982918459876,0.004905313589201347
2020-10-01,0.009601581481454229,-0.0017549872742446244
2020-10-05,0.008087823154405916,0.002806924334173233
2020-10-06,-0.00870209182109309,-0.004393289000303128
2020-10-07,0.014176114432580014,0.005092175575501105
2020-10-08,0.010403517645549974,0.007989887853281048
2020-10-09,-0.01413892368537086,-0.004468713204501247
2020-10-12,0.010446600964043571,-0.0016578353400437313
2020-10-13,-0.012972892228973907,-0.00019881389116617205
2020-10-14,-0.002722668817244972,-0.007664805379610271
2020-10-15,-0.015516975867107957,-0.010013295514209184
2020-10-16,-0.011039162787383561,0.0028972603905226156
2020-10-19,-0.01996531677186044,0.005022023260137415
2020-10-20,0.0017354141058766944,0.003423969305157041
2020-10-21,-0.002451589852735109,0.002449722532650347
2020-10-22,0.011083608652359838,0.008146243863222533
2020-10-23,0.002809967366891581,0.006212769276272904
2020-10-26,-0.001598239342720624,-0.003276291958628986
2020-10-27,0.016727508427083218,0.0184670043071808
2020-10-28,0.012891356906318072,0.001727331119662047
2020-10-29,-0.00815316410643854,0.0004845079649854915
2020-10-30,-0.020897650965075107,-0.0003138077317857896
2020-11-02,0.003993286663362742,-0.0022935601737989197
2020-11-03,-0.008896491379306086,-0.0010209772561854467
2020-11-04,-0.0015672799045045654,-0.0004007458907576935
2020-11-05,0.008470350996860583,0.007688624792786467
2020-11-06,-0.004188558716228803,-0.005354591746033203
2020-11-09,0.025404799617038627,0.008050589597442615
2020-11-10,-0.01289260820592733,-0.015543506378405724
2020-11-11,0.0024152448916060832,0.011815755575135692
2020-11-12,-0.0057367155019384,0.0038995034414645623
2020-11-13,0.005640537825990622,0.005603855656282044
2020-11-14,-0.0023035962092348332,0.007575207557443588
2020-11-17,0.019661641480509338,0.014262769140302983
2020-11-18,-0.0211968350259082,0.0006768156922831749
2020-11-19,-0.02087939320550091,-0.0014064058328069377
2020-11-20,-0.0014441628402310329,0.006520112085514672
2020-11-23,-0.01952124710563059,-0.0011617485882790416
2020-11-24,-0.0016420903034540764,0.005817490265126621
2020-11-25,0.006736785323571929,-0.011689793005597263
2020-11-26,0.0003733073825572162,0.005841801070021756
2020-11-27,0.014120972740036274,0.004508471435867157
2020-12-01,0.039029979500037115,0.016941321226522827
2020-12-02,-0.045134856684557204,-0.01003348152517264
2020-12-03,0.022692116617899993,0.0058496072166607325
2020-12-04,0.03986072835631642,0.01492639183977627
2020-12-07,0.0036771918284446564,-0.0026019392142498073
2020-12-08,-0.010222725754046088,0.00409666818478059
2020-12-09,0.010412999630886538,0.0019816220742202243
2020-12-10,-0.0011717065522927732,-0.008341714204097857
2020-12-11,0.003414307536298669,0.003876128972759637
2020-12-14,-0.011830247943171715,0.005936651536084438
2020-12-15,-0.026440726421884116,-0.006226557012348736
2020-12-16,0.011786736068854404,0.0038000146856096706
2020-12-17,-0.010155730834855329,-0.00591400318533871
2020-12-18,0.004495754471632675,0.005397896061609971
2020-12-21,-0.019076316377090067,-0.02144252740932555
2020-12-22,-0.005032799589163213,0.00867233146579192
2020-12-23,0.014651584712758434,0.015129108274502383
2020-12-24,0.0014005579158823508,0.0013714974534169868
2020-12-28,0.01783119297062742,0.004329575173557257
2020-12-29,-0.016876702177623302,-0.0003280985115934984
2020-12-30,0.008848325282089422,0.0032583611362990775
2020-12-31,-0.005624175842086234,-0.0028247020290566053
2021-01-01,0.004774567412153213,0.0036013019924397535
2021-01-04,-0.012963192479647475,0.0012577590552657486
2021-01-05,-0.009316678189067585,-0.0037210527997701944
2021-01-06,0.02047727929207722,0.007504725295356592
2021-01-07,0.001311271518776467,0.004773671441648818
2021-01-08,0.016628951932921986,0.01211864973827419
2021-01-11,-0.003919724233819423,0.003753330692791633
2021-01-12,-0.006573843292997648,-0.005525992038969078
2021-01-13,-0.0028027013783486,-0.00650184458991216
2021-01-14,0.0014618040939144146,0.0037543176881062778
2021-01-15,-0.018568229835131057,-0.009413313534362465
2021-01-18,-0.011310989566487888,-0.011374852732170726
2021-01-19,-0.020569510504541307,-0.006349472043714246
2021-01-20,-0.025046025786915786,0.004195350887334898
2021-01-21,-0.006829191580675705,-0.004351421164487466
2021-01-22,-0.03404638528789483,-0.007569357959909132
2021-01-25,-0.022132722915839485,0.003917653232685821
2021-01-27,-0.023130928415713133,-0.012914664115459152
2021-01-28,0.03235515401987467,0.0004153066728461993
2021-01-29,-0.030999756985423788,-0.0010765367597244933
2021-02-01,0.03263621931805774,0.01904756082880002
2021-02-02,0.019019502741177963,0.017771540222843864
2021-02-03,-0.01780135302654101,0.004017706846095162
2021-02-04,0.024214861355368617,0.011581754951066451
2021-02-05,0.0009370287528501771,-0.002249629045475202
2021-02-08,-0.005961509855740492,0.0012510810390280007
2021-02-09,-0.0004570502645350853,-0.0029475879400941768
2021-02-10,-0.01728140392942782,-0.003959370794992272
2021-02-11,0.014320180618790276,0.0034885956812847046
2021-02-12,0.021619628703967442,0.006031278796850149
2021-02-15,0.018262329705830714,0.001237274624637564
2021-02-16,0.024066802647793088,0.005599618652506827
2021-02-17,0.030497367130042658,0.0059873798368427515
2021-02-18,0.0363587618330429,0.01567985815525774
2021-02-19,-0.025962976100122145,-0.015363673733781441
2021-02-22,-0.012553626664978331,-0.010800663060875222
2021-02-23,-0.0031151291067389574,-0.005035897968449357
2021-02-24,0.0007945674033012595,0.0044486555849008545
2021-02-25,-0.002600188614628164,0.004051633940413208
2021-02-26,0.017925152831334785,4.261621101293118e-05
2021-03-01,0.006860211850665689,0.009890120386224877
2021-03-02,-0.005242782998426449,0.011338084752958081
2021-03-03,0.0013111499732483332,0.002903640077342923
2021-03-04,-0.0038351762859403066,0.005898346007637244
2021-03-05,-0.01776869735168999,-0.007537135612091129
2021-03-08,0.0068321251436578466,0.013438745743334342
2021-03-09,0.0053885888088672125,0.004914095506573961
2021-03-10,0.009466618248921699,-0.0009963817265822112
2021-03-12,-0.000933435095450729,0.0008122865434314736
2021-03-15,0.007564039512673042,0.0017899852104487444
2021-03-16,0.015726600545524973,0.011346859937345733
2021-03-17,-0.008487812688840805,-0.012953921062043308
2021-03-18,0.0006662536633046468,-0.008060262125122713
2021-03-19,0.004833849488924101,0.006343637071196811
2021-03-22,0.011987191241623969,0.004451720160446924
2021-03-23,0.0199165769149834,0.005673349843233452
2021-03-24,-0.004739716597128758,-0.011250594686713616
2021-03-25,-0.009527419114186891,-0.013076408498529887
2021-03-26,0.01706055182373878,0.014629162655082718
2021-03-30,0.017647609243763282,0.017895774406705395
2021-03-31,0.005697202001936827,-0.0016157650605763071
2021-04-01,-0.013946036946438617,-0.002856998705325811
2021-04-05,0.006002211919792271,0.0009606300275556183
2021-04-06,0.0036716248898744524,0.0052847371577167445
2021-04-07,0.018602688807987454,0.012261069074320792
2021-04-08,0.0010181440201118713,0.0003360567328096506
2021-04-09,0.01153108966438477,0.009259090122991842
2021-04-12,-0.012983632742967658,-0.017953752919403262
2021-04-13,-0.006190429408295203,-0.0028203959075149445
2021-04-15,0.01350493856378054,0.007927745200612
2021-04-16,-0.003056550375926454,0.005029174614329958
2021-04-19,-0.011553378701138532,-0.015577777514309114
2021-04-20,-0.008625577237596061,-0.004664860073408704
2021-04-22,-0.001998097899306145,0.0007390660543942053
2021-04-23,-0.006125184401800557,0.0030348478801659343
2021-04-26,-0.003230717259739649,0.016690136282942056
2021-04-27,0.011310249282105516,-0.0012783647652821139
2021-04-28,0.00812982683007872,0.004783941866224758
2021-04-29,0.00771071609769149,-0.002746727877078474
2021-04-30,0.016178998727754638,-0.002047831351522314
2021-05-03,0.00280643513326517,0.00819115526852172
2021-05-04,-0.009917054639473536,0.0012009784108608383
2021-05-05,-0.024150702367541518,0.006447523811090228
2021-05-06,0.0165098626783255,0.0050676670894605445
2021-05-07,0.016600398023934454,0.004319605320160418
2021-05-10,-0.03507024231610452,-0.0051971541505989515
2021-05-11,0.004803379858599114,0.009926572523139696
2021-05-12,0.028262572393388967,0.0015132956537485453
2021-05-14,-0.015104021700823275,-0.0030550543753574528
2021-05-17,0.005180393107196791,0.004215617402909218
2021-05-18,0.02443507751095924,0.010215066327096699
2021-05-19,-0.004788383124973145,0.0063611682837054935
2021-05-20,-0.02564151398854517,-0.014734531470565448
2021-05-21,0.0006674054766738784,0.0060872922360165555
2021-05-24,0.019268993624614008,0.013519438932583706
2021-05-25,0.02735002004368485,0.005406708282366108
2021-05-26,0.00485494965565976,0.0043839907826944855
2021-05-27,-0.001062590226804652,0.006161878358236078
2021-05-28,0.005225902743280216,-0.004373497411805855
2021-05-31,0.0004350770985574676,-0.0031202498707691693
2021-06-01,0.005082204607051183,-0.003766260387962739
2021-06-02,0.02727504168086559,0.011530593529950154
2021-06-03,0.02069664595323551,0.020223793472105782
2021-06-04,0.0003093300796058111,-0.000919507958538674
2021-06-07,0.0108923424084119,0.0067799161171850555
2021-06-08,-0.003918028410285082,0.008221517036565738
2021-06-09,0.013802488261373268,0.0056401307801393725
2021-06-10,0.0030846952748575067,0.003442283468322698
2021-06-11,0.012308042392135454,0.0019252474853592527
2021-06-14,0.012437850145860142,0.004844781862728472
2021-06-15,0.00856083497175205,-0.006471584750996651
2021-06-16,-0.004958301278060058,0.006290832093422785
2021-06-17,-0.0019509558283941552,0.002105757627661773
2021-06-18,0.008361997839212768,0.0035840979784154603
2021-06-21,0.012160812890257222,0.010580295369528722
2021-06-22,0.008576078522490751,0.004243505950913369
2021-06-23,-0.020078339574004976,-0.00685198983094188
2021-06-24,0.003338444986028511,0.007044328598735668
2021-06-25,-0.011091734707715167,-0.010585173176446049
2021-06-28,-0.00948529077929933,0.0016655373470648293
2021-06-29,-0.0033242636721323073,0.0005703624382473397
2021-06-30,0.017799728980068107,0.007417478299195776
2021-07-01,-0.01614182317643777,0.0025950063932297794
2021-07-02,-0.0024107421522664148,0.0030844009792205893
2021-07-05,-0.008483522581432713,-0.0012531122236770363
2021-07-06,0.00977309672888249,0.005446904083310262
2021-07-07,-0.0014848114316917305,-0.002262390406473207
2021-07-08,0.015893883839339124,0.0035351530927623357
2021-07-09,-0.00439565235639102,-0.002838191020893563
2021-07-12,0.010094000240344264,0.002873549679620181
2021-07-13,-0.00039795920142344073,0.003009253397343771
2021-07-14,-0.007468017702371799,-0.0029890634221941227
2021-07-15,0.0033980356687464833,-0.0012797815629199346
2021-07-16,0.003460918571194082,0.004380803655463796
2021-07-19,-0.000321224427696576,0.006663458119879736
2021-07-20,-0.009465998055032092,-0.010179722640060137
2021-07-22,0.019274769890749045,0.014177205769075132
2021-07-23,-0.010627738635342601,-7.10561484441214e-05
2021-07-26,0.008610396301808633,0.0038942710568653986
2021-07-27,-0.018327148099932893,-0.008513392916027897
2021-07-28,0.02659431993898106,0.0027320751187528535
2021-07-29,-0.01953139897549748,-0.006669401547410086
2021-07-30,0.017437251923092728,0.009966508285653933
2021-08-02,0.002146091696577836,0.009909260808539272
2021-08-03,0.0069197603453025535,0.0029329970376003717
2021-08-04,-0.009696442013158285,-0.011896173905438456
2021-08-05,-0.0022485695338902035,-0.004444897399577238
2021-08-06,-0.008437933035822449,-0.005823886083773428
2021-08-09,0.013233417820375291,0.00035971461657734085
2021-08-10,0.01462972738527497,0.002372341561734994
2021-08-11,-0.007789973017562709,0.0007878977894879965
2021-08-12,0.0061513457880054915,0.006155459750217841
2021-08-13,0.0039447905485965095,0.004033320845101559
2021-08-16,0.01860132954128181,0.004091930171143994
2021-08-17,-0.005623406955432517,0.004376070348190504
2021-08-18,-0.001220620938386394,0.002402100635407191
2021-08-20,-0.01767662876736051,-0.008224354575543581
2021-08-23,-0.0052447629832963125,-0.006734408062675485
2021-08-24,-0.02460488260259941,-0.0019752575154196325
2021-08-25,-0.002343591782450142,0.004797203790297247
2021-08-26,-0.007420321668206023,0.0011385672833398063
2021-08-27,0.0031060836085114655,0.003970750259624576
2021-08-30,0.010645981616070128,0.008725963055529572
2021-08-31,0.013664182869160348,0.009283772749753587
2021-09-01,0.010241075929761376,0.0023064664032106707
2021-09-02,0.01845098359250756,0.013751254646698614
2021-09-03,0.002918686610439777,0.002048873185740103
2021-09-06,0.0023769185639034318,0.00034113018702598306
2021-09-07,-0.0005149689131140516,0.0012309942869121449
2021-09-08,0.001944670937590832,0.006472192836774242
2021-09-09,0.025253378179690256,0.013970749319351352
2021-09-13,-0.00040880690301154515,0.003218429366360823
2021-09-14,-0.001240396471653314,-0.004028792433861516
2021-09-15,0.006831615406272709,0.00650486468512693
2021-09-16,-0.01269951028738517,-0.0050770290065164795
2021-09-17,-0.011509286652198079,-0.0045367304395276115
2021-09-20,0.005864045242235162,-0.004931189631734294
2021-09-21,-0.0031042968090641276,0.0031963625389442563
2021-09-22,0.0065601560144587685,0.0036400533538743785
2021-09-23,0.0011856709483366048,-0.00546211725767623
2021-09-24,-0.0016945441057480651,-0.003467333730778117
2021-09-27,-0.01123842547589297,-0.009179192807875547
2021-09-28,-0.00911533460100655,-0.00502394013113592
2021-09-29,0.012197646554353802,0.0016043961319733347
2021-09-30,0.0011640863730514746,0.002148646724268891
2021-10-01,-0.004418027448841517,0.0072880782866388705
2021-10-04,-0.01249124136362569,0.009737325467056213
2021-10-05,-0.014838996591601018,-0.004494613258926524
2021-10-06,0.0027463878903104207,-0.005140225003579621
2021-10-07,0.03269589387462938,0.014429014873725552
2021-10-08,-0.01040402072819342,-0.001537380662500015
2021-10-11,0.002249141363180213,0.0034191191705711184
2021-10-12,0.0031194578702742953,0.0066814463420437255
2021-10-13,-0.004724547861970196,0.002310929730677568
2021-10-14,0.007066303284822069,0.0027371923905624117
2021-10-18,-0.012951826229862731,-0.0085791602720332
2021-10-19,-0.03351944108364042,-0.013248865232597667
2021-10-20,-0.007749084441317789,-0.014354656554028887
2021-10-21,-0.008289822337146112,-0.005471145021549393
2021-10-22,0.010118050534013425,-0.004692783579016753
2021-10-25,0.0008369197458483801,0.0008710201795119803
2021-10-26,-0.009514173689487378,0.0025314623869404865
2021-10-27,-0.0059391870568525915,0.0027559490276900587
2021-10-28,-0.004719709714540388,-0.009418435778636351
2021-10-29,-0.0027646664595810996,-0.0016542355347091756
2021-11-01,0.014177944242850862,0.011548563625822314
2021-11-02,0.011668629587056362,0.005054183633474192
2021-11-03,-0.0016477323168005934,-0.0016385378568211178
2021-11-04,0.005713705369352506,0.00659828075165983
2021-11-08,0.009983079132654624,0.004868855397245281
2021-11-09,0.005175652131956126,0.0028244171050743148
2021-11-10,0.002625668833219476,0.0010407358857506992
2021-11-11,0.0035999818938978628,9.80142006833907e-05
2021-11-12,-0.005493328090851234,-0.00016843397748666632
2021-11-15,-0.002888945011773344,0.000642903506562239
2021-11-16,0.0012153487106538955,-0.0036247602339217326
2021-11-17,-0.0032657734335127925,-0.0001662547482974494
2021-11-18,-0.007020049545982296,-0.009389981532194676
2021-11-22,-0.017434692099058773,-0.013694301756946487
2021-11-23,0.009595427024620599,0.006694953317328389
2021-11-24,-0.002101649619542871,-0.005407524937415035
2021-11-25,-0.008073847480988217,-0.0062683183582412216
2021-11-26,-0.01893002695653055,-0.011153049397175001
2021-11-29,0.010139003323592185,-0.0030841524346171345
2021-11-30,0.0067317849049092745,0.0027498693618045506
2021-12-01,-0.024046912943838157,-0.011236137525914585
2021-12-02,-0.00893441102417948,0.005657594870387814
2021-12-03,-0.009439410675429898,-0.003987599604173435
2021-12-06,-0.009574606636582014,-0.012099915402405485
2021-12-07,0.00010524168891717792,0.0067762828503164
2021-12-08,0.00401998104250934,0.004393329573234029
2021-12-09,0.0059738935523123825,0.006257438731139443
2021-12-10,-0.012263812695645644,0.0033051049770499385
2021-12-13,-0.00537516758464535,-0.0036832935390355864
2021-12-14,0.009159088654980135,-0.0009701477014525025
2021-12-15,0.006584784159340655,0.0007138010833784591
2021-12-16,-0.009862668164505206,-0.002633195175762302
2021-12-17,-0.017627551899497718,-0.009582501591720777
2021-12-20,-0.014218220891302013,-0.01899996819245725
2021-12-21,0.008875743981545118,0.005828507414153292
2021-12-22,0.0024069772571325048,0.005281133878795823
2021-12-23,0.010468163770811126,0.010087795443745832
2021-12-24,-0.010041238199796017,-0.008761575687133275
2021-12-27,-0.0009745656833339642,-0.0024581752223037817
2021-12-28,0.012351702832178443,0.015599305912712174
2021-12-29,0.00021228567027038367,0.0014140819049760286
2021-12-30,0.004428973290827971,-0.00012366153413122347
2021-12-31,0.00861028361303794,0.007968931953412736
2022-01-03,-0.002136123320773357,0.0026517207359576314
2022-01-04,0.01556397931659488,0.008262911599739393
2022-01-05,0.007177100568140942,0.0038119927186833643
2022-01-06,-0.0167256888751153,-0.0047631824227532035
2022-01-07,0.0040211896056213114,-0.001019169658888688
2022-01-10,-0.01127897950812637,0.005187157886010885
2022-01-11,0.004402206846346129,0.0022147626621933708
2022-01-12,0.00024639463078326984,0.001204379951279467
2022-01-13,0.001770381960481653,0.0017424524087902421
2022-01-14,0.013110614130283341,0.006695320795289778
2022-01-17,0.015071391098863485,0.0034877990158623836
2022-01-18,-0.00900337081341986,-0.010384462194160537
2022-01-19,-0.008916904403820716,-0.009462450453194363
2022-01-20,-0.002661414460375977,-0.004800925305918986
2022-01-21,-0.00296595309620102,-0.0065263666960886655
2022-01-24,-0.020994112225739138,-0.02735905447542781
2022-01-25,-0.00810019190900187,0.004507076161437383
2022-01-27,-0.012098503465699701,-0.008048814182261216
2022-01-28,-0.016153460024901214,-0.0028476831389694993
2022-01-31,-0.00038636563521061637,0.001437925976057533
2022-02-01,-0.012355386079852875,-0.00908404408157628
2022-02-02,-0.007519628520964275,0.0057029742479961084
2022-02-03,-0.0034218881557574257,-0.007145283131041003
2022-02-04,0.008249375604745196,-0.0034566766839652834
2022-02-07,-0.01388783549038411,-0.016231520786680012
2022-02-08,-0.011834625513116061,-0.0036122386026541634
2022-02-09,0.027031479864950834,0.014200903418297224
2022-02-10,-0.012928244702578494,-0.0036117529168671397
2022-02-11,-0.013044178558098925,-0.003177741735988874
2022-02-14,-0.008765650698692826,-0.011055904382497025
2022-02-15,0.003302073351509856,0.007192895072416732
2022-02-16,0.004425012302201804,0.008094392432692462
2022-02-17,-0.004693581124769237,-0.00028230692507665007
2022-02-18,-0.015072542652408063,-0.005306137281100399
2022-02-21,-0.008326999700202807,-0.006091071219428682
2022-02-22,0.006798038589522562,-0.0033804070182180306
2022-02-23,-0.013761537344216243,-0.007329359244305005
2022-02-24,-0.010193155356553046,-0.025018412076695105
2022-02-25,0.012993002349297587,0.016492834491514292
2022-02-28,0.05486378221558034,0.01871071597844577
2022-03-02,-0.005327077413582476,-0.007761392771464818
2022-03-03,0.012137676311591027,0.003451738424804592
2022-03-04,-0.040765082543338084,-0.012355892567658743
2022-03-07,-0.08804338289441552,-0.02337299946654519
2022-03-08,0.023874757203032625,0.0013759339886571403
2022-03-09,0.06475317365058236,0.01856778500268882
2022-03-10,0.005433313216122521,0.012223861039962267
2022-03-11,-0.006050667499720412,-0.0015462798095384062
2022-03-14,-0.030545555818393813,-0.0028159718575936445
2022-03-15,-0.0036918732755171014,-0.007429167627942083
2022-03-16,0.00036710408203941697,0.00905811929343184
2022-03-17,0.018513695085478014,-0.0025413510522921704
2022-03-21,0.001752850186424027,0.0013290978907169082
2022-03-22,-0.009262832911112979,-0.002474100617578975
2022-03-23,0.028981417536616885,-0.011559605780765078
2022-03-24,-0.0199249969713456,-0.005157226458385067
2022-03-25,-0.004278051823005286,-0.004366774529052316
2022-03-28,0.0096759614692088,-0.0026054941148094314
2022-03-29,-0.0038665954206042593,-0.006163152365991501
2022-03-30,0.02146019636487545,0.010326746198837099
2022-03-31,0.004022105148338526,0.0034551467453816567
2022-04-01,-0.0014677542550871215,0.002819805124466563
2022-04-04,0.005603891892570606,0.009916432481343685
2022-04-05,0.002428783592543964,0.004073889065167207
2022-04-06,0.004155587232919639,0.0002612564598112625
2022-04-07,0.01669488843817327,0.006174173787547786
2022-04-08,0.011315789891124625,0.009773904330677161
2022-04-11,0.002126136958959096,-0.0062500343375602495
2022-04-12,-0.012614583424553055,-0.0095084668677486
2022-04-13,-0.009267272913653384,-0.0003501612702831564
2022-04-18,0.005602097781401842,-0.004557067139436951
2022-04-19,0.02060135862346983,0.0022042084634360457
2022-04-20,0.011898038896207176,0.0023341243563568446
2022-04-21,-0.008693826937341581,0.0015548419261335455
2022-04-22,-0.012561536687973017,-0.0037248160429040776
2022-04-25,-0.018788176622322156,-0.013539910124900557
2022-04-26,0.010053952214753283,0.008056840016239986
2022-04-27,0.004800499351519449,-0.0030813066229538714
2022-04-28,-0.012741038236231073,0.0005481800096097616
2022-04-29,-0.020751805154832808,-0.011381202697119473
2022-05-02,0.0031842233249426023,0.00556234129867137
2022-05-04,0.021244140408071474,0.000682277660907094
2022-05-05,0.007517431039343383,0.006642887617266986
2022-05-06,-0.014555534872609393,-0.008361865959141254
2022-05-09,0.007034606045126933,-0.004428983104421224
2022-05-10,-0.031008528371939275,-0.008667047487819681
2022-05-11,-0.03548643807387006,-0.016807316490968723
2022-05-12,-0.012734024427090878,-0.01101943188874025
2022-05-13,-0.012450301760823861,0.010179519248308025
2022-05-16,0.0026031383332167698,-0.011494918427087832
2022-05-17,0.011347741188506011,0.00866377746033214
2022-05-18,0.013115922899863833,0.012731412413567999
2022-05-19,-0.029988249157051727,-0.018851450007160254
2022-05-20,0.023582600754071738,0.005939999794750441
2022-05-23,-0.001227284603072194,0.004407118757916256
2022-05-24,-0.017008387011617245,-0.001873433544049152
2022-05-25,-0.012782480208038072,-0.0057746211026140715
2022-05-26,0.004716034294661065,0.0031596700515390615
2022-05-27,0.027259601512380306,0.019744528343036253
2022-05-30,-0.010111653138279993,-0.0011628100943380294
2022-05-31,0.004012616645062105,0.007784882716697373
2022-06-01,-0.013433292284900212,-0.0019656215088506767
2022-06-02,-0.02370319946760544,-0.006535044664711263
2022-06-03,-0.01972428782737569,-0.016760189213509195
2022-06-06,-0.019398934735831222,-0.00836365949512734
2022-06-07,-0.028270507774905352,-0.015028956354364305
2022-06-08,-0.014651239500823398,-0.006545775779182323
2022-06-09,-0.00671552346760746,-0.001138668073503445
2022-06-10,0.01422335095753979,0.0017323180727764954
2022-06-13,0.007418614195182023,-0.004389688822703647
2022-06-14,0.00803051425891739,0.008123117317861719
2022-06-15,-0.0015120461960220549,-0.001626223314138153
2022-06-16,-0.010936918823365612,-0.01192836968137381
2022-06-17,-0.014891441038284197,-0.015719496225453617
2022-06-20,0.0308566162718241,0.015777814186398217
2022-06-21,-0.012348091250014157,-0.0010362784891200492
2022-06-22,-0.019240583933272482,-0.010112742551729314
2022-06-23,0.009601292901990298,0.006201260473380477
2022-06-24,-0.011857170383571133,-0.0030792801549575206
2022-06-27,0.011015081143718516,0.004779253877723494
2022-06-28,-0.02214711814854753,-0.0018276527783081579
2022-06-29,0.007580869104844987,0.010420429217844375
2022-06-30,0.012875572088263528,0.00893716526827186
2022-07-01,0.01727492208822215,0.005789789338494781
2022-07-04,0.025549447254997974,0.01722949961924886
2022-07-05,0.009433021075586091,0.009246389423467604
2022-07-06,0.018923713048362538,0.012041481244950449
2022-07-07,-0.0008815016200211523,-0.0010884731280264724
2022-07-08,0.016980409147896905,0.010905981011840132
2022-07-11,0.004039612530552425,-0.002809139360879986
2022-07-12,-0.005412811032033922,-0.009323062594117254
2022-07-13,0.004264593998157722,0.0042495135183792
2022-07-14,0.009572667793212636,0.007452786875477557
2022-07-15,0.021609294303710454,0.012475568059839223
2022-07-18,0.002172469825447541,0.006740541076421373
2022-07-19,0.006799995429089597,0.006122536429821926
2022-07-20,0.002324006295126633,-0.0016264220455463967
2022-07-21,-0.004778379162851645,0.004045267849577488
2022-07-22,-0.0004023601559685608,0.0017229811211059971
2022-07-25,0.023805174844056795,0.008954890190033005
2022-07-26,-0.018721731835123316,-0.008095028258670495
2022-07-27,-0.005502798014890865,-0.0011966113299749597
2022-07-28,-0.005722364908619252,-0.0045487288446940995
2022-07-29,0.01598181167592779,0.022237387412854102
2022-08-01,0.01827232450921526,0.008470792748144908
2022-08-02,0.02542871672939544,0.018953471115767544
2022-08-03,0.014276219589995634,0.003155860035938498
2022-08-04,0.023545031361363628,0.00808829880994421
2022-08-05,-0.016536677831019062,0.000687520410112928
2022-08-08,-0.009857058857674832,0.0020686483028370915
2022-08-10,-0.016289843697460407,-0.009871559310514661
2022-08-11,0.001147600619117649,-0.0011667333848355047
2022-08-12,0.008429741530666644,0.0035575784644823645
2022-08-16,0.011148587151772344,0.007751250274066521
2022-08-17,0.009249408014558844,0.006418843155732916
2022-08-18,-0.017136543979803534,-0.0035371397410168676
2022-08-19,0.003104423662401435,-0.005134413427799797
2022-08-22,0.0020610756112056238,-0.0015848840335399932
2022-08-23,0.010514026085729725,0.006043998878129899
2022-08-24,0.007689976104913344,0.005491395157288311
2022-08-25,-0.01507783472253181,-0.008032311335148807
2022-08-26,-0.002002689679668195,-0.0040151164704845446
2022-08-29,-0.013213518403942866,-0.01131447515983886
2022-08-30,0.005980097150891079,0.0011295463186322794
2022-09-01,-0.02334419792530195,-0.014422857465104865
2022-09-02,-0.023301567794708787,-0.0047967092006913105
2022-09-05,0.004856940651636018,0.008093069789734824
2022-09-06,0.018429233171752327,0.01244858329323258
2022-09-07,0.018520374600773815,0.0037744092804188824
2022-09-08,0.005159888739421602,0.004812756260640488
2022-09-09,-0.004849358120495454,-0.00024373954588184264
2022-09-12,-0.003993397427644492,0.0053762533400535635
2022-09-13,0.010718488093941589,0.005703757432088879
2022-09-14,0.009842276861695051,0.005743204470770529
2022-09-15,0.015413399934469788,0.008869476113406756
2022-09-16,-0.05383368890119787,-0.03655585919721266
2022-09-19,0.02018551186343688,0.0083800886915731
2022-09-20,0.029063023186538577,0.021621970210586247
2022-09-21,0.029072101613412248,0.009837577288463163
2022-09-22,-0.013652623557316411,-0.003435668552597962
2022-09-23,-0.007079020995379563,-0.008746602331203925
2022-09-26,-0.012032156730724587,-0.008143844231722833
2022-09-27,0.013581043104899375,0.003640534102562278
2022-09-28,0.0018776107126485778,0.0010681833627711537
2022-09-29,-0.007023940739012513,0.0060846910543340595
2022-09-30,0.02922071397987441,0.018039221127036386
2022-10-03,-0.003400856139559881,0.0016207427353790087
2022-10-04,0.00437143693838383,0.006641420571103548
2022-10-06,-0.02349558089679693,-0.015009918510630616
2022-10-07,-0.005053095607075984,-0.004044586484839047
2022-10-10,0.013815130988133925,0.0030714127090297155
2022-10-11,-0.011997121975343349,-0.00692656301364276
2022-10-12,0.0041062467613298395,0.006287447590519316
2022-10-13,0.007161191779198275,-0.003858602572094331
2022-10-14,0.0012775925244424115,0.0041551853881260335
2022-10-17,0.006010897156568648,0.005333102018781177
2022-10-18,0.01039587266539009,0.008553959451659718
2022-10-19,0.0017990254396035277,-0.0021597282230708613
2022-10-20,0.011680015721167971,0.009054568462118556
2022-10-21,0.004729057593697976,0.0019701290543377927
2022-10-24,-0.012324976859192252,0.0002540175442196349
2022-10-25,0.005320455940175691,0.005306993082722948
2022-10-27,0.008552462179924754,0.007104267993367057
2022-10-28,-0.00615021164951733,-0.003454032048328813
2022-10-31,0.005359755247644192,0.0037868906162748382
2022-11-01,0.004660188988973229,0.004001067667073811
2022-11-02,-0.00222139651027659,-0.0031502218183486804
2022-11-03,0.016040442871877857,0.004712292020363694
2022-11-04,-0.005334396333047113,-0.0034755727783313704
2022-11-07,0.00978493268785485,0.0028664074184172003
2022-11-09,0.008429662178974633,0.0033644457800369046
2022-11-10,0.02378822987713169,-0.0003573840586399322
2022-11-11,0.0030433575123160897,-0.004456112193146084
2022-11-14,0.0032159420585176277,-0.00024095590860685696
2022-11-15,0.012024945963386715,0.011958406505252834
2022-11-16,0.016186946264709085,0.007432209600215719
2022-11-17,0.00801943785893687,0.00018430139568627337
2022-11-18,0.0018214195908333422,-0.0005580600896203482
2022-11-21,0.006113966528506593,0.005435830663548583
2022-11-22,0.032513044413299,0.011732602756404049
2022-11-23,-0.012759444084898593,-0.0034025811569478297
2022-11-24,0.00920579669596968,0.010004153254045625
2022-11-25,-0.007203813691879321,-0.0050598022228289345
2022-11-28,0.008301812787283565,0.013499533171487053
2022-11-29,-0.027229328730533693,-0.0045205131789128475
2022-11-30,0.01772736073339156,0.01064488146167159
2022-12-01,-0.0022689545766251297,5.7648367377363815e-05
2022-12-02,0.007444147876142121,-0.0011458566540595077
2022-12-05,-0.011292487774922203,-0.009000279440576025
2022-12-06,-0.011676694494548803,-0.006078792328447809
2022-12-07,-0.0023763562324153778,0.005599616780883557
2022-12-08,0.0029948028125581097,0.008718146915216328
2022-12-09,-0.012098959475453756,-0.003948748813620121
2022-12-12,-0.00724538561354899,0.0023207418536610337
2022-12-13,-0.007870890370430622,0.011080097866163817
2022-12-14,0.003093373078527686,0.00615558354538837
2022-12-15,-0.01508390146862457,-0.006559369972201301
2022-12-16,0.018857218532405778,-0.0020840268903174718
2022-12-19,-0.010617093859286532,-0.00237244967794404
2022-12-20,0.02078327630348914,-0.0008157898948087899
2022-12-21,0.0029521003442155996,-0.0023556009398033395
2022-12-22,-0.013066278065450689,-0.01287446673606761
2022-12-23,0.00212517967845859,-0.01758019035734525
2022-12-26,-0.0019691012785583123,0.012383094136730784
2022-12-27,0.0025974419441344657,0.012845813940016859
2022-12-28,0.031236447526002978,0.006213332020216484
2022-12-29,0.0023275075634340515,-0.0018738896753285068
2022-12-30,0.0005511302768842609,0.0005766496685833046
2023-01-02,-0.010093763095294486,-0.002404859691611293
2023-01-03,0.0020753953138698197,0.00026579973149105403
2023-01-04,0.004905287148692116,-0.0020525513373491735
2023-01-05,0.010355128277571218,0.007339513261783211
2023-01-06,-0.0022626334301748896,-0.0038690240226170692
2023-01-09,-0.010341660906924361,0.001922028890172622
2023-01-10,0.00033109512304735985,-0.00011975216521459454
2023-01-11,0.006258644492079354,0.0032050373480716956
2023-01-12,0.0042476129407055035,-0.001736141634719257
2023-01-13,-0.007907999568116756,-0.001164602820365121
2023-01-16,-0.007884275046085566,-0.0022974475602193303
2023-01-17,-0.003261087511308181,-0.0012110299781019334
2023-01-18,-0.004539036675776532,0.0011413957645963972
2023-01-19,-0.015099463080645862,-0.006932239084521589
2023-01-20,-0.004213828688915599,-0.005436188430239459
2023-01-23,-0.007925704791547654,0.0005024973907344251
2023-01-24,-0.01213606953238508,-0.0010204781051914775
2023-01-25,-0.0005743617318954965,-0.0023056880054860675
2023-01-27,0.016762170989258342,0.0006192293740985275
2023-01-30,0.021230035141316803,0.006589760804715172
2023-01-31,0.020061747824824894,0.006113865667028026
2023-02-01,0.004366723725082101,0.00462020076680478
2023-02-02,-0.003959728070938968,0.004577945408938934
2023-02-03,0.01985874561265238,0.009619672384838353
2023-02-06,-0.006102926092267014,0.005601677867216442
2023-02-07,-0.012278753056630549,-0.001201999836477611
2023-02-08,-0.0029486891660754416,-0.0008798624308027497
2023-02-09,0.00681402615970958,-0.0015490374005319733
2023-02-10,-0.010128992047745658,0.00567984179285445
2023-02-13,0.007429550432575534,-0.006586462520260922
2023-02-14,0.005857366119701096,0.00015506822590035199
2023-02-15,-0.0038409939579964318,0.0033420840387008805
2023-02-16,0.025011398162231874,0.00693311918921985
2023-02-17,0.007536352782757453,-0.00016485970561930957
2023-02-20,0.0018489918252720288,9.48518160419582e-05
2023-02-21,0.006879324235403339,0.002162931279779779
2023-02-22,0.021326843379736435,-0.0005896238780200812
2023-02-23,-0.009280061898422369,0.0011109553220587406
2023-02-24,0.002035120966052327,-0.0008124774677913298
2023-02-27,-0.019359581429802878,0.003866648324486439
2023-02-28,-0.0056772357879853914,-0.003735467105565023
2023-03-01,0.0015058421951261464,0.0038432799055669294
2023-03-02,0.01174886687622528,-0.005924723371764154
2023-03-03,-0.005627824271324362,-0.004093454130855054
2023-03-06,0.0011775117749797796,0.007373712758702689
2023-03-08,-0.005975900810432884,-0.005443552970302398
2023-03-09,0.002734757624200347,-0.0022401437481731623
2023-03-10,0.003564661275210182,-0.0007649532910809092
2023-03-13,-0.005635863199996989,-0.009003499735105367
2023-03-14,0.0025793533144733683,-0.006538539086922249
2023-03-15,0.0013691962862014302,0.004447666414726207
2023-03-16,-0.015547290363273434,-0.004409889565171163
2023-03-17,-0.009095665282435814,-0.003121242540532874
2023-03-20,0.02746490778997254,0.004580718795351991
2023-03-21,0.001256964933443772,0.0020428493754116863
2023-03-22,-0.0019568063785786586,0.001948578211703901
2023-03-23,0.005402995750340269,0.0031023780070959985
2023-03-24,0.0001428584345702878,-0.001543436833387702
2023-03-27,0.001094275585662805,0.0016553502437874111
2023-03-28,0.004963147533226754,0.005521656704516799
2023-03-29,0.009307800979162445,0.004898516493905897
2023-03-31,0.0038650886895453796,0.004857556735987041
2023-04-03,0.018319221199421157,0.005970906935412376
2023-04-05,0.01922299266511835,0.005895274006606583
2023-04-06,-0.001608501093259316,0.0016763838216306063
2023-04-10,-0.020986436967416384,-0.0001280769379123587
2023-04-11,0.002830019092274174,-0.004342554008124643
2023-04-12,0.01163752636460204,0.004054523423008461
2023-04-13,-0.0010905627018401923,-0.0035124498479097814
2023-04-17,0.013171607279046682,-0.00014404451648589145
2023-04-18,0.018190432814183463,0.010963245355986672
2023-04-19,-0.003344288202228994,-0.003091327732996879
2023-04-20,0.019683712785091737,0.0012950822061154788
2023-04-21,0.011242734320577217,0.005609792575387792
2023-04-24,0.008630746388238873,6.367585245009974e-05
2023-04-25,-0.0034070309565117935,0.003287464850277681
2023-04-26,0.010037496854993005,0.006007059764813074
2023-04-27,-0.008082079212260116,0.002603356516235487
2023-04-28,0.018752425582749373,0.00917714023130194
2023-05-02,-0.007832849477049177,-0.0035637649243897168
2023-05-03,0.00835109340526382,0.008320121329283812
2023-05-04,-3.620097150692169e-05,0.0024391684827096477
2023-05-05,-0.006474391384336473,0.0019454688218972416
2023-05-08,0.011196561585693158,0.005634583685291603
2023-05-09,-0.0004431943085373133,-0.0014783121021384698
2023-05-10,0.01183617862005985,0.00597253995889986
2023-05-11,0.000875481649337183,0.007313776027794909
2023-05-12,-0.009263947980673967,-0.004564054831489287
2023-05-15,0.005456872375654172,0.005859746698411297
2023-05-16,0.000825440132132231,0.001073920335309781
2023-05-17,-6.6765339538717335e-06,-0.003939381135760563
2023-05-18,0.00015004333013607797,-0.001028714353572371
2023-05-19,0.011987501332376596,0.0001635123772998167
2023-05-22,0.022144573929456225,0.0058047327933081466
2023-05-23,0.0022449911162512053,0.000974247208455956
2023-05-24,-0.0042125258473705235,-7.086820314982212e-05
2023-05-25,0.0027134674356581695,0.00621834865810229
2023-05-26,0.013321576398925339,0.013321994177697328
2023-05-29,0.001669198726131129,0.006720676928902907
2023-05-30,0.011578487566318074,0.003925014045718716
2023-05-31,0.00642381798688344,0.0005782221391622423
2023-06-01,-0.00559205791938666,0.00038961708987050143
2023-06-02,0.007047523865088539,0.0062966903474675675
2023-06-05,-0.00974452633953407,-0.0021902174053707317
2023-06-06,0.015592868875301634,0.0004090800971291136
2023-06-07,0.018929671910835243,0.010163755249040764
2023-06-08,-0.0004729138377099237,-0.005485704420457611
2023-06-09,-0.021939559815637347,-0.0009191618755498953
2023-06-12,0.013375130975049098,0.007552712609750775
2023-06-13,0.0026042174877960516,0.007321063019136837
2023-06-14,0.01696606539691837,0.004490213754642208
2023-06-15,-0.00798053753551884,0.0014839727155481314
2023-06-16,-0.0010460108629426826,0.008715315897576365
2023-06-19,-0.00941387101031756,0.005845664720729283
2023-06-20,0.022920818344956583,0.007050362826658736
2023-06-21,-0.001554496731652815,0.003529420152569107
2023-06-22,-0.007804052033596381,-0.002880243628294072
2023-06-23,-0.020241980697684653,-0.003271912054877928
2023-06-26,0.008287221664941068,0.005865804744577928
2023-06-27,0.004521897361402383,0.0010144545305257036
2023-06-28,0.0005558159169428503,0.00444369961898294
2023-06-30,0.0013276663299322056,0.0014406125817295514
2023-07-03,-0.0018202008864015044,-0.0036389576714889937
2023-07-04,0.0024652121272570513,0.0016459285657160737
2023-07-05,-0.016164440101891386,0.003383590590220642
2023-07-06,0.014647052967940865,0.011140450075637154
2023-07-07,-0.010988957390696734,-0.009730317662487708
2023-07-10,-0.005305167854593803,-0.003131017057551581
2023-07-11,0.005895550310107084,0.009806758144529215
2023-07-12,0.006400518831596321,0.004737024137281938
2023-07-13,0.005296402944568398,0.00017036638983626727
2023-07-14,-0.006347599635538399,0.004249837053867017
2023-07-17,-0.005191921139353781,-0.00036530990293784523
2023-07-18,-0.0018283395081061468,-0.005337557164525398
2023-07-19,-0.0015038507719345397,0.0063953059350050296
2023-07-20,0.016163782480784664,0.0023994361250045827
2023-07-21,0.008118548921912537,-0.0006907922048789803
2023-07-24,-0.00042546011899587273,0.0006798990025769648
2023-07-25,0.0014796412232252931,0.0041921197707111705
2023-07-26,-0.0046634718550147575,0.0026876411812643535
2023-07-27,-0.01199140720080092,0.003628791634790016
2023-07-28,-0.0012462214948488872,0.0012014749893137536
2023-07-31,0.004233682699640027,0.0017885543232744956
2023-08-01,0.00120816339795204,0.0023135429007494117
2023-08-02,-0.006941964034503145,-0.011329002305454524
2023-08-03,-0.011205002339213142,-0.00829891820787793
2023-08-04,-0.006166803244328877,0.0012549299494012955
2023-08-07,0.025663664595014266,0.0037785218316966143
2023-08-08,-0.0008558340121313792,0.00017075678330701283
2023-08-09,-0.0037304219047772473,0.002201584614486174
2023-08-10,-0.001982059633630403,-0.008996466907906925
2023-08-11,-0.008067275742063345,-0.004599174749620707
2023-08-14,0.00544107774561104,-0.0028538688770222325
2023-08-16,0.0010211434743571414,0.0009872347864957804
2023-08-17,0.011011667761373039,0.0014705566024833267
2023-08-18,-0.0007830069774859318,0.003639463609728724
2023-08-21,-0.0066069678891166545,0.0018076164102762567
2023-08-22,0.004957098537077313,0.0024300632210070726
2023-08-23,-0.012070494815277086,-0.0010448474861998467
2023-08-24,-0.002133235244937773,0.0013586831010895
2023-08-25,-0.01692363672576597,-0.005912042978797277
2023-08-28,-0.012704665922534353,-0.0006187073282328212
2023-08-29,-0.008016330340354037,0.0035436795634716163
2023-08-30,-0.007855532708062012,-0.001304591265777898
2023-08-31,0.004504005364435337,0.0006909318385698868
2023-09-01,-0.0007596654342747133,0.006612111016071009
2023-09-04,0.0015071564862966743,0.00041459254561109616
2023-09-05,0.007096927462181148,0.01115388311614845
2023-09-06,0.0010546193070268357,0.003136183833628716
2023-09-07,0.005597568680799284,0.005327587286680487
2023-09-08,-0.001480339332205078,0.0009597102859508692
2023-09-11,0.0071028626270071655,0.004586889828031558
2023-09-12,0.0041816512336205446,-0.009815511402941115
2023-09-13,0.010288550223645533,0.006026107770709243
2023-09-14,-0.015287948367891423,0.0015883031376996903
2023-09-15,-0.006000385044540549,0.0017314543810139464
2023-09-18,0.0049656525071441505,-0.0017253693716710314
2023-09-20,0.003463912941942516,-0.005149719173167961
2023-09-21,0.0036261086111499235,-0.0043066297646143885
2023-09-22,-0.018604530609240173,-0.00872222392557565
2023-09-25,0.0061211914243994355,0.003523351695609916
2023-09-26,-0.00012153280762190657,0.0023660992898382814
2023-09-27,0.0008240564375599955,0.004500083565188295
2023-09-28,-0.01351070663091669,-0.010325974268328106
2023-09-29,0.006153237753089993,0.008474540523651083
2023-10-03,0.003832699799568305,-0.0009688479051307474
2023-10-04,0.005303047490680925,-0.008350820133490195
2023-10-05,0.002981060026099024,-0.0016718822214301862
2023-10-06,-0.0033132459965535925,0.0011870863609635377
2023-10-09,-0.015741035060983573,-0.010213465455593818
2023-10-10,0.01065119738923036,0.007102124144688609
2023-10-11,-0.0045100347798459495,0.0059561669911983445
2023-10-12,0.021609320464086767,0.006485573515395366
2023-10-13,-0.0029498570759404884,-0.003341860052324977
2023-10-16,-0.01148200308486808,-0.0034701435388705968
2023-10-17,-0.0016420070176448507,0.0015168132311411619
2023-10-18,0.013665659802977194,-0.0023835059535069515
2023-10-19,0.0001943755085295146,-0.0031653871767119953
2023-10-20,0.00500315457176057,-0.0007903361924583357
2023-10-23,-0.02396991373540302,-0.018469783596022884
2023-10-25,-0.0071805001566455535,-0.010166023945629932
2023-10-26,-0.016996447717516613,-0.013083444939627075
2023-10-27,0.009678706951395184,0.016040709722651893
2023-10-30,0.006805702397835109,0.0004683900598377527
2023-10-31,-0.003028316130001734,0.0038171283173421425
2023-11-01,-0.0007864591731278818,-0.0035054553645415274
2023-11-02,-0.012291506996561362,0.005682811932543656
2023-11-03,0.008923710068031653,0.009291347219832028
2023-11-06,0.02919853627362549,0.011164703935622232
2023-11-07,0.0013045288884631248,0.00016644133483447235
2023-11-08,0.008780523786423355,0.0032006706091259516
2023-11-09,0.0037766438181714088,-0.003313638993509948
2023-11-10,-0.011807542984070054,-5.979893805808771e-05
2023-11-13,-0.01139423765790041,-0.0004468614051647928
2023-11-15,0.008058766842174731,0.0070161419701916935
2023-11-16,0.008293839014254751,0.00507169484219917
2023-11-17,0.01078889487193508,0.003341867637006873
2023-11-20,0.0004011957591238532,-0.0015309764966612066
2023-11-21,5.8196156186243134e-05,0.0035619395727933155
2023-11-22,0.007889193047350262,0.004182107125746254
2023-11-23,-0.0015129918435154983,0.0024603714162501236
2023-11-24,0.009298545692882177,0.006324106985865133
2023-11-28,-0.002879374794446284,0.0019787827616622954
2023-11-29,0.014456900293275766,0.006743821562940757
2023-11-30,0.010869037866143953,0.011745763800709312
2023-12-01,-0.0042637464063856175,0.004882406102371256
2023-12-04,-0.003620980560342135,0.010604823231838454
2023-12-05,0.006455251334201733,0.002799273926985193
2023-12-06,0.0057912226706247835,-0.0016667185552110928
2023-12-07,0.015738415020219148,0.003866315743061785
2023-12-08,-0.0020699228723417866,0.0005736417120221493
2023-12-11,0.007045193123084432,0.005518216354389667
2023-12-12,-0.01302401198571677,-0.006294518282620979
2023-12-13,-0.0005770930608862235,0.003476867712407253
2023-12-14,0.007427842812911468,0.009423892567028937
2023-12-15,-0.006231231406649066,-0.0002795407113436328
2023-12-18,-0.005239463058884219,-0.0026313968616422986
2023-12-19,-0.0013435970073980225,0.0008034943464534613
2023-12-20,-0.005764332186235041,-0.01468316369648205
2023-12-21,-0.009847122949714262,0.0010330717098283337
2023-12-22,0.020422300959790543,0.010265257832855972
2023-12-26,-0.004183251923660403,0.0014810423660763365
2023-12-27,-0.000565734571784802,0.005939570137045611
2023-12-28,0.010110876552469311,0.006259089841292156
2023-12-29,0.02689652775601303,0.00928956506264026
2024-01-01,0.005788222411152751,0.0007267943368736986
2024-01-02,0.0015043959573508461,0.0020898110537608382
2024-01-03,-0.004948654472072938,-0.002368315806958841
2024-01-04,0.007564179678604812,0.006223695144845625
2024-01-05,0.01762248468641762,0.0037425729284652847
2024-01-08,0.0010532403411722786,-0.008630326990224306
2024-01-09,0.013297795983297113,0.0011268229526284331
2024-01-10,-0.011017688203074855,-0.005659580690255043
2024-01-11,0.012138737016473451,0.002273248628499386
2024-01-12,0.01959443236813134,0.008168015078201973
2024-01-15,0.01296884788481986,0.0068206270804241215
2024-01-16,0.009243586033652725,-0.0002580616095087402
2024-01-17,-0.0029445842304903426,-0.009230867388988371
2024-01-18,0.012708650338933414,-0.0009995818959569233
2024-01-19,0.0013274669952704208,0.006553807413120227
2024-01-23,0.005144167398153015,-0.01622658910135236
2024-01-24,-0.0025658654056132605,0.005543830425146673
2024-01-25,-0.03457346369920513,-0.013883806686125315
2024-01-29,0.003174770716263719,0.009005486801614677
2024-01-30,-0.018500276629379326,-0.008174121460604696
2024-01-31,0.018670959328599135,0.017719288772063604
2024-02-01,-0.021428065435030088,-0.011947742371761922
2024-02-02,0.00024350823483005723,0.0006892210573380901
2024-02-05,-0.009382901422490604,-0.0075113525872364485
2024-02-06,0.010457606314516237,0.00948596405772381
2024-02-07,0.014928406051635236,0.01232229409664623
2024-02-08,-0.007620441530350318,-0.0055459431816058825
2024-02-09,0.0029847050582072804,0.00018212585705044068
2024-02-12,0.009756543403493993,0.004488132286273209
2024-02-13,-0.010318069579672297,-0.0022918251439519263
2024-02-14,0.0034298052392934095,0.003773336111706931
2024-02-15,0.019541734136640166,0.0066898097649471045
2024-02-16,0.0007370717963183133,0.013650552859912195
2024-02-19,0.03404824489803146,0.00870545303301675
2024-02-20,-0.00029613823021120084,-0.001811888299772836
2024-02-21,-0.01491387001166149,-0.008490400549199407
2024-02-22,0.004894706296784318,0.0017744287186513314
2024-02-23,-0.012932113153093469,0.0009241491090820398
2024-02-26,-0.004564796380190566,-0.002442479125095408
2024-02-27,-0.006127644551730441,0.002864207024573143
2024-02-28,-0.010218320075580337,-0.009558144735730687
2024-02-29,0.0024915030410886446,0.0026470555230138004
2024-03-01,0.00886445273404489,0.006228549405595785
2024-03-04,-0.0071303423576473115,-0.0016908055912475382
2024-03-05,-0.005805727559013734,-0.005793689652485024
2024-03-06,0.007684026796317981,0.0007116795558067255
2024-03-07,-0.00806560025999235,0.0030688170164781745
2024-03-11,0.0038212333438596875,-0.001153406604622001
2024-03-12,-0.011205496085932343,-0.005551744715413013
2024-03-13,-0.015249632507080182,-0.015056549531059534
2024-03-14,0.012378290276248734,0.009624809172636745
2024-03-15,0.008617887543271785,0.0026760463740303675
2024-03-18,0.003680010458286688,0.002854403911827887
2024-03-19,-0.011021652554168345,-0.012783153621894494
2024-03-20,0.006870970110517955,0.002624040864408859
2024-03-21,0.006710814663353144,0.010464787337922105
2024-03-22,0.01263697340111619,0.003804868219270568
2024-03-26,-0.0006476137328395061,0.00014705307230220878
2024-03-27,0.005455685657838003,0.0016933739489234114
2024-03-28,0.025382494761346467,0.013552411933953314
2024-04-01,0.00325470454487444,0.007046755011335464
2024-04-02,-0.007874638260998088,0.001920747359767606
2024-04-03,-0.004430288458655273,0.004754843864171473
2024-04-04,-0.0007320587059029267,-0.0015974118642253696
2024-04-05,-0.0005959922916729025,-0.002552240743413919
2024-04-08,-0.0064878506157836306,0.002473401934569298
2024-04-09,-0.011784532869181047,-0.009510406997467061
2024-04-10,-0.0018539200283023878,-0.001284046021067535
2024-04-12,-0.008540522561735429,-0.007383796024519577
2024-04-15,0.007010086453993824,-0.002956433591835362
2024-04-16,-0.01209419424977814,-0.0034381169567148937
2024-04-18,-9.127639233499907e-05,0.0021375074297022238
2024-04-19,-0.020171519787804286,-0.0034931666478664595
2024-04-22,0.02642002452618882,0.009214006787149547
2024-04-23,0.00599261614900462,0.003488079186993044
2024-04-24,0.010791924230253654,0.005471380171659422
2024-04-25,-0.01390835632106457,-8.031534110327629e-05
2024-04-26,-0.05179586618262579,-0.005283172268629079
2024-04-29,0.04159514911062903,0.0103942246912912
2024-04-30,0.025409515559457703,0.004255383886126538
2024-05-02,0.02581050784471206,0.007168591355287973
2024-05-03,0.00252338659732634,-0.00010147824336911919
2024-05-06,0.0007941242155779771,0.0015716594385131962
2024-05-07,-0.00771284307174184,-0.0024991247532182258
2024-05-08,-0.031687436524962254,-0.0029210751024048996
2024-05-09,-0.014269726940078341,-0.009878291354507933
2024-05-10,0.010683282265304414,0.00030210222844514014
2024-05-13,0.022092321082977567,0.014463809427210088
2024-05-14,-0.005179507556521077,0.0007356686394962429
2024-05-15,-0.01647439396041623,-0.0007780822993918986
2024-05-16,0.008195198373336437,0.010048345724187903
2024-05-17,0.0024472344685799096,0.004428368009742558
2024-05-21,0.02437890672509764,0.0035067392853017866
2024-05-22,0.007732597475634696,-1.2392504388831767e-05
2024-05-23,0.004293247222983581,0.0016543647045584586
2024-05-24,0.006334902320497948,0.0060915657843015
2024-05-27,-0.004195936555823432,0.003703287625496757
2024-05-28,-0.005607297452212017,-0.0007495178725456818
2024-05-29,-0.004589864374570531,-0.002914102490769754
2024-05-30,0.009417786862176262,-0.0034144801807172677
2024-05-31,-0.0262756484312238,-0.008956069747775996
2024-06-03,-0.0011277464832593642,0.010080307370112817
2024-06-04,-0.01065249241042681,-0.013581003886339729
2024-06-05,0.044449408519755276,0.041464821869926886
2024-06-06,0.005660640001583998,0.001874655841102443
2024-06-07,0.019129575335135682,0.028794926287356484
2024-06-10,-0.016004696582901063,0.002424686881344913
2024-06-11,0.001530899832196674,-0.0024817398251187612
2024-06-12,-0.000980845945368985,-0.006077161465330117
2024-06-13,-0.0046961820640659905,0.0038214704515766424
2024-06-14,0.007835953081470441,0.0023925046641521787
2024-06-18,-0.01579966684499089,-0.0036151477238531965
2024-06-19,0.00038947978825936737,-0.01157193949408046
2024-06-20,-0.003106585014104961,-0.0018523507964628445
2024-06-21,0.01766996880881861,0.004408730594747291
2024-06-24,0.013639370997733581,0.010095218079012817
2024-06-25,-0.027916869752049468,-0.003958967426574182
2024-06-26,0.005278247954328584,-0.002426983613053712
2024-06-27,0.004587121969861135,-0.0016838039845739517
2024-06-28,0.01116711061007042,0.009192297296691918
2024-07-01,0.008653846498246335,0.011976762134761633
2024-07-02,-0.005577497018903378,-0.005228627192938792
2024-07-03,0.0011833258654807203,-0.0006623798432398115
2024-07-04,0.039641665762651684,0.016008410807836975
2024-07-05,0.024063273403354984,0.011607833270943203
2024-07-08,0.005691459787574257,-0.0011457805471921296
2024-07-09,0.019385717118009592,0.013384123392723385
2024-07-10,0.012170457741661962,-0.003540658458505893
2024-07-11,0.0015634819549058935,-0.0027588401715970988
2024-07-12,-0.013031863924896556,-0.004505586169245908
2024-07-15,-0.0009077928599291697,0.004815517425498834
2024-07-16,0.02350046894293925,0.009039191745383913
2024-07-18,0.012787634899534491,-0.0034103561843845573
2024-07-19,-0.010299155998639092,-0.0158999637084992
2024-07-22,0.009704316348392824,0.0023695820785905567
2024-07-23,-0.012910576375836643,0.0008164237583551191
2024-07-24,-0.027741733913698177,0.002306960008541746
2024-07-25,-0.009757670468260721,0.0037224413973486413
2024-07-26,0.017867182838730643,0.009590645019712194
2024-07-29,0.003294176776057207,-0.0009233412645297816
2024-07-30,-0.01249971802054108,-0.00016927788654790774
2024-07-31,0.024165592619089335,0.014665941582744722
2024-08-01,-0.010815610144297943,0.0012831720211591306
2024-08-02,-0.02545235216687723,-0.0020478963022291883
2024-08-05,-0.016322109405156673,-0.016188590092037998
2024-08-06,0.01152822933119994,0.004318114352422169
2024-08-07,0.033836020759473166,0.01561557941522573
2024-08-08,0.002254407553149401,-0.003920841219622113
2024-08-09,-0.0020018392510346107,0.0038455340865598247
2024-08-12,-0.0034599935112595128,-0.001458621224003602
2024-08-13,0.0019495241387250419,0.0020240097262652942
2024-08-14,-0.012461980672123198,-0.004336178175204105
2024-08-16,0.010827884477809224,0.021124097472151486
2024-08-19,0.013800550012737417,0.004427233401928103
2024-08-20,0.0007510440845716914,0.0068050948137391
2024-08-21,-0.015228980844436992,-0.0008334432689794239
2024-08-22,0.007983850152036644,0.004158540597317682
2024-08-23,-0.01082891640835933,-0.00453685323242877
2024-08-26,0.0005436570715589488,0.004797910889886752
2024-08-27,-3.333278343773706e-06,0.0036786433089676324
2024-08-28,0.00983285851819949,0.0029897556024695332
2024-08-29,-0.006899329844112862,-0.0013812735673723697
2024-08-30,0.005269669559768089,0.004978125514677219
2024-09-02,0.001946025130062077,0.0006311977719247696
2024-09-03,-0.006658406547035118,-0.0020425521725497063
2024-09-04,0.006915799299624362,0.007489145664759756
2024-09-05,-0.00912914070511113,-0.0031967030325388565
2024-09-06,-0.00128779100335407,0.0009198700625246795
2024-09-09,0.003637436994318507,-0.00012199123063734636
2024-09-10,0.011560456303195209,0.009760805004358046
2024-09-11,0.0051507846141138295,0.0033521259997315593
2024-09-12,-0.0016716866187776978,0.010902577117360982
2024-09-13,-0.003870256942117689,-0.003402978472217969
2024-09-16,-0.005596039913552654,-0.0021002405508636496
2024-09-17,0.006095898167991814,0.0006926038721532274
2024-09-18,-0.002848830412451486,-0.009801045727314127
2024-09-19,0.01764519058615927,0.009137709405123543
2024-09-20,-0.01659786971879386,-0.007905896678509085
2024-09-23,0.007825077534870314,0.0010891439048236048
2024-09-24,-0.0005927670759222929,0.0018833924760300659
2024-09-25,-0.0009482479514674592,-0.00036962461771150465
2024-09-26,0.009707289660259612,0.0020458311946807443
2024-09-27,0.01164474180981294,0.004070656905962425
2024-09-30,-0.002698639372845045,-0.0008401220103784304
2024-10-01,0.0023629783124670756,0.006374820689105517
2024-10-03,-0.03975484681810365,-0.02818748881412284
2024-10-04,-0.02275190317782448,-0.017491721581943946
2024-10-07,-0.0031463904634444822,-0.005212771512318533
2024-10-08,-0.0045953760266720265,0.009030466599376364
2024-10-09,-0.00869006246166612,0.0026447824256779374
2024-10-10,0.006371557689830923,-0.002197302427139926
2024-10-11,0.011551493004113962,0.017608349618209954
2024-10-14,0.011661909493840722,0.0014663570183183895
2024-10-15,0.025409738815999398,0.009893561046059582
2024-10-16,0.00784174491691227,-0.002334426004508898
2024-10-17,0.0022034854078673838,-0.008657967939430512
2024-10-18,-0.028573994864319233,-0.007696519840671592
2024-10-21,-0.018801124310570197,-0.010140668046195112
2024-10-22,-0.003076281737991672,-0.011833125336992384
2024-10-23,0.027600328936540627,0.0011091798209441552
2024-10-24,-0.011922178507510262,-0.0025592572802491686
2024-10-25,0.015519991741922942,-0.005226804549376307
2024-10-28,-0.03876344078087768,-0.0027020522291693497
2024-10-29,-0.012572205433872507,-0.004278415373534229
2024-10-30,-0.0038638039016948827,0.004443689262342916
2024-10-31,0.00026706397611499363,0.0021809280902868886
2024-11-01,-0.002823106855729381,0.003940982737159603
2024-11-04,-0.0010379793315433124,-0.0032789562124499604
2024-11-05,0.010568438414358674,0.002238309460900197
2024-11-06,0.011542839217810658,0.00929785808204708
2024-11-07,0.018629757443231813,-0.0019572074710643246
2024-11-08,-0.02249711668345123,-0.012268055762340203
2024-11-11,0.0026032165375624865,-0.008882548829725462
2024-11-12,-0.012725363774794302,-0.012318863117798963
2024-11-13,-0.014786511456491715,-0.013783314206781378
2024-11-14,0.004801220360867579,0.0027322748507073976
2024-11-18,-0.0183432614262323,-0.010291490426089739
2024-11-19,0.003271657034047239,-0.0013410839699470854
2024-11-21,-0.010914267174513067,-7.764938522837367e-05
2024-11-22,0.01721261438479004,0.015852752204941832
2024-11-25,0.005578170037651905,0.007980025718274532
2024-11-26,0.010296626064026204,0.007817318680992915
2024-11-27,-0.0014013666997149594,-0.004175385900437562
2024-11-28,-0.013521789341258151,-0.010834518739226187
2024-11-29,0.008497175914845882,0.007368019554733504
2024-12-02,-0.0024671407020530898,-1.1004643432785356e-05
2024-12-03,0.019395154374416645,0.008285275454976598
2024-12-04,0.020106833625618124,0.011114590461832857
2024-12-05,-0.0002583600200943238,0.0009549887132088467
2024-12-06,-0.007625428790392683,-0.006505420411566353
2024-12-09,0.000312702299544197,-0.0040527406074578765
2024-12-10,0.009893800635546676,0.010197992974005842
2024-12-11,0.014203301602124272,0.007016691401271917
2024-12-12,-0.002569645502586931,-0.004909251602044334
2024-12-13,0.008151967028275949,0.006892168324334497
2024-12-16,-0.00844786313818575,-0.0032732907273579576
2024-12-17,-0.0006680513524764578,-0.00718577191153301
2024-12-18,0.001560147116102424,0.0009169633410480058
2024-12-19,0.006854868340360094,0.001064427777650942
2024-12-20,-0.013197719925269514,-0.009535165657330662
2024-12-23,0.024710460156298963,0.0006950764955423068
2024-12-24,-0.012504719177299983,-0.0034970062892156293
2024-12-26,0.008457134491478798,-0.002897336982549664
2024-12-27,0.005839623186760623,0.00548780529163795
2024-12-30,0.009212317734381687,0.010869736488330776
2024-12-31,0.0024397728474930443,0.0026259803029513524
2025-01-01,0.0008706479785988218,0.0016073576929231748
2025-01-02,-0.00815982549395721,0.006743402118226603
2025-01-03,0.002235503766262417,-0.0019178812125958975
2025-01-06,-0.01589844339272564,-0.015137769087218918
2025-01-07,0.010966036939363278,0.0047615613205619104
2025-01-08,-0.019389816570480764,-0.010884810702637148
2025-01-09,0.01299750944172974,0.004872050419942397
2025-01-10,0.012184380284011734,0.0024385225239852938
2025-01-13,0.001961486965610425,-0.013181117538195456
2025-01-14,-0.011868316544728578,6.056048305929339e-05
2025-01-15,0.014704367051242768,0.004097681054742303
2025-01-16,0.013125426124856291,0.0076706785351572295
2025-01-17,0.002012288978821234,-0.0018507494045284375
2025-01-20,-0.008027433787641348,0.004421619337655936
2025-01-21,-0.007954818469954298,-0.005375034647093746
2025-01-22,0.020930896090635354,0.015075440217235418
2025-01-23,-0.01635832354283201,-0.002386871649599137
2025-01-24,-0.003868107792237769,-0.010219074079317825
2025-01-27,-0.04103325431749979,-0.02806513324639317
2025-01-28,0.009419334600434558,-0.004340095533782815
2025-01-29,0.03990710493753021,0.0028978703901418397
2025-01-30,0.005685502885227935,0.005801053675397176
2025-01-31,0.0036144982454911715,0.0005787785711976118
2025-02-01,0.002122571559421375,0.002617085643644459
2025-02-03,0.00114402069344388,-0.003071258714037438
2025-02-04,-0.0025020170466146883,-0.004213116831538467
2025-02-05,0.001393285667838784,0.0033265546607180612
2025-02-06,0.0039816324392152646,-0.0041418159194689455
2025-02-07,0.017834781956537687,0.011834660596842026
2025-02-10,-0.01646957934628497,-0.007769344299545837
2025-02-11,-0.01283730513434024,-0.014454495777559669
2025-02-12,-0.004913518505897543,-0.008751035956617637
2025-02-13,0.03665893801726443,0.0011778218505814455
2025-02-14,0.005567825754744052,-0.006835136101105539
2025-02-17,0.014881141406802557,0.005357898230071964
2025-02-18,0.00014161164944505701,-0.0014364713091212702
2025-02-19,-0.027557333002595323,-0.009464542512253326
2025-02-20,-0.006846849019005304,-0.0013468529155041937
2025-02-21,0.0002691266877528284,-0.0017982133449535673
2025-02-24,-0.0011082715311561105,-0.0036139570057377064
2025-02-25,0.0009262177812054406,0.0063167559891903705
2025-02-27,7.538906131362736e-05,-0.0005878417934323964
2025-02-28,-0.02198275809095072,-0.021680017114192894
2025-03-03,-0.010808329427754296,-0.002398186772899297
2025-03-04,-0.015385638440523888,-0.006784597394365602
2025-03-05,-0.005389730601815906,0.005131755530252104
2025-03-06,0.03349279542985044,0.01273203420170707
2025-03-07,0.006751313132933349,0.0005793827681298153
2025-03-10,0.007609939948646574,0.0032842067656593914
2025-03-11,-0.0037299532928695717,-0.0045227512648631325
2025-03-12,0.007407358966217392,0.00184539112934093
2025-03-13,0.010040441021933464,0.00027668023529079413
2025-03-17,0.018979681191973803,0.00881308575828319
2025-03-18,0.005198202598915897,0.003885207375985862
2025-03-19,0.020208037829736528,0.007531830112776281
2025-03-20,0.023218953584284174,0.014703943682057926
2025-03-21,0.02620531483505697,0.015202324926885398
2025-03-24,0.0044851379702106516,0.008897831860629223
2025-03-25,0.017470896429281298,0.00954002624133957
2025-03-26,0.0042572135399996285,-0.009519226134953446
2025-03-27,0.004916557925399474,0.006078732250606612
2025-03-28,0.004281270064519262,0.004229059160579772
2025-04-01,-0.017051756758499532,-0.016339497812237903
2025-04-02,0.01362640840356251,0.0018409381986251292
2025-04-03,0.0014195333891817612,-0.002112948514078782
2025-04-04,0.006660045172093374,-0.002926611185988106
2025-04-07,-0.017201340589952333,-0.013518091282639179
2025-04-08,0.036961065694560216,0.021226195586922268
2025-04-09,0.001627468269931394,-0.006757991961442712
2025-04-11,-0.017730719272316144,0.0062154804384733486
2025-04-15,0.005667527693851473,0.02079807790362759
2025-04-16,0.01918097570209916,0.005069188447223649
2025-04-17,0.02165609258126862,0.010733146152760857
2025-04-21,-0.007671478636131374,0.003964693533908391
2025-04-22,0.001207445437643161,0.003389322743320328
2025-04-23,-0.007891350731581861,0.000356685916018958
2025-04-24,0.0004608590705879505,0.00937722497191797
2025-04-25,-0.007431857798101932,-0.012927461598996803
2025-04-28,0.014609914252730618,0.0035495360024840033
2025-04-29,-0.010921286138901453,-0.004549916319950137
2025-04-30,0.014369599189754036,-9.386938956767771e-05
2025-05-02,-0.012548656157682123,-0.009376933327528418
2025-05-05,-0.02298325195816384,0.0006794875081302092
2025-05-06,0.016929756362529434,0.010948685858147593
2025-05-07,-0.0028123103760761877,0.005703291600988789
2025-05-08,0.01308926462974231,0.003346563175950669
2025-05-09,-0.0025024736344579817,0.0008068947958028988
2025-05-12,-0.017040755131769135,-0.002287145334894553
2025-05-13,-0.014732489247211237,-0.000851817237302801
2025-05-14,0.016356326009225347,0.007066611348947066
2025-05-15,-0.0077166091920641815,0.011280270753798435
2025-05-16,-0.0046145626568694946,-0.007029574245873486
2025-05-19,-0.026507396200598075,-0.011047536474115993
2025-05-20,0.0032496708922993165,-0.0060979807504540915
2025-05-21,0.0006902534226973839,0.001084084235020951
2025-05-22,0.004479555470911256,-0.0005033144370055792
2025-05-23,-0.019803244155519286,-0.01304064617449869
2025-05-26,0.004886468477006779,0.003247335703545461
2025-05-27,0.0036924151074240303,-0.002161582109558745
2025-05-28,0.015570372397823629,-0.007876951152138023
2025-05-29,-0.017502341628089984,-0.006532238690381715
2025-05-30,0.014961164144863264,0.019899406608791935
2025-06-02,0.02272623904150203,0.0064022627449344584
2025-06-03,-0.0013946098982013334,-0.0017855614275195933
2025-06-04,0.01848416211451653,0.002501439879765206
2025-06-05,-0.0013744332221764218,0.003670588889907383
2025-06-06,-0.014015862632535861,-0.0031615171226201796
2025-06-09,0.0021148411509829454,0.007276242872866938
2025-06-10,0.009257073806499963,0.0062371495609743225
2025-06-11,0.0015791023779540164,-0.0018610364836670163
2025-06-12,-0.0003859587943600138,-0.0026958744391986926
2025-06-13,-0.0030222687966056294,-0.0019462644434736396
2025-06-16,0.01761390780570018,0.010050474138837702
2025-06-17,0.022320244258325215,0.013259036043104673
2025-06-18,-0.017517999149856047,-0.008739714007751734
2025-06-19,0.018509374990870586,0.00569625084190485
2025-06-20,-0.004025655835096496,-0.0069984107266724644
2025-06-23,-0.0022436804460767646,-0.0039457464290198335
2025-06-24,0.00942623276450856,0.009980262869282277
2025-06-25,0.014259553042067767,0.007745613117649524
2025-06-26,0.009601217923700039,0.010791458876949838
2025-06-27,0.0216923939968585,0.017092063029058236
2025-06-30,0.0063618429848574035,0.008231535134641331
2025-07-01,0.0033966500162190675,0.00033629034456963687
2025-07-02,0.0036066441475519156,0.0043588418293169645
2025-07-03,0.01231185347825812,0.009313608708584373
2025-07-04,-0.014865243953784538,-0.0072718554122297805
2025-07-07,0.013410961524137208,0.007884648726497051
2025-07-08,0.017577513402399943,0.00834762559782618
2025-07-09,0.01369305399866653,0.009138901655998507
2025-07-10,-0.0048441758591084225,-0.006267747133337237
2025-07-11,-0.006358518528671325,-0.0047588112111527706
2025-07-14,-0.011738720350654715,-0.010248366056038337
2025-07-15,0.00025137823305328307,0.005354792236350347
2025-07-16,-0.004481519910409726,-0.0006848731317863478
2025-07-17,-0.007583821743662599,-0.004190432873333011
2025-07-18,-0.006013807760598402,-0.008290872758432693
2025-07-21,-0.0027889320711339274,0.0033735346683988884
2025-07-22,0.0020134075767546974,-0.0017447498093684484
2025-07-23,-0.002060561564007137,0.00022577268330624715
2025-07-24,0.0065592829599786535,-0.0015341586437457796
2025-07-25,-0.005726107992825677,-0.0038272868234799063
2025-07-28,-0.012878252709941503,-0.013244811793806073
2025-07-29,0.01090177325135133,0.01092642339773915
2025-07-30,0.007490401097987452,0.0013367004910085848
2025-07-31,0.009404589179405037,-0.0023478135309234287
2025-08-01,0.004855144184048858,0.0004741079428994851
2025-08-04,0.02542270966242616,0.009244476143739511
2025-08-05,0.0026872556448597085,0.004086209383762277
2025-08-06,-0.016136751155992266,-0.01045157388973269
2025-08-07,-0.008100975208540523,-0.005745159697289332
2025-08-08,0.012085067743003327,0.006117894398802379
2025-08-11,0.03291681476343218,0.0169448771996822
2025-08-12,-0.0011735774272038674,-0.0045367657391952795
2025-08-13,-0.005667968093937702,0.0005010943652697334
2025-08-14,0.009410186323213497,0.011276970223354006
2025-08-18,0.01711759164480135,0.005536182757208279
2025-08-19,0.020131693168928762,0.012494480178153182
2025-08-20,0.01321422103212404,0.001016824169131244
2025-08-21,0.007520812924097264,-0.00010339620025414341
2025-08-22,-0.012603409324195089,-0.015909738619310332
2025-08-25,-0.0023658355281874106,-0.007054038346109751
2025-08-26,-0.022245939983417753,-0.011715846434171869
2025-08-28,-0.016901822682997267,-0.005428649016631841
2025-08-29,0.015046989647227072,0.0052214908610022474
2025-09-01,0.002878549846498246,0.003765698281380062
2025-09-02,0.026917305735674517,0.01574809357176944
2025-09-03,-0.012588728859962933,-0.004249665027185693
2025-09-04,-0.01446982416377886,0.0033941270988692355
2025-09-05,-0.010201881129442526,-0.011794608872085065
2025-09-08,-0.023958208973063565,-0.009264199126103777
2025-09-09,-0.01067629132527387,0.00037869203582888426
2025-09-10,0.013042805037705716,0.0016436808422419132
2025-09-11,-0.010403437480090951,0.0001305301914342749
2025-09-12,-0.0023846260398504905,-0.0076172307480709914
2025-09-15,-0.004677834831246899,-0.0029113150955477804
2025-09-16,0.007265255615093913,0.005108478781060201
2025-09-17,-0.001955538971045173,0.002319049109628433
2025-09-18,0.0013939526685336505,-0.005938728570987112
2025-09-19,-0.0008304531364496253,-0.010144442752004736
2025-09-22,0.0013882778607189374,-0.006726291917496408
2025-09-23,-0.02088354351892778,-0.006556142098807102
2025-09-24,0.001068853378045959,0.0024952621740797236
2025-09-25,-0.0028304537790667245,-0.009573392546403617
2025-09-26,-0.022706539476057032,-0.008510200668513941
2025-09-29,0.0004861764680278292,-0.0026185875464583824
2025-09-30,0.004288191264679433,0.004643532789641378
2025-10-01,0.0027145062132284776,0.0007828706945107875
2025-10-03,0.0029058997176613366,-0.0010967855399569091
2025-10-06,0.005813784848425112,0.00303663831456215
2025-10-07,0.0020717685416487422,0.004251852088820517
2025-10-08,0.000458403820218738,-0.008215591632855982
2025-10-09,0.005560059380417583,-0.0005854703359319733
2025-10-10,-0.0035371452670802574,0.001853288317120439
2025-10-13,0.0037522195120308667,0.0009199512290837006
2025-10-14,-0.004701897774594701,0.00043049757393698535
2025-10-15,0.011810979016228643,0.0006119944853057433
2025-10-16,-0.006056259000313905,0.007252192541946585
2025-10-17,0.00825571133028365,0.006693463926621303
2025-10-20,-0.0022484215713779255,0.00031407295621121187
2025-10-21,-0.004172730910705381,0.0013526031406930845
2025-10-23,-0.007204034141450554,-0.0026078547755406085
2025-10-24,-0.021279904475076675,-0.004308935778960037
2025-10-27,0.011616076379189022,0.0039287713182330295
2025-10-28,0.009666241542612844,0.003870683216888146
2025-10-29,0.004818671900299141,0.009981497446930306
2025-10-30,-0.03280872784668248,-0.008664552708607658
2025-10-31,0.0038445520690271956,7.766122741926243e-05
2025-11-03,0.007781448077285642,0.005138378690735064
2025-11-04,0.0039757320320528144,0.0033205237397783633
2025-11-06,0.014756070581813073,0.002418660574018816
2025-11-07,-0.02486538240841538,-0.00901950100115244
2025-11-10,-0.01998144982370337,0.004454170278668786
2025-11-11,0.01579751941580786,0.00325459408313051
2025-11-12,0.019302532393803022,0.003330627359100064
2025-11-13,0.023767442275419253,0.005947135319940967
2025-11-14,0.003419974653630857,0.0034112502452054534
2025-11-17,-0.028080148065074122,0.001562789368172319
2025-11-18,-0.005026118912675169,-0.004000143625637827
2025-11-19,0.01285879865600679,-0.0004381416668797635
2025-11-20,-0.030937264562599143,-0.005642399910112897
2025-11-21,-0.0010463061422250608,-0.008076801053193495
2025-11-24,-0.011128265891286827,-0.005708406584966327
2025-11-25,0.0015327089539961469,-0.0013811277793662942
2025-11-26,0.008994062004465637,0.009307967292028107
2025-11-27,-0.0028835162691477124,-2.4907259756445476e-05
2025-11-28,-0.0026773071175666442,-0.0006536514489167173
2025-12-01,-0.002319838333456736,-0.003837026069714692
2025-12-02,0.013357382342126528,0.005330089792587735
2025-12-03,-0.001123284493151027,0.0007638190611876362
2025-12-04,0.0035288345030382116,-0.0032068209229033527
2025-12-05,0.00971782443340198,0.006985211332598991
2025-12-08,-0.009831701838174504,-0.009383162188957458
2025-12-09,0.005966805323219863,-0.0025013285368673333
2025-12-10,0.002386067084508478,0.0013806450943483137
2025-12-11,-0.005106056230315915,-0.0018679408888599561
2025-12-12,0.010965185308050462,0.007155905447321209
2025-12-15,-0.0008623010825767636,0.0009041855389165835
2025-12-16,-0.0011047320599051945,-0.004366922732648765
2025-12-17,-0.008079885382755597,-0.0036128034489724286
2025-12-18,-0.001847699340677549,-0.007043378426382996
2025-12-19,0.015922829782008343,0.0070320517804249175
2025-12-22,0.02139512428682942,0.01325620093677962
