Date,sample_return,lw_return
2017-01-19,0.0013096012108324518,0.0018144496085888853
2017-01-20,-0.003281500815765062,-0.003752273784689399
2017-01-23,0.0013642456152274571,0.0014640596777753638
2017-01-24,0.010812207484062893,0.010513134938833664
2017-01-25,0.004602410614900204,0.004302757335759039
2017-01-27,0.013501856679361867,0.011805989703861998
2017-01-30,0.0009955145542355362,0.0008558751949845023
2017-01-31,0.0010543060815166585,-0.00020269837083658547
2017-02-01,0.0041344298069154704,0.004668845427759136
2017-02-02,0.01629281824715538,0.015451550171453656
2017-02-03,0.0054557560205522986,0.005204438546732296
2017-02-06,0.012939970141939969,0.013064540158639164
2017-02-07,-0.004249098856351761,-0.002964493663401266
2017-02-08,-0.0038026569951941504,-0.004066868861189723
2017-02-09,-0.006721373475612064,-0.005457517186766405
2017-02-10,0.009930473703150387,0.009471869769987724
2017-02-13,-0.004789274337885194,-0.004401864132805695
2017-02-14,0.001939024373270318,0.002602460889619619
2017-02-15,-0.0010006960264137843,-0.0009318787404374394
2017-02-16,0.005035117702958266,0.004756410591787663
2017-02-17,0.0012961512215929154,0.000984930148496562
2017-02-20,0.004203453075356382,0.004030182506316509
2017-02-21,0.006774835227451605,0.006996931725901603
2017-02-22,-0.007095534504351993,-0.006864518296720282
2017-02-23,-0.00026352599689709105,-0.0006960104244911442
2017-02-27,-0.004065346819649873,-0.0038732210491880152
2017-02-28,0.004944009895798513,0.003980669947907592
2017-03-01,0.001580624271375942,0.0021398484048567395
2017-03-02,-0.0027111151320052223,-0.0027661521864250837
2017-03-03,0.002712925768088886,0.0026237742286695075
2017-03-06,-0.001576540831649624,-0.002455898068836548
2017-03-07,-0.0027456867721697515,-0.0021863336648682095
2017-03-08,0.002391139100291764,0.002372388388763042
2017-03-09,-0.0019976254114405893,-0.0019647052586034956
2017-03-10,0.0026410419782088514,0.002881195753333217
2017-03-14,0.00475520896026505,0.004912617420844033
2017-03-15,0.008277998636256174,0.00835366202872768
2017-03-16,0.006053373063291161,0.005845662084307433
2017-03-17,-0.004446565115573798,-0.003366132334497155
2017-03-20,-0.002070899326491562,-0.0019038409428589805
2017-03-21,0.008490398675988636,0.007767397884443293
2017-03-22,-0.004904336255992699,-0.004770937732642314
2017-03-23,0.004361327248648858,0.00411125366185021
2017-03-24,-0.0041093556808530175,-0.003419516540341872
2017-03-27,-0.001749394273227943,-0.0017920784170507888
2017-03-28,0.002215934381765099,0.0016410269602269787
2017-03-29,0.0015359956213280056,0.002556452951587913
2017-03-30,0.00447683544419148,0.004564212137866947
2017-03-31,0.015509610669853676,0.01455207878286768
2017-04-03,0.00448160663740939,0.0037712934542930847
2017-04-05,0.007986487642623953,0.00828334944674792
2017-04-06,-0.003655030487233451,-0.003608848586030323
2017-04-07,-0.004160110527150164,-0.00344690375531003
2017-04-10,0.005398014589359686,0.005317240797116985
2017-04-11,0.007261162970123094,0.007762845086939571
2017-04-12,-0.004192269684873122,-0.0039404100261082806
2017-04-13,-0.0015907746840866375,-0.0012794072388426182
2017-04-17,-0.0019502934884465602,-0.0025908517786233983
2017-04-18,-0.0038941512537272074,-0.0036965970524897376
2017-04-19,-0.006791203965113591,-0.006318627837036022
2017-04-20,-0.004673174804886555,-0.0033421714263604046
2017-04-21,0.004872771283939533,0.004103600360881969
2017-04-24,0.005766045595324861,0.005205338185666214
2017-04-25,0.0020070541906336567,0.002498009210993819
2017-04-26,0.006124795541180761,0.005923425225593262
2017-04-27,-0.004159481079282696,-0.0038220885533745094
2017-04-28,0.004609009605092817,0.004249405388164637
2017-05-02,0.00034533755827809934,0.00020855644457948514
2017-05-03,-0.0035779459379023442,-0.0031279506648518667
2017-05-04,0.005062166437757837,0.005503018258000434
2017-05-05,-0.0001601326627372576,-0.001077887760754714
2017-05-08,-0.0012006991641187069,-0.0004747446826680211
2017-05-09,-0.0003451137526614271,0.00019356270173394134
2017-05-10,0.009060856619627146,0.008849292793515512
2017-05-11,0.0003655138816826619,2.319962404946055e-05
2017-05-12,0.0037029696204029924,0.002777823206036782
2017-05-15,0.0055541886639794555,0.004801488848475862
2017-05-16,-0.0019438550978347106,-0.0011085537944913724
2017-05-17,-0.003530746425003582,-0.003890596021497451
2017-05-18,-0.0032404616778413595,-0.0034359664894379445
2017-05-19,-0.001192617368874774,-0.0019388380652033718
2017-05-22,-0.006423038551622365,-0.005970017189584874
2017-05-23,-0.0025445467221029937,-0.002771546423269365
2017-05-24,-0.0031425315253317326,-0.0027492253564218284
2017-05-25,-0.004281547139139859,-0.003945687768122805
2017-05-26,-0.0014069546930587447,-6.437785343625061e-05
2017-05-29,0.008443557229667088,0.006376409115480593
2017-05-30,-0.008964090448603145,-0.008146613861674382
2017-05-31,0.008007501865856371,0.008442158186032157
2017-06-01,0.007429273355571624,0.006886863064454267
2017-06-02,0.006360575087853836,0.006091366835916286
2017-06-05,-4.314939267574124e-05,0.00016375132933516565
2017-06-06,0.004384918966315045,0.0039312049847487745
2017-06-07,0.007397075515501702,0.006703560001235046
2017-06-08,0.004617242616345596,0.004011888020705308
2017-06-09,0.0017190225576923233,0.0008207881883724216
2017-06-12,-8.529546506183582e-05,5.666865252971988e-05
2017-06-13,-0.000811326745436455,-0.0003663458027120916
2017-06-14,-0.004616232915846725,-0.0038135901157085655
2017-06-15,-0.0053895018641161065,-0.007229729434470207
2017-06-16,0.006328797235872025,0.005910445574615189
2017-06-19,0.007961589145154812,0.006835612173594061
2017-06-20,0.0041929746690631126,0.0037586451654452176
2017-06-21,-0.0033794170365812983,-0.0031214498642091705
2017-06-22,-0.001746417748165838,-0.0013167936505878277
2017-06-23,0.003004857712145143,0.0017360269623404607
2017-06-27,-0.007822681773406764,-0.006989540588088024
2017-06-28,-0.004690602292753955,-0.0048218095279683095
2017-06-29,-0.002031602812147517,-0.0017001856268547696
2017-06-30,0.007404353140319031,0.0074384567544217755
2017-07-03,0.0073153869543810665,0.007475246767607951
2017-07-04,0.006810303916130578,0.006001018766825418
2017-07-05,-0.0010869016736053984,-0.0005397373907451973
2017-07-06,7.342308011653838e-05,0.0005910293879125106
2017-07-07,0.0032462661912021143,0.0025314326673455973
2017-07-10,0.009935315342016334,0.00916644545709041
2017-07-11,-0.008474470286272923,-0.0074643652104356955
2017-07-12,-0.0024526789443703356,-0.0021454348846680054
2017-07-13,-0.0016611826170361737,-0.00023308502370369467
2017-07-14,-0.0017802442916905951,-0.0014335896524477565
2017-07-17,-9.31210336388153e-05,-0.00012949594833380697
2017-07-18,-0.0018443330645227197,-0.0018098564931046336
2017-07-19,0.0025497625296062986,0.003296831635820858
2017-07-20,0.0005760702347469132,-0.0005952809016608938
2017-07-21,0.008633737757300353,0.006896658067285035
2017-07-24,0.004583729737378005,0.0035588105321893455
2017-07-25,-0.0033828876948175236,-0.002985462196890479
2017-07-26,0.007234454239322124,0.00672320858545775
2017-07-27,0.002787386128431507,0.002002489464625517
2017-07-28,-0.005202110400969616,-0.004207508175332432
2017-07-31,0.006494152431850987,0.006748900672027811
2017-08-01,-0.0010084686756554775,-0.0018215301558427235
2017-08-02,0.004119994654216245,0.003645486766918134
2017-08-03,0.0034963018055370037,0.002933607054984336
2017-08-04,-0.0019050041923449018,-0.0014669220628363597
2017-08-07,-0.003110724755871385,-0.0014886012071726649
2017-08-08,-0.003351289162022309,-0.0036700133027911053
2017-08-09,0.00034493875850382966,-0.0006729674619242506
2017-08-10,-0.007339498104351838,-0.006285864812473545
2017-08-11,-0.0042216949850306645,-0.004692303652061569
2017-08-14,0.011593761955181112,0.009886759685017002
2017-08-16,0.007562613262812817,0.00722278978900493
2017-08-17,-0.002724872655419981,-0.00220555951868478
2017-08-18,-0.003143882228699762,-0.004106520124381867
2017-08-21,0.0011904520162923126,-0.00018275970929292548
2017-08-22,0.005558188970499005,0.005823533741554367
2017-08-23,-0.0033746060888274064,-0.003143190216278033
2017-08-24,0.0014275737751397904,0.0020411746655779263
2017-08-28,-0.004289407161802265,-0.0027648568672451737
2017-08-29,-0.005846766513531135,-0.006095742233955219
2017-08-30,-0.001670317036837516,-0.0007859764848837892
2017-08-31,0.012342267441498113,0.009834013731971899
2017-09-01,-0.0027942171345595717,-0.0025561855706907055
2017-09-04,-0.0062139574178433025,-0.005978314158614884
2017-09-05,-0.00690358603501181,-0.0062939344396517605
2017-09-06,0.0016773370537728172,0.000945162564257717
2017-09-07,0.00022358504904180506,0.0007930863768150748
2017-09-08,0.0026497917570571395,0.002600896814631529
2017-09-11,-0.004807160732627389,-0.004009005504039939
2017-09-12,0.005097353836528404,0.0049262087789419436
2017-09-13,-0.00460863065662035,-0.003962408301773025
2017-09-14,-0.0038806472583765503,-0.003775110049989123
2017-09-15,0.007303536606436388,0.0074683372354332625
2017-09-18,0.004623973611137717,0.004377281242844456
2017-09-19,0.0064564204581929905,0.006238532681437891
2017-09-20,-0.008833501982613129,-0.009065392593046652
2017-09-21,0.004357603543192071,0.003745392053120006
2017-09-22,-0.00920977282712522,-0.009066590271834502
2017-09-25,-0.0032745121452070953,-0.002987134512872633
2017-09-26,-0.0017120953170348726,-0.0016434733633359415
2017-09-27,-0.0049186325934083555,-0.005155127982750289
2017-09-28,0.007969846445720312,0.007627757016676752
2017-09-29,-0.0032511117631949414,-0.0016827192077052586
2017-10-03,-0.002526801581972584,-0.0018502464455916261
2017-10-04,0.006641505830739426,0.005712736331467008
2017-10-05,-0.0010441130975045137,-0.0012065544693277124
2017-10-06,0.0012008789853111923,0.0010233050677125781
2017-10-09,0.002385095647987643,0.0017796464835823141
2017-10-10,-0.003000022338513321,-0.0029059301926270846
2017-10-11,0.008938087697615105,0.007998969019704882
2017-10-12,-0.0004357544628544269,0.0003358766974972165
2017-10-13,0.007503144318307102,0.00766705179604707
2017-10-16,0.0025377353518057076,0.002708157326151776
2017-10-17,-0.0008020550093096115,-0.0009090659662556515
2017-10-18,-0.001725607913580433,-0.0023984493653787095
2017-10-19,0.005100912750468035,0.004948960505256107
2017-10-23,-0.0013194271231703827,-0.0004044849069221603
2017-10-24,0.0009429787603584367,0.0012182808017798304
2017-10-25,7.214909789057289e-06,0.002191869817183017
2017-10-26,-0.0005551011033260269,-0.0011476282864081578
2017-10-27,0.001648613784392823,0.001092226469141365
2017-10-30,0.004861426902430315,0.006061535272893341
2017-10-31,-0.003114634470297981,-0.0025887691824980764
2017-11-01,0.0024707113396622133,0.003428123298503282
2017-11-02,0.003892537653034071,0.003227240405920195
2017-11-03,-0.002817786289091578,-0.002441533650836671
2017-11-06,0.00480555407601246,0.004945811090393187
2017-11-07,-0.005345675224324446,-0.005513709767896849
2017-11-08,0.004248312170432539,0.004239639884137492
2017-11-09,-0.00029973115928125086,-0.0004016927625017619
2017-11-10,0.006317383977803875,0.006041752459503644
2017-11-13,0.00882407733328669,0.00715219117963296
2017-11-14,0.002305651116476185,0.0013418883776331522
2017-11-15,0.006625395226948669,0.006480348531818392
2017-11-16,-0.0011214853693401528,-0.0002539225212679487
2017-11-17,-0.0021330949597190415,-0.0019188692628265454
2017-11-20,-0.0016399109747931742,-0.0018185544963207577
2017-11-21,0.008290806949321352,0.008894156686601498
2017-11-22,0.0007500119716249766,0.001038019531042732
2017-11-23,0.00435901002132322,0.004332209898876244
2017-11-24,-0.002561058256108041,-0.001921226363389102
2017-11-27,0.0029188026021226827,0.0035136618994334188
2017-11-28,3.507307244510438e-05,-0.00033607913236436885
2017-11-29,-0.003298903440665528,-0.0033126799691183513
2017-11-30,0.00171358192120489,0.001892814639622471
2017-12-01,-0.002606028334860333,-0.0032598241286020823
2017-12-04,0.0015426090404092392,0.00198675444518962
2017-12-05,-0.004061993463193811,-0.0037181003317834967
2017-12-06,-0.0006398589489736428,-0.0013990654595873722
2017-12-07,0.0008866538457397259,0.00231686203736705
2017-12-08,0.0028173261635228743,0.0031801894596088834
2017-12-11,-0.00016044110731706164,6.792998229041709e-05
2017-12-12,-0.0034641317664662425,-0.003270859992875103
2017-12-13,0.004198321333231108,0.003980631719096732
2017-12-14,0.00040496929800138033,0.00041490756687968626
2017-12-15,-0.0012633324494015893,-0.001250712053336224
2017-12-18,0.005872158694957102,0.005633633474903496
2017-12-19,0.0002254741819807378,0.0007132565371356041
2017-12-20,-0.0032481603158144978,-0.0038977837934608545
2017-12-21,-0.0038396562524633786,-0.003614223083862591
2017-12-22,0.00534376086396954,0.004968486675340304
2017-12-26,0.0032649333153120462,0.003764273202759109
2017-12-27,-0.002141948159182793,-0.0014332799226140873
2017-12-28,-0.002834044464555109,-0.00254096739270102
2017-12-29,0.009359789518801238,0.0081771021349616
2018-01-01,0.013426127320116419,0.009221626587825417
2018-01-02,-0.004596165643015394,-0.0034727560034638026
2018-01-03,-0.0037890779571018085,-0.0036131068903829137
2018-01-04,0.0020642938120150043,0.002313410717433141
2018-01-05,0.0070612578698300375,0.007321574748680643
2018-01-08,-0.00670074005677463,-0.006581167073004001
2018-01-09,-0.00747625331929201,-0.006685133175810002
2018-01-10,0.002418874683491461,0.00255628537882907
2018-01-11,-0.004716656261547315,-0.004213408140488638
2018-01-12,-0.0013287226944330576,-0.0013455129949530467
2018-01-15,-0.005377494286491567,-0.004420303056161186
2018-01-16,-0.0034006385319755137,-0.002585183409613852
2018-01-17,0.0014366706994479634,0.0007904194283357669
2018-01-18,0.011604017343507222,0.011322755561824013
2018-01-19,0.0047770573104259475,0.005429738169016504
2018-01-22,0.004259169812757977,0.004946181140286629
2018-01-23,-0.004305602407630552,-0.003707298065583939
2018-01-24,-0.003791586011804626,-0.0036604445444010105
2018-01-25,-0.004212689949337437,-0.004979343455432675
2018-01-29,-0.002804927476831916,-0.002077433457106128
2018-01-30,-0.011646427990519471,-0.010930996923773233
2018-01-31,-0.002909438228187749,-0.002723821796036611
2018-02-01,-0.0008755546905379309,0.0009199252358681837
2018-02-02,-0.0034297834524711877,-0.005741512011381058
2018-02-05,-0.0042041295856913635,-0.005402089966994669
2018-02-06,-0.010613551764497376,-0.01064077857889443
2018-02-07,-0.0018376897886638298,-0.001903872915265351
2018-02-08,0.015265849396026532,0.014519432211642138
2018-02-09,-0.00038019819059301467,-0.0016160389487020455
2018-02-12,0.004922910412209169,0.0046287385851932535
2018-02-14,-0.0009682789043683885,-0.000801963585631994
2018-02-15,-0.002316580245516523,-0.002448491080132245
2018-02-16,-0.004024069868445328,-0.003859191732164651
2018-02-19,-0.0024802264216855,-0.0017072181180059207
2018-02-20,-0.003923220625782439,-0.003668297464064944
2018-02-21,0.000527913561139099,0.0002186605422171559
2018-02-22,-0.003485192912520831,-0.0035163924063330663
2018-02-23,0.004549928183701404,0.005023481931335295
2018-02-26,-9.933907507631164e-05,0.0005917155717875426
2018-02-27,0.004184942125096598,0.0035288420071256793
2018-02-28,0.007223323023583206,0.00595553813823489
2018-03-01,-0.003388619854384231,-0.0029399091162873336
2018-03-05,-0.00915855017621609,-0.007789047513012053
2018-03-06,-0.002107936587012814,-0.0029602982538493743
2018-03-07,0.000496217580261516,-0.0004820781176899812
2018-03-08,0.0044339390748264745,0.002782818390932287
2018-03-09,-0.00011680710731660484,0.0006829126635112053
2018-03-12,0.002444205233081639,0.0022043754470481686
2018-03-13,-0.0017008676145160901,-0.001954318660467708
2018-03-14,-0.0028893032872740307,-0.0025938716515662855
2018-03-15,-0.0025934003053238075,-0.002609483635421667
2018-03-16,-0.005017956263550009,-0.005292541816161404
2018-03-19,-0.004818059296056765,-0.004630263665964202
2018-03-20,-0.0016501304244344894,-0.0007290111181157554
2018-03-21,0.0034442417719605894,0.0034342772258595545
2018-03-22,-0.00495424353861535,-0.004668278662956213
2018-03-23,-0.001518021417954093,-0.0011473495049227037
2018-03-26,-0.007902450430078315,-0.007522341899256434
2018-03-27,-0.007021974782549316,-0.005200345858281444
2018-03-28,0.008026754084070508,0.007817709616610812
2018-04-02,0.012621754817804516,0.012026407455668003
2018-04-03,-0.001740162377473529,-0.0014503906665346315
2018-04-04,0.0010669675464992224,-5.311977785859353e-05
2018-04-05,0.0026018090935064566,0.0029471784035338317
2018-04-06,0.00029037164783503864,0.000804736129668652
2018-04-09,0.001555513888672774,0.0005584041986107305
2018-04-10,-0.004680375395247788,-0.004138914857593287
2018-04-11,0.005434350165645018,0.004482555416473907
2018-04-12,0.010950271275990266,0.010531544777787682
2018-04-13,0.005362338416609697,0.004283921385323969
2018-04-16,0.0023916619526341025,0.0024263711267632523
2018-04-17,-0.0014165629656894413,-0.0008686352030062345
2018-04-18,-0.003556956732555945,-0.002562538486923265
2018-04-19,0.0016477601747273895,0.001685777256836125
2018-04-20,0.0024509877387179978,0.004151834617615197
2018-04-23,0.012911283432239906,0.01149487063136714
2018-04-24,0.0015787392296187585,0.0012748457955297947
2018-04-25,0.007328854604189811,0.0068592589797840005
2018-04-26,-0.00016560092282993125,-0.0002985336885130626
2018-04-27,-0.0003605893864277801,0.0003177353790141862
2018-04-30,0.0002992131777608087,0.001210523150436937
2018-05-02,0.008544217622985534,0.007259505549780223
2018-05-03,-0.0021863224151493633,-0.0027922098839878668
2018-05-04,-0.007634603589142127,-0.008278669419740849
2018-05-07,-0.002069087143182458,-0.0015405172362358763
2018-05-08,0.0019537087100079276,0.00242583069073191
2018-05-09,-0.0006835273821243556,-0.0012525023617404381
2018-05-10,-0.0011814785756221464,-0.000720769498959128
2018-05-11,0.0022658776418579586,0.001941302115729505
2018-05-14,0.0030185968550596426,0.0010560946847122273
2018-05-15,0.0045693011362497975,0.0042640059050119
2018-05-16,-0.0003795205915871386,-0.00018622441052890115
2018-05-17,-0.012684336716505262,-0.011080271295019936
2018-05-18,0.00361308237770308,0.003402202759197849
2018-05-21,-0.009337679127263524,-0.010051048438874081
2018-05-22,-0.006681432125800918,-0.005847234366578752
2018-05-23,0.005672958289552723,0.005825709795635038
2018-05-24,0.003524219968062969,0.0035767699821335572
2018-05-25,0.006239968102063368,0.0056407697761996535
2018-05-28,0.005359581495851055,0.0045462815769082565
2018-05-29,-0.005841945610993951,-0.005759634917014832
2018-05-30,0.008339226412708251,0.007708562623513209
2018-05-31,-0.001312655370043663,-0.0005011973821952026
2018-06-01,0.002740451711981541,0.0019843671509126113
2018-06-04,0.006544358002764915,0.004283146240726721
2018-06-05,-0.005034640619283295,-0.00551545202256114
2018-06-06,0.0021879479068070153,0.0031154396621639983
2018-06-07,0.0030890599200788147,0.002788592708527133
2018-06-08,0.003793094180040195,0.005713366737845084
2018-06-11,-0.0033656343784444907,-0.0028013787702903387
2018-06-12,0.002673832023358306,0.002175542228355025
2018-06-13,0.0031446025506405044,0.0021269743424985155
2018-06-14,-0.0012982222874068133,-0.001600604890831562
2018-06-15,0.0022435106247139253,0.0024995314815446958
2018-06-18,0.0007886245624178938,0.0010900473568640735
2018-06-19,-0.002535516727248834,-0.002926203163078604
2018-06-20,-2.5603555661934615e-06,-0.00040038150964459107
2018-06-21,0.00022495906532666844,0.00033308446236295303
2018-06-22,-0.001489461339949891,-0.0010043040676114632
2018-06-25,0.003188326113867068,0.0023193964323614783
2018-06-26,-0.0072587605149082995,-0.006477585652998279
2018-06-27,-0.0009092403644197005,-0.000981689815176014
2018-06-28,-0.006580630268354662,-0.00712269747299829
2018-06-29,0.013202629719934399,0.012758199279085836
2018-07-02,-0.002337319995370275,-0.003234976248978828
2018-07-03,-0.00011954867859124978,8.24088933825746e-05
2018-07-04,0.004486621114970288,0.004540955743748584
2018-07-05,-0.002890749433453671,-0.0033298880005047157
2018-07-06,0.0024614135387128065,0.002118690742687605
2018-07-09,0.00431394760609327,0.004970144478906669
2018-07-10,0.0013412088420016953,0.0011735095845400744
2018-07-11,0.001511917853775422,0.0006174381802821224
2018-07-12,0.0017149474754596817,0.0013931573195053654
2018-07-13,0.0024593679462670817,0.0022886458209044397
2018-07-16,-0.003467197961693805,-0.004216780401766494
2018-07-17,0.003046263142993785,0.002105744654327817
2018-07-18,-0.0025040444629640724,-0.002452841313179969
2018-07-19,-0.005778930041448528,-0.006378061197596982
2018-07-20,0.0010594219388733494,0.0008550453825988086
2018-07-23,0.0017027582187228874,0.0012588256523538908
2018-07-24,-0.010162722849503343,-0.00889134121966596
2018-07-25,-0.001884263157183486,-0.0013997461441274687
2018-07-26,0.002674691754367575,0.0026029681657999053
2018-07-27,0.0037862791095442253,0.005409614972464376
2018-07-30,0.006448762262517714,0.005909468891271793
2018-07-31,0.005759698988021501,0.00484685935581575
2018-08-01,0.001484071308053513,0.0027269008724617877
2018-08-02,-0.008688796797581848,-0.008681215080613088
2018-08-03,0.00646692911434219,0.006949815134349285
2018-08-06,-0.0042675019809591316,-0.003837811167006675
2018-08-07,-0.0004683963794653771,-0.0007374803024548465
2018-08-08,-0.00018226751495928968,-0.000592755619329923
2018-08-09,-0.003780785341463768,-0.004298003794421294
2018-08-10,0.00203882777058055,0.0022850519323870514
2018-08-13,0.002515506700331732,0.002251648373908187
2018-08-14,0.0040619320933484165,0.004871513286064037
2018-08-16,-0.0005043362723409505,-0.0011955861722972054
2018-08-17,-0.0022645865616976834,-0.000239975905550339
2018-08-20,-0.0021560953918551237,-0.002097171223189891
2018-08-21,0.007025850070070447,0.005857507485624888
2018-08-23,0.008778777229818535,0.007015476035675821
2018-08-24,-0.004861913792775502,-0.0038633509040872645
2018-08-27,0.004286812962023434,0.005585325890859136
2018-08-28,0.004123677248318526,0.0037781372402034717
2018-08-29,-0.007916513781628646,-0.00711741987092999
2018-08-30,0.0062712276202061875,0.00603550725083975
2018-08-31,0.007005808253309094,0.007129332707517755
2018-09-03,0.004422305926712951,0.00279347154770315
2018-09-04,-0.009149552641162843,-0.008448635185467623
2018-09-05,-0.005669322170014651,-0.005793217262079036
2018-09-06,0.003565232096074005,0.003238452888608838
2018-09-07,0.00793890117404956,0.007004819361696147
2018-09-10,-0.0023750728577159813,-0.0023778371943567593
2018-09-11,-0.0002907498896823377,-0.0012492967400983955
2018-09-12,0.012080379657197497,0.011161643775656725
2018-09-14,-0.0036789984710988047,-0.002931740313575544
2018-09-17,0.002907798738728811,0.0018112773650531032
2018-09-18,0.0007709502643884904,8.802941938605753e-05
2018-09-19,-0.011237190518567612,-0.010023139101105671
2018-09-21,0.0008248809873872484,-0.0007068765548702285
2018-09-24,-0.003281014530966437,-0.0038560889629544646
2018-09-25,0.0010126546673193296,0.0016678123128617828
2018-09-26,-0.00047008025282381527,-0.00026749812307725967
2018-09-27,-0.003836947642109947,-0.003907401609851594
2018-09-28,0.0013118257097109467,0.0008813571263153817
2018-10-01,-0.0008347359341389915,-0.0014324203906529776
2018-10-03,-0.017278897994236642,-0.017027694836702984
2018-10-04,-0.01686954517353105,-0.016653128458465234
2018-10-05,-0.0072686046388536546,-0.008524021363964011
2018-10-08,0.0008529851803478792,0.0007283248137449798
2018-10-09,-0.009957278730174313,-0.010803621337300878
2018-10-10,0.0010194279855784,0.002435406574172931
2018-10-11,-0.0053582256291158465,-0.006294286969003433
2018-10-12,0.011477690940931446,0.010611666666711535
2018-10-15,0.0019099382269771488,0.002349718587090585
2018-10-16,-0.00352936634584568,-0.002370259061973282
2018-10-17,0.003043427006339674,0.0029132275742834775
2018-10-19,-0.0047441267286330475,-0.0055872768176959565
2018-10-22,-0.013234468649987612,-0.013134109541401134
2018-10-23,-0.013112283466761434,-0.012871973091453923
2018-10-24,-0.005250493641868558,-0.004965238761079784
2018-10-25,-0.004795219634174613,-0.0045336255479853545
2018-10-26,-0.0038820647434541335,-0.003124283932969197
2018-10-29,0.006964965988706106,0.006632744369010567
2018-10-30,-0.007505976762921577,-0.005850022134219801
2018-10-31,0.01999441869663709,0.01793528221424207
2018-11-01,-0.012303684437994247,-0.012013911083965026
2018-11-02,0.012906690130471401,0.01261367535125468
2018-11-05,-0.0057072733948316705,-0.004749626444563938
2018-11-06,-0.008389884553388134,-0.008096627817283725
2018-11-07,0.009249458266770458,0.009244083860765067
2018-11-09,0.005807780636930587,0.00602711254180249
2018-11-12,-0.0045585558485452754,-0.00447844920440414
2018-11-13,0.003073076124658565,0.002853961098732042
2018-11-14,0.0006352956251758875,0.0011169782491134
2018-11-15,0.010402853528665615,0.01023229650087671
2018-11-16,0.004002127819702397,0.0044121897958144755
2018-11-19,0.007346547561957315,0.006412867999159667
2018-11-20,-0.0035831434021209863,-0.003851500055744081
2018-11-21,-0.005862888127135974,-0.005453973850304527
2018-11-22,-0.004646191890654429,-0.0036094346559078254
2018-11-26,0.011727043354396791,0.010142970966987906
2018-11-27,0.004619461257238768,0.004297348054608595
2018-11-28,0.0005727283948904003,0.00031694919671664055
2018-11-29,0.004347212023196935,0.004041627007160212
2018-11-30,-0.0041213415853309145,-0.003656166827554121
2018-12-03,0.009443046173498003,0.007296299587837609
2018-12-04,0.0040005551862754,0.0049409833910287184
2018-12-05,6.441840080328477e-06,-0.0010408038516211205
2018-12-06,-0.009714076244729225,-0.009150663986904456
2018-12-07,0.0011445745213812296,0.0013229887991314676
2018-12-10,-0.011041556595812185,-0.011133652647841143
2018-12-11,0.004760206640001616,0.005434973585634242
2018-12-12,0.010423459894661823,0.010092644815936299
2018-12-13,0.008095485834135665,0.008923449309574148
2018-12-14,0.0047718731585860465,0.004813894255641904
2018-12-17,0.00015578062657354078,-3.7539349682062665e-06
2018-12-18,-0.0020926572535620008,-0.002467695350668286
2018-12-19,0.015222643929228282,0.01426524336800545
2018-12-20,-0.001655651266995982,-0.001884397004666871
2018-12-21,-0.009296636690495326,-0.009690622111027985
2018-12-24,-0.00404675062680262,-0.0038866766483727794
2018-12-26,-0.0052323454805260445,-0.004026452022136922
2018-12-27,0.00684476110554697,0.006509773948887045
2018-12-28,0.003857533525771788,0.0038140519160284095
2018-12-31,-0.00021720677297397612,0.0012027002265748016
2019-01-01,0.00047616584739996337,0.00011302134002844728
2019-01-02,-0.003889259547665123,-0.0035740852882237733
2019-01-03,-0.007312699288871109,-0.007242123218258713
2019-01-04,-0.003236889884356818,-0.002789904542706686
2019-01-07,0.00431817302113761,0.00341196697756903
2019-01-08,-0.0020304122988635477,-0.0022402935418334843
2019-01-09,-0.0005360716912651889,-0.0005466303552476276
2019-01-10,0.00634462831491981,0.0059360783954005
2019-01-11,-0.004760241483115168,-0.004234708746154894
2019-01-14,-0.003117652316969621,-0.0016931163621765007
2019-01-15,0.006058707872985047,0.00618488860783194
2019-01-16,0.005502003804840471,0.004839494389874435
2019-01-17,0.0006182522485544872,0.0009829642437217674
2019-01-18,0.00407761782616758,0.0035694070298615457
2019-01-21,-0.0005961778382030665,0.00023473792493770634
2019-01-22,-0.002990432991000895,-0.003170397317706038
2019-01-23,-0.0022841062129436165,-0.002271498634061295
2019-01-24,-0.00039900551388953945,-0.001147548973607128
2019-01-25,-0.011759972989575283,-0.011333474273666662
2019-01-28,-0.0009379046722037331,-0.0012156908919237202
2019-01-29,0.0032651108498263147,0.0035777068078242068
2019-01-30,-0.0019074944834639737,-0.00184554630634902
2019-01-31,0.010096609226281758,0.009628039134790496
2019-02-01,0.01996164692646025,0.01691814463008606
2019-02-04,-0.0045192188600122595,-0.004391471605792931
2019-02-05,0.0016840629112969774,0.0008328402443256344
2019-02-06,0.0024693951849882236,0.002747040987246851
2019-02-07,-0.006485819626743689,-0.004484006092432164
2019-02-08,0.0009359476401919861,2.147262516486451e-05
2019-02-11,-0.012141560684807647,-0.01168352352533444
2019-02-12,0.0042299311151167964,0.0038811974552802725
2019-02-14,-0.004140293887169882,-0.005860530599261864
2019-02-15,-0.0008000456008465722,-0.001169371770851026
2019-02-18,-0.0045749959290133,-0.003978344563292925
2019-02-19,-0.008864898099802246,-0.007239779881136522
2019-02-20,-0.004368279102425747,-0.003237726765747754
2019-02-21,0.006435126663475488,0.00638082442827006
2019-02-22,0.00635198925499625,0.006034542851393493
2019-02-25,0.010518584791596725,0.0098463318592688
2019-02-26,-0.005868230302487975,-0.004717456486386989
2019-02-27,-0.0007451743622643157,-0.0005109605312617202
2019-02-28,0.0017877121608866212,0.0019055915305977056
2019-03-01,0.0005049021459106819,0.0009531765549686461
2019-03-05,0.004324650681559349,0.0036511454223763598
2019-03-06,0.0066943611347458085,0.006644086197067584
2019-03-07,-0.0003620319492663437,-0.0003851526503353867
2019-03-08,-0.0011316441610247775,-0.0015728577167058095
2019-03-11,0.00866204383583725,0.009290109447377647
2019-03-12,0.0009547838689818659,0.0015134778664259835
2019-03-13,-0.004224808141429418,-0.004135663451924255
2019-03-14,0.001175995296314292,0.0004375008665758504
2019-03-15,0.005674531059674699,0.005459814254248824
2019-03-18,0.0010596834273395995,0.00022827042854120462
2019-03-19,0.0017134840470059021,0.0014540861177752048
2019-03-20,0.0011187969898039138,0.00048136663639094775
2019-03-22,0.00428656249560393,0.003503363858594421
2019-03-25,-0.006449075699439369,-0.006725007891801112
2019-03-26,0.0025059192205509214,0.0019818788581005605
2019-03-27,0.003273892422892899,0.0025362837776277338
2019-03-28,0.0026796954661773217,0.003143746096407886
2019-04-01,0.008816664128775882,0.00956248663718323
2019-04-02,-0.0004212544293994559,-0.0002752315005342176
2019-04-03,-0.0004938222248089436,-0.0012828770727651086
2019-04-04,-0.0014177132414282141,-0.0010491543628799935
2019-04-05,0.004420492254544395,0.0043448652232619634
2019-04-08,-9.08144450389518e-05,0.00023839293722628676
2019-04-09,-0.0012496530610762223,-0.0007544501622060525
2019-04-10,0.002013222315169902,0.0020452715353595787
2019-04-11,-0.0010197308518632166,-0.0016372019380918607
2019-04-12,-0.0010433884389980455,-0.0005165778885024134
2019-04-15,0.004574343995653094,0.004479332391955298
2019-04-16,0.006604053472958171,0.006221563559922275
2019-04-18,-0.00895289502081104,-0.0080853585201319
2019-04-22,-0.005310313452192832,-0.004872393951488219
2019-04-23,-0.0028027328932192152,-0.001543897526123889
2019-04-24,-8.686159527228704e-05,-0.00031396248237615745
2019-04-25,-0.006377586315296688,-0.006461042808942108
2019-04-26,0.0030785392635281393,0.0036408508421743617
2019-04-30,-0.0012390916342381202,8.011944737834452e-05
2019-05-02,-0.0011599666057217181,-0.0014839671639790292
2019-05-03,-0.0006832814492329046,-0.001447315686468215
2019-05-06,-0.007584826905725754,-0.008019329487513055
2019-05-07,0.0016703128630939342,0.0016127655639880678
2019-05-08,-0.005847545769324906,-0.006387666907777344
2019-05-09,-0.004295612946037474,-0.0038974083947299213
2019-05-10,-0.0096323934650048,-0.007951471427249102
2019-05-13,-0.005214710984497085,-0.004941105272512001
2019-05-14,0.0029845504486101485,0.002355971845246498
2019-05-15,0.0016716136293766517,0.0015090895997975366
2019-05-16,-0.003065832548010735,-0.003479656787846676
2019-05-17,0.0081152720326856,0.0072985907483309005
2019-05-20,0.015845694066170615,0.01652536224623034
2019-05-21,0.002558661593246374,0.002075856209152258
2019-05-22,-0.0025822738841522683,-0.002326569680091686
2019-05-23,0.003081310560364714,0.002047635797731762
2019-05-24,0.008267457609510202,0.007730945487922256
2019-05-27,0.01699250927935125,0.01597351011633502
2019-05-28,0.003912561649961359,0.00384415859305269
2019-05-29,-0.0001532999463262286,0.00044737863985150025
2019-05-30,0.004916546332717861,0.003661646637200133
2019-05-31,0.010579802134331753,0.010792932229108003
2019-06-03,0.006271814241125532,0.006837256864660348
2019-06-04,0.0018245005876313149,0.001117728422481493
2019-06-06,0.00038001388895236296,0.00020608241672311043
2019-06-07,0.0014217927107855574,0.001403764702963092
2019-06-10,0.0051226018312389935,0.0057917889622278226
2019-06-11,0.005669135035145922,0.00525736474233949
2019-06-12,-0.004025534649520892,-0.004051295355836455
2019-06-13,-0.006785211366926172,-0.006064389971158492
2019-06-14,-0.004864697596990484,-0.005225367579798884
2019-06-17,-0.004848594011518437,-0.004521190083679136
2019-06-18,0.005573632421574094,0.00541222667504105
2019-06-19,0.003548550970391945,0.003183817080171519
2019-06-20,-0.00041840835305274654,0.00027039117941482195
2019-06-21,-0.011902917501238062,-0.011327877028557852
2019-06-24,-0.006691128106456823,-0.006540443650049624
2019-06-25,0.0044510757750309115,0.00424360950074133
2019-06-26,-0.0029780259906301986,-0.003361215317566529
2019-06-27,0.004332830843758605,0.004054334436143853
2019-06-28,0.005694722156932806,0.005216351708911217
2019-07-01,-0.005651022124828326,-0.005176767044739011
2019-07-02,0.001140227324681429,0.0010655194250689208
2019-07-03,-0.00354852744623367,-0.004056262427905164
2019-07-04,6.956171208095653e-06,0.00012037828498043793
2019-07-05,-0.012011958805641198,-0.011517056614677532
2019-07-08,-0.01708616011861967,-0.016212887585630643
2019-07-09,-0.0034626639684123043,-0.00358244175122848
2019-07-10,-0.003580266407980893,-0.002730403908117074
2019-07-11,0.006099876630366756,0.006322014815645328
2019-07-12,-0.0030023067854481563,-0.002533940424604417
2019-07-15,-0.005567037209790085,-0.004260740658809442
2019-07-16,0.004711148177342194,0.004455187351773125
2019-07-17,-0.003850704206732768,-0.003190365884295209
2019-07-18,-0.0020777548046746024,-0.0025222765636063564
2019-07-19,-0.015313583050087225,-0.01555105650860808
2019-07-22,-0.0026300467979193795,-0.0027400998199495967
2019-07-23,0.0048088510824948255,0.003802874502731299
2019-07-24,-0.0006803666918804108,-0.0009003012285877703
2019-07-25,-0.0020399478499672297,-0.0020975008940819603
2019-07-26,0.0007947881669228781,0.0003106571435444528
2019-07-29,-0.0061093715660555555,-0.006277574027089084
2019-07-30,-0.0016209457600588274,-0.0020119437079904328
2019-07-31,0.008302878026622535,0.008222460703945222
2019-08-01,-0.01011797725609617,-0.010624576362513726
2019-08-02,-6.758164380600145e-05,-0.0007981063681679545
2019-08-05,-0.0027423391855301367,-0.002873559448912262
2019-08-06,0.0024829436760986858,0.003066272168191207
2019-08-07,0.006136092838600026,0.006464232324823382
2019-08-08,0.013440495341728125,0.012302497176695407
2019-08-09,0.0029367847500350514,0.0029188528589117633
2019-08-13,-0.009944778428989144,-0.010414179705437692
2019-08-14,0.002816963788148942,0.0029471315096395736
2019-08-16,-0.00193609204332197,-0.0016546012564159851
2019-08-19,0.007824116945132202,0.007444906924652932
2019-08-20,0.002831499435457011,0.003156173496517984
2019-08-21,-0.00015315974812431826,0.00021530161900967573
2019-08-22,-0.005948408584109381,-0.00485260846826289
2019-08-23,0.001624428327717435,0.0022027692656811553
2019-08-26,0.004301256912061829,0.004334285012969794
2019-08-27,-0.013983062081775664,-0.011873356635080157
2019-08-28,0.0020568893403801808,0.0015231831321385258
2019-08-29,-0.000988802115065716,-0.0019809337800741618
2019-08-30,0.008373130077717976,0.007873414595944067
2019-09-03,-0.006633807549121449,-0.007185117413236121
2019-09-04,-0.0045891227537308375,-0.0036044692141370687
2019-09-05,-0.00406279988143054,-0.0036980837214735367
2019-09-06,0.003762689355808484,0.004117615892344973
2019-09-09,0.0008196008772486285,0.0014136958584811976
2019-09-11,-0.010681124917430914,-0.010374842186014805
2019-09-12,-0.0054675356321546315,-0.005137635935139666
2019-09-13,0.002715734900114522,0.0033035882941253704
2019-09-16,-0.0027006507850208853,-0.0026552419862562408
2019-09-17,-0.008794763240252829,-0.008142569348592156
2019-09-18,0.003347448143921888,0.0031166314135006035
2019-09-19,-0.00022628262998630896,-0.0011142978705380288
2019-09-20,0.02812511779490513,0.027217350024163277
2019-09-23,0.031539346236598674,0.031009775744817777
2019-09-24,0.0056188737514571525,0.00410364084453546
2019-09-25,-0.008140595175022585,-0.007981156411187292
2019-09-26,0.00010592245305816747,0.001012219364261325
2019-09-27,0.0010937773757306833,0.00017372493992224729
2019-09-30,0.002495049227084651,0.004289570181895056
2019-10-01,-0.010043979337231225,-0.01004363356045681
2019-10-03,-0.002894550865486308,-0.003737928877211847
2019-10-04,-0.005518659004327994,-0.005486801565032493
2019-10-07,-0.008296614654364754,-0.007811868165602124
2019-10-09,-0.0014113607375927355,-0.001480478606744007
2019-10-10,0.00396164048021237,0.0036316726041906687
2019-10-11,0.03265618122643009,0.027087502889826934
2019-10-14,0.0007514553760976239,0.0010381305657995827
2019-10-15,0.0003901659396146185,0.0011732817456593294
2019-10-16,-0.005879285490541448,-0.005237705350417419
2019-10-17,0.005319285837612538,0.0052109415159317255
2019-10-18,0.00839240556612351,0.0083231556278094
2019-10-22,-0.008614874716204762,-0.007883411372907151
2019-10-23,-0.0025788046956173654,-0.0026251773785725937
2019-10-24,-0.00895124635003744,-0.0076898729284534005
2019-10-25,-0.004273470378140713,-0.003114665988921284
2019-10-27,0.005359232223473602,0.00536121315699427
2019-10-29,-0.0086942995937987,-0.009497844605577564
2019-10-30,-0.002780519534910307,-0.0020681474996431535
2019-10-31,0.00834762987961735,0.00870095330553971
2019-11-01,0.006451423943506926,0.006804967492586321
2019-11-04,0.0058655400603157175,0.0049402505717802275
2019-11-05,-0.0069498635087083,-0.006985346742503336
2019-11-06,-0.00010280117081011896,-0.0009116158996336354
2019-11-07,0.011297224767888673,0.01070427926204514
2019-11-08,-0.014555826678719536,-0.013829135661715803
2019-11-11,0.001609856224483074,0.0021955510578691474
2019-11-13,-0.0022815826143879727,-0.002129566519851988
2019-11-14,-0.0014161978731257237,-0.0018419727849449472
2019-11-15,0.005025814095044731,0.005374114070887398
2019-11-18,0.0008060574560672283,0.0012706426201880769
2019-11-19,0.009588469201871801,0.009291972910212516
2019-11-20,0.004380803014395927,0.004141112307793762
2019-11-21,0.0028350838650321583,0.0030671633630707353
2019-11-22,-0.0040295788273067975,-0.003118348408889822
2019-11-25,0.0014788691302627154,0.0023360232225873934
2019-11-26,-0.017661477584170002,-0.016995717956828377
2019-11-27,-0.004401847599943437,-0.0025552761745060363
2019-11-28,0.005933328763863101,0.005498450620559689
2019-11-29,0.0012844116625397768,0.0012611723284775475
2019-12-02,-0.0064642091234846984,-0.005888736850134251
2019-12-03,-0.00482153892437406,-0.004915450735448725
2019-12-04,0.008679267535437752,0.008924506281430664
2019-12-05,0.0032144291365518644,0.002888623766595115
2019-12-06,0.0008424362587352535,0.00037369773361895463
2019-12-09,-0.001286337103893565,-0.001689390412723512
2019-12-10,-0.0058803518490515546,-0.005691583881021519
2019-12-11,-0.0035706929656366126,-0.0034281996408605008
2019-12-12,-0.0007989331271561709,-0.0006900156190175165
2019-12-13,0.004082524975996907,0.004134114187764988
2019-12-16,0.004111110814212931,0.0031179455189420196
2019-12-17,0.006067823804364005,0.006364281812459318
2019-12-18,0.003644259105855754,0.003894384257136127
2019-12-19,4.9466295669575415e-05,-0.0005264195778706693
2019-12-20,0.0025123547917458243,0.0017897425769510152
2019-12-23,0.003675167961857418,0.00440930572633504
2019-12-24,0.0031111353500816287,0.002366803568456732
2019-12-26,0.006749822364850351,0.005644464536565933
2019-12-27,0.006117369563374721,0.005545974711013032
2019-12-30,0.0007191274376010977,0.0007594725383112908
2019-12-31,0.0021313182963844787,0.0015109619652640765
2020-01-01,-0.0013609445663359892,-0.0007573991020533846
2020-01-02,-0.006402109225028237,-0.00589858954091033
2020-01-03,0.0010153670472051262,0.0011209683668998694
2020-01-06,-0.0035921449205706404,-0.004710529054072667
2020-01-07,-0.0024883418811572798,-0.0018897703354872437
2020-01-08,-0.0025542170464687955,-0.0023440578725423297
2020-01-09,0.0031790390407899815,0.002883455038295968
2020-01-10,0.00404685349039824,0.0041247925057313305
2020-01-13,0.007518318845293567,0.006879520472378146
2020-01-14,0.008416156380234912,0.008582257607827257
2020-01-15,-0.008445299891145968,-0.006874348256037429
2020-01-16,-0.0059470135108817285,-0.0037813221843159767
2020-01-17,0.0037452168793761366,0.003268529990988783
2020-01-20,0.002140758795147571,0.0018317724890006247
2020-01-21,-0.0001872995860226572,-0.00046282059883968646
2020-01-22,-0.007472683908854601,-0.00638422601910877
2020-01-23,0.003579218266799356,0.0027873448367369854
2020-01-24,0.00834250147050588,0.007779834031678427
2020-01-27,0.005244337639877672,0.004208900037586559
2020-01-28,0.004012179883876636,0.004027231634788847
2020-01-29,0.0036890923452252617,0.004435145932646167
2020-01-30,-0.004703565002226337,-0.005816796418942425
2020-01-31,0.0033795334560643804,0.001245789923797145
2020-02-03,-0.0019292973253965872,-0.002780294902224547
2020-02-04,0.01987711962778746,0.019070121403050058
2020-02-05,0.0011808232344302232,0.0018879024891321262
2020-02-06,-0.007713009533769852,-0.006335404599491047
2020-02-07,0.008271991913863696,0.008354004798167867
2020-02-10,0.005551371816139293,0.0038218610724297013
2020-02-11,0.008752729323355789,0.009493851656308418
2020-02-12,-0.004774493351511936,-0.004904687251686224
2020-02-13,-0.00660591627896349,-0.0068425073710941635
2020-02-14,-0.004586751594272633,-0.0036080860148770605
2020-02-17,0.004420843666747131,0.004705808153104589
2020-02-18,-0.006707459317077992,-0.0055616201630637515
2020-02-19,0.007219801174612729,0.008299329402614752
2020-02-20,0.008712145152357688,0.008940403862456203
2020-02-24,-0.006085217394332254,-0.006959485414683539
2020-02-25,-0.0009671722551142962,-0.000187081854497797
2020-02-26,-0.01108577858178734,-0.011156950736598193
2020-02-27,-0.0029006340807386597,-0.001039547543512507
2020-02-28,-0.011826416343670852,-0.013070988127210602
2020-03-02,-0.0013074677218900585,-0.0018897635783162979
2020-03-03,0.00932270571252847,0.009635496825006269
2020-03-04,-0.00400817038995838,-0.004501059850213172
2020-03-05,0.001285183469570213,0.0014352374899995943
2020-03-06,-0.011172415922063453,-0.010773941891939413
2020-03-09,-0.010443850023103473,-0.01421144342603872
2020-03-11,-0.002838402163910152,-0.002639357087284199
2020-03-12,-0.03910153884348591,-0.0395576168863497
2020-03-13,0.0046978109853005766,0.005222350460320679
2020-03-16,-0.05469870878315545,-0.05536903623782948
2020-03-17,-0.0032306339765192814,-0.005848538208678087
2020-03-18,-0.042179031528369534,-0.042233929146979265
2020-03-19,-0.03302721016669981,-0.03397481138580673
2020-03-20,0.031756392813212,0.035386929002673664
2020-03-23,-0.06307031330755278,-0.07013485871285507
2020-03-24,-0.01737051528821771,-0.010554066058411117
2020-03-25,0.02202735694455365,0.023383772784073126
2020-03-26,-0.0006375790576158445,0.004230354765738158
2020-03-27,0.0040581582424672955,0.0015245602277058385
2020-03-30,-0.009915662392058832,-0.011934547977242542
2020-03-31,0.02470111119565174,0.02645091965743613
2020-04-01,-0.022697445303598622,-0.02376718626106823
2020-04-03,0.010702731261252698,0.007743276608193489
2020-04-07,0.026304575228080992,0.028717934596269572
2020-04-08,0.013247000010201366,0.015349808457424351
2020-04-09,0.027616514027606023,0.026590212277815356
2020-04-13,0.0028671152998882296,0.005641522337662667
2020-04-15,0.007229856109320279,0.008355685890856194
2020-04-16,0.006704222451433995,0.00399248812577844
2020-04-17,0.013023615872762689,0.012095638207087481
2020-04-20,-0.0004607758342087361,0.001204650160869166
2020-04-21,-0.009861939098259427,-0.0093590505820699
2020-04-22,0.023399651916836194,0.01981248376647063
2020-04-23,-0.008248736520401638,-0.0031516991876557195
2020-04-24,-0.002092469614938953,-0.0025555039075528543
2020-04-27,0.012312331848559248,0.010103564150363651
2020-04-28,-0.017483080592271088,-0.016479341478349126
2020-04-29,0.00027569651359998565,0.0012214418683171267
2020-04-30,0.011208259057001183,0.010349531765364569
2020-05-04,-0.01074734383566835,-0.012288979765634677
2020-05-05,0.0019019856197489181,-2.419851773605001e-05
2020-05-06,-0.005981915056319311,-0.006774052296585276
2020-05-07,-0.012030711143934681,-0.01181791262321955
2020-05-08,-0.010484219124510119,-0.00757515699562933
2020-05-11,-0.005113899076824255,-0.0041532760948923535
2020-05-12,-0.005757602312363013,-0.0087831237187467
2020-05-13,0.007447003441314319,0.0081559541164969
2020-05-14,-0.018083940497743874,-0.0133277801207796
2020-05-15,-0.007285530534320625,-0.006505560503844608
2020-05-18,0.019397639825601963,0.013270274602709615
2020-05-19,-0.00628212964280182,-0.0039033827073082514
2020-05-20,0.0004045717329636746,0.00222685748903357
2020-05-21,0.005961375538960767,0.006692465707631335
2020-05-22,0.013710797725008095,0.0112215905835724
2020-05-26,0.009238744228856888,0.007910924369980307
2020-05-27,-0.0032485683480650237,-0.005449676793432891
2020-05-28,-0.001623262794719881,0.0020629587461454915
2020-05-29,0.017037683854480613,0.019838430751757848
2020-06-01,0.004812673491161928,0.0041141919207199505
2020-06-02,0.011586671873666144,0.01109971503830586
2020-06-03,0.006167191737005769,0.008358276698111606
2020-06-04,0.013873138024213704,0.012501612099083775
2020-06-05,0.012071034488064911,0.009959448625438997
2020-06-08,0.0033460566862312255,0.003050621194567506
2020-06-09,-0.004044774786384269,-0.00323960900728723
2020-06-10,-0.005051749441704538,-0.005254240272676211
2020-06-11,-0.009886496080341516,-0.012156471631946298
2020-06-12,-0.0043796767289560855,-0.0029279282517822762
2020-06-15,-0.0049622023803878295,-0.004553859985635854
2020-06-16,-0.001405996071970379,-0.0013796591596883024
2020-06-17,0.006040342304200464,0.00412803611805634
2020-06-18,-0.006132649660581297,-0.006016764465207888
2020-06-19,0.013506290408573724,0.01188526913430213
2020-06-22,0.01735910144920458,0.02043055083842784
2020-06-23,-0.004728744778708336,-2.016129311115404e-05
2020-06-24,-0.0036070909435586707,-0.0012754512937586681
2020-06-25,-0.002050405663720644,-0.0015505044560564173
2020-06-26,0.012609227492980647,0.013176604273750047
2020-06-29,0.0025754032054976896,0.0023243110584154755
2020-06-30,0.005180792727075799,0.005420626179781247
2020-07-01,-0.0026364892062639097,-0.003953938883671065
2020-07-02,0.0004444201968011774,0.0025414984963357933
2020-07-03,0.0005418568519439537,0.0015628646076029712
2020-07-06,0.005489372798714598,0.004267849395588928
2020-07-07,-0.011780185753353772,-0.011892663855376816
2020-07-08,-0.011850441049951125,-0.011756215848411739
2020-07-09,-0.013134842426967237,-0.01272123677868068
2020-07-10,-0.006623497034070276,-0.006878442032878306
2020-07-13,0.002119681242785754,0.0021366956435823698
2020-07-14,-0.006313872358336637,-0.005779409982820746
2020-07-15,0.011618080959722972,0.010811847443304308
2020-07-16,0.014292280040623934,0.010272261228250628
2020-07-17,0.0022808371813270055,0.002901974392484175
2020-07-20,-0.000649832316569884,0.00041739990797182744
2020-07-21,0.0025836434762627402,0.003819069173748353
2020-07-22,-0.005877718535170283,-0.006127399813705005
2020-07-23,0.009725339068097536,0.00894521265131217
2020-07-24,-0.0016829373638968421,0.0011264589500921112
2020-07-27,-0.0009419696405027266,-0.0007994131066201691
2020-07-28,-0.003915964914062152,-0.0028635276539015165
2020-07-29,0.005163186353223469,0.004905275247520735
2020-07-30,0.001555524660885038,0.0035569511726385675
2020-07-31,0.004259275809539995,0.005786130864894969
2020-08-03,0.0009236571565410704,0.0008636470316670321
2020-08-04,0.0035740362231804264,0.003283542993909239
2020-08-05,-0.008807281637847744,-0.007956714844079513
2020-08-06,-0.003035525726617757,-0.00135446038994198
2020-08-07,-0.012089181722337477,-0.009840628589457218
2020-08-10,0.028987473919220345,0.028027924968001414
2020-08-11,-0.0022933284632082047,-0.0024441877289060566
2020-08-12,-0.00406068362362633,-0.003874460071333256
2020-08-13,0.014148442051340995,0.01492857800177484
2020-08-14,0.006118759374687423,0.006474968902832126
2020-08-17,0.004394237224544231,0.005398763376260301
2020-08-18,0.0006628794083310424,0.0006397469190159962
2020-08-19,0.009623419261689074,0.010024073329251856
2020-08-20,0.013250320351599645,0.012955027048999805
2020-08-21,0.014645623076202575,0.016359155019206782
2020-08-24,0.01897652992090964,0.018102863364338754
2020-08-25,-0.008202855876092489,-0.00939783856909208
2020-08-26,0.015192145597648095,0.013682659946087118
2020-08-27,0.0007075632880783472,0.00013315586197743283
2020-08-28,0.010713285197656422,0.00933262798263549
2020-08-31,-0.019658112920024434,-0.022308723381162784
2020-09-01,-0.004404723415871365,-0.003293849902403347
2020-09-02,0.015681135438339988,0.014303624692021314
2020-09-03,-0.006884190669653468,-0.004828645566230905
2020-09-04,-0.010026815763338408,-0.009741298982340682
2020-09-07,0.019717077832700512,0.01669030174964147
2020-09-08,-0.009950681000368672,-0.008893546339804248
2020-09-09,-0.007001252501345342,-0.005939501138593241
2020-09-10,0.008654731369694742,0.009250040508809827
2020-09-11,-0.00810812689169451,-0.00649523735198494
2020-09-14,0.016973038091614056,0.0177742485492597
2020-09-15,0.004309371420885731,0.007945237552389354
2020-09-16,-0.017626272705626743,-0.015546529735227948
2020-09-17,-0.006637564521564136,-0.005691622561190226
2020-09-18,-0.006938098038885151,-0.00509044256169377
2020-09-21,-0.02921954276482161,-0.02701578405759492
2020-09-22,-0.037760297374664256,-0.03111039017690252
2020-09-23,-0.00292144014769474,-0.003569430586781019
2020-09-24,-0.0049190937374238766,-0.005741421692821021
2020-09-25,0.014237950288914837,0.013950244921978579
2020-09-28,-0.003983996008381413,-0.001626465546818735
2020-09-29,-0.010276374838434384,-0.00783525418950002
2020-09-30,0.0011168298354403505,0.0006210324448637371
2020-10-01,-0.002937810103562107,-0.0027562475178139643
2020-10-05,0.008159935631312176,0.006529046724611751
2020-10-06,0.002778085184615363,0.001922892797267835
2020-10-07,0.0013449906289832237,0.0014755397133016514
2020-10-08,0.009868365456812751,0.00973572884625189
2020-10-09,0.006628416452595301,0.004986032916896326
2020-10-12,0.002067303168078499,0.0030993915626014615
2020-10-13,-0.004882007000476686,-0.003740722476170925
2020-10-14,-0.011020948436533144,-0.010249963477304827
2020-10-15,-0.00792886482377302,-0.00781844571757596
2020-10-16,-0.011313596831533575,-0.007934843088400442
2020-10-19,-0.006014141066110404,-0.0017472549021560068
2020-10-20,0.001885870468193634,0.0037500596911284956
2020-10-21,0.0028587708550298456,0.002949755952631851
2020-10-22,0.01969620725350791,0.018314860171159186
2020-10-23,0.0019839042048246987,0.002095358218806998
2020-10-26,-0.009382493614815234,-0.008088082850387753
2020-10-27,0.022224648031492156,0.020441818133936897
2020-10-28,0.002289532889052007,0.0022263954689390533
2020-10-29,0.006966776922233033,0.006819630451124007
2020-10-30,-0.002385280511461615,-0.0012936802946031676
2020-11-02,-0.004922060240343239,-0.00562648724187829
2020-11-03,0.006341077344962514,0.0065448285995628455
2020-11-04,0.0017629008514240005,0.00152348603510886
2020-11-05,0.009084264818059913,0.00962703084923584
2020-11-06,-0.00031497072420550766,-0.0017264033281916206
2020-11-09,0.0009168081482294428,0.0014802343933417801
2020-11-10,-0.021515608834792834,-0.019091481357764385
2020-11-11,0.005863479138708421,0.0074391311741905525
2020-11-12,0.005916679036479005,0.004242460476600253
2020-11-13,-0.002326043139320541,-0.0008873560872788447
2020-11-14,0.004943606015829187,0.0057116250858355545
2020-11-17,0.01052016198885606,0.010659499400310253
2020-11-18,0.0037121116505232886,0.0029634158775060575
2020-11-19,0.01879703533119493,0.01591442449213504
2020-11-20,0.014124437468896212,0.015987226647541524
2020-11-23,0.005335676543095131,0.004910489202389421
2020-11-24,0.0025125435425101747,0.0025558358484295274
2020-11-25,-0.014004534053861092,-0.014384824687494482
2020-11-26,-0.004970146642277865,-0.0059283881731086
2020-11-27,-0.012885359441207615,-0.009530198448378598
2020-12-01,0.01913059107243126,0.01694722222632926
2020-12-02,-0.0042005335005374875,-0.002659111056716923
2020-12-03,0.0036536359163244813,0.005670929175452474
2020-12-04,-0.0048356787058358875,-0.0029898214740291824
2020-12-07,0.004668411475817597,0.005027532973990688
2020-12-08,0.010002110847971826,0.007637763569815806
2020-12-09,0.0006264233157130878,0.0017827429461141466
2020-12-10,0.003521711376870103,0.003524283351128561
2020-12-11,0.013174660268875038,0.011094022843947681
2020-12-14,-0.001580209575995128,-0.0003331361934987209
2020-12-15,-0.001564555197354297,-0.002878230990206049
2020-12-16,0.010302141380080222,0.01024880667168254
2020-12-17,-0.0080916365316846,-0.006304082342920456
2020-12-18,0.0023265117883393633,0.0035992175519506857
2020-12-21,-0.015768725976097617,-0.01607023627059242
2020-12-22,0.0036357774814414516,0.0050679539715259465
2020-12-23,0.008012551876508654,0.007912227479361907
2020-12-24,-0.00435228327050004,-0.002539552274617332
2020-12-28,0.0037022236026554136,0.002217321545209352
2020-12-29,0.00078637972612133,0.0011140391137003938
2020-12-30,0.006709723170241941,0.005090301772035388
2020-12-31,-0.009741902844417704,-0.008766102305375662
2021-01-01,0.0021468180966150822,0.002250174895126126
2021-01-04,-0.006200453603497357,-0.0038256231076335802
2021-01-05,0.009349155998023013,0.009352773261843878
2021-01-06,-0.0067272383306498495,-0.005486151743410486
2021-01-07,0.00883697751230296,0.006522179040810081
2021-01-08,0.0018603812691003875,0.004383987150168392
2021-01-11,-0.0011391743684999625,-0.0009702478657578157
2021-01-12,-0.001594871771265834,-0.0010117290971508885
2021-01-13,0.003998759481801577,0.0028310969752966793
2021-01-14,0.0002202527907584394,0.00013374030516036944
2021-01-15,-0.009372138234953304,-0.00996156553594066
2021-01-18,-0.012791628523673665,-0.011292414874280886
2021-01-19,-0.0029748580116692653,-0.0017624891176735227
2021-01-20,-0.0076630254388182235,-0.004996041535586992
2021-01-21,-0.006879416607819183,-0.00548029302747863
2021-01-22,-0.0008313474349083232,0.0009775192259224125
2021-01-25,0.000686329062286131,0.00013138297609753666
2021-01-27,0.002681580361115105,0.003372438364795202
2021-01-28,-0.008652352675800829,-0.007798144038235455
2021-01-29,-0.006142884446552844,-0.005638829622866475
2021-02-01,-0.0024610800633506572,-0.0026725797898063787
2021-02-02,0.014260835864045363,0.015729614931167635
2021-02-03,0.0028898757908610074,0.004287412460456531
2021-02-04,0.014780920194500648,0.014846536310671817
2021-02-05,-0.009076203209008154,-0.008830808426843768
2021-02-08,-0.0032516858506172197,-0.00184898776944829
2021-02-09,0.015847611192086018,0.015453408529376121
2021-02-10,-0.006712242745264408,-0.0052735216678681685
2021-02-11,0.005095320663501633,0.004816046195118259
2021-02-12,0.016066020434043097,0.012718357699118001
2021-02-15,0.0024657920713141743,0.0004190287589815487
2021-02-16,0.01390052669337809,0.0131694341873996
2021-02-17,9.953893100104365e-05,0.00014695901197388922
2021-02-18,0.027057073359270496,0.02468375739224247
2021-02-19,-0.011194486928624034,-0.011440328954825427
2021-02-22,-0.0075770468040570055,-0.008299792744130837
2021-02-23,-0.0002605629148574569,-0.0003537794817583379
2021-02-24,-0.005311893892355107,-0.002746569568980858
2021-02-25,0.008459003268774086,0.007030923010957428
2021-02-26,0.004670633060342174,0.003135307457439548
2021-03-01,0.009481713358459608,0.009451347931442193
2021-03-02,0.012247268380915353,0.013330542606693472
2021-03-03,0.003779710953171155,0.0030793441497150914
2021-03-04,0.004322170927770963,0.004255187168607198
2021-03-05,-0.004389121996402754,-0.005745273613800686
2021-03-08,0.0032846106451062326,0.00504650891068141
2021-03-09,0.01045599598692533,0.00919300182553554
2021-03-10,-0.0038061320016267446,-0.002006950058694028
2021-03-12,0.0007041907104459242,0.0017951301184537436
2021-03-15,-0.0008844934532692327,-0.0011888786541622938
2021-03-16,0.007158594477736684,0.007988108522577492
2021-03-17,-0.023285750912298925,-0.022369698468183277
2021-03-18,-0.009754699693752658,-0.010756371114375819
2021-03-19,0.02020658879286765,0.017089773274912002
2021-03-22,-0.002027260427110508,-0.00034425571929883243
2021-03-23,-0.0006268797092062491,0.0002426681263309546
2021-03-24,-0.002199312419734443,-0.002745583703471966
2021-03-25,-0.018783365756834067,-0.016331210492271576
2021-03-26,0.021175955729684972,0.019839604814840185
2021-03-30,0.03797327516132157,0.035031690026838626
2021-03-31,0.009412895022389237,0.0072476116880651874
2021-04-01,-0.016585065924963886,-0.014971420887152607
2021-04-05,-0.020767382619497978,-0.018398053844850097
2021-04-06,-0.0021763745319222884,-0.0015981324583873677
2021-04-07,0.0013335073655276002,0.002224027656900386
2021-04-08,0.0029354825827439795,0.0023242716324053028
2021-04-09,0.006820366799024025,0.009280836060578425
2021-04-12,-0.01782203969965935,-0.017798488496991647
2021-04-13,0.007809539839982551,0.005256268230047719
2021-04-15,0.004834564583461198,0.004643984455333238
2021-04-16,0.004657574563056264,0.006908935967767232
2021-04-19,-0.0026310829318125345,-0.003854445227571736
2021-04-20,-0.0047740029149089015,-0.005798296318468548
2021-04-22,0.0016458609507087386,0.0008706213630743168
2021-04-23,-0.0023337164021215912,-0.002262693131223928
2021-04-26,0.019039382969700064,0.017802325399343462
2021-04-27,-0.007208907534520088,-0.005827374535049519
2021-04-28,0.0026067362773417296,0.0030006040327263976
2021-04-29,-0.005305261775133818,-0.006782957770244277
2021-04-30,-0.0038416568201320653,-0.0026113009619326976
2021-05-03,0.013372901966386797,0.013784836828552756
2021-05-04,0.005223990591354038,0.0043981248625585894
2021-05-05,0.00890679196539838,0.01008866077058197
2021-05-06,0.0022256319156069688,0.003476304470486616
2021-05-07,0.0030924737466603413,0.0030403537813715985
2021-05-10,-0.004295018922859775,-0.0021502164787232988
2021-05-11,0.003477762396769338,0.005806396868389945
2021-05-12,-0.000393864401106332,0.0029276398130264137
2021-05-14,0.0018622291386164753,0.00043776963225257155
2021-05-17,-0.00392379597049523,-0.0035659276961051978
2021-05-18,0.009695623716086172,0.008683893924547246
2021-05-19,0.003196167090445093,0.00399054346771011
2021-05-20,-0.0018063493235756717,-0.003244148744252588
2021-05-21,-0.005213895951314641,-0.004298868439037923
2021-05-24,0.009283412822035288,0.011591867642468945
2021-05-25,-0.0031721742378515326,-0.0022020584859847123
2021-05-26,-0.004346663426435202,-0.0028172813770544754
2021-05-27,0.008791990984863498,0.00967736084543298
2021-05-28,0.004173120106904021,0.00278660649276845
2021-05-31,0.0011370876363916225,0.0013568399236253215
2021-06-01,0.004829428205761714,0.0058289305119946675
2021-06-02,0.006888725463140729,0.006217309454688894
2021-06-03,0.015829766306892683,0.01513991833932796
2021-06-04,0.009853206675204805,0.007567685214522399
2021-06-07,0.007314195034999556,0.007029341633636131
2021-06-08,0.0049251737220972125,0.004503730759336531
2021-06-09,0.007403128079247398,0.006996352742184395
2021-06-10,0.00016162212546844807,0.0006315130273021417
2021-06-11,-0.0016281455306680877,-0.0006865074900807039
2021-06-14,-0.0007785850775615166,-2.700203230516791e-06
2021-06-15,0.005332414839530994,0.006085398754453044
2021-06-16,0.00027422346408488096,0.0008642876428712477
2021-06-17,-0.006575430379916359,-0.004209618230374758
2021-06-18,-0.0069107041488005345,-0.004692605475017277
2021-06-21,0.00887642896504695,0.009030750835334972
2021-06-22,0.008777809960925781,0.008135926576458936
2021-06-23,-0.013121340548877269,-0.010655357935828176
2021-06-24,0.001005271710602942,-0.00041564978651220533
2021-06-25,0.000270971653255959,0.00042466014416419744
2021-06-28,0.0015030760461009042,0.0011546514150050616
2021-06-29,0.003980060077748073,0.004230569073376053
2021-06-30,0.008450024330630093,0.008693867456577686
2021-07-01,0.0029486899503355663,0.0038816422906640794
2021-07-02,0.0005407929582145229,0.0009992181762294436
2021-07-05,-0.00256847162174393,-0.0010200582288106596
2021-07-06,0.002819257640507978,0.0012131732642583488
2021-07-07,-0.008328725645745673,-0.006680437759320593
2021-07-08,0.004134386485451147,0.003340338428596743
2021-07-09,-0.002147658112632413,-0.002529207412334162
2021-07-12,0.004273398114893553,0.0034879747094066823
2021-07-13,0.006265022780821951,0.005204063750491422
2021-07-14,0.0035461339690215418,0.00434713265747164
2021-07-15,0.0025382130713301125,0.003523096683664083
2021-07-16,0.00014090775603350946,0.0014465775553954654
2021-07-19,0.015024072827178981,0.013749813507738396
2021-07-20,-0.01344034831457705,-0.010970870663973505
2021-07-22,0.020412468639080087,0.019404684153922845
2021-07-23,0.010693154220124032,0.009262320562475397
2021-07-26,0.002280428605346262,0.00012496377037224502
2021-07-27,-0.010659400637793874,-0.008247173059898848
2021-07-28,-0.0018401843460835075,-0.004198620912763176
2021-07-29,-0.006489194000723867,-0.00579220312110783
2021-07-30,0.005895573480416281,0.007127621062525104
2021-08-02,0.004851404740600879,0.005021570547360304
2021-08-03,0.013423976777279599,0.013779051659165206
2021-08-04,0.0017842768238208048,0.00270655928431042
2021-08-05,-0.003073344923519904,-0.002875962151422014
2021-08-06,-0.010771032618043106,-0.009580427551921901
2021-08-09,-0.0011498823733863519,-0.0008014704800636331
2021-08-10,-0.001821865610579218,-0.0013805969594260922
2021-08-11,-0.010936421704615442,-0.011379303460408392
2021-08-12,-0.004340434568809134,-0.0007720556978022442
2021-08-13,0.016560934797020383,0.014844196258793239
2021-08-16,0.008970522045885408,0.008370710337016226
2021-08-17,0.01370653313771872,0.01389299260360977
2021-08-18,0.0034698646061404863,0.0026486895386960427
2021-08-20,-0.0034908976188639754,-0.0038654135211355833
2021-08-23,-0.0038057892597709742,-0.004650943910651212
2021-08-24,-0.002525803504667171,-0.0006748382963812336
2021-08-25,0.0029224333978597264,0.005277454485259068
2021-08-26,-0.0038072083448613624,-0.004165005814686226
2021-08-27,0.007021671122136914,0.007323890026469172
2021-08-30,0.008643554699005247,0.008523529388714103
2021-08-31,0.012356958676818661,0.012855310154325157
2021-09-01,-0.003245843269828303,-0.0037216539110555584
2021-09-02,0.012094705656598191,0.012818717589472731
2021-09-03,0.009363010769930619,0.00887318706980087
2021-09-06,0.0034727831872064987,0.004052121818697791
2021-09-07,0.009665765622024062,0.0089227401778692
2021-09-08,-0.001706506027249692,-0.0011805036558656997
2021-09-09,0.007196281431853843,0.007581328244362525
2021-09-13,-0.002499258255528343,-0.001493616710208368
2021-09-14,-0.00777206014821797,-0.007044414150769459
2021-09-15,0.004998314782776856,0.006320709728103276
2021-09-16,0.0022267981834344485,0.0018124200837609514
2021-09-17,0.0023680893486265936,0.0027202118147913773
2021-09-20,-0.008703485583914372,-0.007125978875631888
2021-09-21,-0.009941158136793155,-0.008718180671250029
2021-09-22,0.00022514697725327794,0.00017467448736932024
2021-09-23,-0.008833209880665615,-0.007109557217331447
2021-09-24,-0.0004787842235829828,-0.0006734503418103655
2021-09-27,-0.0016804977945678234,-0.003653712921426991
2021-09-28,0.0022511830922501965,0.002152741136084066
2021-09-29,-0.00031608267804787476,0.0004726209555200203
2021-09-30,0.009076541215175458,0.007903827508985415
2021-10-01,0.012020957279384653,0.01010728752423399
2021-10-04,0.0006077169570352296,0.0004430396190130639
2021-10-05,0.0009887188860931055,0.002977153504875322
2021-10-06,-0.011837340600026116,-0.010897557894111183
2021-10-07,0.008000373652070751,0.008689463076229347
2021-10-08,0.010041147529186119,0.0091547558418728
2021-10-11,0.008984623976156637,0.008977124693271514
2021-10-12,0.008446440571460656,0.008724911247357978
2021-10-13,-0.013339326023603845,-0.011162958642296507
2021-10-14,0.004863039031447005,0.00421492515573038
2021-10-18,0.0006679993314391815,-0.0005172733655004112
2021-10-19,-0.011273686190900164,-0.00946592871240188
2021-10-20,-0.009858901179295472,-0.010920396583519109
2021-10-21,-0.008565038628148851,-0.008535706237662293
2021-10-22,-0.0160001575036866,-0.012990299952937377
2021-10-25,-0.0033155088925188704,-0.0026068960409029347
2021-10-26,-0.0041458671782544695,-0.0030235017304040606
2021-10-27,0.015159578763152583,0.018001471255764415
2021-10-28,0.0034851122385838023,0.001120630974706028
2021-10-29,0.011108680012226627,0.008932243684158056
2021-11-01,0.004779205233181963,0.007978205139913846
2021-11-02,0.004534859264086767,0.0038075876551831225
2021-11-03,0.007683658177185693,0.0064370269818308
2021-11-04,0.004811144216874556,0.005405001205055568
2021-11-08,0.007922894962366048,0.008539410466366928
2021-11-09,0.005962439996750945,0.0056657685483342025
2021-11-10,-0.004496930678957318,-0.0039009967848127507
2021-11-11,0.00028590283868923263,0.00012837670807848
2021-11-12,-0.00935774826456848,-0.0075618654907214445
2021-11-15,-0.00718571272965253,-0.00440698457645948
2021-11-16,6.321569630109397e-05,-0.00024669161059516747
2021-11-17,-0.0058114939736592045,-0.0055081968110853585
2021-11-18,0.0009113793423752041,-0.0014976405544633782
2021-11-22,-0.011104241506670099,-0.011559142858813518
2021-11-23,0.007314437123951493,0.00765684538028357
2021-11-24,-0.0048563575803959235,-0.0043100846518253485
2021-11-25,-0.007347145539706563,-0.004741740650403459
2021-11-26,-0.0021762736223097058,-0.003672722799893576
2021-11-29,-0.002915318260418885,-0.0009984390802329122
2021-11-30,-0.004278077119764165,-0.0028626322638864448
2021-12-01,-0.018488708428072147,-0.01581464190484825
2021-12-02,0.007476097083251742,0.00863422539685226
2021-12-03,-0.005248438651624631,-0.007203406180957831
2021-12-06,-0.005498551137408304,-0.007889808396890047
2021-12-07,0.00720415988292867,0.00797155015752819
2021-12-08,0.0023648601819729097,0.0021351855039533504
2021-12-09,-0.0029103728721379596,-0.00048521329829291263
2021-12-10,3.2496892421847706e-05,0.0014601639381157435
2021-12-13,0.004078804768971787,0.0046058644600261555
2021-12-14,0.0016316073736367676,0.002924544181686807
2021-12-15,0.001372761190949684,0.0023282235064345656
2021-12-16,-0.0031226003495249573,-0.0021635322216101314
2021-12-17,0.0002470633286911319,-0.001713924148081204
2021-12-20,-0.008130417251393704,-0.008385056519188402
2021-12-21,0.010352116480370625,0.011977455449415218
2021-12-22,0.006611184578803358,0.007376662266866997
2021-12-23,0.010686605231552695,0.008317162066822453
2021-12-24,-0.0013045516698568954,-0.0012540003561092759
2021-12-27,0.0027883540868857536,0.004404684710196482
2021-12-28,0.0007260223815967171,0.0026313373642631865
2021-12-29,0.00714590591786129,0.0057372198431845925
2021-12-30,0.0010011358478518423,0.0008578986540984366
2021-12-31,0.010012621128199882,0.009492887482233743
2022-01-03,0.007442767149200089,0.007978815846129568
2022-01-04,0.003735522180461213,0.004509422428165098
2022-01-05,-0.0012226323611213437,-0.0012670258252495442
2022-01-06,-0.0046292089998125575,-0.003148728043966345
2022-01-07,-0.0022414971073778573,-0.0016013066869645053
2022-01-10,-0.001657477211205994,-0.0011074275344518164
2022-01-11,0.002522084267885466,0.0032714796449792574
2022-01-12,-0.001292850384219153,-0.0004493690384561967
2022-01-13,0.0012092363322272627,-0.00016813899909309837
2022-01-14,-0.0022452325507271807,-0.0011600702128840652
2022-01-17,0.006383853371098383,0.00541586966178303
2022-01-18,-0.003515941694223771,-0.004755244069344562
2022-01-19,-0.008402663417377582,-0.008280916205128134
2022-01-20,-0.008230460255362126,-0.007231161931467171
2022-01-21,-0.0035393432068593043,-0.004766147559665585
2022-01-24,-0.01334017461577408,-0.01481973452053132
2022-01-25,0.012595968586077233,0.011130383885054908
2022-01-27,-0.018726988086587272,-0.017130549288935
2022-01-28,-0.0016309059469405062,-0.00040806530467720967
2022-01-31,0.0006358330772979729,0.0025113874768146827
2022-02-01,0.0005348482406220131,-8.343493609833455e-05
2022-02-02,0.0012659498691325315,0.0031246272949065376
2022-02-03,0.002902715932361173,0.0023892620448792822
2022-02-04,-0.00039735734358190174,-0.0015259164192293648
2022-02-07,-0.015194922573366824,-0.01336170264653197
2022-02-08,-0.0048827793571125985,-0.005665465882043842
2022-02-09,0.0069102374021598615,0.007229078673511224
2022-02-10,-0.010446262932148127,-0.008135921958034344
2022-02-11,0.0015774816624332315,0.0004704504844123252
2022-02-14,-0.0043189918456349565,-0.006809001951251682
2022-02-15,-0.002576393536795334,-0.00031400953594603546
2022-02-16,0.0005346611816106689,0.001985434915697255
2022-02-17,0.011580046757024289,0.010567674746006237
2022-02-18,-0.006037107345564437,-0.005089588736551222
2022-02-21,-0.0006188767976183875,-0.0014769137571371172
2022-02-22,-0.0019801998779095395,-0.0027721541971501267
2022-02-23,-0.004451244117854435,-0.0031445681076785084
2022-02-24,-0.006615007598695081,-0.01052367731652501
2022-02-25,-0.0013713641873587868,0.0007767265534074485
2022-02-28,0.014069722447417065,0.013742785019572693
2022-03-02,-0.0044944259954170715,-0.006034640184744092
2022-03-03,0.0036433817435006163,0.0025360896841370643
2022-03-04,-0.016479370674353486,-0.016860910116966627
2022-03-07,-0.020125518266855637,-0.019627503547953395
2022-03-08,0.011358963434002122,0.00946997454324386
2022-03-09,0.00048164190821388896,0.002928892290000921
2022-03-10,0.003893547382833232,0.004107692087656315
2022-03-11,0.0038162238149217647,0.004129951553190748
2022-03-14,-0.0008578418066978412,0.0007732753628865894
2022-03-15,0.006139610398489661,0.005031402238758377
2022-03-16,-0.002093259572118091,0.00013198092875432743
2022-03-17,-0.011990684352031067,-0.009402161983539372
2022-03-21,0.0006913955853657637,0.0008907147507412764
2022-03-22,-0.008641509538329322,-0.007053775433785573
2022-03-23,-0.012429615726615263,-0.010995952881843563
2022-03-24,0.0008223446721166141,9.244924469438637e-05
2022-03-25,-0.013618697420022545,-0.011433176711285034
2022-03-28,0.006723728301124979,0.006175173006662518
2022-03-29,0.01284588576101992,0.011429768760199065
2022-03-30,0.012277704387645081,0.012249343736758551
2022-03-31,0.011321439944919322,0.010431224043965692
2022-04-01,-0.000563213951421829,-0.0004365864764683065
2022-04-04,0.005779426965523579,0.006214826384042637
2022-04-05,0.021382291926509468,0.01985545692706476
2022-04-06,-0.0010535288248117712,-0.0007558379668448035
2022-04-07,0.0038370340708976003,0.0028586805729192716
2022-04-08,-0.0014438296971586656,0.0010125308710360063
2022-04-11,-0.0038067869474547266,-0.003456302380989233
2022-04-12,-0.002728440886924137,-0.004273667039136795
2022-04-13,-0.0008111612322409155,-0.0013627040947564706
2022-04-18,-0.004544033997487485,-0.004979166509131366
2022-04-19,-0.014005155220950858,-0.011462582924663279
2022-04-20,0.005516514839993403,0.005045422835871493
2022-04-21,0.011217397682120572,0.010183918534483504
2022-04-22,-0.0047745419266191315,-0.00339016859927326
2022-04-25,-0.0032256702640640093,-0.005243264178041668
2022-04-26,0.004519066090509943,0.006343261061873993
2022-04-27,-0.0014923461420110282,-0.0016672859214627057
2022-04-28,0.019813898064383023,0.017912815060703014
2022-04-29,-0.0046301679769247895,-0.004574732686812016
2022-05-02,0.0044799696171229,0.003841978943370842
2022-05-04,-0.013829984242219626,-0.013740595374469037
2022-05-05,0.0012024614793350484,0.0013911655436191688
2022-05-06,-0.00856810001910929,-0.008247145538456032
2022-05-09,-0.00785815286263081,-0.007202648868002549
2022-05-10,-0.007080442866836844,-0.008017686187884045
2022-05-11,-0.009982819919434774,-0.00963097450843305
2022-05-12,-0.016088500906000308,-0.014737007161242018
2022-05-13,0.0048955395456269975,0.004071286621505276
2022-05-16,-0.007261694834965656,-0.004205673374175657
2022-05-17,0.017472955602113916,0.016775821882759216
2022-05-18,0.012124746913559536,0.011321782051315671
2022-05-19,-0.016201001015908306,-0.016111486965535264
2022-05-20,0.01349986020854582,0.01205962954463398
2022-05-23,-0.006180904304672798,-0.005396416919074485
2022-05-24,0.0025375438026029027,0.001926228529004684
2022-05-25,-0.008484604764558831,-0.009320701964706945
2022-05-26,0.0033785636100636075,0.0033938667717819133
2022-05-27,0.014936869226829054,0.014550524451146797
2022-05-30,0.007002467644634267,0.005992534056749971
2022-05-31,0.005106833790551451,0.003366116106639067
2022-06-01,0.004813974989132125,0.0046713009084034095
2022-06-02,0.005044224576271256,0.0040505064695627434
2022-06-03,-0.013294119208606256,-0.012903289623062785
2022-06-06,-0.0020542189181005613,-0.002321377847525284
2022-06-07,-0.011195456467298024,-0.010368305134348832
2022-06-08,-0.007770796021272479,-0.007031095227125814
2022-06-09,0.009087163428672515,0.008485159715490534
2022-06-10,-0.004373936516090417,-0.0047192927713610505
2022-06-13,-0.0024742782148711815,-0.002567087762338688
2022-06-14,0.0064079203019226354,0.004375665622355555
2022-06-15,-0.004459534303498361,-0.0035935646219848625
2022-06-16,-0.010029912223553705,-0.010435482486940319
2022-06-17,-0.011208162336050143,-0.012582577341327417
2022-06-20,0.013034546015519781,0.012954155940694238
2022-06-21,-0.002225901507627021,-0.0025107478117342096
2022-06-22,-0.006959421706925903,-0.006593139486891199
2022-06-23,0.007007438930613084,0.007589789853667404
2022-06-24,0.004186774955679649,0.00407624184655548
2022-06-27,0.007729374050688278,0.0076352493587109336
2022-06-28,0.003023140848519485,0.0029247811019638297
2022-06-29,0.007622249671471597,0.006588039305697346
2022-06-30,0.008116049581454643,0.007344539816595308
2022-07-01,0.004746795740659651,0.004945011613759315
2022-07-04,0.01064232032147363,0.010159023833350976
2022-07-05,-0.0010503213014348598,0.0001479245254918933
2022-07-06,0.007680600784247861,0.00853117036175141
2022-07-07,-0.006370604751458063,-0.0054089191706171115
2022-07-08,0.010705518423949924,0.009750296677336729
2022-07-11,-0.0037983893023495045,-0.0030438877574789107
2022-07-12,-0.0006629245691922243,-0.002216360157425601
2022-07-13,0.007427578848102119,0.006283483449937993
2022-07-14,0.0025623273553444766,0.0033806247696233993
2022-07-15,0.008835874782770365,0.008040249512756182
2022-07-18,0.006233030356014347,0.006062578796799208
2022-07-19,-0.007287533797728953,-0.006213675092363158
2022-07-20,0.007453107672334838,0.0068172162694961555
2022-07-21,0.00963981997790663,0.009666064300204226
2022-07-22,-0.0006465326461891595,0.0009118885102787275
2022-07-25,-0.015276672670270537,-0.013962310430612024
2022-07-26,-0.007121247644299175,-0.006787672446308833
2022-07-27,0.003070107821045353,0.003033254585324995
2022-07-28,0.0049238923259595875,0.003856270506812948
2022-07-29,0.009204245096192101,0.010002862453319284
2022-08-01,0.011015820167914166,0.011416747178934336
2022-08-02,0.008948373405263579,0.009140732139016762
2022-08-03,0.006827921674380247,0.005848094564451086
2022-08-04,0.003890288190816224,0.003564280431413603
2022-08-05,0.0046855897000014765,0.004100773138747886
2022-08-08,0.004939260692021672,0.004658573974114324
2022-08-10,-0.008946746982476023,-0.007734713281449964
2022-08-11,-0.01071789373749741,-0.008872369525210607
2022-08-12,0.0016477424918835807,0.0013848885057681202
2022-08-16,0.005514763924287725,0.004919552466816036
2022-08-17,0.0021521169431845425,0.0022502769648807116
2022-08-18,-0.0007502502148505366,-0.0008117922733744923
2022-08-19,-0.00803569917828431,-0.007951169611081502
2022-08-22,-0.004758629780672527,-0.004693707940954469
2022-08-23,0.0015142727598984466,0.002668818294088992
2022-08-24,0.005145540620165028,0.005617473184308622
2022-08-25,-0.0030571214641489106,-0.0029789274528096202
2022-08-26,-0.0057099752290479065,-0.004210991655867036
2022-08-29,-0.004587591414903786,-0.004325061799290836
2022-08-30,0.006770383053531423,0.006801125641527078
2022-09-01,-0.014578373737035077,-0.012207501976269559
2022-09-02,-0.005517236417858261,-0.005242766641918469
2022-09-05,0.006524101756299857,0.005464469085542557
2022-09-06,0.004339927787082275,0.003826872935164749
2022-09-07,-2.1421775689590153e-05,0.0005089182663059599
2022-09-08,0.001494905766502994,0.001767396438685874
2022-09-09,0.005755304654828688,0.005447547449006442
2022-09-12,-0.0026204268745419835,-0.0027731380255958406
2022-09-13,0.003620159475701272,0.0037156103402056777
2022-09-14,-0.001855755967307222,-0.002287854017007477
2022-09-15,-0.0017847358914732797,-0.001898314846165461
2022-09-16,-0.027030025073899094,-0.026663474493509004
2022-09-19,-0.00022726953072654886,-0.0004234199932538923
2022-09-20,0.017287733191051563,0.017068024886764295
2022-09-21,0.0021447467457282408,0.0026790399346101335
2022-09-22,-0.0044434243423210045,-0.004511620947074345
2022-09-23,-0.0035991511635315374,-0.0038078397173646676
2022-09-26,-0.006731788120879007,-0.0063664717123146945
2022-09-27,0.002025099333040391,0.001325101417240782
2022-09-28,-0.0014143669771825623,-0.0009025139000526437
2022-09-29,0.010533326401430397,0.009268367942203494
2022-09-30,0.010307053522899486,0.010536903393134076
2022-10-03,-0.007205732013422232,-0.005193027490104417
2022-10-04,0.004645759180273724,0.004352120958137095
2022-10-06,-0.005306875040950393,-0.006478822470960259
2022-10-07,-0.003518681901878599,-0.0040423531381586116
2022-10-10,0.0013174700736564042,-0.0005747344355902692
2022-10-11,-0.00811719092185319,-0.00771037649910168
2022-10-12,0.007756029256404046,0.007144952372858351
2022-10-13,-0.0025727373814867565,-0.0025618790164449842
2022-10-14,-0.0009663294447373213,-0.0012471956945681486
2022-10-17,0.009685548335461189,0.00916254806982911
2022-10-18,0.008745636986530502,0.007789617699306958
2022-10-19,-0.0005316148363299216,-0.0005048994513428207
2022-10-20,-0.001021513850348818,-0.0018847124456864931
2022-10-21,-0.0017446132217862698,-0.0020195143471055943
2022-10-24,0.0033075247057831173,0.0035906087887033053
2022-10-25,-0.0020530015363325782,-0.0015139276723388775
2022-10-27,0.0044103788961614146,0.00348516767543325
2022-10-28,-9.713642271401868e-06,-0.0008525184962313615
2022-10-31,0.009331382201536164,0.009412067071882002
2022-11-01,0.010603903225230839,0.010085802586358217
2022-11-02,-0.005113151571393261,-0.004720728405990479
2022-11-03,0.002919536592438143,0.0021316302925145822
2022-11-04,-0.005992203203383181,-0.004757923488953555
2022-11-07,-0.010035111232083848,-0.008587499505886425
2022-11-09,-0.005199344045185414,-0.005197458530137861
2022-11-10,0.007223123553821013,0.006498369430676727
2022-11-11,-0.0011122294118463506,-0.002361151692954624
2022-11-14,-0.004802227894037925,-0.005354600349107504
2022-11-15,0.004554866924819616,0.004398643345329388
2022-11-16,0.00821519968089063,0.0070717578434166435
2022-11-17,0.003948720841175386,0.003391282231442318
2022-11-18,-6.357581427636122e-05,-1.1344366881791052e-05
2022-11-21,0.00463313416562143,0.004216006370645373
2022-11-22,0.00924212938288967,0.008622069963060178
2022-11-23,-0.003864221706360472,-0.0037156079837974347
2022-11-24,0.01020407297699522,0.010155855474927021
2022-11-25,-0.0010894512021809811,-0.002089551575358232
2022-11-28,0.010119348397560693,0.01011364950602003
2022-11-29,0.001968184978015997,0.0018421468321577902
2022-11-30,0.006498476833045038,0.006377991825747285
2022-12-01,0.003398769412793787,0.003368689279597789
2022-12-02,-0.0015478343920765068,-0.0011251880094057633
2022-12-05,-0.007431609895886511,-0.008094938202073465
2022-12-06,-0.009190685503562824,-0.008435065855805182
2022-12-07,0.007499634825056975,0.00737082746474061
2022-12-08,0.005474613285852121,0.004268948368028229
2022-12-09,0.003258469280988264,0.0025577398960525384
2022-12-12,-0.006056541784346346,-0.00519412460810296
2022-12-13,0.0028536939812225104,0.002724474976844637
2022-12-14,-0.00428542026635776,-0.0026399325949477445
2022-12-15,-0.011036086259113202,-0.008756582648132755
2022-12-16,1.1932840388694161e-05,-0.0003509145391646934
2022-12-19,0.008550681497533956,0.007841750479561187
2022-12-20,-0.0015375064341090743,-0.0020582300821001837
2022-12-21,-0.006872080994289114,-0.005618596929184692
2022-12-22,0.005018131974959737,0.0049428987921221286
2022-12-23,-0.007249396837676702,-0.007582446029229002
2022-12-26,-0.007392800540771854,-0.00605095920758812
2022-12-27,-0.000364506149533307,-0.0007054451033084621
2022-12-28,-0.0006516289534114387,-0.0010709421114493615
2022-12-29,-0.003950915076150211,-0.0037812213507458117
2022-12-30,-0.008241911600065327,-0.006481105614593121
2023-01-02,-0.00040171177809532685,-0.001527467395801512
2023-01-03,8.833652136291405e-05,0.0011235622173467147
2023-01-04,-0.00018407347969094843,0.0005562394682599792
2023-01-05,0.008476487291572759,0.008894026286517125
2023-01-06,0.004856181349232492,0.004661587939703015
2023-01-09,0.003765720110713355,0.003222731210811898
2023-01-10,-0.005691866102630515,-0.005567243875981767
2023-01-11,-0.013942842621492372,-0.012100881726340853
2023-01-12,-0.00461937779867001,-0.0027159559087701715
2023-01-13,0.006335506518073279,0.004503388776671196
2023-01-16,0.0002912581480418914,-0.00016225810345022178
2023-01-17,0.0027358330805574925,0.002783664116658904
2023-01-18,-0.00757238292366192,-0.005883399145602199
2023-01-19,0.0019106596688939822,0.0008989871047878101
2023-01-20,-0.01084555409571038,-0.009486014152197427
2023-01-23,-0.006709139813448742,-0.005743463621288459
2023-01-24,-0.003876320365480862,-0.003929817744336867
2023-01-25,-0.0002609599431704716,0.00040152295117003577
2023-01-27,-0.002594516628568092,7.20349516619877e-05
2023-01-30,-0.0019249066178239312,-0.0012618596395810062
2023-01-31,0.0014701037681862034,0.002135184763970476
2023-02-01,0.012044211361537988,0.012530696766946311
2023-02-02,0.008421579206973638,0.007964434927915992
2023-02-03,-0.0017252465064017545,-0.0006136846182389517
2023-02-06,-0.002483102315231965,-0.001953835625834026
2023-02-07,0.0031462662658399737,0.0026717426527494157
2023-02-08,-0.0064496318564594875,-0.004670151054472817
2023-02-09,-0.005480882992097882,-0.006529363443561061
2023-02-10,0.0036035075256894535,0.0034605669734603423
2023-02-13,-0.008666088854269038,-0.008905996660077024
2023-02-14,-0.0002551352220889142,-0.0007502978547837527
2023-02-15,0.001203376343581331,0.001326789393429323
2023-02-16,0.003957912450517432,0.0040232872610817426
2023-02-17,0.0014703018549097292,0.002055350278834428
2023-02-20,-0.012842538422612845,-0.010684744137380828
2023-02-21,-0.0007935536497215252,-0.00017031791874421007
2023-02-22,0.0008508083121849824,0.0003559235759803446
2023-02-23,-0.004004429539690154,-0.003566626547430472
2023-02-24,0.0070850834976461914,0.006008971903444836
2023-02-27,0.0002455193757295018,0.00034024178726409064
2023-02-28,-0.012557630690455507,-0.011581136969790065
2023-03-01,0.0010243275154031301,0.0007309750603741717
2023-03-02,-0.004681691878873646,-0.003751926251497039
2023-03-03,-0.00044148293474954273,-0.001445539937888045
2023-03-06,0.005766424593228029,0.00510542244033335
2023-03-08,-0.00791019716268345,-0.006617086191966153
2023-03-09,-0.0009254865836893914,-0.000981503690737216
2023-03-10,-0.0047089816974641065,-0.0034951106234925922
2023-03-13,-0.012217471866032274,-0.01138371377383646
2023-03-14,-0.007836212150086402,-0.007913928320198282
2023-03-15,-0.0037443607002548072,-0.0034473172704853304
2023-03-16,-0.0020164083482727964,-0.0020316240131088843
2023-03-17,-0.00526435531997927,-0.004578762655347691
2023-03-20,0.003093116938234694,0.0028892428947042384
2023-03-21,0.003625284406221234,0.00450123265483107
2023-03-22,0.002329702065850148,0.003080996771806423
2023-03-23,-0.0048147822634665004,-0.004325762072129725
2023-03-24,0.0049495147835824736,0.004048224244787814
2023-03-27,-0.0036999804014166506,-0.002808506971988031
2023-03-28,0.00453594007443355,0.004618325728735315
2023-03-29,0.00042039304111250465,0.0004298167052368462
2023-03-31,0.012474877889660764,0.012686345847890856
2023-04-03,0.0048708997027026805,0.004376120764958004
2023-04-05,0.007428033982329936,0.005942042546582085
2023-04-06,-5.36614897158912e-05,0.0002853659694761985
2023-04-10,-0.0030968278566839043,-0.0018883627447389606
2023-04-11,-5.182242212735811e-05,-0.00041879530145033986
2023-04-12,-2.1091779794993326e-06,-0.000554110657660903
2023-04-13,-0.0035005359874644253,-0.004280344138643865
2023-04-17,-0.005826743923865887,-0.005171687682524707
2023-04-18,-0.0010629234107328326,-0.0007455826299195693
2023-04-19,-0.0016955885389167195,-0.0019048346589615767
2023-04-20,0.0009322333891997159,0.0006457858251638386
2023-04-21,0.004626247899463511,0.004759768081124008
2023-04-24,-0.0026494268154050667,-0.0019357347984901188
2023-04-25,0.00192269802114988,0.0019602676633212503
2023-04-26,0.009472879088933212,0.009295731620819371
2023-04-27,0.005586418629770016,0.005391371312379016
2023-04-28,0.007388730670732643,0.007138215906375707
2023-05-02,-0.005052789499008137,-0.004348208896388976
2023-05-03,0.002090396929688356,0.0016228991806836075
2023-05-04,0.00784407616007727,0.006867983706925254
2023-05-05,0.00446306570960414,0.004879068078566497
2023-05-08,-0.0008947727598107834,0.000680200810379002
2023-05-09,-0.004524268504384915,-0.003854775361638834
2023-05-10,0.006867010801622523,0.007355374681824472
2023-05-11,0.011841599167816916,0.012121772048294363
2023-05-12,-0.004229344674521497,-0.004275411013308107
2023-05-15,0.0036516142149347,0.0033637978153671626
2023-05-16,-0.00555588338771715,-0.005289851026827182
2023-05-17,-0.00046048650216477696,-0.0007545831563063268
2023-05-18,0.0020092830490878737,0.002612620160865036
2023-05-19,-0.004240125772981227,-0.0038865483835976117
2023-05-22,0.014949379191325302,0.012159809575685309
2023-05-23,0.006638835985803146,0.005686126003980123
2023-05-24,-0.003308331423067726,-0.0034049108558159365
2023-05-25,0.006965976801292395,0.0060398586035171516
2023-05-26,0.011084494507535365,0.011587684591063284
2023-05-29,0.003895056776597825,0.0030626649721273726
2023-05-30,0.0041824932496999975,0.0038090359636403478
2023-05-31,-0.0030540271755508746,-0.0028581145224249025
2023-06-01,-0.0030870239050485838,-0.0024194415333571814
2023-06-02,0.00023955452013956532,0.000572870234181426
2023-06-05,-0.00330020686205026,-0.0022065769086852724
2023-06-06,0.0022048791118647005,0.0016932743148438479
2023-06-07,0.0145892184688135,0.013884137462670849
2023-06-08,-0.00276678578089303,-0.002193415964692506
2023-06-09,-0.0034615540731223957,-0.004009358732171193
2023-06-12,0.005133416648806759,0.005711580377697306
2023-06-13,0.0179527334396767,0.016336049105760312
2023-06-14,0.0016778901915875273,0.001221066260981663
2023-06-15,-0.0003847201551270405,-0.0002932135798321908
2023-06-16,0.013055762220399746,0.012658936020074571
2023-06-19,0.006053338388943958,0.005125931244293329
2023-06-20,0.000642141857466921,0.0004456631846544304
2023-06-21,-0.0046838886139791945,-0.0022600710557160743
2023-06-22,0.0008639400615841498,0.00044436903735339134
2023-06-23,-0.005646692977276586,-0.004714793705653772
2023-06-26,0.010757717950401417,0.00980909318213549
2023-06-27,-0.0006337132177605821,-0.0010308780433599877
2023-06-28,0.008988288382185563,0.008397242951132814
2023-06-30,0.005283028556286122,0.006514127117743061
2023-07-03,-0.003218380665687905,-0.0038714449247558395
2023-07-04,0.008293225799530152,0.007769402730890285
2023-07-05,0.006576633137125215,0.006956319355262749
2023-07-06,0.0026421491702797438,0.0028335151306238646
2023-07-07,-0.004709202879253502,-0.005679300291122632
2023-07-10,-0.002367192782387432,-0.0021950530589507798
2023-07-11,0.009981924920610456,0.010646630267465871
2023-07-12,0.006645577907201637,0.0065858192102104035
2023-07-13,-0.0021113638236969112,-0.003242312441053897
2023-07-14,0.007329347708170375,0.0073199053228933265
2023-07-17,0.006087565171482995,0.0049010191197293666
2023-07-18,0.003851622087587519,0.003602184012130447
2023-07-19,0.005265855366371247,0.005271707396907481
2023-07-20,0.0028517593281174283,0.0023281711851270114
2023-07-21,0.00471972415735512,0.004360482935603185
2023-07-24,-0.0037989382784527044,-0.0036289951479995678
2023-07-25,0.001831156828772962,0.0018984274321012132
2023-07-26,0.00391581321851123,0.003616350405766861
2023-07-27,0.00671648678688954,0.00698978667671618
2023-07-28,0.0005653134841274356,0.0007721209098579309
2023-07-31,0.0032873773956742657,0.00489054613452532
2023-08-01,0.005928227257200365,0.005383235545627114
2023-08-02,-0.012204059670498214,-0.012706092844058919
2023-08-03,-0.000906759019747126,-0.0008790269931047066
2023-08-04,0.0030537431647114895,0.0035142759283801144
2023-08-07,-0.001921603578827662,-0.0007055408064413485
2023-08-08,-0.002352317958597669,7.791034245570059e-05
2023-08-09,0.005234174736904939,0.004225416423858421
2023-08-10,0.0024906829721940815,0.0007728551587959139
2023-08-11,0.003945291698148145,0.003974385598816136
2023-08-14,-0.0013183356109188046,-0.0011599754296115607
2023-08-16,0.008740846551842221,0.007025022636049741
2023-08-17,-0.0024966880794084555,-0.001435293194913005
2023-08-18,0.003833209490581059,0.0034795106597274245
2023-08-21,0.0035228040686111186,0.0037123667533428225
2023-08-22,-0.0066665168140813925,-0.0052259163695936054
2023-08-23,0.006453761571757858,0.006368691581156428
2023-08-24,-0.006817852822694356,-0.0068443741029515365
2023-08-25,0.00011157813170357684,-2.8161141806254094e-05
2023-08-28,0.0022559011821958103,0.0015154762653061685
2023-08-29,0.002131016862151525,0.002339496302689433
2023-08-30,-0.003915867318886483,-0.0033339136485585675
2023-08-31,-0.0030406318888871135,-0.002653607281659734
2023-09-01,0.0029152507925301057,0.0026146177313291054
2023-09-04,-0.0019542676199264916,-0.0009433361938606867
2023-09-05,0.01376333636947679,0.012892839522810397
2023-09-06,0.010498509808474112,0.00955981327321648
2023-09-07,0.010754143470534815,0.010121225447558804
2023-09-08,0.0005738911727463128,0.0019285917904500764
2023-09-11,0.00792392957885489,0.00741492861927511
2023-09-12,-0.007376260742394161,-0.00689456289586727
2023-09-13,0.0031466643059445557,0.0028669871888577503
2023-09-14,-0.0012967839641837417,-0.00037354222772308706
2023-09-15,-0.00413766021901866,-0.0033724532685106916
2023-09-18,-0.000930476113402144,0.0005469123949264578
2023-09-20,-0.01146495228044976,-0.010470856726143698
2023-09-21,-0.0063773846453521275,-0.005821924153137855
2023-09-22,-0.009442378485468365,-0.008090907416518868
2023-09-25,-0.0037388459216308695,-0.00320347333982856
2023-09-26,-0.002847703350112452,-0.0022243908623908186
2023-09-27,-0.0014803699009461944,-0.0012102602350814772
2023-09-28,-0.008126123325315683,-0.008399556488393755
2023-09-29,0.010303931481819663,0.010001046910351842
2023-10-03,-0.003798165075034866,-0.002404339902040662
2023-10-04,-0.010947950201366642,-0.010799791563624669
2023-10-05,0.00133150729522017,0.0011185980155981811
2023-10-06,-0.00927458522449284,-0.0068860258467752416
2023-10-09,-0.003760169735465458,-0.003594524249804988
2023-10-10,0.0021713910247393004,0.0015306083559208292
2023-10-11,0.009297441934807287,0.00843397935115433
2023-10-12,0.0044428469122181746,0.005422134555739886
2023-10-13,-0.003780274120840649,-0.0030041401854714773
2023-10-16,-0.0010946692438566614,-0.001295088689275306
2023-10-17,0.00501426170649771,0.005042011875738929
2023-10-18,0.0014961052465563716,0.0012537204820555986
2023-10-19,0.002538232201065147,0.002402896290789699
2023-10-20,0.002174391276513655,0.0005824101551118302
2023-10-23,-0.01811977971312091,-0.017580008453031978
2023-10-25,-0.003974132091310622,-0.004759847907692764
2023-10-26,-0.012309949081333505,-0.012626216533242739
2023-10-27,0.014787875057728453,0.014350933548378906
2023-10-30,0.005051968021236433,0.004815499739636411
2023-10-31,-0.005650962953714355,-0.005526091796122701
2023-11-01,-0.002856368846641551,-0.0030717295149693367
2023-11-02,0.007837968759419087,0.006771746379121428
2023-11-03,0.0018802139268772541,0.0024317856246277793
2023-11-06,0.009031358873764066,0.00837026426271937
2023-11-07,0.011664804549106145,0.010684560059497994
2023-11-08,0.003667177816675526,0.003416323634638747
2023-11-09,-0.0033554092594141223,-0.0033297912955549264
2023-11-10,-0.0015631551370169589,-0.001009021213874369
2023-11-13,0.0015893532467059798,0.001814225692235773
2023-11-15,-0.001303313074246362,-0.0009685169831027728
2023-11-16,0.003937613162307778,0.003931974944593834
2023-11-17,-0.002402368689843846,-5.735432997049669e-05
2023-11-20,0.009998453032614367,0.008784755356099787
2023-11-21,0.0014973316654827988,0.0022145267674959362
2023-11-22,0.00117881117847267,0.0023614040305894772
2023-11-23,0.0026163029265871014,0.002837621060214469
2023-11-24,0.008312669441207643,0.007241456310035522
2023-11-28,-0.009117034698774056,-0.008660640998476231
2023-11-29,0.005342216340192997,0.004720092855673588
2023-11-30,0.0063996039871266576,0.007761640125641511
2023-12-01,0.0064772082090590825,0.005993997043535447
2023-12-04,0.016693756393420644,0.015300601543691674
2023-12-05,0.0019905816076816216,0.001346633820108869
2023-12-06,-0.008929531312579396,-0.009251646786189909
2023-12-07,-0.00183017718634991,-0.0018767047295285748
2023-12-08,-0.0068973345066213835,-0.006357749372726285
2023-12-11,0.0001684209873074731,-0.00013619329085736733
2023-12-12,-0.006486789194430818,-0.006299812046726168
2023-12-13,0.002529916559895519,0.0026425745101564253
2023-12-14,0.005740197010713569,0.0055553862105989695
2023-12-15,0.002623246115467396,0.0021856028258243135
2023-12-18,-0.00027172767993869723,-0.00010278273116335674
2023-12-19,0.010086225876488851,0.009031091751695058
2023-12-20,-0.010272054692411547,-0.009877569077929188
2023-12-21,0.0037924963228693886,0.0034063341318438657
2023-12-22,0.01007792665455013,0.009904927673701025
2023-12-26,0.009401832653956332,0.008713896747540592
2023-12-27,-0.005642250151301684,-0.0044307442743392635
2023-12-28,0.009776428749020776,0.009949412057394214
2023-12-29,-0.001759690246687462,-0.0010483148255982858
2024-01-01,0.00015266846847559285,0.0020476199805014427
2024-01-02,0.0072922504022678095,0.007624892956741047
2024-01-03,0.0026108810649458857,0.0011921817250970157
2024-01-04,-0.006584731415932623,-0.005451372401252569
2024-01-05,0.001169877370176633,0.0016825666870262468
2024-01-08,-0.006743785054210199,-0.006156068247339397
2024-01-09,-0.0015004861589657933,-0.000519596115154514
2024-01-10,-0.00892854163106448,-0.007611228858313439
2024-01-11,0.0016579077408072954,0.0030625149521678404
2024-01-12,0.008187045317463936,0.008472977419388697
2024-01-15,0.008095143017000069,0.007079578349996984
2024-01-16,0.0012240501295814792,0.0004798880290811742
2024-01-17,-0.006308048612506671,-0.006932191975456681
2024-01-18,-0.001593784929538278,-0.001380533538978928
2024-01-19,0.007720962638089967,0.00789720409515941
2024-01-23,-0.012071254693280279,-0.012641326789988597
2024-01-24,0.003966949024681462,0.004902019163566559
2024-01-25,-0.024752280161395118,-0.023998810732024825
2024-01-29,0.01306466277062445,0.011729715008098312
2024-01-30,-0.012670253252532298,-0.010326184882072223
2024-01-31,0.012427325519828787,0.01037456313053748
2024-02-01,-0.004073659845157339,-0.004398827470293084
2024-02-02,0.019662971936863644,0.016390615095070223
2024-02-05,-0.0025109608873332893,-0.0018672892747042238
2024-02-06,0.004369177629190109,0.0047894311732167415
2024-02-07,0.01714132156222823,0.013617089219843058
2024-02-08,-0.001750028761698479,-0.00462752012521202
2024-02-09,-0.00253659133436764,-0.0019332099802995657
2024-02-12,-0.0026117938379627633,-0.0022718288455507163
2024-02-13,0.0018416445869856308,0.0018300945003469455
2024-02-14,2.3631312608866776e-05,-3.5026127839256067e-06
2024-02-15,0.013114249653295058,0.012249837753037396
2024-02-16,0.008369223544962227,0.011009765132517925
2024-02-19,0.014999919596435573,0.01273237969185723
2024-02-20,-0.010512655718783008,-0.00992589303679871
2024-02-21,-0.007131516277144952,-0.007309194717386581
2024-02-22,0.00033144838347095256,-0.00034557689177839933
2024-02-23,-0.005453025549432282,-0.003378175914775004
2024-02-26,-0.005134661334023941,-0.005093246396056488
2024-02-27,0.003541339552816342,0.004688986725045475
2024-02-28,-0.005911698647656298,-0.005907268387400808
2024-02-29,-4.204739965489574e-05,0.0005584409589127361
2024-03-01,0.009424444238022621,0.008639723468965117
2024-03-04,-0.0025568035369702394,-0.002882884019278603
2024-03-05,-0.007618636237993518,-0.006345045394264414
2024-03-06,0.004310491457772359,0.004552766021563498
2024-03-07,-0.0007043207188363077,-0.00042256326789947895
2024-03-11,-0.008003140662791355,-0.006633858339280426
2024-03-12,-0.00427768466981273,-0.004788395450267248
2024-03-13,-0.013389223937971593,-0.015564893419124409
2024-03-14,0.010791662223507333,0.013854072533645337
2024-03-15,0.0014637944777187591,0.0019618609569887766
2024-03-18,0.004818511883455632,0.005227211991708063
2024-03-19,-0.008715034292227846,-0.008308748282224067
2024-03-20,0.0040318677997292635,0.0029250342608026637
2024-03-21,0.010210280821880507,0.009972423202775865
2024-03-22,-0.0006302059907400141,0.0015509893472595519
2024-03-26,0.0012348883920644481,0.001216388665213014
2024-03-27,0.0021016992495111065,0.0018585658346646746
2024-03-28,0.01420040829102545,0.013288329415303448
2024-04-01,0.0016270729156930733,0.0028258999452280384
2024-04-02,0.004023140260136047,0.003367463823299522
2024-04-03,0.013776499282238364,0.011370790600852955
2024-04-04,-0.002859667493126246,-0.002131854280455674
2024-04-05,-0.0009741749772869278,-0.0008325886343162035
2024-04-08,0.0013174110951940047,0.002366233650588203
2024-04-09,-0.0077351945298778,-0.006474553035917865
2024-04-10,0.001996138400849409,0.001617027392241912
2024-04-12,-0.005978229350118204,-0.006205030110198471
2024-04-15,-0.0036049474601049696,-0.0036312795667712053
2024-04-16,0.004817011300093618,0.004123872568130947
2024-04-18,0.0023898514528152425,0.0008514842509486786
2024-04-19,0.0003678505742764202,0.001837876846855073
2024-04-22,0.009195334231053072,0.009233631420793047
2024-04-23,-0.0034016043522676607,-0.0018502586038025334
2024-04-24,0.0021832408083271053,0.003963114642543064
2024-04-25,0.005937274616341852,0.006151544697159302
2024-04-26,0.0006558829752455486,5.290877684769262e-05
2024-04-29,0.009845749022602103,0.010366303399948266
2024-04-30,0.0001731431124051109,0.0005351326251088438
2024-05-02,-0.0018685202173813677,-0.0004738961611599483
2024-05-03,0.0023112380701645445,0.0012177572674678821
2024-05-06,0.004386469108576903,0.0021351927444660554
2024-05-07,0.0012462110065297465,0.00046054770668138133
2024-05-08,0.0022521663083350466,0.0015101571279070793
2024-05-09,-0.01012198786801176,-0.011234649013368602
2024-05-10,0.010428505059421495,0.010777517718015274
2024-05-13,0.009985805743725802,0.00940637686129649
2024-05-14,0.00014377402291376946,-0.0002883543446823523
2024-05-15,0.006487469768218743,0.006498376093984289
2024-05-16,0.015885909317148905,0.01648296665864167
2024-05-17,0.003355112410044256,0.0036886772604658932
2024-05-21,-0.004830125074065367,-0.0031848443773419585
2024-05-22,0.007202786545872001,0.005285046090805407
2024-05-23,0.008214947810673699,0.007851660071761784
2024-05-24,0.0009731573719476678,0.0017354272042724012
2024-05-27,0.002473000547273287,0.0029303023311386075
2024-05-28,0.0037140210862887917,0.003370626538858411
2024-05-29,-0.0018791003271173231,-0.002094894340280924
2024-05-30,-0.005129290755685051,-0.0052238624913530365
2024-05-31,0.001364535481338951,-0.0009495456534821645
2024-06-03,0.017411833977545775,0.01657125001064308
2024-06-04,-0.009179395566818202,-0.009205472257174302
2024-06-05,0.030553883569561357,0.031984651774625644
2024-06-06,-0.0008626801090573519,-0.0016582830979514963
2024-06-07,0.024978188898050424,0.023841570079085116
2024-06-10,0.015765510239047504,0.014136040573478047
2024-06-11,-0.0014653054813366085,-0.0009439937431225958
2024-06-12,0.002412635570098412,0.002867080353276567
2024-06-13,0.0015217394667876132,0.0010919947021647753
2024-06-14,0.001613645707701213,0.002984926660999482
2024-06-18,-0.005125811131046783,-0.003695033280542689
2024-06-19,-0.00212705730762397,-0.004714406952569112
2024-06-20,-0.006255177228660635,-0.0055298407279550385
2024-06-21,0.001281613747453619,0.0010206475004446332
2024-06-24,0.011481598139776812,0.010275146055251663
2024-06-25,-0.004689385955508279,-0.0022431880106388233
2024-06-26,0.00014942647489068258,-0.000792975466770292
2024-06-27,0.0006350584305185192,-1.529827757345626e-05
2024-06-28,0.00806348891151615,0.007992245853565018
2024-07-01,0.015390816239537308,0.014562633696509963
2024-07-02,-0.005093346476689774,-0.006067833475086672
2024-07-03,-0.0016428369794431095,-0.001104271910819148
2024-07-04,0.00934968087530211,0.007866821266684929
2024-07-05,0.009116177261572916,0.008195816783358983
2024-07-08,0.0007974186025127437,-0.001043524258256275
2024-07-09,0.011223878327454313,0.011395580191498587
2024-07-10,-0.005842719622125201,-0.005690285590798158
2024-07-11,0.0017603852446279045,-0.00047636985899419655
2024-07-12,-0.007780793876017603,-0.0061361728916855705
2024-07-15,-0.003294463427309793,-0.0006738535609532447
2024-07-16,0.009383239292147929,0.008702477684377036
2024-07-18,-0.010185792907739728,-0.008008225573077348
2024-07-19,-0.010549071088625893,-0.01297336024346793
2024-07-22,-0.0021558867764902502,0.0008654392604144919
2024-07-23,0.010834096286326896,0.01259810815717482
2024-07-24,-7.231517370446345e-05,-6.224638853059974e-05
2024-07-25,0.006526758388486336,0.008012940502215786
2024-07-26,0.004846810207124717,0.007921176380854236
2024-07-29,0.0001634996743756005,-0.0008432167683822269
2024-07-30,0.0017289089426511146,0.0009499197532212364
2024-07-31,0.01031604258982724,0.009670098914541545
2024-08-01,0.0031332695548336835,0.0034979223491535118
2024-08-02,-0.003478921653862915,-0.005256473743930074
2024-08-05,-0.01810491587789744,-0.017877432168495983
2024-08-06,-0.00479804761276473,-0.0026832026116559013
2024-08-07,0.012142000855250506,0.012471875746436
2024-08-08,-0.004932073754382875,-0.00620996474642587
2024-08-09,0.0016691639493078927,0.001952491035032612
2024-08-12,-0.002206820623377749,-0.002073143087831636
2024-08-13,0.004663456968320279,0.005043913292168912
2024-08-14,-0.0026498682591299654,-0.0019776570981802494
2024-08-16,0.018505863283712183,0.02003605854303404
2024-08-19,0.005871463719934769,0.0051966561315134885
2024-08-20,0.001498660127406432,0.0024108392452738777
2024-08-21,0.0042458860352336805,0.005158598775699327
2024-08-22,0.011112346081066643,0.010175977839454599
2024-08-23,-0.004212122303826118,-0.003120802314278046
2024-08-26,0.0032251952369297407,0.0029153080619165714
2024-08-27,0.007658573768455928,0.006476366590176769
2024-08-28,7.825080623906138e-07,0.0012996554878101211
2024-08-29,-0.003296027876689662,-0.0028451145207165165
2024-08-30,0.00914992523183451,0.009348843533832443
2024-09-02,0.0018729708170624705,0.0011807633765900992
2024-09-03,0.005641481391923973,0.004522046420710601
2024-09-04,0.01165731680665944,0.010672371656325544
2024-09-05,-0.00266949510817029,-0.003164515134845455
2024-09-06,-0.0012484710423323957,-0.0005069730085108506
2024-09-09,0.0043849487124993005,0.003797314645074784
2024-09-10,0.0011456500159494928,0.0026390796198200316
2024-09-11,0.0032933873439884376,0.002375131077959708
2024-09-12,0.011931808261480952,0.011310650907409627
2024-09-13,-0.005696264359521407,-0.004326190902129475
2024-09-16,0.009222218288743467,0.007930695239109704
2024-09-17,0.005905846575891028,0.00538609450649209
2024-09-18,-0.011283387141425849,-0.01075290294710049
2024-09-19,0.01034360081958388,0.008581895621055569
2024-09-20,-0.007058932479306775,-0.005608511705642829
2024-09-23,0.003772434993201895,0.002502410474879645
2024-09-24,0.0035200088505869306,0.00341007234861513
2024-09-25,-0.004030615569437005,-0.0026098946027658743
2024-09-26,0.003197619505568697,0.004310473483499455
2024-09-27,0.006520420033222036,0.005957035509603255
2024-09-30,-0.0044032627620743245,-0.002147571434099339
2024-10-01,0.0029609279607841154,0.0030553816286452967
2024-10-03,-0.02633913641166332,-0.023690190562969945
2024-10-04,-0.007933595270611188,-0.00825847075323901
2024-10-07,-0.006822089056750096,-0.005993686060843866
2024-10-08,0.0030082319171583663,0.004612092980828987
2024-10-09,0.010160988652637593,0.009346141217591643
2024-10-10,-0.006194689911153862,-0.005986474359893462
2024-10-11,0.005713890348297631,0.005939927359334466
2024-10-14,0.00359882490969952,0.0037973097651305783
2024-10-15,-0.0009788980635972101,-0.0004422231036521854
2024-10-16,-0.0016039581470055195,-0.0030043898635717242
2024-10-17,-0.010825029110231107,-0.011161768549337633
2024-10-18,-0.0067264203201836785,-0.0025856458286486203
2024-10-21,-0.004392438853649898,-0.006776676282701683
2024-10-22,-0.006378912558403387,-0.00796441795089534
2024-10-23,-0.013178427442543144,-0.012491357924625303
2024-10-24,-0.007058772357350441,-0.00643217665892371
2024-10-25,-0.0017485007047946593,-0.005038243509717633
2024-10-28,-0.0054606990792498734,-0.0057176645518378045
2024-10-29,0.0024771240083457592,0.00043178817978776384
2024-10-30,0.002782201389133157,0.004681289351698368
2024-10-31,0.00780628060726475,0.008704076349840002
2024-11-01,0.0031247182666063163,0.00396643199290768
2024-11-04,0.0015353284634059693,-0.0016308842947100114
2024-11-05,-0.007124727648472336,-0.006090550476784152
2024-11-06,0.006702874284022701,0.00791159577695744
2024-11-07,-0.0030937874574646818,-0.005927983008677123
2024-11-08,-0.007152916689839902,-0.006692911278107455
2024-11-11,-0.009942803560670024,-0.009201057879599116
2024-11-12,-0.00971810315919828,-0.010208284297354658
2024-11-13,-0.013325097244576525,-0.014612437815626511
2024-11-14,0.0028433902315752237,0.002900686714031081
2024-11-18,-0.006845634716361852,-0.007446419374038017
2024-11-19,0.000531770553868966,0.00133250480780735
2024-11-21,0.002931249047916028,0.0018025781830860207
2024-11-22,0.010690806315442135,0.010528478041366241
2024-11-25,0.008612211428376626,0.010199759606042693
2024-11-26,-0.002933983521151428,-0.00019958457063169656
2024-11-27,-0.00357147542122429,-0.0031420075079243923
2024-11-28,-0.0028241312447291078,-0.005232605461621388
2024-11-29,0.01217317335941084,0.010620758437830924
2024-12-02,-0.004142004100231861,-0.0024196373437245025
2024-12-03,0.006644116758727746,0.006770557107438737
2024-12-04,0.003272571887193665,0.0042196627111809135
2024-12-05,0.0038079691198346565,0.003760242224763342
2024-12-06,-0.0013938149848184732,-0.001174045189158353
2024-12-09,-0.005302070408227352,-0.0044249077732830475
2024-12-10,0.008399363059949164,0.008139186623219394
2024-12-11,0.0037569520808489482,0.0037079314287516408
2024-12-12,-0.00436724810645886,-0.005106058984577181
2024-12-13,0.008238232093875092,0.006818984570648903
2024-12-16,-0.0012437008696206452,-0.0013163415854000658
2024-12-17,-0.009531676497458133,-0.010285565763855292
2024-12-18,0.006213944803789103,0.00654426774666067
2024-12-19,-0.0008733738307476326,-0.0010326949135923762
2024-12-20,-0.00723427258799425,-0.009088478195168066
2024-12-23,0.0002479485047869348,-0.00036224376719194137
2024-12-24,-0.002233560593217134,-0.0018005338629344329
2024-12-26,2.4387570166441874e-05,-0.0007114913492774835
2024-12-27,-0.0017029184094045162,0.0005272822885099375
2024-12-30,0.009905870245582888,0.009289483622289343
2024-12-31,0.012289084812396423,0.010663931899632828
2025-01-01,0.011879626475133888,0.008276060154956383
2025-01-02,0.005042582236325372,0.008504750427775256
2025-01-03,0.006666375971069763,0.004610494196817584
2025-01-06,-0.011764249707831145,-0.011548868004268964
2025-01-07,-0.0018359289655928595,-0.0017061997303445817
2025-01-08,-0.014542921408404436,-0.013874931255544851
2025-01-09,-0.0006270726983056154,-0.0002898518702133203
2025-01-10,-0.008328913160452454,-0.008297281319582517
2025-01-13,-0.015278304243454138,-0.016131862855586796
2025-01-14,-0.0018190964134990602,-0.002056807840546135
2025-01-15,0.0026136800302328403,0.0008116767237238143
2025-01-16,0.003468281825847234,0.0019774650490603125
2025-01-17,-0.00266975076575554,-0.0025707304632420058
2025-01-20,0.003392892620610975,0.006019874039188157
2025-01-21,-0.007617618223047002,-0.007627398763994919
2025-01-22,0.0025778677734588735,0.0023616761898479686
2025-01-23,0.0005505596372257389,0.002889986318907691
2025-01-24,-0.013153770116784484,-0.013418065797788762
2025-01-27,-0.016343241951165544,-0.017741202288846646
2025-01-28,-0.011141908060036414,-0.009483465155774798
2025-01-29,0.01073355239507321,0.013070246125560249
2025-01-30,0.0043744724401787735,0.0037679885912111424
2025-01-31,0.012855927499490017,0.010791346102570756
2025-02-01,0.008989639923225592,0.00787156867797628
2025-02-03,-0.014352971098008739,-0.011722392992305741
2025-02-04,0.00950696233480483,0.006102863363949986
2025-02-05,-0.007131632134930475,-0.002566017083380473
2025-02-06,-0.0043085605874266675,-0.0038827115332835055
2025-02-07,0.002569456780939777,0.0055657424211215
2025-02-10,-0.010881715344634498,-0.010903406564743597
2025-02-11,-0.014984931222839998,-0.015288534274720883
2025-02-12,-0.0030708001642151686,-0.003969851120801989
2025-02-13,-0.0011677367811340378,-0.0020254667195437363
2025-02-14,-0.008207650635453702,-0.0076033298248470264
2025-02-17,-0.0074529938008222225,-0.007299176151573055
2025-02-18,-0.0016634936171185586,-0.0017476989124305714
2025-02-19,-0.010258664518858304,-0.0083236758588697
2025-02-20,0.008746745428159886,0.00904939155171716
2025-02-21,0.0034094325536580036,0.0013264622545035758
2025-02-24,-0.006718519888797241,-0.007516091746714194
2025-02-25,-0.0006764994258902337,4.654402751443667e-05
2025-02-27,0.0020089028818830665,-0.0004929783414443491
2025-02-28,-0.013951439417688677,-0.016653290179929586
2025-03-03,-0.0005332216489239618,0.000881930586635736
2025-03-04,0.0005346190250440867,-0.0016251231932521708
2025-03-05,0.008675364585873445,0.009386378081350292
2025-03-06,0.014122067712716523,0.014270589244732696
2025-03-07,-0.0021474562763294535,-0.0007747513388608752
2025-03-10,-0.0003895895320968738,-0.0023207236426176173
2025-03-11,0.002703287638847054,-0.0015708220009577395
2025-03-12,0.0023260726561855427,0.0016871942795560388
2025-03-13,0.004496863057935978,0.0030083151202809945
2025-03-17,0.007635055134961039,0.007523651380923863
2025-03-18,0.0002189450165660542,0.0002795299188151364
2025-03-19,0.012362388009690082,0.014086119223547224
2025-03-20,0.01071531749683798,0.010644467382808734
2025-03-21,0.007277600120603765,0.005424085783817074
2025-03-24,0.001636332314502055,0.002797124354910911
2025-03-25,0.00874031561385365,0.009360567568615336
2025-03-26,-0.005328219234767607,-0.005296143397971128
2025-03-27,-0.001198625067881974,-0.0006701266981302613
2025-03-28,0.0012363016121857296,0.0009172164374040206
2025-04-01,-0.009487166748149591,-0.008903540409693166
2025-04-02,0.012237375634687433,0.009944620160316081
2025-04-03,0.0009998520909083397,0.0018073150418587386
2025-04-04,-0.009265568304479346,-0.010363912956875453
2025-04-07,-0.013084406915271574,-0.014210009205246808
2025-04-08,0.01788636983180812,0.01817692139286517
2025-04-09,-0.001950006949401881,-0.002109609468994701
2025-04-11,0.012297951322552734,0.013034814000990668
2025-04-15,0.01934062250506716,0.01926423218371287
2025-04-16,0.007149461766519025,0.006673686244476435
2025-04-17,0.012686548200062832,0.009923520795475675
2025-04-21,0.005392330917204646,0.006107024076773786
2025-04-22,0.0015943986213236318,0.002492931069528408
2025-04-23,0.00047191073750407243,0.0006748837815430764
2025-04-24,0.006801259175908831,0.005374435730217742
2025-04-25,-0.013014193274625564,-0.012271400438403036
2025-04-28,0.014502549170857785,0.012795568908196319
2025-04-29,-0.0018325366175139675,-0.0017630275876334626
2025-04-30,-0.003315871866291217,-0.002389851657581447
2025-05-02,-0.0026969057061365103,-0.004034301057920058
2025-05-05,-0.0012662503471080918,0.0009103524119357148
2025-05-06,0.008556061161646242,0.006091753852196225
2025-05-07,0.0037448392710405063,0.003844803549618992
2025-05-08,0.003746545114427723,0.0024118337410672422
2025-05-09,0.0032404075103637875,0.001892903267019797
2025-05-12,-0.0032054842525841075,0.0008874170363709058
2025-05-13,0.0028278958053236025,0.002184164184194962
2025-05-14,-0.003070702073255069,-0.0010144236736281938
2025-05-15,0.002072702574777639,0.005287186628719871
2025-05-16,0.003039320816147162,0.0022471030969665362
2025-05-19,0.001189279680271474,0.0003385079842810865
2025-05-20,-0.007756108561919798,-0.009194551899219526
2025-05-21,-0.0008609000546367981,0.0014179700767285365
2025-05-22,-0.0017423103397844293,-0.0026055501616066793
2025-05-23,-0.00473105277016887,-0.0023989502720886437
2025-05-26,0.008565002820682607,0.007880387304217154
2025-05-27,-0.0011091907163942511,-0.0018783082461789192
2025-05-28,-0.005478608199160887,-0.005360300291983545
2025-05-29,0.0016420996514752901,0.0014152350032081292
2025-05-30,0.009575255943781884,0.005737974428365833
2025-06-02,-0.003179224529281916,-0.0027512132923761807
2025-06-03,-0.005427369738120276,-0.005356393387333361
2025-06-04,0.004797907269726784,0.00532201937550295
2025-06-05,0.004247204820926904,0.002972602708678049
2025-06-06,-0.004187118379564624,-0.0030022996419803044
2025-06-09,0.004628032588648282,0.004187806556312327
2025-06-10,-0.0017039067697244823,-0.00043748434770047326
2025-06-11,0.0030795487360198636,0.004246500158419307
2025-06-12,-0.00426128533197775,-0.004773439059967191
2025-06-13,-0.0006007011205126844,-0.0025023611676770045
2025-06-16,-0.0020193595107535125,-0.0002058809917723774
2025-06-17,0.006123453758949385,0.004924667389196925
2025-06-18,-0.003185040442076396,-0.0028457680249977754
2025-06-19,-0.0018238982498488942,-0.001404987043459267
2025-06-20,-0.006046920094736592,-0.003616114013350268
2025-06-23,-0.003956461431028845,-0.0023213229128360275
2025-06-24,0.008319515723475765,0.007675641806128034
2025-06-25,0.002892405486644636,0.0034638677199617775
2025-06-26,0.006118852908730533,0.0065954034936809855
2025-06-27,0.018607024360849253,0.015529836639479176
2025-06-30,0.0022318799447380404,0.0025270115643717043
2025-07-01,0.0029714401318846366,0.004850592938063045
2025-07-02,0.00620689125963138,0.005925391505752197
2025-07-03,0.01087275871668586,0.009272180631783724
2025-07-04,-0.003245074929667757,-0.002126560289491766
2025-07-07,0.0016330335362520977,0.001988166653845862
2025-07-08,0.006704953365618899,0.005319493092861934
2025-07-09,0.0035114364536571086,0.002251879342208891
2025-07-10,-0.004158442609871789,-0.004272976809201606
2025-07-11,0.0011378579888836806,-0.0008102095735560294
2025-07-14,0.00191600311280757,0.0017782332848393257
2025-07-15,0.00529577756108704,0.004518343078730756
2025-07-16,0.0011825001259041946,2.4557889899440733e-06
2025-07-17,-0.006418156800529818,-0.0038037467304586976
2025-07-18,-0.008336521893978556,-0.00817820103763977
2025-07-21,-0.0013230637774005198,-0.0015228652365912542
2025-07-22,0.0023941689476930992,0.0007149374219586177
2025-07-23,0.009663615989904095,0.008535332919459775
2025-07-24,-0.007678020483204208,-0.006876603457614156
2025-07-25,-0.01628732911046697,-0.014558402361957457
2025-07-28,-0.006244964468816596,-0.006006385215869997
2025-07-29,-0.0016071566671155863,-0.001635020699390623
2025-07-30,0.006614884047009818,0.005660562008077973
2025-07-31,-0.004575114151377748,-0.002675392544818509
2025-08-01,-0.006914223598369259,-0.005671509062873522
2025-08-04,0.0007059490165609285,0.0023268167131266183
2025-08-05,0.009145808278319567,0.007742298562527498
2025-08-06,-0.0038766029053084127,-0.004761480425722927
2025-08-07,-0.001539329929930151,0.0005577550030606343
2025-08-08,-0.005388590177712715,-0.004233159348960577
2025-08-11,0.006669178335028857,0.007886761523565974
2025-08-12,-0.008726996976889367,-0.007036226062878776
2025-08-13,0.005493986352784029,0.00618499435013679
2025-08-14,0.01153455997475043,0.010354356862432012
2025-08-18,0.013442262986100687,0.013128780500985794
2025-08-19,0.0010957347649144264,0.003265715081520633
2025-08-20,0.005751466461072215,0.005976300732699435
2025-08-21,-0.002017151315663135,-0.0020306763982198884
2025-08-22,-0.0064648797170015855,-0.0066796372317196795
2025-08-25,0.0038756702787585847,0.0016447055530837019
2025-08-26,-0.011809231263447583,-0.011399824386191288
2025-08-28,-0.0096407187118435,-0.00946214187600547
2025-08-29,0.004012615677049886,0.003950214014468059
2025-09-01,-0.0010935526107868536,0.0004108089922918352
2025-09-02,0.008032035210272943,0.006128033439743008
2025-09-03,-0.003270881126023916,-0.002480304841874785
2025-09-04,-0.002863037606486356,-0.002321172798282288
2025-09-05,-0.013408656937200333,-0.01266015090750143
2025-09-08,-0.004712778132531251,-0.004752222388460206
2025-09-09,0.008236759130199065,0.007333436801478106
2025-09-10,0.006669408334369019,0.006555397723847112
2025-09-11,-0.0009605927388746201,-0.0011717742752606433
2025-09-12,-0.00479987534465177,-0.005302958309363194
2025-09-15,-0.002634794198809104,-0.0018469439776538314
2025-09-16,0.003641930031401282,0.00514664513343027
2025-09-17,0.0037233217368789076,0.0035004796885893426
2025-09-18,0.0028117384747114813,0.0023065003639839692
2025-09-19,0.0008577459797864222,-0.0008061694932787935
2025-09-22,0.0014397176461645998,0.00042496500224210084
2025-09-23,-0.002248840773039584,-0.004103653462887652
2025-09-24,-0.0014998850743973915,-0.0005927170284473555
2025-09-25,-0.004808470208335153,-0.0051427825237043145
2025-09-26,-0.01136760387111287,-0.012265308074897927
2025-09-29,-0.006610634063399774,-0.0060368918169573
2025-09-30,0.0037028764756629985,0.003002409006820745
2025-10-01,0.009590992338717545,0.008487429782597177
2025-10-03,0.0020931276995414284,0.002950549926793454
2025-10-06,0.0068331396744388245,0.005059947964744818
2025-10-07,0.007243635803920098,0.006348164655388535
2025-10-08,-0.0009320998122276865,-0.0018372364132389807
2025-10-09,0.002091381676689031,0.000842047690729103
2025-10-10,0.001544163283069997,0.0021023598433462967
2025-10-13,0.002440646691098627,0.0016923351408755726
2025-10-14,-0.00824032164514319,-0.005519844359147349
2025-10-15,-0.0038099255025350128,-0.0026057510407817117
2025-10-16,0.004414697194326674,0.006288345774112185
2025-10-17,0.009669447631832199,0.00789457437978175
2025-10-20,0.013968003494936593,0.012841179365903633
2025-10-21,0.0021804183929847462,0.00203872318625523
2025-10-23,-3.2525850697170196e-05,-0.0009482478064653134
2025-10-24,-0.007492188184915151,-0.008367004672574452
2025-10-27,0.0039022375035706377,0.005477474788821431
2025-10-28,0.0011891467812753067,0.002291172843854624
2025-10-29,0.016160301604355044,0.014303526935302737
2025-10-30,-0.007620332205112363,-0.007535251371642342
2025-10-31,-0.0057932663343557116,-0.004851902772138452
2025-11-03,0.0030370303724479406,0.003170975191385551
2025-11-04,-0.002739125813934553,-0.001263957838363251
2025-11-06,0.009140874205458682,0.006747863130996163
2025-11-07,-0.0020238092350960287,-0.0033365838995573333
2025-11-10,0.008281201545092674,0.008097091542049434
2025-11-11,-0.002161888345916655,-0.0020024714782717946
2025-11-12,0.006477216051153183,0.007908680300803293
2025-11-13,0.002520079294033287,0.0022013561864133186
2025-11-14,0.007113089907107054,0.006153288388457286
2025-11-17,0.007018848958831204,0.006978181657688913
2025-11-18,-0.005360002271970108,-0.005206972496830886
2025-11-19,0.00687387482141478,0.005740345963841844
2025-11-20,-0.0034216254105314367,-0.003131629369846054
2025-11-21,-0.006335931177478833,-0.006001530361578286
2025-11-24,0.00667503388339285,0.003949045371378943
2025-11-25,-0.0009794812475102874,-0.0003465240398817745
2025-11-26,0.005930537396828731,0.006247195966511328
2025-11-27,-0.002502060407936619,-0.0021606525040317134
2025-11-28,0.001107075090743726,0.0010228607091804344
2025-12-01,-0.0029101670573792315,-0.0015732045827152367
2025-12-02,-0.005909037810754497,-0.004532589921883382
2025-12-03,-0.002506144565936124,-0.002205511990291311
2025-12-04,-0.003255073123214298,-0.0030062236474659868
2025-12-05,0.007513195244657414,0.007575513992421004
2025-12-08,-0.0012004966345621534,-0.0024521873576245257
2025-12-09,-0.0074726445943804985,-0.006116138420200595
2025-12-10,-0.00015178378863777402,8.666312677943894e-05
2025-12-11,0.0004965874493783316,0.00044846352271584486
2025-12-12,-5.5146657844214625e-05,0.002093959846881914
2025-12-15,0.007708512745448673,0.006247254945836177
2025-12-16,-0.0020473342062336006,-0.0023277414435475116
2025-12-17,-0.0035533225971258204,-0.004081770924797901
2025-12-18,-0.007485600355621373,-0.0068820758687226915
2025-12-19,0.006547299653220944,0.005921701038313447
2025-12-22,0.009402785205788598,0.008396963356534282
