Date,sample_return,lw_return
2016-01-12,-0.009059459896687222,-0.006566608032596595
2016-01-13,-0.008299820305670487,-0.008379687983557031
2016-01-14,0.006150726426220758,0.006215702526880532
2016-01-15,-0.011193343190429784,-0.009149138551724988
2016-01-18,-0.011525266537348953,-0.01060403375431293
2016-01-19,-0.008917502230073654,-0.005908026469560816
2016-01-20,-0.0025251498998025475,-0.0036235685428790605
2016-01-21,-0.017898733597634962,-0.011554099861941666
2016-01-22,-0.003640795068228623,-0.001824069576666371
2016-01-25,0.0011850612458527163,0.0032146799828450773
2016-01-27,0.015141662415451658,0.010897881932913715
2016-01-28,0.0053523876843723055,0.00221090529307152
2016-01-29,0.015903478788831263,0.014926637342029614
2016-02-01,0.014436742580786461,0.010439324222260066
2016-02-02,-0.013091877145882707,-0.010627230555105893
2016-02-03,0.007250529893831279,0.0023022822715478984
2016-02-04,0.007969161135978437,0.005839801238004476
2016-02-05,0.008771330970051092,0.00960084852090915
2016-02-08,0.002778453992688357,0.00040975850157719046
2016-02-09,-0.006334629526345106,-0.006394681281759568
2016-02-10,-0.0034130114994392145,-0.004030964342377354
2016-02-11,-0.0049787590125741415,-0.006397893211668282
2016-02-12,-0.0063353097302913455,-0.007654006228423299
2016-02-15,0.011647515203589993,0.01056207493732097
2016-02-16,0.004243717993140527,0.002187107048896896
2016-02-17,-0.002896886379139205,-0.003775545235169254
2016-02-18,0.006841160067678406,0.00441388970917624
2016-02-19,0.0013024076960399418,0.0018149431070199665
2016-02-22,-0.0007968751677400133,-4.308579528148346e-05
2016-02-23,-0.006993505222349242,-0.006782935611969732
2016-02-24,-0.003732529520993794,-0.004502673980872911
2016-02-25,0.004034575124410035,0.0010317619486472926
2016-02-26,0.005065413109290793,0.005896601775525377
2016-02-29,0.006856797525243756,0.004255400965172447
2016-03-01,-0.0004011066325189368,0.0035882256910864463
2016-03-02,0.00994057386556943,0.011923030071030506
2016-03-03,0.010362171378781487,0.005343885419851148
2016-03-04,-0.008602251128144372,-0.007395926628564117
2016-03-08,0.00128338403377507,-0.0008515339551887452
2016-03-09,-0.0012672726405765693,-8.340098244472233e-05
2016-03-10,-0.0025649286523053046,-0.0011566022815565815
2016-03-11,-0.005804029753658031,-0.005342434551912418
2016-03-14,0.00922835212882296,0.008348029203473877
2016-03-15,0.00654172724737727,0.0016001564099441205
2016-03-16,-0.0018298855447798426,-0.0012785973836527003
2016-03-17,0.013286383480618757,0.012382312849541027
2016-03-18,0.0038541643168966246,0.0018945026739665527
2016-03-21,0.013695099208167064,0.014183645737273844
2016-03-22,-0.009889829386891353,-0.009685731423426136
2016-03-23,0.0041532891158483996,0.003345616435434317
2016-03-28,-0.004873280307143608,-0.00249180368386272
2016-03-29,0.007525442373923449,0.005560129472973894
2016-03-30,0.003975140834618203,0.005069123410979929
2016-03-31,0.004321871161418165,0.004006107556334525
2016-04-01,0.0047240638666916634,0.0032866764221067845
2016-04-04,0.012581790115370329,0.0103974994142638
2016-04-05,-0.005852361662192293,-0.007595704708628469
2016-04-06,-0.0015152906523822752,-0.0015917123104123728
2016-04-07,-0.0006321375952099889,-0.0012917457620319527
2016-04-08,0.010729687653440833,0.010379123558939883
2016-04-11,-0.00022758917552720935,0.001559761007959183
2016-04-12,0.0040509525228908504,0.004292681324890376
2016-04-13,0.012937953190348371,0.012158758557137002
2016-04-18,0.012007640832212549,0.012149327143475339
2016-04-20,-0.0028352476618613096,-0.0014651677890493513
2016-04-21,-0.009489520521972735,-0.009696131016570261
2016-04-22,0.004348987113532564,0.003170823688943826
2016-04-25,0.007677242377881623,0.005630408365654989
2016-04-26,-0.0005100128438956752,0.0007018321139096249
2016-04-27,0.007974466930154023,0.008224718144424867
2016-04-28,-0.006175333312805637,-0.0054684498988002775
2016-04-29,-0.0019335376423327813,-0.0020730925778074502
2016-05-02,0.0019186607589036495,0.0020681012625614857
2016-05-03,-0.003061681705390929,-0.0028268508178157
2016-05-04,0.0052126411210191275,0.004380266188063515
2016-05-05,-0.007970256577017318,-0.006909940665246957
2016-05-06,0.002473033028851047,0.003973259263642393
2016-05-09,0.013769841227307343,0.015225629862693182
2016-05-10,-0.006246512776406447,-0.005263946530887114
2016-05-11,-0.0038058163510237093,-0.0028193731347117635
2016-05-12,0.0069813287794061665,0.005083191108893124
2016-05-13,0.0053133693190272595,0.005667349983176074
2016-05-16,-0.001918842014630533,-0.0008192159370249297
2016-05-17,0.0002667033389143255,0.00017643051706271728
2016-05-18,-0.000751049933756659,0.0003382540295314715
2016-05-19,-0.002125035880471046,-0.0011364718748154046
2016-05-20,-0.006489885103955866,-0.005393021217761287
2016-05-23,0.014506809511639414,0.012687012763086019
2016-05-24,0.017358636485974778,0.0125775424720683
2016-05-25,0.009316616497418412,0.007902651174738444
2016-05-26,0.00239809410473522,0.0027344037917542727
2016-05-27,0.008056891419289641,0.006809409828844245
2016-05-30,0.015976782879797816,0.016181102383277968
2016-05-31,-0.005121394396710264,-0.005175812585402102
2016-06-01,0.002708815983429173,0.007600735890916743
2016-06-02,0.0033044967533012396,0.003570468535906173
2016-06-03,0.005311171131000107,0.005863850510399944
2016-06-06,-0.003069723491374796,-0.0018927427638830508
2016-06-07,0.00036019681008160126,0.0008442790459465023
2016-06-08,-0.001730890802722312,-0.002144605658390309
2016-06-09,-0.0011838010543758356,-0.002366342365391322
2016-06-10,-0.0029295321392435346,-0.004167351028901036
2016-06-13,-0.008404816285218056,-0.005197721254332454
2016-06-14,-0.008925821046416637,-0.006769942211620817
2016-06-15,0.001710860432676624,0.0037530240415611024
2016-06-16,-0.003156731414354249,-0.0028341043883045635
2016-06-17,0.00310871385424452,0.004087307881826376
2016-06-20,0.004035450470619289,0.0026016522062618412
2016-06-21,0.006232994281364696,0.003178912869047164
2016-06-22,0.002991145799008334,0.0028850803327755696
2016-06-23,0.0021240088412218697,0.0019224812023464937
2016-06-24,0.003723705325021968,0.002377099494390877
2016-06-27,0.005206654294401256,0.004571386071862265
2016-06-28,0.0026550184605398978,0.002784559371221422
2016-06-29,0.00727695230858259,0.005455002379397915
2016-06-30,0.009085668486085594,0.008129927122284617
2016-07-01,0.008280484059364865,0.008339013096981396
2016-07-04,0.008200349822943591,0.005555152129619254
2016-07-05,0.009619587341143243,0.006409242721449072
2016-07-07,0.00033771281630372947,-0.0015432131062215206
2016-07-08,0.0004753003502939379,-0.000544021560131769
2016-07-11,0.006097279580732564,0.007780958494239188
2016-07-12,0.006521382190628254,0.0036365063432206085
2016-07-13,-0.0024620713692950205,-0.0008754459591413725
2016-07-14,0.007225789227981414,0.005889256263714093
2016-07-15,-0.001846742132703815,-0.0025797682750629248
2016-07-18,-0.0018780616523174376,-0.00047798594874577075
2016-07-19,0.0036978340806985673,0.003051551981905611
2016-07-20,-0.00010883324231443124,-0.0007214313324004822
2016-07-21,0.010980313925692377,0.008431451247237574
2016-07-22,-0.009197038468328568,-0.00575416162125954
2016-07-25,0.008535283358383862,0.007775457423362223
2016-07-26,-0.004948121273901302,-0.002860376032758713
2016-07-27,0.01572719241568935,0.015709364754822198
2016-07-28,-0.00015759972650999888,0.0018278697577031296
2016-07-29,0.0017384059562748182,0.0036415263584994298
2016-08-01,0.011817528105735027,0.010569216107080266
2016-08-02,0.010135579845724298,0.007530102339008448
2016-08-03,-0.007843275972636527,-0.008053916117848715
2016-08-04,0.004594150834682815,0.003281111031598969
2016-08-05,0.013673616280075103,0.012498216441069973
2016-08-08,0.00795523141427443,0.007273122186880393
2016-08-09,-0.011737950522504266,-0.009787522602086112
2016-08-10,-0.012187097696345104,-0.011309014493030786
2016-08-11,-0.0032820532073810083,-0.001242674790643107
2016-08-12,-0.006300733187924624,-0.004602133649979564
2016-08-16,-0.0025007574893943832,-0.0028012814271982226
2016-08-17,-0.002617188664648637,-0.0022926584143932198
2016-08-18,0.0007074022438349831,0.0015056655591864977
2016-08-19,-0.004291595569256883,-0.0028974223231612826
2016-08-22,-0.0017159367278766265,-0.003545771974618886
2016-08-23,-0.009575546431174498,-0.008606009848378681
2016-08-24,-0.005695571227001583,-0.0028795138199107194
2016-08-25,-0.00032599841108053255,-0.0001619941953859658
2016-08-26,-0.0064134911976416395,-0.00399041154579179
2016-08-29,-0.005572257503212152,-0.00394991908762293
2016-08-30,0.009335945655541264,0.011343011051275746
2016-08-31,0.008990682850523766,0.0086715902893548
2016-09-01,-0.004415485214347747,-0.003408550846016009
2016-09-02,-0.00455693873814831,-0.004822090899488415
2016-09-06,0.01195731794398628,0.01180760222331012
2016-09-07,0.00886867928394217,0.006271761308832332
2016-09-08,0.002907153751958183,0.0004413069506990347
2016-09-09,-0.003409047866175525,-0.005447378522536376
2016-09-12,-0.0016297675154851475,-0.0042718045927221905
2016-09-14,-0.01383544059997104,-0.011019193494783721
2016-09-15,0.0037311970494906194,0.003397807600570464
2016-09-16,-0.0015207883150793965,-0.0007058467153919511
2016-09-19,0.004122325576404486,0.0030784400658572346
2016-09-20,0.0024062632619228793,0.002933884166032638
2016-09-21,0.0004955418316430117,0.0013951539122186462
2016-09-22,0.004605007764843301,0.006445005785268926
2016-09-23,-0.006203668979313723,-0.005922129273764128
2016-09-26,-0.00561196311398485,-0.005845922229623074
2016-09-27,0.00818677710501896,0.007016159385331923
2016-09-28,0.0008172528946214561,0.0010187115498152778
2016-09-29,-0.00430543077025993,-0.005370206727851266
2016-09-30,0.0057943789744502195,0.005801792166528175
2016-10-03,0.011760302871609762,0.01353705568705151
2016-10-04,0.007969068134391457,0.008373126651743132
2016-10-05,-0.006999785913977283,-0.006564222063276188
2016-10-06,-0.0060731547055624295,-0.005045260314980205
2016-10-07,-0.005054993116261022,-0.004822694510622208
2016-10-10,-0.0002042975363976253,-0.0004398949929963541
2016-10-13,0.0005485061353729976,0.00023005638628932927
2016-10-14,-0.00749474727783274,-0.006344848797381341
2016-10-17,-0.010748778584219888,-0.008365844374470409
2016-10-18,0.0104512180549095,0.008336473161402494
2016-10-19,0.0006061962596272555,0.0003330651500481756
2016-10-20,-0.0124540111599384,-0.010398448317174576
2016-10-21,-0.004564226680408309,-0.0020520666137202907
2016-10-24,-0.0043660052137758296,-0.003368966463093994
2016-10-25,-0.004487481918079099,-0.0029463382066224142
2016-10-26,-0.000559862012258241,-0.0033287433918889305
2016-10-27,-0.0021496348112082144,-0.0028118947805170704
2016-10-28,0.02285087159398256,0.01898068887319131
2016-11-01,-0.009742727045251873,-0.00635834434078166
2016-11-02,-0.008371654940521826,-0.006400558066332802
2016-11-03,-0.005186228571361905,-0.00520377462310256
2016-11-04,0.006667222877894767,0.004371848531808104
2016-11-07,-0.0004372301039106617,-2.995448905703836e-06
2016-11-08,0.0020193701571445412,0.0023987697816505223
2016-11-09,0.00749451220377653,0.006019603338109912
2016-11-10,-0.006622705796218457,-0.004718123839286569
2016-11-11,-0.012315217921517555,-0.0156808286328544
2016-11-15,-0.011974852280762775,-0.014867937292906887
2016-11-16,0.0033256695225468424,0.004512308798889589
2016-11-17,-0.0030029707400675305,-0.004309297863250783
2016-11-18,0.005542436912809076,0.0060295277687148355
2016-11-21,-0.008773901223229153,-0.01042809464376096
2016-11-22,0.010057205892584298,0.009433763467336641
2016-11-23,-0.0010465747132532607,-0.0008181024870066479
2016-11-24,-0.006327536169880771,-0.006136326797985861
2016-11-25,0.006349932713366084,0.007723760532755584
2016-11-28,0.004751195586832296,0.004160419845376142
2016-11-29,0.004709082196606363,0.0029386499219937906
2016-11-30,-0.009189359024557557,-0.0056171177888071425
2016-12-01,-0.00895132715614932,-0.009350107702893854
2016-12-02,-0.0056410182891796536,-0.004622673322090944
2016-12-05,0.008820143956731715,0.005596943324788934
2016-12-06,-0.0019392593849421847,-0.001648355791215967
2016-12-07,-0.007872494052008221,-0.006935669999362787
2016-12-08,0.009404998757999876,0.007292815007920476
2016-12-09,-0.01572053691411505,-0.015656508660750607
2016-12-12,-0.008693615785160704,-0.007329750318165833
2016-12-13,-0.0009276666609705237,-0.000639374367840901
2016-12-14,-0.000638649979273673,-0.0012496805042047066
2016-12-15,-0.002781167081944932,-0.003448195105520231
2016-12-16,0.0014036976140185894,0.0014110102431864227
2016-12-19,-0.004802759351275963,-0.005065619012520985
2016-12-20,-0.003876220593723812,-0.0022759522572985726
2016-12-21,-0.0082180896240529,-0.008260474465900721
2016-12-22,-0.0044645115808632325,-0.004400074026644557
2016-12-23,0.002810788063940709,0.002090362090357516
2016-12-26,0.0022801175546827,0.0025698871295761596
2016-12-27,-0.0006366796871905417,-0.00022977747110871385
2016-12-28,0.006974302431640977,0.006527053486735099
2016-12-29,0.002770455063798088,0.004422790767482737
2016-12-30,0.011048452995709031,0.009487541071895964
2017-01-02,-0.0034477906219510124,-0.002478195315369743
2017-01-03,0.001217105156629488,0.0029909095135803015
2017-01-04,0.002162752411589456,0.0007205535948578382
2017-01-05,0.008030698045228192,0.0071533682931175496
2017-01-06,0.001993001822424449,0.0008791974925861528
2017-01-09,0.0030553148509255505,0.002847524547304642
2017-01-10,0.006824153404754073,0.006084314818770762
2017-01-11,0.0079354335414955,0.008691603995973424
2017-01-12,0.0060583756760339506,0.006581355913011227
2017-01-13,-9.271062361477444e-05,0.0005788402482124783
2017-01-16,-0.011313135532096572,-0.009847556277187594
2017-01-17,0.0018916380220370846,0.001589493788149557
2017-01-18,-0.00890576140491056,-0.006474582181903719
2017-01-19,0.001097865014199563,0.0006926859356633176
2017-01-20,-0.0047473759687320614,-0.004005214461988828
2017-01-23,-0.003522652466633072,-0.003351598854565436
2017-01-24,0.013263244234544235,0.01238568071319164
2017-01-25,-0.0006270402000739363,-0.0006566537590564903
2017-01-27,0.006646857914820557,0.006157505729366025
2017-01-30,-0.0005296170104989384,-0.0005059675576757021
2017-01-31,0.004055711201105511,0.0031275256814984336
2017-02-01,-0.0016337405670340777,-0.00010440905532929575
2017-02-02,0.010614227726807385,0.009933076059322619
2017-02-03,0.011800260577784,0.012180706566689643
2017-02-06,0.008936155903094161,0.00969201176180825
2017-02-07,0.004404260359665654,0.0029447527768490804
2017-02-08,-0.010237346593815146,-0.010281634651784291
2017-02-09,-0.006361932158645004,-0.004445428112145082
2017-02-10,0.008991021329383092,0.00789887979605723
2017-02-13,-0.002610942358009169,-0.0020522104520292865
2017-02-14,0.005080871365171395,0.0040005222288366045
2017-02-15,0.006539017849825347,0.0041748287409718735
2017-02-16,-0.0012960527765070516,-0.0011628003258765487
2017-02-17,0.004688314354123176,0.003358776364059096
2017-02-20,-0.003657372724665436,-0.0021663753627605715
2017-02-21,0.009120857230622748,0.008679394204231692
2017-02-22,-0.011806248908052633,-0.008956330861826834
2017-02-23,0.002395981933191061,0.00022659444432259732
2017-02-27,-0.01359315881839606,-0.011360674684514419
2017-02-28,-0.0032525501677335665,-0.0027023185487607257
2017-03-01,0.009447748703976813,0.007268605388793583
2017-03-02,-0.006531208489789934,-0.004025922689768492
2017-03-03,0.0009583026834196202,0.001426713410487323
2017-03-06,0.004928483002988866,0.0025088423777302527
2017-03-07,-0.004992920754513319,-0.004174397264045242
2017-03-08,-9.138840858530879e-05,0.0002543991725729615
2017-03-09,-0.0031661895703598104,-0.002304084775759773
2017-03-10,0.004498421051279813,0.0037143472071475988
2017-03-14,0.005119922652025731,0.005381911751856186
2017-03-15,0.0016551570448924326,0.004818454274759383
2017-03-16,0.002841365888636257,0.0032795467990074387
2017-03-17,-0.005754456429959188,-0.0030068662155949702
2017-03-20,0.004315118137844336,0.004092412520229394
2017-03-21,0.008161680998798911,0.007126109609032997
2017-03-22,-0.0030825299953455084,-0.001985587869977139
2017-03-23,0.00620798929866002,0.005429326231290747
2017-03-24,0.0045885526987266955,0.0035842912482705143
2017-03-27,-0.003162687026739551,-0.003304985844462326
2017-03-28,0.006021140121950255,0.003887028023472739
2017-03-29,0.0009040435827828192,0.0011039196414581044
2017-03-30,0.0040836139377661874,0.00486433976934938
2017-03-31,0.014721504066706454,0.014272441664780748
2017-04-03,0.010263342315584534,0.008311631123381328
2017-04-05,0.010099066554819167,0.008480950051494698
2017-04-06,-0.0009573363206014718,-0.0013824817472255827
2017-04-07,-0.0017212645388367247,-0.0015304807772055027
2017-04-10,0.00423033264100261,0.0038297229673902736
2017-04-11,0.009670320765369247,0.008995581685088256
2017-04-12,-0.002749077810615283,-0.0029358193147885326
2017-04-13,-0.001802931901960445,-5.6722962318253665e-05
2017-04-17,-0.005421406317518185,-0.006092991758724086
2017-04-18,-0.0032957609951091192,-0.0028347309113986845
2017-04-19,0.0012427635238759904,-0.00031953071407822445
2017-04-20,0.0006139087107918,4.802616053698177e-05
2017-04-21,0.0014616562797013669,0.0011050110756169018
2017-04-24,-0.001120230793206045,0.0003248100959529128
2017-04-25,0.001960298818785663,0.003284688945293065
2017-04-26,0.005568209957584019,0.005991196057475834
2017-04-27,-0.005654284612936226,-0.0035792899292773996
2017-04-28,0.006298150080847172,0.0035274789751026333
2017-05-02,0.0032305338502045563,-0.00052289090814417
2017-05-03,-0.008321595825695645,-0.008076402119380557
2017-05-04,0.009450683873263097,0.007713901756776034
2017-05-05,-0.0015751911662904568,-0.0036743097495506084
2017-05-08,0.002504528055047159,0.0033298379933421264
2017-05-09,0.0044211288103961546,0.003581025027191218
2017-05-10,0.008645345591118684,0.008615554652875269
2017-05-11,-0.0006834444925775904,-0.0014883503371072243
2017-05-12,0.0013684622174102178,-0.0007075203495477887
2017-05-15,-0.0010757160632819019,-6.23578897754936e-06
2017-05-16,-0.0003405042577615076,0.0006409543186489124
2017-05-17,-0.0038066562308904798,-0.004144095848395353
2017-05-18,0.0030960407006156545,0.0016469594322146926
2017-05-19,-0.005944981619660488,-0.0068494047075819955
2017-05-22,-0.004562819854454123,-0.006570185687306646
2017-05-23,-0.002702924146746964,-0.0035761642511937877
2017-05-24,-0.009378981665619172,-0.00790469108149832
2017-05-25,-0.002892453930486028,-0.0011865196831829202
2017-05-26,0.0003326555983623624,0.002676812861321819
2017-05-29,0.011266839624040906,0.006406774214830371
2017-05-30,-0.01295421186649737,-0.008921364375925493
2017-05-31,0.0036426914034439007,0.002577095296873611
2017-06-01,0.005015255728403214,0.005759787984618735
2017-06-02,0.000482112784482323,0.0027870390680022634
2017-06-05,-0.00015211249353898055,0.001421557919624518
2017-06-06,-0.0006580535273847191,-0.000356153127211743
2017-06-07,-0.0007708481280983587,-0.0003680373559677137
2017-06-08,0.002204149655679018,0.0019161126677562338
2017-06-09,-0.0032246854084567035,-0.0022169331821540986
2017-06-12,-0.007893993477923428,-0.005356160176759381
2017-06-13,-0.003397290229224499,-0.001914206293953154
2017-06-14,-0.0010242285239133663,-0.0006330590094875128
2017-06-15,-0.016173768966689556,-0.016467551418630644
2017-06-16,0.0022639676297650574,0.002047198498526993
2017-06-19,0.0030700059145497807,0.003324289416747446
2017-06-20,-0.009624985449222148,-0.005870139062210432
2017-06-21,-0.004244318859614839,-0.0029659644830573313
2017-06-22,0.003113002774076875,0.002322415999889443
2017-06-23,-0.0050641379119089865,-0.004597784958154002
2017-06-27,-0.0029747624816554748,-0.0031002843451570575
2017-06-28,-0.005900850265078763,-0.005718532608339493
2017-06-29,-0.0020065911956424634,-0.0009664491548967796
2017-06-30,0.006614788419036139,0.008297756391333658
2017-07-03,0.004542741074291069,0.004882883280382539
2017-07-04,0.005934175673691456,0.004305582939385183
2017-07-05,-0.0007886810117720565,-0.0008864791810472255
2017-07-06,0.004903006576476125,0.004923047062780884
2017-07-07,-0.0016713480036064032,-0.0037156523885125553
2017-07-10,0.012810220318307794,0.01094170062626681
2017-07-11,-0.00648481972382583,-0.00483530263166802
2017-07-12,-0.001618661192751141,-0.0015904260263052202
2017-07-13,0.002223105964307596,0.0022067373720252113
2017-07-14,-0.0005754867800016149,-0.0011223996146054803
2017-07-17,0.005347838028040157,0.00405301839506622
2017-07-18,0.00282074683349009,0.0014317766801073448
2017-07-19,0.0038576670224255154,0.0034812889299689525
2017-07-20,-0.002189774113036289,-0.002724035101361483
2017-07-21,0.004993464170172469,0.005604593055336777
2017-07-24,0.0005556646779209648,0.0017880932612026439
2017-07-25,-0.003245974448743638,-0.005237741994903627
2017-07-26,0.01391254751844729,0.00982659905187471
2017-07-27,0.006052814121277221,0.003152190995284707
2017-07-28,-0.0019690665377877672,-0.0030703111929744095
2017-07-31,-0.0008425223896771587,0.0015331277704759994
2017-08-01,-0.004649864307241673,-0.0028488264671487806
2017-08-02,0.003989734393535031,0.002714719672461327
2017-08-03,0.0007372592044066847,0.0009514554771973358
2017-08-04,-0.004595528815516085,-0.0022433375624799864
2017-08-07,-0.0037577409530546737,-0.0021779510897456276
2017-08-08,-0.0012605899156658497,-0.004093354384871683
2017-08-09,0.001374885259485691,-0.002580252156021413
2017-08-10,-0.00718080320154391,-0.008091626440985714
2017-08-11,-0.006876172256277789,-0.006488940766056314
2017-08-14,-0.002326256531846759,-9.751432740650343e-05
2017-08-16,0.008284379139598487,0.008759507581842695
2017-08-17,0.0037441007689974735,0.0016912834738604379
2017-08-18,-0.007829842247243621,-0.006755383698081709
2017-08-21,0.0005066251422282214,-0.0019082577000337606
2017-08-22,0.01121864772779596,0.011011349025110527
2017-08-23,0.0002846133665736393,-0.0022183693101093097
2017-08-24,0.005730949835935166,0.00487074457341737
2017-08-28,0.0023915135766116513,0.0034361284203216825
2017-08-29,-0.00963389094940807,-0.008606844929117428
2017-08-30,-0.0022815200709174225,0.0006959478929268862
2017-08-31,0.004273929548993411,0.0029958652179800584
2017-09-01,0.0050254403487957795,0.00315104088475492
2017-09-04,-0.007705557740540842,-0.0058039365034072265
2017-09-05,-0.002825713165048191,-0.0020408898682000016
2017-09-06,0.003476796362433018,0.00031181527368782415
2017-09-07,0.0024761802781050647,0.0029012766518982124
2017-09-08,0.0116186558458544,0.0093379563844276
2017-09-11,-0.0025843920473632926,-0.0033975360270242375
2017-09-12,0.006912721564849567,0.005473902558912593
2017-09-13,-0.0030475380594995596,-0.0027595730100731194
2017-09-14,-0.006248202098632217,-0.0058978343445741195
2017-09-15,0.01594900921385681,0.014542113523375241
2017-09-18,0.00468900189586954,0.00313499302647718
2017-09-19,0.0075487228215008586,0.00588218189239556
2017-09-20,-0.007843940334983573,-0.007375681175907909
2017-09-21,-0.00024801507864813984,-0.0006269842506019547
2017-09-22,-0.008971072217884235,-0.00799859600603261
2017-09-25,-0.0043656617406906606,-0.00486483666890212
2017-09-26,-0.004477153278974808,-0.0031386913037353484
2017-09-27,-0.006100061766248227,-0.0067667464188449185
2017-09-28,0.0115205554897749,0.009727754487136737
2017-09-29,0.0020923160217076534,0.00351429527526399
2017-10-03,0.00029335417624731883,0.002136669578883325
2017-10-04,0.01338340384743288,0.011409932053869512
2017-10-05,-0.0002155729066614796,-0.0012130325488864504
2017-10-06,0.007500714806235935,0.006028209285883402
2017-10-09,0.00553289336614468,0.004540431015862519
2017-10-10,0.002951008240387975,0.00280148323066893
2017-10-11,0.00513207096600008,0.0052861549216554095
2017-10-12,0.0046014867302203236,0.003784202032588805
2017-10-13,0.009955393386152114,0.00982198579446077
2017-10-16,0.008494803948719931,0.009071354057743477
2017-10-17,-0.006626361982544226,-0.005197508032009121
2017-10-18,-0.0024478191169727305,-0.002890925463967281
2017-10-19,0.0035080579733846773,0.0031745235263630138
2017-10-23,-0.008964578640776101,-0.006725879066039022
2017-10-24,0.0019183110799266341,0.0027342804407868354
2017-10-25,0.00558834657023599,0.008103820280327221
2017-10-26,0.003198325741460299,0.0034205475461829534
2017-10-27,-0.004392419356412105,-0.005133976835969776
2017-10-30,0.009766473965347485,0.009083292407030229
2017-10-31,-0.005938700378157549,-0.004640051603735003
2017-11-01,0.007641917343711522,0.007355522869092083
2017-11-02,0.005169302250625416,0.002969026293757609
2017-11-03,-0.002094377449042993,-0.001992960284224794
2017-11-06,0.003962966312039635,0.0033538747800843953
2017-11-07,-0.01108752953951412,-0.007089304351243719
2017-11-08,-0.0039058629195740965,-0.0016612236576567952
2017-11-09,-0.001247865758154566,-0.0010521623249815832
2017-11-10,0.00026070791690808635,0.00034785625398483806
2017-11-13,-0.0027765411442753803,-0.001794991792713321
2017-11-14,0.002062299058580256,-0.0010369696547632362
2017-11-15,0.002993898557939749,0.000938586088525976
2017-11-16,0.0029931178537579758,0.004555207300303212
2017-11-17,-0.002626836051604052,-0.0019956866610259098
2017-11-20,0.0021985959783796206,0.0012264338355704512
2017-11-21,0.006762168742444439,0.008283204541691588
2017-11-22,-0.0017513720337903075,-0.0008688497457298332
2017-11-23,0.0054770034217314165,0.004498174621659143
2017-11-24,-0.0003120312329366171,0.00023566773423539298
2017-11-27,0.0051499155026827215,0.004689206689425559
2017-11-28,0.004034254621465455,0.003875007385031221
2017-11-29,-0.0015725065548355065,-0.0015481313262220584
2017-11-30,0.0011823257145915616,0.001146419696305668
2017-12-01,-0.007697030454550363,-0.007793112016457623
2017-12-04,0.0042240560120613896,0.004366651533275254
2017-12-05,-0.0020455817065417356,-0.0015331529033187062
2017-12-06,0.001018222361020039,-0.0008730108882408124
2017-12-07,0.012469349647031037,0.009787710825852246
2017-12-08,0.006572424764491626,0.007502323432443132
2017-12-11,0.00599712594926216,0.003861080764610153
2017-12-12,-0.003031322544119649,-0.003726600610403638
2017-12-13,0.00010801421204459862,0.0010305044367007257
2017-12-14,0.001271841944647836,0.0004508268339071431
2017-12-15,0.0035127120132067364,0.0026759436962552697
2017-12-18,0.003194163804090674,0.002431910497667062
2017-12-19,0.002299858446311011,0.0034525716024190415
2017-12-20,-0.00708956707256503,-0.004662794252119819
2017-12-21,-0.008077816611631481,-0.005629833443292966
2017-12-22,0.008910191111002979,0.005508039729033791
2017-12-26,0.002342165896804699,0.002910981849011772
2017-12-27,-0.007663972442733311,-0.005403935706188024
2017-12-28,-0.0028128122087260976,-0.002006700113490964
2017-12-29,0.0038097011701114978,0.0037812975121241732
2018-01-01,0.002813202863202423,0.0011165366304013088
2018-01-02,-0.0012045396411723074,-0.0007046963433282013
2018-01-03,-0.0018397370119916947,0.000829822809506489
2018-01-04,0.007450316241842461,0.005070088247843237
2018-01-05,0.008671424593917863,0.00844611524843235
2018-01-08,0.0020204292479694733,0.00026072552067399747
2018-01-09,0.002189576935859406,0.0011527355171635015
2018-01-10,-0.0017126982307253838,-3.429669199370665e-06
2018-01-11,0.0031191754307964307,0.0007693620423005346
2018-01-12,-0.0003412622410953693,0.0004121977785248853
2018-01-15,-0.0010728644130812435,-0.001061728300109426
2018-01-16,0.0015996186783899054,0.0001438586974621776
2018-01-17,-0.0009863373389506545,-0.0015687794640599395
2018-01-18,0.008722658569193856,0.006821982468819687
2018-01-19,0.0060198486986773585,0.008235283827241936
2018-01-22,0.008705888480152503,0.005415233541113891
2018-01-23,-0.005244354651347106,-0.0025157415586171327
2018-01-24,-0.003722097910617173,-0.004945408430586919
2018-01-25,-0.0038133753841036455,-0.0042854936621621355
2018-01-29,-0.0011502725671962096,-0.001926034253569268
2018-01-30,-0.010695680012917225,-0.011627011065770047
2018-01-31,-0.002809503862273875,-0.0022624110712066645
2018-02-01,-4.7106060922274325e-05,0.0002620894807383659
2018-02-02,-0.009102886801884397,-0.012016070326132272
2018-02-05,0.006136292222041751,0.00290159591294222
2018-02-06,-0.011009623259073677,-0.01185822718253574
2018-02-07,0.006184422137276898,0.004732006035899935
2018-02-08,0.009643133942871725,0.00987307349781871
2018-02-09,-0.005984096635061108,-0.005943814330787507
2018-02-12,0.006511533423507517,0.00660073583985409
2018-02-14,-0.0017275069345110573,-0.0006348887364554245
2018-02-15,0.0018972010045373018,0.0007371314715631497
2018-02-16,-0.005248018191992841,-0.005719691278618548
2018-02-19,0.0017682347374616833,0.0014416290377376828
2018-02-20,-0.0031135598226874075,-0.0026888144517606444
2018-02-21,-0.003768594726764536,-0.0019972597208372353
2018-02-22,-0.0026870333850804833,-0.004201192625316946
2018-02-23,0.006076483135694532,0.005533567945146914
2018-02-26,0.0030126919399657546,0.004805763139462042
2018-02-27,0.0004929103959879205,0.001177221319635181
2018-02-28,0.002332289603689656,0.0017248671917470388
2018-03-01,0.00018546517475841683,-0.0006129219919287316
2018-03-05,0.0009855840516527436,-0.0005853903851553918
2018-03-06,-0.0008328523836305358,-0.0021735341643277987
2018-03-07,0.003061829063876147,-0.000522037578348709
2018-03-08,0.0014995990666688062,0.001857517942785889
2018-03-09,0.0010233352727481194,0.0007119265284279517
2018-03-12,-0.0002683916541530644,0.0031689188104405256
2018-03-13,-0.008717265032949366,-0.006761560995504755
2018-03-14,-0.002113186368524182,-0.0017334987951354817
2018-03-15,0.0018083381050555316,-0.00020085747640321834
2018-03-16,-0.012681125740077504,-0.011828533522337956
2018-03-19,-0.0030229281956882167,-0.004848669085385411
2018-03-20,0.0056000892535180615,0.003981632566171251
2018-03-21,-0.0005475930361776023,0.0017224926552682333
2018-03-22,-0.007981244543706426,-0.007061750963401109
2018-03-23,-0.0038573177337303793,-0.0038052968910571652
2018-03-26,-0.01007009049390551,-0.006511150946370864
2018-03-27,0.001446863813497568,0.0015486617059039304
2018-03-28,0.0043045383459611045,0.0029675226523312535
2018-04-02,0.01692498136635668,0.016056428465334963
2018-04-03,0.0008784583474498579,0.000567003706064227
2018-04-04,-0.005720047317602784,-0.005216330488895664
2018-04-05,0.011499174712296388,0.010499015216347064
2018-04-06,-0.0032156993787925414,-0.0021001228859299265
2018-04-09,0.0022460795892479115,0.0004816054793960532
2018-04-10,-0.0051761444120541995,-0.00343115005501818
2018-04-11,0.0027817704956447998,0.0017941962734197535
2018-04-12,0.006133427649966718,0.007336026772295312
2018-04-13,0.007741199245068579,0.00762490740504334
2018-04-16,0.003282418736811118,0.0023860443380657017
2018-04-17,-0.0006689764638018176,-0.0005162952465793938
2018-04-18,0.006529741987994273,0.005312214224557874
2018-04-19,0.006457121099585691,0.005608418951910627
2018-04-20,-0.0010284144377608576,0.002022542074568722
2018-04-23,0.009847862450083273,0.008920019970575226
2018-04-24,-0.005228810222492365,-0.005595816406141785
2018-04-25,0.002172751670805149,0.0018078848549588774
2018-04-26,-0.000565461209329177,-0.001424527849094043
2018-04-27,0.0007845046311328916,0.0028802550486997833
2018-04-30,0.00794238661739342,0.005773243346191113
2018-05-02,0.003757005365239409,0.0033985225107801553
2018-05-03,-0.0037288071221188456,-0.004671992472761023
2018-05-04,-0.008875361650656954,-0.008819785395400882
2018-05-07,-0.0018584755565940005,0.00021190240874645642
2018-05-08,0.0025305365168876025,0.0031763010443568336
2018-05-09,0.00032374917048968587,-0.00023441778366465048
2018-05-10,-0.0023855850527922306,-0.0015486006943463706
2018-05-11,0.004344286949048221,0.004338849141980904
2018-05-14,0.006723561265692854,0.00320958991062581
2018-05-15,-0.0014651124450483861,-0.00030126462879761823
2018-05-16,0.001845540248449015,0.0006448405615851288
2018-05-17,-0.011868746947121136,-0.008848901472490272
2018-05-18,0.002479782043840551,0.001514576486057404
2018-05-21,-0.0076282220705092725,-0.009431236714670825
2018-05-22,-0.0011027255902436059,-0.0005646995680026667
2018-05-23,0.005437341909455383,0.003035463905597623
2018-05-24,-0.0022896171411202677,0.00010395766947329148
2018-05-25,0.006647105069210297,0.004361489353583487
2018-05-28,0.003984362144576758,0.004939233147312996
2018-05-29,-3.6787849918681155e-05,-0.00019002907809474156
2018-05-30,0.010344203200405511,0.006951532725288774
2018-05-31,0.00042553901112074767,0.00150140715744126
2018-06-01,0.0030476327272165177,0.0013837323826597298
2018-06-04,0.007420545863026,0.003754411518570006
2018-06-05,-0.00401079390564645,-0.0056552755252750175
2018-06-06,0.0012677101867266,0.0024625237614781677
2018-06-07,0.0034617175328467793,0.004030501687121168
2018-06-08,-0.0006928702205018292,0.0027891399665526785
2018-06-11,-0.009392185452749276,-0.0047306311539556285
2018-06-12,0.0008891245291112101,0.0011891247108639503
2018-06-13,0.002340408944009249,0.00029045897716843433
2018-06-14,-0.007188240435552797,-0.005295875434813451
2018-06-15,0.0006810136891874357,0.0024357650877584506
2018-06-18,0.0042043940994342475,0.0034808062788696287
2018-06-19,-0.0032401771704788913,-0.0046406267294961025
2018-06-20,-0.005852800128574714,-0.004346816023100282
2018-06-21,-0.00017110037514880702,-0.0005179707100191225
2018-06-22,5.731782193978065e-05,0.000696099668463583
2018-06-25,-0.0008639352380359904,0.0005751329125757833
2018-06-26,0.002467549948344547,0.0010740006475980237
2018-06-27,-0.0006159147034922477,-0.002566492262138919
2018-06-28,-0.009458326212623262,-0.008459456129791557
2018-06-29,0.007678402167657218,0.008588033443113577
2018-07-02,-0.009617052221216723,-0.007514033167784092
2018-07-03,-0.006349106129049844,-0.004417366147966717
2018-07-04,0.0010490160730281916,0.0016279552855928015
2018-07-05,-0.0024925595314514134,-0.003976839437052947
2018-07-06,-0.006598060192261108,-0.0038459975882034385
2018-07-09,0.005120071078090813,0.0060493046621105575
2018-07-10,0.005769133001118641,0.0032814967516099037
2018-07-11,-0.005551906633174151,-0.003553970852879953
2018-07-12,-0.0030649562825256923,-0.0036969311226040203
2018-07-13,-0.0006842494572297606,-0.00020273897688437357
2018-07-16,-0.00412268570713142,-0.005466457280274826
2018-07-17,-0.0028338386511308922,-0.00010226264560016978
2018-07-18,-0.003978970919966054,-0.0020525468342448647
2018-07-19,-0.004984860240840359,-0.00620171023942692
2018-07-20,-0.007139442558905658,-0.006068955326694068
2018-07-23,-0.0007980026772854902,0.0014781833873483401
2018-07-24,0.00043607876300258484,-0.0022403298500614085
2018-07-25,0.003929690340391149,0.00343716992131116
2018-07-26,-0.0022406248727508933,0.00034509480679941357
2018-07-27,0.012574087340726106,0.014405068190710343
2018-07-30,0.009690438706871349,0.007564342473840946
2018-07-31,0.00855192678082398,0.0061897866151591424
2018-08-01,-0.0023316405392136714,0.0020722226631092397
2018-08-02,-0.0065499214235006055,-0.006902872210349397
2018-08-03,0.0073878163604008205,0.006102160793991489
2018-08-06,-0.0023029493394793495,-0.002710911292089725
2018-08-07,-0.004094844148814449,-0.0019024768875405638
2018-08-08,0.003389562125488102,0.0025379177997230155
2018-08-09,-0.003911668091458365,-0.0025488838961277567
2018-08-10,0.002839391996842673,0.0028435063975937396
2018-08-13,0.0072534663701578714,0.004505855796442801
2018-08-14,-0.001331267582041489,0.0007008189102203715
2018-08-16,0.0025844434157785774,-0.0011248036455526185
2018-08-17,0.003959585911896079,0.005744972708878382
2018-08-20,-0.0008277876523559949,-0.001853686753155921
2018-08-21,0.008727461142845795,0.007009559223796419
2018-08-23,0.010130574705884979,0.008483398902034133
2018-08-24,-0.0049972841581081215,-0.003926142881491139
2018-08-27,0.0035842080332009045,0.0059669825333969915
2018-08-28,0.003489714200327448,0.004205398596196352
2018-08-29,-0.008685838353621382,-0.0062301365515545085
2018-08-30,0.00930655377218893,0.007902993644788749
2018-08-31,0.00502661545267424,0.005537546788384002
2018-09-03,5.991942163007403e-05,-0.002032364737148275
2018-09-04,-0.0061223165112647,-0.006863189486606945
2018-09-05,0.0023556703332266527,-0.00010063332718513633
2018-09-06,0.0008671951186076398,0.0014846347854685586
2018-09-07,0.0032668956351244176,0.0033698329154959947
2018-09-10,-0.007166001570149233,-0.008259978088729601
2018-09-11,-0.004310934176477344,-0.004832437467653389
2018-09-12,0.0034718677934493544,0.0027078366637801944
2018-09-14,0.007755223717944059,0.007406431810666529
2018-09-17,-0.007706697171418811,-0.007193459051729
2018-09-18,0.0017876756453631866,0.0006146716909394574
2018-09-19,-0.006798750951078919,-0.007380961054186786
2018-09-21,0.005025752267035399,-0.0005653513333100642
2018-09-24,-0.003213396513411974,-0.002968233106747081
2018-09-25,0.0017569785694111929,0.0028123177179602186
2018-09-26,-0.002732602721308718,-0.000683104058645546
2018-09-27,0.0006279542188937664,-0.0026359633772408387
2018-09-28,0.010044110686387346,0.005753672207115846
2018-10-01,-0.009181010607004622,-0.007851925003546282
2018-10-03,-0.012793283183005856,-0.013104052226375729
2018-10-04,-0.004286826398949131,-0.00750515121437591
2018-10-05,-0.013155044272403486,-0.012838969404847795
2018-10-08,-0.0007439973890532898,-0.0016729588727764613
2018-10-09,0.0001046615134530658,-0.005306259765869429
2018-10-10,-0.00014141044323814304,0.0029611617597487642
2018-10-11,-0.003563332023351722,-0.006926081285224308
2018-10-12,0.003491138098705262,0.006185621173833419
2018-10-15,0.0008933384851019708,0.0009178366954762244
2018-10-16,-0.0011157543929132267,0.0012203154463096642
2018-10-17,-0.0031929367440124822,-0.0020873250766469493
2018-10-19,0.0016018180326665872,-0.0007141100363829737
2018-10-22,-0.0079456405577793,-0.010712775382653764
2018-10-23,-0.01221467661839113,-0.013203849620054936
2018-10-24,0.0008726279797815096,0.0018227040630806465
2018-10-25,0.005208701976623601,0.004430745202216215
2018-10-26,-0.01029387705505788,-0.007507098731214504
2018-10-29,0.0006121189791868948,0.0032112104401141282
2018-10-30,-0.001172633718261154,0.0026798988319118853
2018-10-31,0.01793540285119016,0.015432876400859472
2018-11-01,-0.013087075096466675,-0.011312570929658409
2018-11-02,0.012224350619044214,0.013194143799003976
2018-11-05,-0.004412072518247881,-0.0020934466987964444
2018-11-06,-0.004219114341910385,-0.0034185855056576525
2018-11-07,0.005354148821497418,0.005825872158014198
2018-11-09,0.0028942600095359498,0.002827527333704806
2018-11-12,-0.008372181555780688,-0.007997738834267416
2018-11-13,0.0105901184738419,0.009735794973792665
2018-11-14,0.006471584771836579,0.004183865329271255
2018-11-15,0.01096112355713969,0.01053101262259746
2018-11-16,0.005590932641287511,0.006506574249805312
2018-11-19,0.007466952596930979,0.006841673650704229
2018-11-20,-0.006756116321252811,-0.006477185858706787
2018-11-21,0.0011894373192259514,-0.0005566282682140773
2018-11-22,-0.00475702123012246,-0.005763718735540663
2018-11-26,0.00993694851797368,0.008007390338138878
2018-11-27,0.008574936677992475,0.007040388165103321
2018-11-28,-0.004682238094605268,-0.0059020016860121555
2018-11-29,0.0004167677445361679,0.0019408204769593119
2018-11-30,-0.00718086868373848,-0.006244998937039869
2018-12-03,0.004963878617819139,0.002378032188807098
2018-12-04,0.006463143818161437,0.0073268225195330956
2018-12-05,-0.0009945398092229144,-0.001477955376381651
2018-12-06,-0.00890856461379681,-0.00939473641949998
2018-12-07,-0.0007383698953479212,0.0003702300670202737
2018-12-10,-0.015147058465818795,-0.015728637284802033
2018-12-11,0.005263186090878016,0.006662279993442283
2018-12-12,-0.00013484458543771768,0.0042780442675499596
2018-12-13,0.00986920836743109,0.011090850745610068
2018-12-14,0.0003001003508639169,0.001225520084800462
2018-12-17,0.004246770443346371,0.002198000095931671
2018-12-18,-0.000197461594571236,-0.000877222003009782
2018-12-19,0.01759244785451068,0.017038901848351138
2018-12-20,0.0015844038947877884,0.0005340020184515281
2018-12-21,-0.005606315279106078,-0.00757306563082152
2018-12-24,0.004777370593900972,0.0015244171467408835
2018-12-26,-0.0015962768262513007,-0.0014946879097392167
2018-12-27,0.005012256539554722,0.005858662285997904
2018-12-28,0.005950595982631935,0.005465130709991942
2018-12-31,0.007590875093281424,0.006850201491703029
2019-01-01,0.0007324931647681631,0.001553464553944462
2019-01-02,-0.005290740124753713,-0.0030343909266775403
2019-01-03,-0.0077051497877783925,-0.006965488565558115
2019-01-04,0.0030146635454547737,0.00298167947973912
2019-01-07,-0.0012464579331935284,0.00015669281298983056
2019-01-08,-0.00726589091478715,-0.005554609211311086
2019-01-09,0.002142191096970835,0.0025939491803063765
2019-01-10,0.008325076372983934,0.00787744301488522
2019-01-11,-0.008129742435338202,-0.006334741211739827
2019-01-14,0.003352114543332008,0.003117974659320251
2019-01-15,0.005498341300557702,0.006020304738971992
2019-01-16,0.0060044291937232696,0.005607493114616511
2019-01-17,-0.0002032079255195737,0.0012787343346371965
2019-01-18,0.008619229622944846,0.006952843543358312
2019-01-21,0.00017433873021141652,0.0011128126474286505
2019-01-22,-0.011302228463767525,-0.008928561647430427
2019-01-23,-0.0032934229229997346,-0.0034540105434524102
2019-01-24,0.0010818010487378782,-0.0003752386920677541
2019-01-25,0.0005987941021675968,0.0006652183267467069
2019-01-28,-0.006018871058194335,-0.005437487626592609
2019-01-29,0.005598284091057106,0.004349769012637948
2019-01-30,0.0020878875450097605,0.0018895276156671004
2019-01-31,0.011464205106756829,0.010899659369902266
2019-02-01,0.009676274511817993,0.008978049888374652
2019-02-04,-0.005392844540047496,-0.004228722256742914
2019-02-05,-0.008474966211773264,-0.008295711611621053
2019-02-06,0.0016890899176384812,0.0035610533983397178
2019-02-07,-0.0014085826402097405,0.00039034442307501614
2019-02-08,-0.005946405966122163,-0.0053032597315362025
2019-02-11,-0.021023131135175628,-0.019030279834503925
2019-02-12,0.006324871838994867,0.005694652588827414
2019-02-14,-0.0021555882821793883,-0.003036914246344614
2019-02-15,0.000579212666316201,-0.0019159803588359903
2019-02-18,-0.006009537424980851,-0.005191296904692812
2019-02-19,-0.006917697244643403,-0.005631023262514934
2019-02-20,0.0014557969694296469,0.002126871224907644
2019-02-21,0.013569201789242622,0.013512730847958223
2019-02-22,0.012495632196007174,0.01264699150521707
2019-02-25,0.0009266467797393391,0.002197669741774868
2019-02-26,-0.003901991382375582,-0.005374138189325219
2019-02-27,0.001145431353567089,-0.00038345912894089665
2019-02-28,0.002065713892570073,0.0009380175403258999
2019-03-01,0.0037978388907767757,0.003602117508323131
2019-03-05,0.016007585993298525,0.013972648590654663
2019-03-06,0.011504421075580383,0.010666729277551173
2019-03-07,-0.00451695267359996,-0.004842316028808632
2019-03-08,0.0022307028066028247,0.0008369207408189558
2019-03-11,0.010434770534056302,0.010350244675335496
2019-03-12,-0.0032887874334527043,-0.00024684275982473
2019-03-13,-0.004302328531195062,-0.003939322615090564
2019-03-14,-0.00018406573651850197,-0.0001483711040510551
2019-03-15,0.009619843342823238,0.007537233812751119
2019-03-18,0.0001434669462659641,0.000246026692635373
2019-03-19,0.0045763485692229084,0.004835203206753988
2019-03-20,0.0016356860175112428,0.00011315729327635677
2019-03-22,0.0017027809439684055,0.0012646179944147706
2019-03-25,-0.0062109531979898875,-0.00747137305443164
2019-03-26,0.0019754152554184185,0.002342618598242139
2019-03-27,0.0009797389340404502,0.0002890450105825922
2019-03-28,0.0037745965924194072,0.0034451026539683016
2019-04-01,0.00783802973911802,0.009639550248129236
2019-04-02,-0.001115719313939619,-0.0010776354823381065
2019-04-03,-0.0016003018574811702,-0.003990024947731205
2019-04-04,-0.0022793719516137354,-0.0016105992181806015
2019-04-05,-0.002750542898740917,-0.0013519926317302874
2019-04-08,0.001395085759448595,0.0018733923018365007
2019-04-09,-0.002722230706044576,-0.0015207306565827353
2019-04-10,0.0028602500850449693,0.0034286150685062357
2019-04-11,-0.0039744140630535345,-0.004586525682715737
2019-04-12,-0.004785920676463675,-0.00273041609276115
2019-04-15,-0.0008015700092372783,-0.0005281163328796695
2019-04-16,0.0042650843612064195,0.003330735239263226
2019-04-18,-0.0039539147485279395,-0.004464574396371746
2019-04-22,-0.008872104139009669,-0.0077887985354646964
2019-04-23,-0.0024550969209266586,-0.0008710568502335149
2019-04-24,-0.00042177281483301167,-0.00012376867845212186
2019-04-25,-0.019765481348393208,-0.016646800818181758
2019-04-26,0.0035864139444356383,0.0038118538331385877
2019-04-30,0.0015585175521621018,0.003197688061979986
2019-05-02,0.001811302681790236,0.0004747933112751294
2019-05-03,0.0014611677161928014,-8.225380557353758e-05
2019-05-06,-0.009060058535051157,-0.008274728366141905
2019-05-07,0.006963653254393803,0.00532619319781799
2019-05-08,-0.0004946639011749228,-0.002642494079518278
2019-05-09,0.005346448318967513,0.00235477825369776
2019-05-10,-0.00987712881798765,-0.007718748603377451
2019-05-13,-0.0009042717309527975,-0.0007588008337079785
2019-05-14,-0.0014299608303421749,-0.0021913554050792023
2019-05-15,0.00593113816521104,0.0038781397973836913
2019-05-16,0.0027955784218778802,0.001475803292629656
2019-05-17,0.00928754906374543,0.005938551632849863
2019-05-20,0.0113448878717713,0.011353323608055757
2019-05-21,0.0015057800653905187,-0.00036737371705786864
2019-05-22,-0.005548725280478138,-0.006751460255899193
2019-05-23,-0.0007423302899918758,-0.0006998583638849742
2019-05-24,0.004937492589978436,0.0046612786648383584
2019-05-27,0.020893326441626323,0.018501678744143192
2019-05-28,-0.007153090446553885,-0.0063131961566140465
2019-05-29,0.006323549583820474,0.005209065336822211
2019-05-30,-0.005133926303297143,-0.005094413376129061
2019-05-31,0.0008063844413152918,0.002795689336148635
2019-06-03,-0.0010273324825142874,0.000776787607009525
2019-06-04,0.0036269817830515395,0.002711143802167043
2019-06-06,0.002320535411281209,0.0014999419947102897
2019-06-07,0.0019924907717551138,0.0019198391189309927
2019-06-10,0.006858932628155916,0.007278304835574531
2019-06-11,0.010438115516242621,0.008130928800254457
2019-06-12,-0.0017084895187775605,-0.0023345641096015526
2019-06-13,-0.0005065683478766354,-0.002118721072893298
2019-06-14,0.0005373166929460791,-0.0004759676131924469
2019-06-17,-0.0009638760515646556,-0.0012343651376988667
2019-06-18,0.0024595389440135755,0.0017288186019200687
2019-06-19,0.0019880190155430466,0.001016158316917763
2019-06-20,0.00012816217613650146,0.0021527770302831695
2019-06-21,-0.004505149473298855,-0.004414229118657395
2019-06-24,-0.007285716100494392,-0.008014765031974555
2019-06-25,-0.0008293332739217627,0.0013001508346941778
2019-06-26,-0.00627374051436097,-0.005083687467050348
2019-06-27,0.0090646174436635,0.006522245896568009
2019-06-28,0.006596729699966247,0.005316270526470168
2019-07-01,-0.006920390624916577,-0.0072242791910638905
2019-07-02,-0.0013875190323349017,-0.00015071560882990147
2019-07-03,0.0012665861987618359,-0.0005901476201297571
2019-07-04,0.002639632442881333,0.0023762504356348046
2019-07-05,-0.009086041240186941,-0.009588641014319338
2019-07-08,-0.018542557538519064,-0.016860037804456537
2019-07-09,-0.00438954079487624,-0.004185385351580732
2019-07-10,0.0014843824100144642,0.0012624511622411265
2019-07-11,0.002005315327908743,0.0027219483033750344
2019-07-12,0.0011746791845948005,0.0016732738195816383
2019-07-15,0.001211060018283675,0.0014011801907948956
2019-07-16,0.0004769351396501922,0.0021760955985525065
2019-07-17,-0.001182234115865678,-0.00024736815988083186
2019-07-18,0.00216029792673835,-0.000822722450325589
2019-07-19,-0.01951822802134549,-0.018770870567997353
2019-07-22,-0.0050456677365639845,-0.0037605922730333235
2019-07-23,0.008792957707749103,0.006489230072542854
2019-07-24,0.0022619219025536205,0.000198680981211535
2019-07-25,-0.006400343491057619,-0.005745673818619243
2019-07-26,-0.002918947311670978,-0.0020160171044253405
2019-07-29,-0.004218361633156401,-0.004657899776582388
2019-07-30,0.008348896299526787,0.0037341614499484237
2019-07-31,0.006591407443688602,0.007447593688377807
2019-08-01,-0.0047970042405701555,-0.007361303294380376
2019-08-02,0.011550226282140886,0.004926938694515867
2019-08-05,-0.006175407422854679,-0.0060785697101264765
2019-08-06,0.006384138154612815,0.006865278734586532
2019-08-07,0.006960845454045707,0.005700198814676545
2019-08-08,0.01846918382683769,0.016940850133299875
2019-08-09,0.011941897539774423,0.007196050094459332
2019-08-13,-0.013958132560870138,-0.013711613654478098
2019-08-14,-0.004009098304283017,0.00024505635275774576
2019-08-16,-0.005888720375369933,-0.004494398158949009
2019-08-19,0.0019210750148927328,0.003540184233056339
2019-08-20,0.009804247499500497,0.009001711051710052
2019-08-21,0.0015615519595514227,0.0013622190066367515
2019-08-22,0.00047046768203074576,0.0013507578395148571
2019-08-23,0.004066277998659154,0.002824660156999254
2019-08-26,-0.004679735642836352,-0.0008991879136728078
2019-08-27,-0.003944851974501708,-0.003698785884781311
2019-08-28,-0.0006238037105437595,-0.0009599021208105674
2019-08-29,-0.003928796133531164,-0.0029122316259638193
2019-08-30,0.006127942446169533,0.006954027242938447
2019-09-03,-0.009045371207365508,-0.01057056966071362
2019-09-04,-0.0008681137045008299,0.0007746839968669019
2019-09-05,0.007389595514946181,0.005566169529611277
2019-09-06,0.002257264127898573,0.0038084065039250144
2019-09-09,0.001137807251460257,0.0008862022299547162
2019-09-11,-0.0063468114959465815,-0.005692190752696527
2019-09-12,-0.004750639261344987,-0.004756167714484352
2019-09-13,0.0006023989832018197,0.0029072002209110546
2019-09-16,-0.00035877423041359225,0.00010421775685297703
2019-09-17,-0.004762565111119679,-0.0067418648991956565
2019-09-18,0.002887808057367412,0.002880817893590653
2019-09-19,-0.002163173796661342,-0.0013583363330781234
2019-09-20,0.008360303647368368,0.012912997600435353
2019-09-23,0.02896697275655649,0.028543711757538986
2019-09-24,0.0018222250641255168,0.0023984616475954193
2019-09-25,-0.0014827327427001254,-0.0034274598382184537
2019-09-26,-0.0035181506325530623,-0.0006632979355759652
2019-09-27,-0.003988228491820759,-0.0032480216060447836
2019-09-30,0.015632771710665183,0.014808993587576268
2019-10-01,-0.01202850304197625,-0.011839752394609224
2019-10-03,-0.00240734370939317,-0.00422479449416168
2019-10-04,-0.0036639922681467895,-0.004386082967012725
2019-10-07,-0.007731309344792251,-0.007159882994363993
2019-10-09,0.0014109423357012358,0.001857720205208183
2019-10-10,0.011349939618048146,0.008341573136587814
2019-10-11,0.06258305514821161,0.03930787628307435
2019-10-14,0.0010782434578877472,0.000958153182100752
2019-10-15,-7.363611985186774e-06,0.002099906015520963
2019-10-16,-0.0032148443560051677,-0.004618042572939954
2019-10-17,0.008823610528271996,0.005287782507247484
2019-10-18,0.0063662206578648725,0.0064695841910555
2019-10-22,-0.005523427030791428,-0.005933458328635768
2019-10-23,0.0026193399723529903,0.0008017797474706113
2019-10-24,-0.008828796780778234,-0.008251812504605367
2019-10-25,-0.008937970774314095,-0.00751479080976504
2019-10-27,0.005653468933108866,0.005498571421617526
2019-10-29,-0.010243078617361236,-0.010739783173881686
2019-10-30,-0.005547890297216354,-0.0028146236284883313
2019-10-31,0.00726688016218136,0.009453337832537961
2019-11-01,0.005980882270292675,0.005352293917542332
2019-11-04,0.011372218552267648,0.009655493766650848
2019-11-05,-0.011294929783931006,-0.010956650019169203
2019-11-06,0.0017894507366725933,-0.00032185649986942464
2019-11-07,0.007723887602531205,0.008563762659021559
2019-11-08,-0.009033655723148135,-0.011017603321547853
2019-11-11,0.002200651394914765,0.0030192234482084358
2019-11-13,-0.0005550453482994458,-0.0019330217461755877
2019-11-14,0.002389065667140128,0.002420129446159456
2019-11-15,0.0029191134434166546,0.0027298647045560353
2019-11-18,0.0033758073338884,0.0008084477210300684
2019-11-19,0.004631420942743621,0.00434141416622954
2019-11-20,0.006855740295447361,0.006644602796718231
2019-11-21,0.0030068040512903965,0.0011423515239885784
2019-11-22,-0.006096262483601319,-0.005293378175309414
2019-11-25,0.0035736281432886285,0.003570128387693735
2019-11-26,-0.013286328051361417,-0.009697655092185092
2019-11-27,-0.0006152090606955877,-0.0011749171040615753
2019-11-28,0.0118964337234062,0.008851449016731308
2019-11-29,0.002431755971344379,0.002815254832471887
2019-12-02,0.0026947671803311648,0.0014141178404893924
2019-12-03,-0.012372245792033033,-0.008361220259318874
2019-12-04,0.007306354541870252,0.007241355827403403
2019-12-05,0.002802122399951569,0.002285691376013998
2019-12-06,-0.0011941480137435815,-0.000388402141376994
2019-12-09,-0.005738264368144227,-0.00478731022938267
2019-12-10,-0.009166791670441874,-0.007983780884653353
2019-12-11,0.0021486535708658302,0.001939919839351369
2019-12-12,-0.004048995972807882,-0.0020628791834080046
2019-12-13,0.006198922657920476,0.004492592694958612
2019-12-16,0.006234564642667468,0.0036729686408362616
2019-12-17,0.00538757194301996,0.004753972870031302
2019-12-18,0.00041954409237758236,0.0015439471146682223
2019-12-19,-0.00020561749573817453,-0.0011532456578038997
2019-12-20,0.0016756881630299732,0.0012800036272406063
2019-12-23,0.0024515094987897224,0.0059288007194086825
2019-12-24,0.0031899442198380827,0.0024394233823180084
2019-12-26,0.005631689493109036,0.004867830625420012
2019-12-27,0.009103803818794255,0.00789480956689807
2019-12-30,0.0021665419206743724,0.003013120768386747
2019-12-31,0.0011667393352669019,0.0009474527044970155
2020-01-01,0.003754144447983764,0.0030846555797578662
2020-01-02,-0.005028091335394008,-0.0047787833845726714
2020-01-03,-0.002787466748582263,-0.0011911234345220578
2020-01-06,-0.0002210970839956266,-0.004010629521315456
2020-01-07,-0.0037534990888558914,-0.0021060628297277523
2020-01-08,-0.010918166691012381,-0.009556361790667406
2020-01-09,0.0013270426126630597,0.002896841510981487
2020-01-10,0.0058487878600169034,0.006043761017317745
2020-01-13,0.005588448025508853,0.007703896514595046
2020-01-14,0.0015737555811358613,0.0026583824460239287
2020-01-15,-0.00813127999329745,-0.006292374193133063
2020-01-16,-0.0056007118075154395,-0.00011772531621574971
2020-01-17,0.002623236476238559,0.002767308945960045
2020-01-20,0.009158921412161812,0.005710300362334774
2020-01-21,0.004295463660632398,0.0020201080620211352
2020-01-22,-0.0068241800383448525,-0.004715339992277855
2020-01-23,0.002057067296450869,0.0015072785648863067
2020-01-24,0.0185642846389338,0.013075880393832106
2020-01-27,0.0019058700932173388,0.0019491975641003024
2020-01-28,0.005282400008045783,0.0053394657832594675
2020-01-29,0.0005339640967106797,0.004581929972583781
2020-01-30,0.00180621541402712,-0.002874659506100059
2020-01-31,0.006040292139949973,0.0014689224029798417
2020-02-03,-0.005509691093178991,-0.007534091345108659
2020-02-04,0.007363800704527572,0.010100913855392656
2020-02-05,0.006443964930414633,0.006608935700682233
2020-02-06,-0.011169965336132407,-0.00829003393770703
2020-02-07,0.0008855266815800537,0.0015525162787347658
2020-02-10,-0.0022585528343145363,-0.004667123324431656
2020-02-11,0.013466981038006082,0.010178353523141625
2020-02-12,-0.0015495719357246588,-0.0008853862910872807
2020-02-13,-0.009054456944661957,-0.00594893211319633
2020-02-14,-0.0037794883158026654,-0.00228642866619574
2020-02-17,0.0011327302902872213,0.0008066794907308364
2020-02-18,0.001582450515693608,0.001595556943670456
2020-02-19,0.002980080363288035,0.005413493894600552
2020-02-20,0.010245417646276301,0.007764477190909346
2020-02-24,-0.0007908803603892198,-0.002278350845753635
2020-02-25,0.006983583603255723,0.005730949304897377
2020-02-26,-0.005280981756859407,-0.006690204233989024
2020-02-27,-0.0053017128816501245,-0.003358572922525134
2020-02-28,-0.005183905161370981,-0.013653084119673465
2020-03-02,-0.005644523424341413,-0.005986503136637667
2020-03-03,0.011187011290342837,0.009398236675895023
2020-03-04,-0.007709706220687279,-0.006452128357862577
2020-03-05,0.001140476850242707,0.0023424092707064565
2020-03-06,-0.004493530729868672,-0.00789941232827526
2020-03-09,-0.014256529463201878,-0.017494171270058992
2020-03-11,-0.0018292423437525772,-0.0026617592114363924
2020-03-12,-0.04949935214882007,-0.05019613850197339
2020-03-13,0.011728392679860266,0.01240715566746903
2020-03-16,-0.06470483567833317,-0.06022459415117007
2020-03-17,0.009085761951101001,-0.0036098692103219117
2020-03-18,-0.0446858236282633,-0.04791427826168936
2020-03-19,-0.0255785182536899,-0.02245933917431145
2020-03-20,0.05666795001683082,0.04950080255209696
2020-03-23,-0.06977247178043991,-0.07754120380359109
2020-03-24,-0.02976288242717194,-0.014967344804002514
2020-03-25,0.014251829503052761,0.015083202319201029
2020-03-26,0.007436913417858217,0.014178113692280489
2020-03-27,0.0073271236542936,0.0007618150555200195
2020-03-30,0.0005183271153653155,-0.0052072600864870085
2020-03-31,0.030866121216082384,0.03276546721812059
2020-04-01,-0.012098464704867477,-0.02082320465008881
2020-04-03,0.01249157151875901,0.011372330833281118
2020-04-07,0.04071409580809885,0.04042919692267519
2020-04-08,0.00888019436278309,0.012761113572775803
2020-04-09,0.012038989581779916,0.018353908840770337
2020-04-13,0.01478069832289502,0.013457182744726605
2020-04-15,0.017604867864967816,0.00904340047810552
2020-04-16,-0.001856081968303118,0.000217820072807939
2020-04-17,-0.00981158394832398,-0.0033170935731878354
2020-04-20,-0.004385175426591659,0.004549490392453139
2020-04-21,0.002199022008171677,-0.002228421783980779
2020-04-22,0.005641803855898374,0.010315571605361333
2020-04-23,0.003696190826342117,0.002923374085902927
2020-04-24,0.010520209209333713,0.006047389000512564
2020-04-27,0.001603941806834557,0.00321743137707123
2020-04-28,-0.013806031022408292,-0.013637946598510281
2020-04-29,0.0011852722733962043,0.002769879753727244
2020-04-30,0.0027185485244740656,0.005267495928545961
2020-05-04,0.007646399616660673,0.0006380055562928489
2020-05-05,0.0016484995885992747,-0.004753886751928468
2020-05-06,-0.001688136429795773,-0.004042439493188425
2020-05-07,-0.019690755265345722,-0.012795810541288007
2020-05-08,-0.015092654692780313,-0.009293752629218522
2020-05-11,-0.007925148898829478,-0.009028681075877811
2020-05-12,-0.012775249660291548,-0.014313170715995745
2020-05-13,0.0022158073303159076,0.005507975742417294
2020-05-14,-0.005749401031961469,-0.008166189786802815
2020-05-15,-0.01190399031411306,-0.012576850892119993
2020-05-18,0.055724105304989044,0.028926844821468508
2020-05-19,-0.010790391337356136,-0.007647305416273774
2020-05-20,0.003202481942731631,0.002929863031215542
2020-05-21,0.01696247384011261,0.011835892204193656
2020-05-22,0.004071656850602806,0.004707188767262536
2020-05-26,0.015238979907381432,0.007868881229422552
2020-05-27,0.0034950467669317676,-0.0015602773688589901
2020-05-28,0.014451444567041062,0.014386879043778767
2020-05-29,0.02035560434546799,0.019690675082133468
2020-06-01,-0.008935703750932784,-0.006870942727406591
2020-06-02,0.0206631906288296,0.018623853503612373
2020-06-03,-0.010812923614938423,-0.00518066242323903
2020-06-04,0.010587079047381244,0.01035923378930349
2020-06-05,0.00701758278008839,0.011063235685489607
2020-06-08,-0.0005700483059527428,0.0043986537970875554
2020-06-09,-0.0028036622958654634,-0.004242685749301067
2020-06-10,0.0029754903755952983,0.0017264739027521403
2020-06-11,-0.006400006128500911,-0.010163450982985968
2020-06-12,-0.010537327554334277,-0.012565280738359934
2020-06-15,-0.002259430174941343,-0.002839010813057342
2020-06-16,-0.002802662003656032,0.0013500850154786633
2020-06-17,0.0021661217570859296,0.00018592647986326034
2020-06-18,-0.03599755209678668,-0.02686624676593008
2020-06-19,0.020788898436716014,0.013385687417225645
2020-06-22,0.02561268711257684,0.028258657002244628
2020-06-23,0.0078787544151398,0.013236249413290707
2020-06-24,-0.009153443962624418,-0.005864255070718569
2020-06-25,0.017506040221238427,0.009082490380593361
2020-06-26,0.008108029271936571,0.011669634855998496
2020-06-29,-0.005432595348637119,-0.0031502753228405916
2020-06-30,0.000265805878061721,0.003288546354467107
2020-07-01,-0.00488811696594074,-0.0022009606431685376
2020-07-02,0.007334326511316522,0.00715755853426331
2020-07-03,0.005861872034834506,0.005336449231793731
2020-07-06,0.004689686979525509,0.006906157338819047
2020-07-07,-0.004566400329579182,-0.007423964764558587
2020-07-08,-0.009266940850338865,-0.013603920870001047
2020-07-09,-0.007353655101459954,-0.006373675117266315
2020-07-10,-0.0033383149246905977,-0.005079084645132956
2020-07-13,0.006966942789599697,0.005630563467669777
2020-07-14,-0.012736806957999974,-0.010039340566618076
2020-07-15,0.002739655912652954,0.00385044217702014
2020-07-16,0.015105183322666629,0.009681388591383558
2020-07-17,-6.999627313315489e-05,0.0019271288087478263
2020-07-20,0.005142816311855925,0.006500739679815626
2020-07-21,-0.00351108865544174,0.0008516136504383411
2020-07-22,-0.003397097540204197,-0.003938760352528769
2020-07-23,0.0074857282302009075,0.013485344562157695
2020-07-24,-0.0025484309525874473,0.0004372942480890437
2020-07-27,-0.008092392823533395,-0.003916276250026048
2020-07-28,-0.016226763926467644,-0.009755632434348637
2020-07-29,0.005489881777942412,0.0027476313217228814
2020-07-30,0.001833552668832134,0.004139080121453937
2020-07-31,0.0037591680372153283,0.005007673591986015
2020-08-03,0.005741486099302041,0.006499533295159179
2020-08-04,0.005433047577912051,0.003060725775485336
2020-08-05,-0.008399010636273485,-0.005622424767916312
2020-08-06,0.0007723558164609476,-0.0018316532476066545
2020-08-07,-0.007344245475339974,-0.0037568589484583397
2020-08-10,0.016271891997968167,0.024525668003304555
2020-08-11,0.002008092720840606,-0.0007037227784464839
2020-08-12,0.0015109411216051325,-0.0006504635094079676
2020-08-13,0.0023441853505205084,0.0013111209976203715
2020-08-14,0.009137127314389055,0.0076837820153120105
2020-08-17,-0.007005557487404486,0.0003926284891374891
2020-08-18,0.007048835150859551,0.004802315258984825
2020-08-19,0.0015578464827115082,0.00639235647561745
2020-08-20,0.013266366246172131,0.009955816171891682
2020-08-21,0.025239916726239736,0.024949864951921155
2020-08-24,0.0018459757081735338,0.005952131310088417
2020-08-25,-0.006591756532946545,-0.007141712764632023
2020-08-26,0.017535870394085377,0.014415144180983677
2020-08-27,-0.01835119881330499,-0.00953890713637525
2020-08-28,0.016241639844775516,0.014591247295603743
2020-08-31,-0.023730283730244547,-0.02681859723165693
2020-09-01,-0.008558012149704874,-0.008224837780589665
2020-09-02,0.018703675838502198,0.01643870304316369
2020-09-03,-0.01212726620377975,-0.007129043533878466
2020-09-04,-0.006141707830580993,-0.0062776330134832
2020-09-07,0.0299071427244047,0.022176435599300777
2020-09-08,-0.014322240597763825,-0.011401234221108827
2020-09-09,-0.014008171997790031,-0.008369459614821243
2020-09-10,0.016635601960915968,0.0155335271938459
2020-09-11,-0.008551515089833733,-0.004991517585701763
2020-09-14,0.004422733817591438,0.0071731106058020066
2020-09-15,0.00030411932712372616,0.009134923725362459
2020-09-16,-0.02375426013018913,-0.019465258655308113
2020-09-17,-0.00676868928369865,-0.008707059801112891
2020-09-18,0.0010334281927551336,0.002253482123084222
2020-09-21,-0.0324641176446302,-0.029078782630644277
2020-09-22,-0.036202697837155996,-0.026103493633965767
2020-09-23,0.002116216451546531,-0.0020802159931780917
2020-09-24,-0.009541351425242975,-0.011421576452487847
2020-09-25,0.022900471110773032,0.022111723473834374
2020-09-28,0.0045718552730384795,0.005406098129106094
2020-09-29,-0.012102651373352214,-0.006999090279965775
2020-09-30,0.01181334349481914,0.00410093637176653
2020-10-01,-0.008483879722429807,-0.00516630271983987
2020-10-05,0.005117614783386201,0.00379566672734085
2020-10-06,-0.003219086415705598,-0.0017928368392457687
2020-10-07,0.013748077775586134,0.010456126266452806
2020-10-08,0.014646530380813148,0.010756174942695452
2020-10-09,-0.0038737358838724957,-0.006136662754735478
2020-10-12,0.017145729835606662,0.012387153276638727
2020-10-13,-0.0028503075710952465,-0.00093679828945093
2020-10-14,-0.01721190934163781,-0.014633726597312574
2020-10-15,-0.008520607051400229,-0.009168469393309415
2020-10-16,-0.0030557986202340436,0.0010144660565678616
2020-10-19,-0.004589405111560835,-0.0007117442833821674
2020-10-20,-0.004129285393918055,-0.0025984895378048604
2020-10-21,-0.004967617617600302,-0.002115981056702002
2020-10-22,0.008063261933370534,0.008173481263207782
2020-10-23,0.010242585001321497,0.008063970713912174
2020-10-26,-0.004247260157190935,-0.003670019327395811
2020-10-27,0.012708609188154658,0.012590419575756757
2020-10-28,-0.000392103810172568,-0.0009371042971897288
2020-10-29,0.005207345493860075,0.0049045957533727395
2020-10-30,-0.010734530997820055,-0.00387920069394912
2020-11-02,-0.0037157293049953186,-0.005825825532277938
2020-11-03,6.485669359406867e-05,0.0005893243839082603
2020-11-04,0.0032804976067310624,0.0032610179662326895
2020-11-05,0.011289103994509893,0.011142349626745474
2020-11-06,-0.00253286719636634,-0.0020921999660979676
2020-11-09,0.008719280884608051,0.006951834421132784
2020-11-10,-0.016494406221186732,-0.013502098200871017
2020-11-11,0.00293010731862957,0.006172091876973687
2020-11-12,0.011454877034792909,0.009715945417201208
2020-11-13,0.0017557401865058264,0.001804404177219372
2020-11-14,0.0018906524118938559,0.00457972339933147
2020-11-17,0.027510857966827444,0.019981045837603705
2020-11-18,0.005483552652022107,0.00019781341911458204
2020-11-19,0.012019516544481874,0.009295065940598191
2020-11-20,0.008227622929931724,0.009879543953753053
2020-11-23,0.0007838104186477151,0.0026971369149680637
2020-11-24,-0.0009797543358447177,0.0017439558118406678
2020-11-25,-0.0038503595012753596,-0.007264382783440328
2020-11-26,-0.005067535522812095,-0.006267887696133676
2020-11-27,-0.0027287645104063928,-0.003854988497164898
2020-12-01,0.006715205760157022,0.008384531241622896
2020-12-02,-0.021245269206316517,-0.014740985951261635
2020-12-03,0.001017955636476749,0.006494282422037085
2020-12-04,0.010640094137900274,0.010670287893122729
2020-12-07,0.005708099271649527,0.007736237942926398
2020-12-08,-0.001237109602767207,0.0009356700876436566
2020-12-09,0.004098704136352115,0.0028765555722687765
2020-12-10,0.003159999357146545,0.001118468376489331
2020-12-11,0.010914672752742162,0.00822183033398406
2020-12-14,0.0005840575707168972,0.0032635128353205485
2020-12-15,-0.01380411639283189,-0.013239916951721494
2020-12-16,0.014744664904083,0.011233591066342495
2020-12-17,-0.01590845841529855,-0.01219126936465522
2020-12-18,-0.0021626193947809793,0.0008355179116962415
2020-12-21,-0.019771502409737393,-0.02022896591958602
2020-12-22,0.007894183944784347,0.007955849634691169
2020-12-23,0.005378084109416798,0.0038235190474721734
2020-12-24,-0.008812549021797718,-0.002833306110197224
2020-12-28,0.005205168015650158,0.0027193953261541743
2020-12-29,-0.01069143011773274,-0.0025735821501524153
2020-12-30,0.0031529063730966634,0.002135530577323471
2020-12-31,-0.007741938899734531,-0.0058611310457735615
2021-01-01,0.004266144736544233,0.003417599618419527
2021-01-04,-0.010541564814878219,-0.0028719422366609913
2021-01-05,-0.00221380269490256,0.0005800314998619469
2021-01-06,-0.014453333571960833,-0.01131675127652177
2021-01-07,0.0117681250174,0.0072423395779340856
2021-01-08,0.011516335411792353,0.011150197318726919
2021-01-11,-0.008362080786534323,-0.006995403762427852
2021-01-12,0.0063863220692250335,0.005657511930286225
2021-01-13,-0.0012731985806753144,-0.0029175727084331977
2021-01-14,0.006965736791886821,0.002386994007552182
2021-01-15,-0.0035794017775729633,-0.005653168589644877
2021-01-18,-0.00908485695054158,-0.009236342636854437
2021-01-19,-0.007783119312959523,-0.006064865264025685
2021-01-20,-0.013956251433721084,-0.006106491534229803
2021-01-21,-0.006409860578573325,-0.005258037665709735
2021-01-22,-0.012430212202115962,-0.004522151854368048
2021-01-25,-0.0011545109820584923,-0.0010017820471952647
2021-01-27,0.0006007576572875056,0.0024853248770176557
2021-01-28,0.006786467027137694,0.0026503838029214083
2021-01-29,-0.004781900882037959,-0.0042737261085508075
2021-02-01,0.013527735352931338,0.010985323319019143
2021-02-02,0.02671975899275232,0.023655305356841964
2021-02-03,0.0009638961907982827,0.004362246757317577
2021-02-04,0.012317601553352455,0.015242699525190773
2021-02-05,-0.0020021217525290408,-0.004305977449353991
2021-02-08,-0.009824466673846507,-0.004839399016321979
2021-02-09,0.006275087683142719,0.004884331587690884
2021-02-10,-0.007390508460349091,-0.007826610477484851
2021-02-11,0.0063215877418599745,0.00803237533989283
2021-02-12,0.0005494572419449035,-0.0015597449698604724
2021-02-15,0.003036457032614079,-0.003038486641557204
2021-02-16,0.017082601969484572,0.014816042009422395
2021-02-17,0.008249030879958834,0.007542028482814114
2021-02-18,0.03241479412363653,0.025334257347684293
2021-02-19,-0.0168011662081902,-0.01507836881995757
2021-02-22,-0.014831334458214777,-0.012873707647253044
2021-02-23,-0.008399397162878705,-0.004789742504400595
2021-02-24,-0.00456346833518802,0.0007877527414812033
2021-02-25,0.027229212404292012,0.020074672467930904
2021-02-26,0.010884993505730278,0.003630425558217702
2021-03-01,0.01255154728814375,0.011859461963286057
2021-03-02,0.021929258892984936,0.019885087787485958
2021-03-03,-0.009536057391037476,-0.006338808957889513
2021-03-04,0.014171561699250228,0.010904121508199756
2021-03-05,-0.011027940508682771,-0.010417823987272257
2021-03-08,0.020488672439948896,0.017864938206627417
2021-03-09,0.010501963073573341,0.009174116707194892
2021-03-10,-0.01138699873463468,-0.007518393239594863
2021-03-12,-0.001946830469327668,0.00022456854796773637
2021-03-15,-0.0025056514858134253,-0.003996743019902915
2021-03-16,0.012534855949442657,0.011211576776263402
2021-03-17,-0.02595118031161556,-0.025229891194337658
2021-03-18,-0.0037716978974969553,-0.006601591590984438
2021-03-19,0.018290481940950013,0.015452811247639659
2021-03-22,-0.00777108632165086,-0.000783653712100249
2021-03-23,-0.002681837567019204,0.0027718095328186873
2021-03-24,-0.009364402469363549,-0.009126409710437353
2021-03-25,-0.028304043840060154,-0.02527180487215621
2021-03-26,0.02637782310452043,0.02421098891274914
2021-03-30,0.02625021376541411,0.024996380353087592
2021-03-31,0.0012086723210784538,0.0013315627032995238
2021-04-01,-0.020090481496410392,-0.01333896673039043
2021-04-05,-0.010243701451487766,-0.011188413538829352
2021-04-06,-0.005862897204121157,-0.0037101448985222014
2021-04-07,0.00842983266753715,0.007317379354811296
2021-04-08,-0.01197761601344842,-0.00844987943226851
2021-04-09,0.011188756162086663,0.011435154888660308
2021-04-12,-0.01075486956402346,-0.016651614243487222
2021-04-13,0.00838735539184943,0.00384092220109349
2021-04-15,0.0019166478138809672,0.0017035381411122181
2021-04-16,-0.0014786792882150314,0.004541161045553235
2021-04-19,-0.007070180289054027,-0.007644361152459939
2021-04-20,-0.00255525403006895,-0.004140703598076302
2021-04-22,-0.003919479861778243,-0.0012430201103203278
2021-04-23,-0.008843922931520943,-0.005595194440470879
2021-04-26,0.008769636306623573,0.014305848716688196
2021-04-27,-0.006413204679023921,-0.0054408982459164135
2021-04-28,-0.006251854029557766,-0.0009904147762091532
2021-04-29,-0.005859164234661591,-0.003974594083174857
2021-04-30,-0.005176920906055393,-0.0036662198374634875
2021-05-03,0.0004559583360244615,0.0021956320509091813
2021-05-04,-0.004075035459146283,-0.0019048187186702635
2021-05-05,0.0004915194386879803,0.005228174067836957
2021-05-06,0.002149584506525181,0.003419241488325199
2021-05-07,0.004371764409809486,0.00302014562356568
2021-05-10,-0.0044757765022630435,-0.0009328993552218251
2021-05-11,0.008296425010860723,0.008881671581271351
2021-05-12,0.013464075385342134,0.006706003493745398
2021-05-14,0.002967811760207768,-8.60607992991805e-05
2021-05-17,0.002798763582602529,0.0028025233138087033
2021-05-18,0.00406928561857064,0.009023138493459964
2021-05-19,0.0023819563606206594,0.002899193562441892
2021-05-20,-0.012553085685349848,-0.012703793417150078
2021-05-21,-0.0012622274453068269,0.0002250412066398472
2021-05-24,0.0018552361118306594,0.007565273236459263
2021-05-25,-0.0056528609109778504,-0.0037828066567193405
2021-05-26,-0.0015610294865377873,0.00032910517219924445
2021-05-27,0.0020117042076963653,0.0036629823402433447
2021-05-28,0.00511121669324062,0.0006147418862158978
2021-05-31,0.0003541909943029979,0.000676838221054135
2021-06-01,-0.0010460624746305874,-0.000990857808945002
2021-06-02,0.007946206604618195,0.007789105047460974
2021-06-03,0.012289860009103334,0.014336195700349276
2021-06-04,0.010079755029800127,0.006367557178761344
2021-06-07,0.010621591234516076,0.01251431651162007
2021-06-08,0.012602444905814726,0.010155380085114983
2021-06-09,0.006531082070592538,0.0038455148119700164
2021-06-10,-0.005962088264565211,-0.0037260233933480223
2021-06-11,-0.0007564158711909773,-0.0005274958241566822
2021-06-14,-0.005235388895338299,-0.0034325374544221005
2021-06-15,0.005068964168314306,0.0014535900020076443
2021-06-16,0.0025575006899853803,0.002738846342005075
2021-06-17,0.0008562924599294429,0.0003515306855504509
2021-06-18,0.005994824169845006,0.003759832319214675
2021-06-21,0.014909593341392378,0.013783909213258845
2021-06-22,0.006857538184113822,0.005040201375341848
2021-06-23,-0.009595649291475722,-0.008467807502468413
2021-06-24,0.0065177598707851815,0.0038924343724597603
2021-06-25,-0.002770786409586667,-0.002980097120376763
2021-06-28,-0.00023061683974341839,0.0015214752027299877
2021-06-29,-0.008284639667928036,-0.005955251930220768
2021-06-30,0.013016125416722967,0.009751302635993
2021-07-01,0.005236970337047651,0.004212139940908092
2021-07-02,-0.0014319384096591575,0.0011052664995408728
2021-07-05,-0.00293544018709814,-0.0005468167358145002
2021-07-06,0.008534784608039043,0.00410698116092169
2021-07-07,-0.0035511217879825585,-0.002635969697174424
2021-07-08,-0.0012505559154474932,-0.0016275710091101223
2021-07-09,0.000528134189067503,2.2880847321807957e-05
2021-07-12,0.004273550765505475,0.0030020885274798666
2021-07-13,0.0025282560610916586,0.0023817349002523765
2021-07-14,-0.0013035023927902938,-0.001824597817507548
2021-07-15,0.00031880369225032704,0.0005984014309038671
2021-07-16,0.0022148462963176587,0.00335789440090008
2021-07-19,0.011922795597253417,0.010764347709904382
2021-07-20,-0.012525563943483234,-0.01094083668456206
2021-07-22,0.0109356614732919,0.012266487397049176
2021-07-23,0.0009402537024448118,0.00026917440508676416
2021-07-26,0.0024574733591894854,0.00228521444032476
2021-07-27,-0.013548777494633818,-0.010677637727008844
2021-07-28,0.005744562126683752,0.0023203520070060875
2021-07-29,-0.014402102220688733,-0.012324310998366395
2021-07-30,0.008273538962158643,0.008567897657671604
2021-08-02,0.015030780208830634,0.01140445089612428
2021-08-03,0.00701677971103713,0.008534565672351427
2021-08-04,-0.011491365982289886,-0.00791975220158727
2021-08-05,-0.004097687325838511,-0.003036694593125582
2021-08-06,-0.011910792047855287,-0.008009455615219438
2021-08-09,-0.002376045354492056,-0.004043931227690368
2021-08-10,0.007242123959249016,0.002453762119320889
2021-08-11,-0.0020131307011365426,-0.0025363909064420303
2021-08-12,0.002062761175966473,0.0058530941369452924
2021-08-13,0.01094841664572456,0.007046224642095771
2021-08-16,0.009129547485393269,0.005577604721793131
2021-08-17,0.01800116711962149,0.016850025101254423
2021-08-18,0.005893919567821832,0.004011238449887384
2021-08-20,0.006901796762943239,0.002170972060785268
2021-08-23,0.00016223209785387778,-0.0015554300543864667
2021-08-24,-0.013946913039086175,-0.007985012277482998
2021-08-25,0.009379262022645319,0.007086734727599233
2021-08-26,0.003523671741969352,0.0015143415777631203
2021-08-27,-0.004452510117701219,-0.0008906699004028555
2021-08-30,0.0067286403000153695,0.007710554284840096
2021-08-31,0.003198804601488971,0.006066727613693838
2021-09-01,0.0027588126602536493,0.0017627427863612635
2021-09-02,0.010853605341854939,0.011667887787836648
2021-09-03,0.005354480132171627,0.004513920884848701
2021-09-06,-0.0034562092093190742,-0.0024780287678139628
2021-09-07,0.0015924928194345285,0.0015028434447910827
2021-09-08,0.001020491466376116,0.002677408231475875
2021-09-09,0.020595026860842428,0.016683517321624746
2021-09-13,0.006348795679249112,0.0056662446013177725
2021-09-14,-0.005408237531605813,-0.004483084398139024
2021-09-15,-0.003963716222740946,0.0007465588926691449
2021-09-16,0.0007037215753029032,0.0021630134347871534
2021-09-17,-0.006076027641021936,-0.0024597929842796267
2021-09-20,-0.0007988766949285938,-0.0038972543263922103
2021-09-21,0.004770985827170119,0.0035238921984773294
2021-09-22,0.0013758690053923702,0.0032515397835356005
2021-09-23,-0.0067527840105499485,-0.004612256730419856
2021-09-24,-0.001815583321596206,-0.0004786545765124655
2021-09-27,-0.011849063770137485,-0.012002381770766525
2021-09-28,-0.0024914078680183596,-0.0034133522086753163
2021-09-29,-0.011616993646878246,-0.005994777869170481
2021-09-30,0.007158319488073684,0.004763305309356792
2021-10-01,0.013884558604687186,0.010680729159020593
2021-10-04,0.013024717344849678,0.01075575028635052
2021-10-05,-0.00510638645609383,-0.002773679721360919
2021-10-06,-0.01567821011191795,-0.012897122316134338
2021-10-07,0.014603683029384607,0.015244669127986304
2021-10-08,0.011378350145473483,0.008319480835135274
2021-10-11,0.006715453092171058,0.006837893451947271
2021-10-12,0.0003547068162958909,0.0020705540177790123
2021-10-13,2.7707551907226596e-05,0.00022461218815954102
2021-10-14,0.00035830617207289095,0.002302025410683941
2021-10-18,-0.000157190664803334,-0.0013097341646076902
2021-10-19,-0.01900783586512269,-0.015104585579610565
2021-10-20,-0.0031882083026057544,-0.008262972564764978
2021-10-21,-0.011562848658430784,-0.008120947068258265
2021-10-22,-0.01119141190078078,-0.00902540263682501
2021-10-25,0.0020892463056286924,0.0023653347185118535
2021-10-26,0.0006807591691393711,0.0009916622110849565
2021-10-27,0.010419183936593508,0.011003034207119391
2021-10-28,-0.005958427076956783,-0.007931193140160516
2021-10-29,-0.0006446543693019999,-0.002410616799478138
2021-11-01,0.01240374436394119,0.014103154032424129
2021-11-02,0.0005867721982432292,0.0008353152554173229
2021-11-03,0.0013697820868307526,0.0010190149639488699
2021-11-04,0.008786082181880591,0.008862261921496568
2021-11-08,-0.0007120029784690035,0.002299807904140543
2021-11-09,0.0018475632385807391,0.0015308058195896714
2021-11-10,-0.008428528595828736,-0.007209733707356047
2021-11-11,-0.0012951096955776484,-0.0010205576417318635
2021-11-12,0.00033092173422662576,0.001651279112826915
2021-11-15,0.0010844770649801898,0.0007927356438202791
2021-11-16,-0.0003103771489317833,-0.0011030473125430364
2021-11-17,-0.00026616594929647266,0.0007293893522827663
2021-11-18,-0.008273526459027696,-0.00944343777442836
2021-11-22,-0.005202102282415075,-0.007266392841696776
2021-11-23,0.0005794134833551781,0.0027575546653034935
2021-11-24,-0.011521892005464749,-0.00984778641083988
2021-11-25,-0.005117131801339032,-0.004706815020569201
2021-11-26,0.0013988018876391018,-0.004198209877102635
2021-11-29,-0.005188598290555933,-0.00441830161795965
2021-11-30,0.0035615125662473417,0.002982546558823608
2021-12-01,-0.017050111236301357,-0.014996995024544334
2021-12-02,0.0006815496396764035,0.00267628144815906
2021-12-03,-0.004645766873176686,-0.005389113953623229
2021-12-06,-0.011044279127483453,-0.011807604634903943
2021-12-07,0.004381958193622198,0.0068592375435553
2021-12-08,0.0063812100208921535,0.005742761319733665
2021-12-09,0.0009143414751144868,0.001985071234403594
2021-12-10,-0.007272035317672579,-0.002686035440453551
2021-12-13,-0.003025267260144019,-0.0006221579598779156
2021-12-14,0.009692046596022231,0.005364840851358324
2021-12-15,-0.003656954087609557,-0.0010080878249648316
2021-12-16,0.0017112214335953256,-0.0004194480852742408
2021-12-17,-0.0037639036675750363,-0.003285228302750777
2021-12-20,-0.012542198325923298,-0.01354396482265545
2021-12-21,0.008901942140093884,0.00813094070979821
2021-12-22,0.0018482838910646308,0.0038158241551487205
2021-12-23,0.013613414303198642,0.010443479148698491
2021-12-24,-0.007815720668912948,-0.007000652030652396
2021-12-27,-0.0034190820093767883,-0.002782566373213668
2021-12-28,0.008647985845177196,0.009734007249931946
2021-12-29,0.004354444772537009,0.003425711398354997
2021-12-30,0.0047963926707306585,0.0019255129722602579
2021-12-31,0.0036240939962335936,0.005255221899349799
2022-01-03,-0.0012110915321548199,0.0016237383893725128
2022-01-04,0.008077328003490059,0.008073176240699354
2022-01-05,-0.0023284954316279125,-0.00045431442320876934
2022-01-06,-0.005471368760755872,-0.004852884372266833
2022-01-07,-0.004611602177768267,-0.0030423896974805247
2022-01-10,0.008000781527518031,0.0063589093213111455
2022-01-11,-0.0013192373637871862,-0.002469727758044502
2022-01-12,0.001475141646165815,0.003233261920029244
2022-01-13,0.008331371086646012,0.004730490247749863
2022-01-14,0.002739593206394373,-0.0006094883002910544
2022-01-17,0.008431072344571678,0.005943656916684245
2022-01-18,-0.003930700919822463,-0.006523969662035575
2022-01-19,-0.01234276156658128,-0.01098618258196306
2022-01-20,-0.010903861771043463,-0.00841782384307229
2022-01-21,-0.007753356162129059,-0.008780560196747809
2022-01-24,-0.018387207582410203,-0.02030253745123669
2022-01-25,0.011177442147550131,0.007620870144512321
2022-01-27,-0.01608130750094114,-0.012011078397358606
2022-01-28,0.0007984917584956158,0.004697101962040111
2022-01-31,-0.005305297141954118,-0.0010477710635088708
2022-02-01,-0.010768559848789354,-0.0067324013324217115
2022-02-02,0.016317088816319117,0.012498663254159752
2022-02-03,-0.006573012139420123,-0.0055177661554337565
2022-02-04,-0.004615265170838108,-0.0037396752835833526
2022-02-07,-0.014970760956324259,-0.012256019907808443
2022-02-08,-0.003592146649553221,-0.0037808228029468705
2022-02-09,0.01578054435457931,0.01432820352664195
2022-02-10,-0.0024257337013950642,-0.00102653006463273
2022-02-11,0.011902315231067839,0.005748108435085986
2022-02-14,-0.006931917231953499,-0.010727630848758059
2022-02-15,0.0042826171715516365,0.007503258534708863
2022-02-16,0.012175554669145562,0.009910945100788514
2022-02-17,-0.0010031713064662306,-0.002691511481319806
2022-02-18,-0.0073852936645968795,-0.005099172308310537
2022-02-21,-0.0021652251955503817,-0.003700165690640479
2022-02-22,-0.004224821336436731,-0.0030888434839090677
2022-02-23,-0.0016301838891070778,-0.0045369040499968726
2022-02-24,-0.02901776394912784,-0.030722262429997947
2022-02-25,0.015295429210957253,0.01626268057431187
2022-02-28,0.024485212432068866,0.02145752936511717
2022-03-02,-0.004640551078070352,-0.00708077151086322
2022-03-03,0.0031453795885316733,0.002345582794899202
2022-03-04,-0.011118043655902342,-0.012173946964044492
2022-03-07,-0.01999854907055195,-0.0192363681883801
2022-03-08,0.00515997311083017,0.007878404148324728
2022-03-09,0.013613042923518488,0.011763797933347891
2022-03-10,0.009461946752926503,0.007671456917150961
2022-03-11,0.003796636230720547,0.0038223185562644845
2022-03-14,-0.001378381590485815,-0.0003781140954521132
2022-03-15,0.0021850434246185467,0.0008060827268508667
2022-03-16,0.008008139554428032,0.008353739965037372
2022-03-17,-0.001652643598434496,-0.000947119524087539
2022-03-21,-0.006203172249703029,-0.004049779867904119
2022-03-22,-0.005725717787372268,-0.003994251882922861
2022-03-23,-0.013510715601296904,-0.011203085118352645
2022-03-24,-0.007342054818687949,-0.006206287564335075
2022-03-25,-0.006221705028700241,-0.005204027656914412
2022-03-28,-0.003362299092738274,-0.001278394979649414
2022-03-29,0.0002504788444581675,0.003211656165628394
2022-03-30,0.00897831001455857,0.007295459165270591
2022-03-31,0.006047909545061006,0.005401281770784781
2022-04-01,0.006943754301505672,0.007809773578698427
2022-04-04,0.004830813060989128,0.005861988052703725
2022-04-05,0.006658735229030863,0.005376073134606484
2022-04-06,-0.004553223530175749,-0.0022500267111234705
2022-04-07,0.008932306805028066,0.008595924211991634
2022-04-08,8.38314039864254e-05,0.002906852852601202
2022-04-11,-0.0005346470049037053,-0.0007677443712316377
2022-04-12,-0.01283953071836412,-0.011455272203817132
2022-04-13,0.0015648434397690265,0.002723908730996214
2022-04-18,-0.006134004806485934,-0.005593645880868057
2022-04-19,-0.013635525670405593,-0.01070904847548463
2022-04-20,0.010449848413304073,0.006603980062256149
2022-04-21,0.01172831845660135,0.010429446868868214
2022-04-22,0.002821175636011787,0.004134279383283106
2022-04-25,-0.01121781631637244,-0.011279545210677608
2022-04-26,0.01687254204865072,0.011956344396705482
2022-04-27,0.0010446345019452276,-0.0025382797979147395
2022-04-28,0.011452518690034956,0.010712305251307692
2022-04-29,-0.010685553713249696,-0.00948338366927998
2022-05-02,0.01155894549376274,0.007502001251819634
2022-05-04,0.0021483650536604565,-0.0031860038144903573
2022-05-05,0.006897316090471134,0.005050106035669933
2022-05-06,-0.014968557641322442,-0.014604085275991554
2022-05-09,-0.0032121472830073765,-0.004082688487879623
2022-05-10,0.0021448944078086315,-0.0007727021935398054
2022-05-11,-0.013126821869208317,-0.011846567366783422
2022-05-12,-0.010893051075202574,-0.010288419680771847
2022-05-13,0.015200216767367302,0.01103466107929913
2022-05-16,-0.004901446906024299,-0.0024348874060338595
2022-05-17,0.0029044765707831703,0.004776966253712949
2022-05-18,0.009853978534477593,0.009552407116182939
2022-05-19,-0.016116509632067073,-0.016838582970798793
2022-05-20,0.010384088935242156,0.009224188531493715
2022-05-23,0.002813853198167137,0.002347417464763608
2022-05-24,0.0026345599979984064,0.000928897072372094
2022-05-25,0.0018590837478205842,-0.0019912251410209364
2022-05-26,0.0012450381410870621,0.0020569084053582735
2022-05-27,0.012337842378443197,0.012509563559323051
2022-05-30,0.0010069428480416133,0.0014391696559479363
2022-05-31,0.0077079693989859106,0.0050220814300297
2022-06-01,-0.0043609181863984775,-0.0009202348850450345
2022-06-02,-0.0061065544123241585,-0.00315301634942857
2022-06-03,-0.007446396299385779,-0.007506512240733211
2022-06-06,-0.00850469881893397,-0.005763207636143691
2022-06-07,-0.019865438041633158,-0.015300972992654845
2022-06-08,-0.009678557965910314,-0.007029740980176521
2022-06-09,-0.0027535373201179355,-0.0012241372339892916
2022-06-10,0.0003381004343685941,-0.002013977002976313
2022-06-13,-0.008580516722105764,-0.00870083330372996
2022-06-14,0.0012762813634456726,0.002531961117040106
2022-06-15,-0.0030899842348707444,-0.0022391036804270837
2022-06-16,-0.012112961936320055,-0.012336300789152484
2022-06-17,-0.011651668505416114,-0.013331505348981431
2022-06-20,0.015616438161809822,0.014693280916307151
2022-06-21,-0.0038464902135647645,-0.00010027305107922538
2022-06-22,-0.00839585798021519,-0.007452287549870533
2022-06-23,0.007950711248297585,0.008540836485693492
2022-06-24,-0.0031310113110841935,-0.0016026951001441732
2022-06-27,0.009316197664611595,0.008133271773710888
2022-06-28,0.00031977464814112453,0.0005943375831489522
2022-06-29,0.006016010928691636,0.006239470961474151
2022-06-30,0.011467539939339593,0.01087932066109228
2022-07-01,0.012660272153198579,0.010937946053816936
2022-07-04,0.01465563697756004,0.013062872970109274
2022-07-05,0.005179255415014783,0.005251165444021506
2022-07-06,0.014449484815706987,0.014158270756109476
2022-07-07,0.0003677801360647614,-0.00011672219431021905
2022-07-08,0.011287462028580162,0.010107255566747906
2022-07-11,-0.004056544821817852,-0.004551555383244713
2022-07-12,-0.008668776545822056,-0.009509570641978493
2022-07-13,0.017861699022624366,0.013964164413595728
2022-07-14,0.007014371762448977,0.007545271089144205
2022-07-15,0.010526953531410614,0.009582678821437568
2022-07-18,0.002816787670775594,0.0038526598363861106
2022-07-19,0.0005892984971929771,0.0013567565306358699
2022-07-20,0.006999858030890102,0.0056544735849850345
2022-07-21,0.005720796635980107,0.006712689159708266
2022-07-22,-0.0016126984552407627,0.001436870880869552
2022-07-25,-0.0009600706435498247,-0.0005104805115476378
2022-07-26,-0.004700274814830741,-0.005815946258422019
2022-07-27,-0.00018084512741892042,-7.4577044398561854e-06
2022-07-28,-0.003997280042753964,-0.001533443375231779
2022-07-29,0.019982666901239846,0.019760117400601355
2022-08-01,0.002110077134536575,0.006329011198283878
2022-08-02,0.014126732701051352,0.014141611762822038
2022-08-03,0.004360331878559951,0.0037999784480936853
2022-08-04,0.0032191222481436094,0.0037084288758633846
2022-08-05,0.010734828159421868,0.008786638718949425
2022-08-08,0.002489581965494974,0.004507021872892117
2022-08-10,-0.003734853699384798,-0.004751901790926431
2022-08-11,-0.009768749972878186,-0.008336180340637331
2022-08-12,0.004913980449384222,0.004224163431663198
2022-08-16,-0.0011659458369342132,-0.0020998334184646117
2022-08-17,0.004909932842685925,0.004433676127668014
2022-08-18,0.0019828766795691403,0.000384709496519743
2022-08-19,0.0005636485561046158,-0.0014160549310416842
2022-08-22,-0.0009941148390877176,-0.0024824079566601732
2022-08-23,-0.0010044796466736478,0.0008217323575441062
2022-08-24,0.006089814595977097,0.005253172021928015
2022-08-25,-0.008846339544533734,-0.00730889613698796
2022-08-26,-0.006296103210644315,-0.004271287015402769
2022-08-29,-0.0025706758076844425,-0.00589494250394172
2022-08-30,0.008200115691558287,0.006686402449455446
2022-09-01,-0.006610094343164587,-0.006766395239506598
2022-09-02,-0.015022930585471403,-0.011602809045736002
2022-09-05,-0.0036437068911619225,0.00038535030152647503
2022-09-06,0.012658327192918978,0.009961398796187204
2022-09-07,0.0017796249427579846,0.0015106862301810025
2022-09-08,-0.007188474665162414,-0.004882266091522804
2022-09-09,-0.002192109134311043,2.7300194104193235e-05
2022-09-12,0.002814535063984254,0.0024845921179716796
2022-09-13,0.007863018335831124,0.006491182739154064
2022-09-14,0.002462324832192265,0.0006887529595094736
2022-09-15,0.005810968989507696,0.0045646850221457026
2022-09-16,-0.0320802663165903,-0.02947794186288666
2022-09-19,0.005043685147052794,0.0027095595962085754
2022-09-20,0.02388622712263294,0.022325901143993354
2022-09-21,0.017621012272282504,0.012481314205256768
2022-09-22,-0.006504837736400175,-0.003492686873686158
2022-09-23,-0.013301661467525422,-0.010470715925851835
2022-09-26,0.0005063501454423338,-0.0014461222798073247
2022-09-27,-0.0025281241918830143,-0.001354959311322672
2022-09-28,-0.0025256502494507525,-0.0008704212337078373
2022-09-29,0.006306238454661231,0.007460143958349577
2022-09-30,0.014618937430225833,0.013512609552729465
2022-10-03,-0.004054869470738636,-0.0025328546081185214
2022-10-04,0.0015801047115762434,0.0022769597269106856
2022-10-06,-0.013906279370310247,-0.012338341925774913
2022-10-07,0.0013649406375041053,-0.0004547688775713704
2022-10-10,0.0024278719461589015,0.0018074241738729986
2022-10-11,-0.006622589437636112,-0.006040069213762566
2022-10-12,0.005272965125032491,0.005047103873728311
2022-10-13,0.0007180385695924061,0.0002278938126623137
2022-10-14,0.005027646652154891,0.004253638945288988
2022-10-17,0.006257069545359606,0.005722309227373533
2022-10-18,0.005740691475820367,0.007232178828373605
2022-10-19,0.0039675106619311545,0.001531779811801531
2022-10-20,0.0059117275124906735,0.005633496755336427
2022-10-21,-0.00896994732513283,-0.006415292162192354
2022-10-24,0.0004617660844668122,0.0014623742372802217
2022-10-25,0.006350339377271523,0.007284281717965623
2022-10-27,0.0015851631984053279,0.001580990089533991
2022-10-28,0.0005779774439593265,0.0007823724210328947
2022-10-31,0.006196864515099102,0.007424279115332739
2022-11-01,0.005224068504492111,0.005766733034524496
2022-11-02,-6.407343834891261e-05,-0.0031539651608929135
2022-11-03,0.005555687164368648,0.004415243299044504
2022-11-04,-0.02050802405152467,-0.010617795223602726
2022-11-07,-0.00983359095469984,-0.005205758690486755
2022-11-09,0.0008116779140604758,0.001878709488290017
2022-11-10,-0.006566640254582414,-0.006093058351775121
2022-11-11,-0.008946227185285345,-0.009103905961327154
2022-11-14,-0.005380353346958306,-0.004130266591732057
2022-11-15,0.007158809258175224,0.009123002760355051
2022-11-16,0.008616222740101626,0.0066779218986545335
2022-11-17,0.005410291083865828,0.001757223326839257
2022-11-18,-0.003958817992919346,-0.0024820121367571057
2022-11-21,0.01805397085622062,0.013740848404412273
2022-11-22,0.01863141709421252,0.01367960938315651
2022-11-23,-0.00029293825763221934,-0.0006248220209560378
2022-11-24,0.010907600844253934,0.010295113940771282
2022-11-25,-0.006189877957347036,-0.0053883372522268045
2022-11-28,0.015274095648035984,0.014155616317227816
2022-11-29,6.571201776154646e-05,0.0012875130557383739
2022-11-30,0.005389089504511947,0.004678575684626055
2022-12-01,0.004686328304789674,0.004318192901400544
2022-12-02,-0.003813939384260755,-0.003478865038398147
2022-12-05,-0.005254451540520128,-0.0073440531988694015
2022-12-06,-0.005721063784757566,-0.0044921754837252996
2022-12-07,0.010097934348077004,0.009658961695186229
2022-12-08,0.005872810780134363,0.005999212553828836
2022-12-09,0.005838356166806881,0.003131752477305388
2022-12-12,-0.0012817678853339239,-0.0019927359777284505
2022-12-13,0.0111299531641323,0.011112939580986587
2022-12-14,0.003922581891550034,0.002396915245266358
2022-12-15,-0.01097063722952229,-0.008693850136696804
2022-12-16,0.0074892584797776615,0.005979289834911831
2022-12-19,0.0050175698999261765,0.003694464013183722
2022-12-20,-0.004226653961603243,-0.0038815648712650728
2022-12-21,-0.003151010627313394,-0.0016354774552650403
2022-12-22,0.000984312766859892,0.0009158777271466856
2022-12-23,-0.002807294175744883,-0.00613797165610814
2022-12-26,-0.0007288418803424678,-0.0011593662053660328
2022-12-27,0.00034614545070329366,0.0009256674340391205
2022-12-28,0.010731637382572257,0.008113694893261037
2022-12-29,-0.0020372203299132935,-0.0015757068317950652
2022-12-30,-0.001659372693317504,-0.0006575948841511701
2023-01-02,0.0026181190812250977,0.001324351629023059
2023-01-03,-0.00032919705461460867,0.0007780492516299462
2023-01-04,0.0026734453175825575,0.0028821834271995942
2023-01-05,0.01601579777458212,0.015063640683485938
2023-01-06,0.0006597443181947742,-2.3422785293932523e-05
2023-01-09,0.0016649986004733058,0.0006728824527839155
2023-01-10,-0.0018124821523557788,-0.0018183342754459599
2023-01-11,-0.00013625684060459447,-0.0009264636493727542
2023-01-12,-0.0007048527356566175,-0.001365785858488649
2023-01-13,-0.0035312548083848523,-0.0032311495626471476
2023-01-16,-0.003192246727766048,-0.0016110820961466126
2023-01-17,-1.9761188343566196e-05,0.00015387712235508558
2023-01-18,-0.002813972983368786,-0.0012419857987372605
2023-01-19,-0.0032273322159557796,-0.0030336301272959033
2023-01-20,-0.0006898432152723266,-0.0006978942325420445
2023-01-23,-0.00799352624687293,-0.008142805742896211
2023-01-24,0.0006108815717409493,0.0003509148895571877
2023-01-25,0.00633708422562747,0.005667372949626441
2023-01-27,0.006659629798662702,0.007426577201754887
2023-01-30,0.0040471421754454725,0.0018007754895690473
2023-01-31,0.004744985858069074,0.004137594902437295
2023-02-01,0.023421753039161927,0.016913921243559463
2023-02-02,0.030030304001355805,0.021369055654811266
2023-02-03,0.0026149185220066965,0.005017031970595272
2023-02-06,-0.009207187436503709,-0.005660599347242142
2023-02-07,0.0006363775012150249,0.0007443163281891184
2023-02-08,-0.018311670548561046,-0.01121968345321678
2023-02-09,-0.00043754049645673937,-0.0004943415708861412
2023-02-10,-0.004430758337304181,-0.0005949169986154651
2023-02-13,-0.004468369231357716,-0.006877111350748288
2023-02-14,-0.0020615463573285314,-0.001769006153278332
2023-02-15,0.003546936619793657,0.0025913755010116453
2023-02-16,0.00041622456171230534,0.0017773066104013922
2023-02-17,0.003940444870529902,0.0025130268015977285
2023-02-20,-0.007790869462007247,-0.0037683280937248678
2023-02-21,0.0013009805239109276,0.002676734190445465
2023-02-22,0.00958024235494716,0.0052572714643576235
2023-02-23,-0.0026433564243081966,-0.0004509592889834914
2023-02-24,-5.08493846901794e-05,-2.1877530045464667e-05
2023-02-27,0.00516768851663703,0.002739481420733754
2023-02-28,-0.007819920073556183,-0.006777865186318878
2023-03-01,0.001978191928013415,0.0021531181208969646
2023-03-02,-0.00951207527638014,-0.00884382854247101
2023-03-03,-0.006071717096402129,-0.003317470051584989
2023-03-06,0.006640381754769216,0.006226839894429351
2023-03-08,-0.013343955502731616,-0.01029937027236139
2023-03-09,0.0031831095587018564,0.0005381073722778524
2023-03-10,-0.0025105743109236117,-0.0009740933334149976
2023-03-13,-0.004137889901752343,-0.006037003984646339
2023-03-14,-0.007373693372063043,-0.007536912500730795
2023-03-15,0.002878348119836034,0.0005017912332802895
2023-03-16,-0.006702662492591776,-0.007155725286190472
2023-03-17,-0.003336696776908294,-0.0027892940491999665
2023-03-20,0.002862765852422151,0.003303787995100112
2023-03-21,0.006211459899159227,0.006499785648205778
2023-03-22,0.005844207527452863,0.004608574194610824
2023-03-23,0.002670450691001664,0.002142846778963993
2023-03-24,0.005520033646304,0.0038515494800123945
2023-03-27,-0.0008569287505442841,-0.0005127476112636261
2023-03-28,0.007016056082150476,0.0051583341750091605
2023-03-29,0.002114300488022773,0.0018260371058411696
2023-03-31,0.003273297999317066,0.005222490655528728
2023-04-03,0.0033841265746363566,0.0037371640183234186
2023-04-05,0.009259718450735767,0.005555300523817254
2023-04-06,-0.0018793392151639893,-0.0035052120210809106
2023-04-10,-0.009515620461033793,-0.004368880719910526
2023-04-11,0.009168701451960793,0.004948337395854658
2023-04-12,0.0008127109421562809,0.0019146861662322312
2023-04-13,-0.0077021589098054495,-0.006429062147083027
2023-04-17,0.006999458227919341,0.001856773285113933
2023-04-18,0.007309004273599113,0.005186779573115031
2023-04-19,-0.001158222346797457,-0.00028006113482754975
2023-04-20,0.005638273163019376,0.002534050817865184
2023-04-21,0.00886018915616071,0.007320932645245851
2023-04-24,0.0024848019819680885,0.00020605617124039646
2023-04-25,-0.002526747286226454,-0.001908148497528816
2023-04-26,0.012057283160249885,0.012379426162330816
2023-04-27,0.0063835006239299245,0.006303083946557029
2023-04-28,0.011290202644481663,0.009482438489388886
2023-05-02,-0.008926501983564926,-0.005564715475920026
2023-05-03,0.001637200092472613,0.0007326667697430185
2023-05-04,0.008210660194232213,0.006961525193267328
2023-05-05,0.0070097806137559265,0.006328271420311693
2023-05-08,0.0008208323983413964,0.0026053115158434143
2023-05-09,-0.0056736025346452576,-0.003916872179641312
2023-05-10,0.005656840161804446,0.006448977681049757
2023-05-11,0.010229362414998557,0.010072906797074925
2023-05-12,-0.007102721275909867,-0.006855683988688845
2023-05-15,0.004399361752654584,0.0028849267374127887
2023-05-16,-0.0025577147616968614,-0.0021920668899435836
2023-05-17,-0.004279232871469828,-0.0024665276416752607
2023-05-18,0.002111019972395949,0.0007740283454434181
2023-05-19,-0.0062736428174515625,-0.006640695292177117
2023-05-22,0.0024031247293973493,0.0024084039661784644
2023-05-23,0.002798523486278061,0.002172801584084007
2023-05-24,0.002257758178954602,0.0010830386576494767
2023-05-25,0.0024278848884262045,0.00338121433549343
2023-05-26,0.012409941753912607,0.01180465066854927
2023-05-29,0.008811353116280339,0.007298696848063228
2023-05-30,-0.0010015205438963799,0.0005281775470197196
2023-05-31,0.0010431968128441934,0.0006421917544427763
2023-06-01,-0.0031604938533562107,0.0001932285608358514
2023-06-02,0.004128955304918982,0.00447846731006279
2023-06-05,-0.0018412016018582351,-0.0015866782982239386
2023-06-06,-0.004271367509548888,-0.0037652868736248943
2023-06-07,0.012598235140767218,0.01287922016651801
2023-06-08,-0.007856122706671671,-0.00661594139154676
2023-06-09,-0.00125316853184754,-0.0008107210898078176
2023-06-12,0.010989911856699836,0.009970913429243151
2023-06-13,0.007276434052155171,0.008206666312685408
2023-06-14,0.004177926692019652,0.003703478705537311
2023-06-15,-0.004890581820286676,-0.0018348456165883467
2023-06-16,0.014415303383343564,0.012454317534816328
2023-06-19,0.005972781797196785,0.007727895217807071
2023-06-20,0.006833819268199796,0.005813655643029009
2023-06-21,0.004408927293151145,0.0034929441527595784
2023-06-22,-0.003992493936413962,-0.004357122846448525
2023-06-23,-0.0031014704267058233,-0.0029024427287583543
2023-06-26,0.004516462827815136,0.007025994245594122
2023-06-27,4.693690498783947e-05,0.0011329304554819925
2023-06-28,0.0037595614780686452,0.0034400362786709635
2023-06-30,-0.004664720688633797,-0.0005961727975626724
2023-07-03,-0.00614062691996112,-0.006130146122229419
2023-07-04,0.002214095597408262,0.002558919573081358
2023-07-05,0.005025183647786447,0.005293306885797233
2023-07-06,0.012556519247354953,0.010597832739613216
2023-07-07,-0.008422665675352402,-0.008597675850214072
2023-07-10,-0.009483771101431119,-0.0066507173033503115
2023-07-11,0.008488329471762843,0.009883560102799612
2023-07-12,0.0041204422264465275,0.005507180839472935
2023-07-13,-0.0038015712631600316,-0.0018350438460333074
2023-07-14,-0.0006588787118948485,0.002489927386170359
2023-07-17,0.0004351032040579374,0.002164338728494197
2023-07-18,-0.0070391743611960345,-0.003780600017303139
2023-07-19,0.0019102173511453158,0.0035067078984122382
2023-07-20,0.0058377050596800295,0.0031353545839656397
2023-07-21,0.010180878538995942,0.0050298567008889615
2023-07-24,-0.006977402448888512,-0.004939118673151618
2023-07-25,-0.005720406162041244,-0.0015242148071235757
2023-07-26,0.004345692514747327,0.003448893150666165
2023-07-27,0.0026957367738575347,0.002025669277238051
2023-07-28,0.006656075793461998,0.0033249285652587964
2023-07-31,-0.002381273785923975,-0.0004804020190667343
2023-08-01,0.008385211004894715,0.007403081659708032
2023-08-02,-0.007082004439570128,-0.008848130047119821
2023-08-03,-0.010197403638258096,-0.006642524827339323
2023-08-04,-0.0005920897256776467,0.003097806948192419
2023-08-07,0.003339709546911188,0.0034795986424355383
2023-08-08,-0.0016902675273299979,-0.00040403718985766756
2023-08-09,-6.855754959899166e-05,0.000850497416842723
2023-08-10,-0.005524017939125704,-0.006643266067456548
2023-08-11,-0.0036965797307437665,-0.0028469050314982674
2023-08-14,-0.0023033442733597716,-0.0021507104292354264
2023-08-16,0.004459492661669425,0.0035074797590701643
2023-08-17,0.0012447664945983707,0.0015891577985523294
2023-08-18,0.0012506976771805571,0.0024281967464501804
2023-08-21,0.005851366486922937,0.0049587078201205476
2023-08-22,0.000531661749375604,0.0013588141903912744
2023-08-23,0.0011439460717073688,0.0017833698623545586
2023-08-24,0.002529580087306834,0.0005628670200047475
2023-08-25,-0.0016484685254183674,-0.0026154753307861454
2023-08-28,-0.0015928569720183585,-0.0008793967768733388
2023-08-29,0.0026926057295114597,0.0032685576672690014
2023-08-30,-0.009819134661916057,-0.005055058533797794
2023-08-31,-0.0005086741706651719,0.00131133084469161
2023-09-01,0.003888492559532629,0.005698263957840108
2023-09-04,-0.0016144695271970246,-0.0009207258829796382
2023-09-05,0.005444026300316911,0.008740336682695726
2023-09-06,0.0038911203614247726,0.0039541913153821615
2023-09-07,0.007564660745250673,0.007857864669813228
2023-09-08,0.004129640862082328,0.001902512321365568
2023-09-11,0.003223880464324978,0.003370278290935662
2023-09-12,-0.005865093068679721,-0.007348263479376031
2023-09-13,0.007830823196200829,0.004484150985170882
2023-09-14,-0.0014607801238608296,0.0003517730366134724
2023-09-15,0.004104365748761748,0.0047125224044358965
2023-09-18,0.00037430404286623194,0.0016508225085715004
2023-09-20,-0.002796360610723631,-0.0029104419451346487
2023-09-21,-0.005213689535271426,-0.006059097896537677
2023-09-22,-0.009637074329399442,-0.007302847505839037
2023-09-25,-0.0009844691068017692,7.496898407069462e-05
2023-09-26,-0.0006705910163198021,0.0008229826894768582
2023-09-27,0.0003482876098325991,0.0024810635961932067
2023-09-28,-0.007883634262828218,-0.007898771610905173
2023-09-29,0.0008961265111230349,0.002826737896841321
2023-10-03,-0.002616688318823017,-0.0025993724601677815
2023-10-04,-0.006073002830497017,-0.005374512862848674
2023-10-05,-0.00039964728343139103,-0.0017014230052428555
2023-10-06,-0.006271683589839965,-0.003776265816981023
2023-10-09,-0.0018417454995370633,-0.003271396294861412
2023-10-10,0.0030883423820530333,0.0034335363358248996
2023-10-11,0.0008847697680791131,0.001881734276669796
2023-10-12,0.008055056417402449,0.007037818551761034
2023-10-13,-0.0017224356276147352,-0.0022397625587229175
2023-10-16,-0.009263288310873582,-0.006421788837310739
2023-10-17,0.003278557156602623,0.002688267098783904
2023-10-18,0.0035295484233595917,0.0014548924810569223
2023-10-19,0.0007099403020456592,-0.00024930278189897397
2023-10-20,0.006936178253493881,0.0038690525113166925
2023-10-23,-0.012220715751277025,-0.011083018862037497
2023-10-25,-0.011931155134679143,-0.011208770296050271
2023-10-26,-0.017588941676276847,-0.016431747065861296
2023-10-27,0.019416230367588303,0.017260119610083398
2023-10-30,-0.0015057599361813555,-0.0013135147305371785
2023-10-31,-0.0005433332061722245,0.0010709592727884175
2023-11-01,0.00045160263324266756,-0.0007720497340598924
2023-11-02,-0.00015522689606933463,0.0014347432306398911
2023-11-03,0.008148834583798318,0.00791984984718494
2023-11-06,0.019860006158945318,0.015038481260370398
2023-11-07,0.0072234121813042436,0.004075342507260381
2023-11-08,0.004563351420952872,0.003293033631227547
2023-11-09,-0.008545226063901118,-0.005180330426993035
2023-11-10,0.0019645092558995777,0.0006561686987487608
2023-11-13,-0.0016743534909099598,-0.0006566108902214549
2023-11-15,0.007345516531601483,0.0061505352523055275
2023-11-16,0.0038235790056145996,0.0044888631817911265
2023-11-17,0.0007204343170818994,0.0030968685036234984
2023-11-20,0.0029643012883972166,0.0018774599395717166
2023-11-21,0.0014121719845590778,0.0017161798441709332
2023-11-22,0.005354401431530886,0.005000157531880276
2023-11-23,0.004211770749340061,0.003986418864015615
2023-11-24,0.008315089509943623,0.0073637122047637985
2023-11-28,0.004795888534715804,0.0024572918913165925
2023-11-29,0.0056542274643558346,0.006343767810581128
2023-11-30,0.015286601149196123,0.012019763003943607
2023-12-01,0.004704444586174226,0.006146029705190284
2023-12-04,0.007828236256683097,0.008068089028711187
2023-12-05,-0.0007392067670453206,0.000591179191784979
2023-12-06,-0.003028407395650593,-0.002527310087698277
2023-12-07,0.0021481785697574614,0.0005566510346067076
2023-12-08,-0.00040090432866671965,-0.0008318433444861739
2023-12-11,0.004644339073426819,0.0038971813926224914
2023-12-12,-0.007445771427123483,-0.006384055862702046
2023-12-13,-0.0008570888634750072,0.0011052076816014788
2023-12-14,-0.00021999274796228913,0.003940112943280252
2023-12-15,0.0021247317389086534,0.0009707243109619081
2023-12-18,-0.0032503289006117686,-0.002180692616292639
2023-12-19,0.003690913826221181,0.0031746755773445733
2023-12-20,-0.009496987561226298,-0.012744171745382046
2023-12-21,0.0008022289751488121,0.002800513481327986
2023-12-22,0.00588253028656055,0.007381635483047659
2023-12-26,-0.001520360092384227,0.0015932183652811415
2023-12-27,0.004350941501522817,0.004763622225437132
2023-12-28,0.008063561239178368,0.007567512125756133
2023-12-29,0.006382195979589462,0.0059959179369994476
2024-01-01,0.000797208621638198,0.0009867736589271058
2024-01-02,-0.0004069719769562415,0.0004651431767473147
2024-01-03,-0.0018874161172285422,-0.001844580895305236
2024-01-04,0.0010722655955773144,0.0024345747574038897
2024-01-05,0.006926775727475041,0.004403376072869807
2024-01-08,-0.007071560992072402,-0.007149339990146459
2024-01-09,0.001592651767295373,0.0015315871555345649
2024-01-10,-0.007935031108973633,-0.007025899041674251
2024-01-11,-0.00014424003935766612,0.0012315400110457287
2024-01-12,0.006930546062272819,0.0071716402770472506
2024-01-15,0.007354018518555923,0.006559478099794387
2024-01-16,0.0009008101370297783,-0.00046150137410673177
2024-01-17,-0.010266691173965593,-0.009843545139237707
2024-01-18,-0.0018874307450330178,-0.0031389422737088737
2024-01-19,0.012115623235623343,0.009615726140804293
2024-01-23,-0.007524936440161862,-0.013491593834124458
2024-01-24,0.0062559104776203295,0.006743855148074078
2024-01-25,-0.035769823031395524,-0.02122749771350339
2024-01-29,0.012833644877136036,0.010383239324322571
2024-01-30,-0.01203913503524306,-0.008774305249783667
2024-01-31,0.021818333544463518,0.016923248217925724
2024-02-01,-0.006392791085243993,-0.00777189595341697
2024-02-02,0.008022647242045192,0.00786830704038509
2024-02-05,-0.001028658672247628,-0.004546360292502332
2024-02-06,0.006297147595902028,0.006682838970386958
2024-02-07,0.019431980711468573,0.01281490617779041
2024-02-08,-0.007734504473043066,-0.008888165268973363
2024-02-09,-0.004958639980110437,-0.0023722779525899387
2024-02-12,0.011553964969583564,0.005708187707618102
2024-02-13,-0.005408376064778086,-0.0008220897068706701
2024-02-14,-0.002217882512520768,0.0010495150453106875
2024-02-15,0.008464345323439735,0.005090455505183058
2024-02-16,0.00814390592281473,0.012616349888703221
2024-02-19,0.011901094289503837,0.008572330190578657
2024-02-20,-0.00047651817420302396,-0.0009941738056263858
2024-02-21,-0.00984279961281503,-0.009496275992241322
2024-02-22,0.0006299141434053937,0.0012482093279815617
2024-02-23,-0.005607383368378151,-0.0016016369943937607
2024-02-26,-0.0069186137018705145,-0.00501470619546168
2024-02-27,0.002924696959962034,0.002654049368261341
2024-02-28,-0.009977450539107128,-0.009470714557817594
2024-02-29,-0.004049156713383708,-0.0003524926952760782
2024-03-01,0.006379213184915631,0.006128202879009441
2024-03-04,-0.004042298317945447,-0.0016880725511711579
2024-03-05,-0.002489741486917983,-0.004330249989139096
2024-03-06,0.008007338279938535,0.004409927311038605
2024-03-07,-0.001422800893664546,0.0010541356934040068
2024-03-11,0.0027473313480124383,0.0013210137165065362
2024-03-12,-0.0020703910418136398,-0.004859504893493944
2024-03-13,-0.010893542603029601,-0.014002525092605163
2024-03-14,0.009780921018718804,0.010863210777527098
2024-03-15,-0.0011166807359907437,-0.00030273368269550214
2024-03-18,0.003908540214570269,0.00469980948132806
2024-03-19,-0.01154722021148073,-0.011841638883698678
2024-03-20,0.0013833901918979983,0.002221567704211648
2024-03-21,0.007950597458619714,0.010561549919620314
2024-03-22,0.0024813829761347003,0.0024655027443224865
2024-03-26,-0.0016138279845734197,0.0009994901897562452
2024-03-27,-0.00015034656108231753,0.0007694375081986904
2024-03-28,0.010823717011693148,0.01002775221607967
2024-04-01,0.005463288289317239,0.008196163891721427
2024-04-02,0.007396806247033319,0.0040748317957793045
2024-04-03,0.0029119771149561215,0.0043419733559696035
2024-04-04,-0.002880631421479702,-0.0023701193374690006
2024-04-05,-0.000418820111112028,-0.0015460263528466636
2024-04-08,0.008345287877800537,0.005719073843277558
2024-04-09,-0.009477605173134207,-0.007079710516691796
2024-04-10,-6.795690874554717e-05,0.0011172257796890819
2024-04-12,-0.006154323622183012,-0.007343434971760479
2024-04-15,-0.005918405099657604,-0.007442329887505159
2024-04-16,-0.0004510199395997656,0.0016429956661005482
2024-04-18,0.008200496753322404,0.00410208741133164
2024-04-19,-0.007397033748411688,-0.0015304677426674375
2024-04-22,0.010726386228072371,0.010116670178960101
2024-04-23,0.004777121516929473,0.0032503054278148393
2024-04-24,-0.0026283970569751314,0.0016790914819181406
2024-04-25,-0.0015646687698324003,0.00044458326705721155
2024-04-26,-0.005565937511276285,-0.0036428854997440567
2024-04-29,0.0120494029661309,0.008458774717519947
2024-04-30,0.007092730832158647,0.003927734394147707
2024-05-02,0.009038535664410399,0.004072932397872861
2024-05-03,0.0017444490031304006,0.0018160257900520617
2024-05-06,0.003921267277608317,0.003757118084424748
2024-05-07,-0.0012979830854186847,-0.0005984717209042733
2024-05-08,0.0012307099779884385,0.000615579578990468
2024-05-09,-0.0033242608005832532,-0.007734822380788872
2024-05-10,0.011131952512627373,0.008203608025421218
2024-05-13,0.015182443804691297,0.012731484451133764
2024-05-14,0.0038124357393450763,0.004411471901667428
2024-05-15,0.006990916225493211,0.004051937434244659
2024-05-16,0.00954361037535937,0.010233592634244762
2024-05-17,0.004933958618352036,0.005823471806721057
2024-05-21,0.008405235698431018,0.004165602940476605
2024-05-22,0.0023598880390209406,0.0019148512440550938
2024-05-23,-0.00040038894082467376,0.0017014788396876005
2024-05-24,0.010490487683772,0.008404327832195314
2024-05-27,0.0020585357468591472,0.003141726870020627
2024-05-28,-0.0024707055204857397,-0.0007103715332216844
2024-05-29,-0.0002875918804599709,-0.0019384797239211616
2024-05-30,0.0019188859140191541,-0.001814361426745256
2024-05-31,-0.012170369698443763,-0.006581628941729366
2024-06-03,0.00200244493143359,0.009809336352771628
2024-06-04,-0.014902855801126548,-0.015427315275424847
2024-06-05,0.03464119731632031,0.03623666857821402
2024-06-06,-0.00074605776845257,0.0011042725006498362
2024-06-07,0.024828582521395418,0.02674570630390934
2024-06-10,0.006800967283481685,0.007638100728174068
2024-06-11,0.0008763545794737572,0.0014459234556194976
2024-06-12,0.0012783678108588047,-0.00020121800194080727
2024-06-13,0.002446506542714155,0.003713257083676578
2024-06-14,0.003112248343172621,0.0030974272317637
2024-06-18,-0.008072179247018122,-0.004516591965143827
2024-06-19,-0.006830047664782803,-0.010554016785612177
2024-06-20,-0.006799461632805435,-0.004718503487661951
2024-06-21,0.005645647323088108,0.0028841843854234034
2024-06-24,0.015470276344766826,0.011689882420432311
2024-06-25,-0.01324229397620974,-0.005958809358194596
2024-06-26,-0.001274112589308143,-0.0013817958127121863
2024-06-27,0.006335996535938443,0.0012373363161084176
2024-06-28,0.005411280186943564,0.005866542832069856
2024-07-01,0.014547927391731118,0.01339559280231225
2024-07-02,-0.009929140296454747,-0.008789892821870723
2024-07-03,-0.00045060499141552553,-0.0005597462135530967
2024-07-04,0.021419672476032263,0.013192596466533146
2024-07-05,0.009275781079168231,0.008914208928270589
2024-07-08,0.00012664398194868552,-0.0008293476013596702
2024-07-09,0.01632849264476313,0.014674944883836971
2024-07-10,-0.008056535080032293,-0.007215999839924837
2024-07-11,-0.0007810662563703353,-0.0037863445820654415
2024-07-12,-0.003272573112318664,-0.0023555426526487523
2024-07-15,-0.00018885048978792588,0.003253483734844762
2024-07-16,0.014283305604538004,0.010144126546431166
2024-07-18,-0.0071202574525362095,-0.006044566455045027
2024-07-19,-0.009158232910274483,-0.014378033635734833
2024-07-22,0.0070767853579859355,0.004835831629875686
2024-07-23,0.011288743998774208,0.008134097654465572
2024-07-24,0.00415530303570536,0.0030418749176526296
2024-07-25,0.007832927751573628,0.008129457831632438
2024-07-26,0.0063006920519282205,0.010163059691827254
2024-07-29,-0.00018687184895574877,-0.0006686058629615765
2024-07-30,-0.0019626414464665033,0.0006031340644478477
2024-07-31,0.019212497523890214,0.01654963956210674
2024-08-01,-0.0024663977783990327,-0.0007147679271166422
2024-08-02,-0.0009917843827588508,-0.002905077027305845
2024-08-05,-0.011784570992979356,-0.015177940046552338
2024-08-06,-0.000840779552780749,0.0002588666229379195
2024-08-07,0.014139945665154629,0.015129238851654223
2024-08-08,0.0009706089068273679,-0.0023354169850146045
2024-08-09,-0.0013755975506673597,0.0016166910099822533
2024-08-12,-0.0016155658823083364,-0.0014042681408273164
2024-08-13,0.008307239599674178,0.005616315263480431
2024-08-14,-0.0008602364523761584,-0.0017589587248243873
2024-08-16,0.01674758170674854,0.01969942798237414
2024-08-19,0.003541314622396181,0.002095030863035176
2024-08-20,0.00701511371764352,0.006434839071887643
2024-08-21,0.002024356138891798,0.0028971153447712368
2024-08-22,0.005210213981987727,0.005238761039316743
2024-08-23,-0.0018445044574778317,-0.000540760234297931
2024-08-26,0.0010013067919279587,0.00383242322275926
2024-08-27,0.003025191348309555,0.0027134700599292607
2024-08-28,0.005897197835996074,0.003293884756719678
2024-08-29,-0.0031877027656849214,-0.002972562650524898
2024-08-30,0.006526043026388517,0.005910235358264206
2024-09-02,0.0007638358799362008,6.643458514509723e-05
2024-09-03,-0.002612457777203054,-0.0009581796388447562
2024-09-04,0.008993970234349924,0.009584060300244725
2024-09-05,-0.0004252547480414086,-0.000906515953515163
2024-09-06,0.0014224716031919354,0.0007055687217947985
2024-09-09,0.002394812967981627,0.0027266048300193784
2024-09-10,0.005924620584982933,0.007990851732378151
2024-09-11,0.007865566242287842,0.006095027971136068
2024-09-12,0.006516035913012565,0.008231352732024444
2024-09-13,-0.0029889537939456062,-0.0027146872710327183
2024-09-16,-0.0007150096954395544,0.0005253013843309141
2024-09-17,0.005655185129779364,0.004894326056149414
2024-09-18,-0.009015413442984047,-0.011847787328205761
2024-09-19,0.00883595421453375,0.005969846464932242
2024-09-20,-0.015107517529902725,-0.009260986798695157
2024-09-23,0.004941509193535279,0.0025093615507844236
2024-09-24,0.0034773558160421597,0.003418884188645965
2024-09-25,0.0028131582343080856,-0.0006640283294510013
2024-09-26,0.00579203217701863,0.005642148614390653
2024-09-27,0.012843003049083118,0.007835307049946064
2024-09-30,0.00015525664010717483,-0.0010079195363830763
2024-10-01,0.0022779817283172556,0.003043926603479832
2024-10-03,-0.027360336632828646,-0.024755637226213267
2024-10-04,-0.01484353917276599,-0.014019151431832648
2024-10-07,-0.004777803573668025,-0.002688530895396821
2024-10-08,0.007079101476625776,0.00728574803577813
2024-10-09,0.0035534017678370555,0.006616560969856688
2024-10-10,-0.005220739254534397,-0.004649757383629004
2024-10-11,0.010627369867010867,0.012036918907453165
2024-10-14,0.0023261450845678006,0.0018998304191449131
2024-10-15,0.009304856683756732,0.007474835507618767
2024-10-16,-0.00039737483714456475,-0.0016810034228880693
2024-10-17,-0.0065451659185496395,-0.009183439150208736
2024-10-18,-0.016990262588596095,-0.009596468058483113
2024-10-21,-0.009888661269644716,-0.009953774423999213
2024-10-22,-0.009371647795430637,-0.007982182094693287
2024-10-23,-0.0053226118485329545,-0.007125689738089538
2024-10-24,-0.008999389862816847,-0.004192464546671195
2024-10-25,-0.008296247196723677,-0.006200758588953112
2024-10-28,-0.008633921887925002,-0.0035111551058054496
2024-10-29,-0.00023873713669890818,-0.0013035940037155226
2024-10-30,-0.0008454543688492542,0.0012342944650919586
2024-10-31,0.002032163076625982,0.0031425721104776554
2024-11-01,0.0023701949998478715,0.004032530734041029
2024-11-04,-0.00299940407602731,-0.0042884486207018105
2024-11-05,-0.0008240418743991781,0.00012012156273468659
2024-11-06,0.01021510182195022,0.009226481513749316
2024-11-07,0.0022242239690083007,-0.0023587875265688504
2024-11-08,-0.015046610689316429,-0.01015153424520397
2024-11-11,-0.006376521441374282,-0.005108415199372463
2024-11-12,-0.013225587328097019,-0.011316169139200654
2024-11-13,-0.01256536129158,-0.014269826651167848
2024-11-14,-0.0005444470662499183,0.0012675825460210263
2024-11-18,-0.014669434280969396,-0.011028527100040722
2024-11-19,-0.004313857499044524,-0.0008790908412918616
2024-11-21,-0.005275605142644545,-0.002750312576076307
2024-11-22,0.01059838518584411,0.012264734047616726
2024-11-25,0.012072638722182106,0.011213320822048135
2024-11-26,0.006733439204492788,0.003001113363269832
2024-11-27,0.0020731582227158903,-0.0024005986679342295
2024-11-28,-0.004219239563189975,-0.006641686826850668
2024-11-29,0.005851072095644209,0.006553029686099375
2024-12-02,-0.00795403586308165,-0.0028242455631647756
2024-12-03,0.007144151640426458,0.0060380835965424175
2024-12-04,0.009793052864014532,0.008187136953670534
2024-12-05,0.004741354471398924,0.0031835295820457146
2024-12-06,0.0010808847140255343,-0.001051487313892418
2024-12-09,-0.0037124889419039245,-0.004361144261904584
2024-12-10,0.015131858084633604,0.011605456903812329
2024-12-11,0.003238691016985812,0.0030128610077961434
2024-12-12,-0.006288152858071752,-0.00552389619850818
2024-12-13,0.006012498509898843,0.005967021664831917
2024-12-16,-0.0007982603480643911,-0.002448129629284907
2024-12-17,-0.011010090616856675,-0.009618271057862946
2024-12-18,0.0019959275009451484,0.0022994838797146706
2024-12-19,-0.0039004372238475773,-0.0042001051801488
2024-12-20,-0.006422481824704461,-0.00714160790696878
2024-12-23,0.004400855677147215,0.0006479606231168225
2024-12-24,-0.006698517130737898,-0.003982484509564418
2024-12-26,0.0020974694600991257,-0.0004016862788360813
2024-12-27,0.0038619154040873127,0.004678624765082583
2024-12-30,0.0049812521031390375,0.008712256095712002
2024-12-31,0.00998197134125391,0.0075838554589418225
2025-01-01,0.018461220376766545,0.010660917634070151
2025-01-02,0.009482891556882905,0.00885534122784236
2025-01-03,0.0011697009204054642,-0.0012390926577080053
2025-01-06,-0.017428875621711925,-0.015356357446415286
2025-01-07,0.005810217363962679,0.004436150703018976
2025-01-08,-0.016682107464377396,-0.013053209999244883
2025-01-09,-0.00540963347248617,-0.00202013334071911
2025-01-10,0.00032996129230846165,-0.003410557785514189
2025-01-13,-0.013273735080790695,-0.015361602089255397
2025-01-14,0.0001442772791985904,0.001312782188266256
2025-01-15,0.002983445361449507,0.0005543849257733477
2025-01-16,0.005791540446260744,0.003840521864267597
2025-01-17,-0.0017754558331911602,-0.0005646430349101881
2025-01-20,0.0033960887064156974,0.005837475017220277
2025-01-21,-0.005360678912856034,-0.0063239866126366595
2025-01-22,0.012872874165564834,0.011507055662325004
2025-01-23,-0.006499219086824085,-0.0029710402361090827
2025-01-24,-0.005339448499479448,-0.007042299015979476
2025-01-27,-0.02812560431262251,-0.02620417386265126
2025-01-28,-0.002851204334109819,-0.004283882213815947
2025-01-29,0.012091391700527495,0.014480766377973162
2025-01-30,0.0021118453560495,0.0019414998844670816
2025-01-31,0.005455130415282038,0.006125039792650704
2025-02-01,-0.00015170545558395085,0.002584455654821329
2025-02-03,-0.0024982658443903406,-0.0020815215023247107
2025-02-04,0.0039238205015685295,0.0019065898697350945
2025-02-05,0.0010241696490623504,0.0016114257264232552
2025-02-06,-0.008969890821267815,-0.00956005603197244
2025-02-07,0.006611076680152632,0.00942625663845325
2025-02-10,-0.009885392027862618,-0.009215906173970008
2025-02-11,-0.018071896253071585,-0.018453830793713467
2025-02-12,-0.0049842053197990815,-0.006584275466631312
2025-02-13,-0.003977406430489145,-0.004133678351835796
2025-02-14,-0.00909540925344186,-0.009784872680602543
2025-02-17,-0.0074931999645363465,-0.006558748595810074
2025-02-18,0.0011510018545847808,0.0009117877965500335
2025-02-19,-0.011304035552206354,-0.010454459960946511
2025-02-20,-0.0019470707886610704,-0.003585084733716209
2025-02-21,-0.004656478076960327,-0.005083983276712011
2025-02-24,-0.004641330562604915,-0.005540798547701167
2025-02-25,-0.001562411009126166,-0.00015299954225680631
2025-02-27,-0.003114317339146299,-0.00562318198231509
2025-02-28,-0.023622702644239536,-0.02556348864764554
2025-03-03,-0.0014405327048547265,0.001076873741345624
2025-03-04,-0.012427602233580628,-0.009676546704922476
2025-03-05,0.007534939348805768,0.010466002304595896
2025-03-06,0.011695040127813994,0.010528952864055606
2025-03-07,0.003422968506328356,0.0042871078955476595
2025-03-10,0.00021918933325508168,-0.002985297659198438
2025-03-11,-0.00292009017553776,-0.004424943132507971
2025-03-12,-0.002838549934443022,-0.002271913304587465
2025-03-13,0.004739615790995086,0.002992789786546106
2025-03-17,0.012210142963293528,0.009114868903426311
2025-03-18,0.0024588567044262774,0.002306718349496752
2025-03-19,0.010560397125902277,0.013218968552768644
2025-03-20,0.009544714572798887,0.01019741984941067
2025-03-21,0.019126861383499758,0.016993527161594916
2025-03-24,0.004799081879123057,0.007270827179663647
2025-03-25,0.019718511584211233,0.016629696051089302
2025-03-26,-0.004235655867384595,-0.006556404691231393
2025-03-27,0.003828257062858267,0.0029422728731123664
2025-03-28,0.012329242828046661,0.008593578943241757
2025-04-01,-0.024216729181076476,-0.0140651507010946
2025-04-02,0.00907009500040679,0.005603538431245621
2025-04-03,-0.00591116527674244,-0.004473114339881825
2025-04-04,-0.007351276296057932,-0.007405876412276736
2025-04-07,-0.018794072200210062,-0.016998189208019293
2025-04-08,0.021404520923093636,0.019087897813202446
2025-04-09,-0.009748411723668518,-0.009450269695968341
2025-04-11,0.00725582443205239,0.009501676877156966
2025-04-15,0.02186255628130697,0.022325935470554743
2025-04-16,0.006448083007676808,0.007597275328824653
2025-04-17,0.011383520639534338,0.007897257495506323
2025-04-21,0.004131892703432845,0.00621394429785938
2025-04-22,-0.0009853998546059237,-0.00041245961331081576
2025-04-23,0.001084879602193865,0.002374713651774111
2025-04-24,0.00418826338847386,0.003361001905186213
2025-04-25,-0.018451270388501542,-0.016964480178804836
2025-04-28,0.01544966685426389,0.011591708631726533
2025-04-29,-0.001045240426216858,-0.002521959410485708
2025-04-30,-0.009423169821628422,-0.006019541484286387
2025-05-02,-0.017950739580110908,-0.013599932503795356
2025-05-05,-0.008161515466618762,0.0008183403574290055
2025-05-06,0.0029727897657603826,0.003134255989402507
2025-05-07,-0.0007251899980039629,0.0019899294046988826
2025-05-08,-0.0028947684738257623,-0.00132580803897872
2025-05-09,0.0010011658398910374,-0.0004777300255115384
2025-05-12,0.006025355592859465,0.005604762642834772
2025-05-13,0.0002730474324948119,0.0007870788490010319
2025-05-14,0.004146094480053627,0.0060613427796338305
2025-05-15,0.004552424798464875,0.008165314476602561
2025-05-16,0.0017019760376826196,0.0007267202406482896
2025-05-19,-0.0026603836084174172,-0.001452235622437695
2025-05-20,-0.0015515269335678538,-0.005976107257459621
2025-05-21,-0.00032211613972928837,0.0026508996146186034
2025-05-22,0.0032102604264706435,-0.0012630500749310123
2025-05-23,-0.004160375630625205,-0.003048940530609944
2025-05-26,0.006800717891292825,0.006973229699748064
2025-05-27,-0.0014524665530932866,-0.0028447422402256943
2025-05-28,-0.006012376945126359,-0.004837203186382463
2025-05-29,-0.006177745923038149,-0.004147620101953179
2025-05-30,0.01302528288225675,0.010521236989102388
2025-06-02,-0.0017739164743221286,-0.002722913653859963
2025-06-03,0.0031312797696469285,0.0011877382891601757
2025-06-04,0.002340725878510832,0.0035876536108431743
2025-06-05,0.004044652794914465,0.0029387935202290737
2025-06-06,-0.00327730854408203,-0.002200040146533302
2025-06-09,0.009138687448724998,0.009002959919347697
2025-06-10,0.00692018984453054,0.00687829714475247
2025-06-11,-0.003120484950178445,-0.00045041401282080226
2025-06-12,-0.0051973031575267645,-0.004281575710511905
2025-06-13,0.006820698216810047,0.002766107403006766
2025-06-16,0.007038694537896628,0.007296637125746967
2025-06-17,0.006785778231180728,0.0063280356407083675
2025-06-18,-0.0031636950425425496,-0.005074657931426341
2025-06-19,0.00396193917097625,0.0019977413322395934
2025-06-20,-0.009901833012685256,-0.006630033430064309
2025-06-23,-0.002802781238221205,-0.000678639222295672
2025-06-24,0.009098080842722461,0.007849251130126366
2025-06-25,0.014638093671516412,0.01228056203805409
2025-06-26,0.008580330788102063,0.007877031139706336
2025-06-27,0.009929557681551673,0.007522558223743339
2025-06-30,0.004650460598920492,0.004483382619128795
2025-07-01,0.0016231241865659954,0.0021220374166426494
2025-07-02,0.005825661819337206,0.004436754637601423
2025-07-03,0.007916382940333026,0.00825309855961319
2025-07-04,-0.010341652706942848,-0.006680083565624052
2025-07-07,0.003975717984501303,0.004082342358849952
2025-07-08,0.006913009211765404,0.005689032245819516
2025-07-09,0.012100145184300295,0.009620483469714152
2025-07-10,-0.0038192100253997894,-0.004317880983879078
2025-07-11,-0.006009865780144578,-0.0061252887422369425
2025-07-14,-0.007917654745948252,-0.007671463993016627
2025-07-15,0.003518298732368903,0.004023219487320835
2025-07-16,0.002763416242546661,0.0029424787994051776
2025-07-17,-0.006842398195709316,-0.004751928469593086
2025-07-18,-0.011439665553576792,-0.011654872078373978
2025-07-21,-0.0016035686466141918,-0.001292558764270159
2025-07-22,-0.008603391560303387,-0.0076274781526476255
2025-07-23,0.006974901487216428,0.0061199040606900335
2025-07-24,0.0013815701075206614,-0.0015391338261377127
2025-07-25,-0.0072152376546228076,-0.00787630469829648
2025-07-28,-0.00838420138857718,-0.009162074071610248
2025-07-29,0.0040186472049507874,0.004117939137777421
2025-07-30,0.004074840446643655,0.003460431268415977
2025-07-31,-0.0036335759794607144,-0.0034203547084793546
2025-08-01,-0.006876018772055692,-0.005988438539680993
2025-08-04,-0.0006677845628120837,0.0009651700929613034
2025-08-05,0.004031929880499552,0.0038493012350989363
2025-08-06,-0.007591177952830271,-0.006796385618448119
2025-08-07,-0.006326144446836237,-0.004073818295495125
2025-08-08,0.006416011357298666,0.004132303707860451
2025-08-11,0.013135720590558272,0.012192419755902031
2025-08-12,-0.0002589106398561764,0.0003011175481530564
2025-08-13,0.0004104608637397385,0.0004867813389173898
2025-08-14,0.012459289641113265,0.011499218549826488
2025-08-18,0.012063526075114527,0.010355531181402334
2025-08-19,0.008778023538890904,0.00909828772519845
2025-08-20,0.0011606108063182624,0.002377485277056294
2025-08-21,-0.006672941346781852,-0.006666922048706344
2025-08-22,-0.008277053049681724,-0.008753886769271454
2025-08-25,-0.003368533605633048,-0.004119202172539881
2025-08-26,-0.011097410546824268,-0.010441267421850885
2025-08-28,-0.00029238526009322673,-0.003199383572742457
2025-08-29,0.005178648407342351,0.005458214451421951
2025-09-01,0.0031298732682405843,0.0031850753569092165
2025-09-02,0.013726164372559847,0.011673291472861521
2025-09-03,-0.002617171913201831,-0.0018271284457683735
2025-09-04,0.0031153208131708865,0.0032404676209159813
2025-09-05,-0.01222821130723445,-0.012501060077182744
2025-09-08,-0.007943083816523235,-0.006199420190207031
2025-09-09,0.003663560141089311,0.004424690779437202
2025-09-10,0.008511531507263762,0.0073214560625706115
2025-09-11,-0.005588973210205943,-0.003490012394223708
2025-09-12,-0.005377611683223265,-0.006428933987652632
2025-09-15,-0.006526923846147919,-0.005278724381356515
2025-09-16,0.005926945741717335,0.00631286235217593
2025-09-17,0.0016235700223022288,0.0015119223536300369
2025-09-18,-0.0005605460603191936,5.294161130810733e-05
2025-09-19,-0.00712129134184168,-0.007146667945156412
2025-09-22,-0.0004883316184513559,-0.001252080392360559
2025-09-23,-0.0042410723415987435,-0.004752879851712954
2025-09-24,9.376842766860554e-05,0.0013103583617238516
2025-09-25,-0.006069542328546385,-0.007158343527422273
2025-09-26,-0.010361287458816757,-0.010280019393304266
2025-09-29,-0.010190503179263304,-0.008688504013861661
2025-09-30,0.009783672525824318,0.008515787807091025
2025-10-01,0.00811499100094141,0.006465850338094763
2025-10-03,0.0039569697131314205,0.003947762874173328
2025-10-06,0.007645339586245145,0.00643026281819714
2025-10-07,-0.0016804235941803832,-0.0005009093900136875
2025-10-08,-0.0065746078806900865,-0.007547994731326879
2025-10-09,0.007427762304067302,0.005405598125773072
2025-10-10,0.0005761318779652206,0.002358289445469909
2025-10-13,-0.0016926183840104048,-0.0005132748128446533
2025-10-14,-0.0025110770675690975,-0.0016724643710127884
2025-10-15,0.001243537252105781,0.00032498175457706507
2025-10-16,0.005440371232791563,0.0072247557023454945
2025-10-17,0.007461128176350943,0.005773234453494513
2025-10-20,-0.003187533198039996,-0.0027890399650011277
2025-10-21,0.0008260963305326862,0.001457565275399146
2025-10-23,-0.00028285254697723813,-0.0005723176357283317
2025-10-24,-0.010212060940029997,-0.009992598659085243
2025-10-27,-0.002066719092594905,-0.0011575854065292448
2025-10-28,0.001999033790510941,0.003488681409562009
2025-10-29,0.006712948038124799,0.007897194029268058
2025-10-30,-0.0183033500070803,-0.015097830269074608
2025-10-31,-0.01705754185471353,-0.013662696574486717
2025-11-03,0.009856010914766799,0.006461001670870872
2025-11-04,0.0029165212713709717,0.0024665536273265096
2025-11-06,0.02035080298293405,0.01571568827594251
2025-11-07,0.0015941896693383412,-0.0007281391443765894
2025-11-10,0.004993756444514418,0.005692262162357184
2025-11-11,0.0015317490817038583,4.68801654258525e-05
2025-11-12,0.006390631365417902,0.00679765888162716
2025-11-13,0.011085393466921799,0.00925259100427268
2025-11-14,-0.0017634915710084162,-9.945355237602586e-05
2025-11-17,0.0010515356083698317,0.003031691419489743
2025-11-18,-0.003554909555317344,-0.00238486572992346
2025-11-19,0.005594081224645177,0.003041096511008683
2025-11-20,-0.005386614585824379,-0.003095461760198231
2025-11-21,-0.00787543491324675,-0.006978443996276601
2025-11-24,-0.006708467435594612,-0.006671897856504472
2025-11-25,-0.0008847575138324459,-0.0003322886559757655
2025-11-26,0.009911048884096949,0.009265026079404272
2025-11-27,-0.000819856409572899,-0.00038558957822807944
2025-11-28,0.004852379094483916,0.004372043927193041
2025-12-01,-0.00031734060071378004,-4.82675005427089e-05
2025-12-02,-0.0009783481279742841,-0.00042193324088223396
2025-12-03,0.0018416570802753528,0.0006753791882156264
2025-12-04,-0.008505292509010835,-0.007481133544436803
2025-12-05,0.006992706640975999,0.007537852561283883
2025-12-08,-0.0038529343746791377,-0.00569056840461656
2025-12-09,-0.0020800301780673322,-0.0038294080687754192
2025-12-10,-0.0017561740245179488,-0.000439505729694201
2025-12-11,0.0008303744299533039,0.0007666744357990972
2025-12-12,0.010846640159803318,0.008987548410562061
2025-12-15,-0.002940230912191632,-0.0020149380916386645
2025-12-16,-0.0036165285915817505,-0.003611095909575545
2025-12-17,-0.009558414098850955,-0.008390761455221937
2025-12-18,-0.008713601168890616,-0.008505023003933104
2025-12-19,0.005012831214191582,0.00539155413477853
2025-12-22,0.010807836351297005,0.010735155320776497
