Date,sample_return,lw_return
2016-01-12,-0.012671804987626184,-0.011352198363919985
2016-01-13,-0.020279604569313926,-0.01806078458468069
2016-01-14,0.0019271162181141118,-0.00014668298716410174
2016-01-15,-0.0017204444411641566,-0.0038289168516223364
2016-01-18,-0.025322821390583405,-0.0231434044120053
2016-01-19,0.001255931499479715,0.004241442888543455
2016-01-20,-0.004990406678031432,-0.0072359230592772585
2016-01-21,-0.010466636365633518,-0.007901288140346194
2016-01-22,0.00583219849303586,0.006070997417793974
2016-01-25,0.007130195377692276,0.0066295237207553
2016-01-27,0.014741963254373184,0.012179873056533086
2016-01-28,0.013214824254270811,0.008737561250997049
2016-01-29,0.004466796111411452,0.006826843849539021
2016-02-01,0.013410847199657478,0.012718274076884369
2016-02-02,-0.0040030627739573435,-0.005912906822448489
2016-02-03,0.004178977137489661,-0.0010874149159522607
2016-02-04,-0.001756751656294226,-0.001218362196459522
2016-02-05,0.012595640799541999,0.011818292534480069
2016-02-08,0.00964305658680855,0.006252940229425671
2016-02-09,-0.0012849045492135136,-0.002581051178788701
2016-02-10,-0.0004059194785505689,-0.0023627387815379993
2016-02-11,-0.008474344779125138,-0.011352842282737455
2016-02-12,-0.001029996088022238,-0.0034032099986400057
2016-02-15,0.0039019955545013885,0.007042707836512466
2016-02-16,0.002416571846546917,0.0007244487937231453
2016-02-17,-0.0004409615459551818,-0.0005500526479509314
2016-02-18,0.00017292418922448054,3.1975613929899056e-06
2016-02-19,0.0028290632716183976,0.0005691459482021723
2016-02-22,0.006349959143509966,0.005687526787612154
2016-02-23,-0.011009025494653202,-0.010109111208507117
2016-02-24,-0.005529464677208426,-0.006327651962302139
2016-02-25,0.00011093438242474208,-0.0011401120521896688
2016-02-26,-0.00022887435293590365,-0.0006204486976171581
2016-02-29,0.007443311083891718,0.005491019923032825
2016-03-01,0.010923720151415814,0.013035464199027529
2016-03-02,0.019706279139472458,0.0195880442541945
2016-03-03,0.0004500769124671138,0.0006679442376522327
2016-03-04,-0.00535149815750569,-0.004303635359750172
2016-03-08,-0.0056335629389617685,-0.0052580768985801
2016-03-09,0.0003741043111739904,-0.0001353931093355316
2016-03-10,0.00093613534775282,0.0004173650624667988
2016-03-11,-0.0006293792268808203,-0.0005955741037775463
2016-03-14,0.004370168229481447,0.004241049049029526
2016-03-15,0.008813275848775323,0.006483332640131875
2016-03-16,-0.003711779560078051,-0.0028558618257205322
2016-03-17,0.004841554768262925,0.004244186274862054
2016-03-18,-0.0087729553552626,-0.008615114804186991
2016-03-21,0.0177334807423463,0.018072181879052438
2016-03-22,-0.004686218131770188,-0.003486293175111751
2016-03-23,0.003367444766012993,0.0031706927723261424
2016-03-28,-0.008402830698316877,-0.007177374088860801
2016-03-29,0.004361397041415829,0.0030300248344143415
2016-03-30,0.012880922895026393,0.012214290839391387
2016-03-31,0.007912090081407166,0.007190035594157105
2016-04-01,0.005660870779019835,0.00490468002265884
2016-04-04,0.007958463396093284,0.007648585806673984
2016-04-05,-0.006134931947139326,-0.008004248693686765
2016-04-06,-0.0026701695378400737,-0.0022946632781288287
2016-04-07,-0.0010420838928220637,-0.0009883469043225786
2016-04-08,0.008487329315459844,0.00819405948626812
2016-04-11,-0.010948891647487162,-0.00938264628381299
2016-04-12,0.002589062679565272,0.0035258926507579645
2016-04-13,0.009906481788829065,0.009798343104332904
2016-04-18,0.01171945293362095,0.01113770970052364
2016-04-20,-0.0010172442619274344,-0.0005637623922579532
2016-04-21,-0.0008639400251991454,-0.0018570107151090797
2016-04-22,-0.0011369063916158574,-0.0013211093595938326
2016-04-25,0.011683004519822052,0.009787268604276823
2016-04-26,0.0033862668381679393,0.00331229073986743
2016-04-27,0.006677709308054863,0.005983971343501508
2016-04-28,-0.005316270452950029,-0.005616582753643856
2016-04-29,-0.00793616954974747,-0.006699682407037925
2016-05-02,-0.0035228946525740833,-0.003625955473341014
2016-05-03,0.00020260489508646274,0.00150620804444667
2016-05-04,-0.000777418799189277,-0.0017754224492260331
2016-05-05,-0.011578342105954079,-0.010866588247486604
2016-05-06,0.0027538201096872755,0.002939108076882445
2016-05-09,0.02232592945078344,0.021606867053141885
2016-05-10,-0.008968059677208895,-0.0067935689865117705
2016-05-11,-0.006505103031653654,-0.005407412819513734
2016-05-12,0.002906722680065641,0.0023867019097479542
2016-05-13,0.006141245722545365,0.006063907256115691
2016-05-16,0.00012464070217990257,0.0003774477040850828
2016-05-17,-0.001342942415486368,-0.0013656174030701952
2016-05-18,0.002878126081709348,0.0015216392169128687
2016-05-19,0.003375583537495265,0.0024122290998528297
2016-05-20,0.0031920536450146114,0.0028266191013082724
2016-05-23,0.012874436529158869,0.010401081729859723
2016-05-24,0.0059300942705496126,0.004023939188513694
2016-05-25,0.00192914483906415,0.0012149407512335097
2016-05-26,0.004424200271176219,0.0048013794593950235
2016-05-27,0.007649742387531217,0.006156258054419799
2016-05-30,0.009951953854688205,0.009699634615143598
2016-05-31,-0.012803125072436163,-0.011243879470019844
2016-06-01,0.009656743258120363,0.010353977678750933
2016-06-02,-0.004129849105742204,-0.00300187977548216
2016-06-03,-0.003529261059615975,-0.0020951458980516245
2016-06-06,0.00470662574276859,0.00486036518857014
2016-06-07,-0.002962681771345906,-0.0027380523552176885
2016-06-08,-0.006550924087589035,-0.0054960295157949965
2016-06-09,0.010715564066512452,0.007996142726960295
2016-06-10,-0.007010281227043158,-0.006477746253754006
2016-06-13,-0.0034214844473418136,-0.0024192773115758897
2016-06-14,-0.00369744230464822,-0.0036437015620225765
2016-06-15,0.0012318295735013972,0.0018131847134505669
2016-06-16,-0.004848198897005043,-0.003424617613615858
2016-06-17,0.005552588624611387,0.006098376238351795
2016-06-20,0.0011631496270720894,0.0014499432456891517
2016-06-21,-0.0029971111693812315,-0.002089509490371345
2016-06-22,0.003411290979223053,0.0031717257942247092
2016-06-23,-0.00022242496849190574,-0.0010761722530156894
2016-06-24,0.0028326425437559502,0.0027962806023675234
2016-06-27,0.006320749965874985,0.005903704836372798
2016-06-28,-0.002555668543917588,-0.0019081857951941783
2016-06-29,0.008180943192998474,0.008184810779021482
2016-06-30,0.014399871556670992,0.012897123981047701
2016-07-01,0.008771608438611016,0.008362577507472414
2016-07-04,0.0012408559603205595,0.0009522651389060336
2016-07-05,0.0033572201078467096,0.0036327880081274714
2016-07-07,-0.012226803530558583,-0.010167430048987784
2016-07-08,-0.0033843480650760514,-0.003201967969068905
2016-07-11,0.004543135832467325,0.00478494795108228
2016-07-12,-0.0006653503820885431,-0.0012142359393096437
2016-07-13,0.005604603970509104,0.0040179895802076775
2016-07-14,0.009409751074137695,0.009053817278989943
2016-07-15,0.001965265463293251,0.002063813698634654
2016-07-18,-0.006929661268911833,-0.0069984780448456305
2016-07-19,-0.004558869947093093,-0.0038200956105483314
2016-07-20,-0.0007233780739314249,0.0008373148834056769
2016-07-21,0.009647475378232621,0.009182116804274117
2016-07-22,-0.009647513207173284,-0.008082779131385593
2016-07-25,0.008858785952291014,0.008658217446305983
2016-07-26,-0.000544973047967564,-0.0009554407844708742
2016-07-27,0.023237447605617294,0.020162108689671016
2016-07-28,0.012050028332053627,0.01085128879308779
2016-07-29,-0.004258658641712691,-0.0017595298032747771
2016-08-01,0.012400098775883751,0.010350909515445567
2016-08-02,0.005021954179116042,0.004081622240715854
2016-08-03,-0.011231943813909443,-0.010577319641071612
2016-08-04,0.005794447973573672,0.004885063324722416
2016-08-05,0.006711683993043877,0.007569069487172272
2016-08-08,0.0032057655793085427,0.004785881116592273
2016-08-09,-0.008807091078602471,-0.008075259900489993
2016-08-10,-0.003176132265441111,-0.002797347075664997
2016-08-11,-0.0009958784461285247,-0.0006430409188977229
2016-08-12,0.0011674626684401975,0.0011365727717345619
2016-08-16,-0.0010491230236990478,-0.0013173609655982444
2016-08-17,0.0013518830051510483,0.0017137718107020162
2016-08-18,0.006391554107433932,0.006002821294033584
2016-08-19,-0.006804814589761422,-0.006444628063748856
2016-08-22,-0.00396692914122826,-0.004575828964133698
2016-08-23,-0.00975935136646031,-0.009193698714155584
2016-08-24,-0.007181547388228527,-0.005872310347772006
2016-08-25,-0.00045084405988290446,-4.6190448616595305e-06
2016-08-26,-0.009538239935277817,-0.00858060961745324
2016-08-29,0.003996512738418402,0.004124829441627012
2016-08-30,0.015207792335859102,0.014487870338631876
2016-08-31,0.01029307549440589,0.011074959941178205
2016-09-01,-0.005129560471206509,-0.0050058549247303024
2016-09-02,-0.003159186676933525,-0.0022628640314578032
2016-09-06,0.007008757086740649,0.006588249486037622
2016-09-07,0.0017396548515073724,0.001906382682731167
2016-09-08,0.006114080125339736,0.006692496091076501
2016-09-09,-0.005096855103388146,-0.005397703804461663
2016-09-12,-0.013718827675307133,-0.015022026793784069
2016-09-14,-0.015989235231725192,-0.014057491251430848
2016-09-15,0.004891382180085304,0.004385156691434785
2016-09-16,-0.0009187104791000588,8.500769321303044e-05
2016-09-19,0.00012070679235265866,0.0004320485827505151
2016-09-20,-0.003991294134591017,-0.0035566402472789415
2016-09-21,0.0008834499618234253,0.0015479656146977548
2016-09-22,0.007642656376521129,0.008481367641962306
2016-09-23,-0.010679731084518996,-0.010333697161285745
2016-09-26,-0.0037824495991823004,-0.003536049114275952
2016-09-27,-0.0015595555604306676,-0.0006777855269174354
2016-09-28,0.0033211518055468276,0.0035357976565819293
2016-09-29,-0.008017885305943485,-0.009685142658411403
2016-09-30,0.0023346794016297838,0.0035402072270122858
2016-10-03,0.022901780440780846,0.0224994514172239
2016-10-04,0.008630939784561264,0.0074415963209448635
2016-10-05,-0.005127920219024904,-0.0046161743376761195
2016-10-06,-0.001642210403923411,-0.00269916676141199
2016-10-07,-0.004082648196404931,-0.0037625591640920745
2016-10-10,0.0016052153804243729,0.0014937447752255955
2016-10-13,-0.005988306268641334,-0.006652526344663419
2016-10-14,0.0038005819613331254,0.003459089789176525
2016-10-17,-0.0016499019979435896,-0.002000225014894078
2016-10-18,0.003496967263267669,0.004496138424950781
2016-10-19,-0.008664762267783056,-0.007800387436703892
2016-10-20,-0.012917489679059143,-0.01182424355285315
2016-10-21,-0.003747296432116035,-0.003284002026776159
2016-10-24,-0.002355820458975635,-0.0024810571907701866
2016-10-25,-0.0023973392974952646,-0.0012615237666519321
2016-10-26,0.0052825556002820614,0.003221594220720085
2016-10-27,-0.001025718331436022,-0.0006594301124446702
2016-10-28,0.019618337595190834,0.01818261074871411
2016-11-01,-0.01961541891723469,-0.01702143791764467
2016-11-02,-0.014098424284508585,-0.013307292662820706
2016-11-03,-0.00166101724921757,-0.0022078339390457853
2016-11-04,-0.008730477272416133,-0.00867316030644547
2016-11-07,-0.002857603626910633,-0.0029726742490916226
2016-11-08,0.002368205961661334,0.001986076085324881
2016-11-09,-0.0013758612507205885,-0.0020832943175790562
2016-11-10,0.0008862819139231241,0.0015339167197667802
2016-11-11,-0.018063449818477045,-0.019069082529526677
2016-11-15,-0.020584284577959813,-0.022437782567208627
2016-11-16,0.0015873317012049368,0.0006259385769669986
2016-11-17,-0.009616070738531182,-0.00981543549753755
2016-11-18,0.013388250105896551,0.01271029346235453
2016-11-21,-0.0104387583319602,-0.011731214541890514
2016-11-22,0.009169985000464365,0.009767068595121099
2016-11-23,-0.0023513960996456532,-0.0022779670837331494
2016-11-24,-0.005555237869190915,-0.005293696973672842
2016-11-25,0.006219993927602867,0.006514119363539979
2016-11-28,0.00813881685355901,0.007620589870125073
2016-11-29,-0.0016018840568118814,-0.0011117390280529454
2016-11-30,-0.00430293870423856,-0.0033389388969486235
2016-12-01,-0.009726536802314438,-0.008695068080332378
2016-12-02,-0.003790469153973628,-0.003486164491089373
2016-12-05,0.0005234906907433819,-0.0002492722947444177
2016-12-06,0.00452085647857165,0.004203160630764868
2016-12-07,-0.011652878638643222,-0.011024980824041837
2016-12-08,0.007065800836577284,0.005511348427025573
2016-12-09,-0.006491476239217515,-0.006376090410173839
2016-12-12,-0.009909170761319504,-0.009816717272716078
2016-12-13,-0.0038420984961150925,-0.003400035222018346
2016-12-14,-0.00178560302894988,-0.002334675051196547
2016-12-15,-0.004975194036387806,-0.005207681369565332
2016-12-16,0.0017805180943480416,0.0014107167824220933
2016-12-19,-0.010557869090091118,-0.010902067594532109
2016-12-20,-0.0033669042343175298,-0.0030773228319862624
2016-12-21,-0.008843219992024184,-0.008722287334864236
2016-12-22,-0.0036838941292809714,-0.003351683338375798
2016-12-23,0.002838465823603646,0.002064535815631764
2016-12-26,0.003377849779383107,0.002576615294250986
2016-12-27,-0.002338862957935715,-0.0016377750992992055
2016-12-28,0.001551624881178814,0.0024211880417959494
2016-12-29,0.0024487468234275695,0.0028329884340474415
2016-12-30,0.009534183334656212,0.009463756422747212
2017-01-02,0.005961544100731009,0.00678889391324335
2017-01-03,0.011453236753828082,0.011483833114835603
2017-01-04,-0.005146851118734835,-0.004331043607115464
2017-01-05,0.009077882573708075,0.008929344292814114
2017-01-06,-0.0004239035879907994,-0.0012529914955835427
2017-01-09,-0.0013421768077116775,-0.0012949091416203768
2017-01-10,0.007631066983477956,0.007513197942068077
2017-01-11,0.009756581080790541,0.00917931479128391
2017-01-12,0.0035918361674376915,0.0035969661778551473
2017-01-13,0.002558249995944131,0.002280899974585767
2017-01-16,-0.006151499918621157,-0.005610062103355892
2017-01-17,0.0002847806077814145,0.00080886651250703
2017-01-18,-0.002565633383314444,-0.0021182170981411236
2017-01-19,0.0037939966779603432,0.003333062560465035
2017-01-20,-0.0015015778966616243,-0.0015903815631480946
2017-01-23,-8.9357533516677e-05,0.000300607664017617
2017-01-24,0.0064460294552792586,0.006998271566597741
2017-01-25,0.010235665862468298,0.00902116255888765
2017-01-27,0.010596595362949603,0.010417762054399425
2017-01-30,0.007899441423794755,0.006710356155473369
2017-01-31,0.006576553771224824,0.0060512600973196716
2017-02-01,0.004974829298394792,0.005933247553214219
2017-02-02,0.00856739607825657,0.00903973204782853
2017-02-03,0.009437577301889145,0.009802187335085616
2017-02-06,0.013040356341976839,0.013049790769290118
2017-02-07,-0.006249566899906641,-0.006655235245256728
2017-02-08,-0.015139400887798877,-0.014877483875396976
2017-02-09,-0.0025694153823713566,-0.0021647702286434105
2017-02-10,0.0020674048675178715,0.001437087480245082
2017-02-13,-0.003145581530548649,-0.0030119118386203354
2017-02-14,5.135584389952957e-06,-0.00044035287663706467
2017-02-15,-0.003864400408649475,-0.0043352002691724074
2017-02-16,-0.0018207260600474123,-0.0012903019143287496
2017-02-17,0.004366734603108075,0.004195163224122565
2017-02-20,0.0037146839717999993,0.004136028743904384
2017-02-21,0.006994609496147641,0.00591647492710981
2017-02-22,-0.005511531053887148,-0.00465155704683533
2017-02-23,-0.00039470147317860764,-0.0009676200852713916
2017-02-27,-0.01276996319006848,-0.012139954557414113
2017-02-28,0.0015766486068912369,0.0013134728110256516
2017-03-01,0.0055527438418300715,0.005803993820801463
2017-03-02,-0.007066557544826921,-0.006610461861706317
2017-03-03,-0.0037586701089169453,-0.003527963838096887
2017-03-06,-0.0006448149065316421,-0.0009427232621045231
2017-03-07,-0.003105377110580443,-0.003002933107967191
2017-03-08,-0.00032990707390643365,-0.0002941513355955055
2017-03-09,-0.0019272426255153021,-0.0022119020536568532
2017-03-10,0.0022950568680503818,0.002550793666583764
2017-03-14,0.007353145089520698,0.008027401037394393
2017-03-15,0.008202333545730845,0.008645661174374946
2017-03-16,0.005947778377930927,0.005776194156911718
2017-03-17,-0.0064887339628558905,-0.005756452487388659
2017-03-20,0.0049382133667294735,0.004348472983631125
2017-03-21,0.002131074154333006,0.0016398058339521775
2017-03-22,-0.0035623112040410764,-0.004270920337593753
2017-03-23,0.002815457948222941,0.0022626902865161202
2017-03-24,0.0051690335417360215,0.005267621763905762
2017-03-27,-0.0006624465646942872,-0.0003688797192151205
2017-03-28,0.006326474527416308,0.0060357355204384905
2017-03-29,-0.0024447149933892525,-0.0010460489781730674
2017-03-30,0.0035827032417015178,0.004026940058108802
2017-03-31,0.020639297193555492,0.019578381287045383
2017-04-03,0.012945282796210477,0.012394953836230198
2017-04-05,0.004230834491015956,0.003303281206100218
2017-04-06,0.00024531551711688086,-0.00034743186168815436
2017-04-07,0.0033185952705417007,0.0033437483291468614
2017-04-10,0.00919244190643888,0.008539788695328879
2017-04-11,0.00530209904458649,0.005409426871719209
2017-04-12,-0.006077818660779806,-0.005425054735555168
2017-04-13,0.004575488485172727,0.004898326763786714
2017-04-17,-0.0016732876006504114,-0.0018854324773045375
2017-04-18,-0.00935426729397423,-0.008792784847154171
2017-04-19,0.0017299970918748249,0.001114841797047336
2017-04-20,-0.002168649084405671,-0.0017285797028968675
2017-04-21,0.0011864101567044083,0.0012987727507828234
2017-04-24,0.00020035772234404552,0.0008936105553819522
2017-04-25,0.0046875637343168925,0.004943916279336184
2017-04-26,0.006940120498436052,0.006564477534729603
2017-04-27,-0.001110122695204685,-0.0008892796413165426
2017-04-28,-0.0023949194332393915,-0.0012878528553634634
2017-05-02,-0.0018790660544332873,-0.002438551793090495
2017-05-03,-0.004852759701485359,-0.0034006858492726896
2017-05-04,0.004671747552306889,0.0058640360679134956
2017-05-05,-0.0070961341417565185,-0.006790832205532276
2017-05-08,0.0014529948847736022,0.002691408792181897
2017-05-09,0.006239996779861857,0.00635960572391761
2017-05-10,0.014064002399291453,0.012405878115871054
2017-05-11,-0.007696170964995598,-0.0073182639881699185
2017-05-12,0.0018076075652377608,0.0005073641721788274
2017-05-15,0.004308908225564194,0.00375785448881151
2017-05-16,0.0014821581249562221,0.0020076542302803675
2017-05-17,-0.007499944135745534,-0.0068119004955366335
2017-05-18,0.0020976599321753265,0.0008044835686287407
2017-05-19,-0.005613148828583133,-0.0054434744148036986
2017-05-22,-0.0058864337312093526,-0.006765814118288657
2017-05-23,-0.008361826065135903,-0.009533619236448129
2017-05-24,-0.005906154803466389,-0.00657154295334465
2017-05-25,0.007534287899279491,0.007524623716730917
2017-05-26,0.0066594144526211175,0.006926698139098906
2017-05-29,-0.007689783687549199,-0.008504268300018054
2017-05-30,-0.011073334990228351,-0.008217193331660114
2017-05-31,0.007272046907439934,0.006883264089263662
2017-06-01,-0.003070278000808062,-0.002086772237285817
2017-06-02,0.007822275386145662,0.008644446658514018
2017-06-05,-0.0010000618527818334,-0.00041253415401794715
2017-06-06,-0.003716582171225104,-0.004459968287921235
2017-06-07,-0.00323844307472743,-0.002480933198483445
2017-06-08,0.003009454981514846,0.002976092533003958
2017-06-09,-0.00013178154912794096,0.0004061563342811468
2017-06-12,-0.004832307010075641,-0.004671611172983309
2017-06-13,0.001336817545076881,0.0018450524327539158
2017-06-14,-0.005536310917711957,-0.003637034957636652
2017-06-15,-0.016937061549343702,-0.016471195491575347
2017-06-16,0.0068447701131604715,0.005443865527297185
2017-06-19,0.00220750287614808,0.0013886759849921393
2017-06-20,0.0009126790275969055,0.0003815468455400843
2017-06-21,0.00045746319434109223,0.0003006887445650649
2017-06-22,-0.003297842494984826,-0.002637928077348191
2017-06-23,-0.004501298487112552,-0.004882310451744386
2017-06-27,-0.009742852059546196,-0.00962634172017282
2017-06-28,-0.004383715786791114,-0.004064841923990944
2017-06-29,-0.0016577245842529452,0.00013393540157564433
2017-06-30,0.011078866399221154,0.011330562503604978
2017-07-03,-0.0019616429068070895,-0.0007056208524519713
2017-07-04,0.0048424408223913164,0.004362086884822349
2017-07-05,0.0014138495943571395,0.0016245672150459014
2017-07-06,0.0052980958912140184,0.004615083525480599
2017-07-07,-0.002735804011424354,-0.0025776872734889463
2017-07-10,0.0027027373168438556,0.0031528629081022117
2017-07-11,-0.00951416865847089,-0.009258548319995827
2017-07-12,-0.0015383281079615085,-0.001595547320200693
2017-07-13,0.003261218445886896,0.003873641667611045
2017-07-14,0.0016954555048311925,0.0013902542369043209
2017-07-17,0.0013307826662343316,0.0009825028565405526
2017-07-18,-0.004845184195047586,-0.005242314503232454
2017-07-19,0.004689511249964951,0.004448555487309351
2017-07-20,-0.0026710940613328283,-0.0031721371598820267
2017-07-21,0.0013496855171659637,0.0014770016475820905
2017-07-24,0.0007148152912814759,0.0005991451932601052
2017-07-25,-0.0039983507253566085,-0.003474273132391738
2017-07-26,0.01926849180672309,0.01573244114461212
2017-07-27,0.005203443642011464,0.0037385005611990747
2017-07-28,-0.009457965808628408,-0.008683293677742183
2017-07-31,0.0024684262669761084,0.0032998869971461943
2017-08-01,-0.0035060369859189395,-0.004036566384042844
2017-08-02,0.0049763038378729295,0.004088430050888169
2017-08-03,-0.007951547485330139,-0.006620655231658582
2017-08-04,-0.008228418514579755,-0.007676678729695547
2017-08-07,4.314147433081726e-05,0.0005833286794726031
2017-08-08,-0.005770838158226403,-0.006334115930835264
2017-08-09,-0.0033054617704546016,-0.0049000239805107
2017-08-10,-0.00611995492627291,-0.008370034170375148
2017-08-11,6.37930309440541e-05,-0.0008102774570309247
2017-08-14,0.0001415924598689917,0.003363893729204783
2017-08-16,0.008236268665797407,0.008293715854523546
2017-08-17,-0.0036137779852166633,-0.003451584301336333
2017-08-18,0.001980102741136006,0.00014590114825607293
2017-08-21,-0.006415306106951303,-0.006062035438759664
2017-08-22,0.012741366305238623,0.011906275719158303
2017-08-23,0.0014620315851817344,0.0007317876118303158
2017-08-24,-0.0010577854750639117,0.00030866506620503306
2017-08-28,-0.002550395200277257,-0.00029896856010295256
2017-08-29,-0.008265556890424422,-0.00819008846312586
2017-08-30,0.0013061207125293108,0.0037930325213596417
2017-08-31,0.008239125505478057,0.007412847023240251
2017-09-01,0.0012838705937315486,0.0013266958803431162
2017-09-04,-0.000312198893226707,2.4363930175242776e-05
2017-09-05,-0.0072285904542391255,-0.006497103254252012
2017-09-06,0.0012587279015808725,0.0006892823652662307
2017-09-07,0.002893919820258695,0.0033105482550492933
2017-09-08,0.014214256540089122,0.012929385830957155
2017-09-11,-0.0072281023029881625,-0.005544672805042915
2017-09-12,0.00897828417718459,0.008517793593612388
2017-09-13,-0.0031080831461029884,-0.0026028509332508797
2017-09-14,-0.004513238806414847,-0.003008075205398402
2017-09-15,0.01365502616807198,0.01247038067588205
2017-09-18,-0.001182537364170626,-0.0013821225760577227
2017-09-19,0.00458152627796543,0.0032031136929027465
2017-09-20,-0.0021063107412416632,-0.0021995734306152837
2017-09-21,-0.006426493567221952,-0.006171702340700719
2017-09-22,-0.008235570991840595,-0.011378472651309994
2017-09-25,-0.011195104930569596,-0.012164335093453413
2017-09-26,-0.001023750881100707,-0.0003790925673679297
2017-09-27,-0.004162787511345873,-0.005513591236252715
2017-09-28,0.008668085673133038,0.00714334585146749
2017-09-29,0.007077550230746887,0.008969106216041852
2017-10-03,-0.005408960888389235,-0.004343402606414709
2017-10-04,0.004384864128341088,0.003791782357786315
2017-10-05,-0.0076769041310716015,-0.006861425549474321
2017-10-06,0.0049804402907120205,0.00469552805743817
2017-10-09,0.005373700298600718,0.005107081339437041
2017-10-10,0.0025733333816435164,0.0031905016127348335
2017-10-11,0.006398283078127868,0.005556774398490682
2017-10-12,-7.370326029447233e-06,-0.0006786889573011591
2017-10-13,0.011973628811785509,0.01102480352137404
2017-10-16,0.01587951357475845,0.014438735226562843
2017-10-17,-0.005572202969291357,-0.005169773006926321
2017-10-18,-0.00775100352878641,-0.007195475508937965
2017-10-19,0.0057398425814525166,0.004855516532669287
2017-10-23,-0.01106538806727807,-0.00808022366258616
2017-10-24,0.0060434477292109585,0.005081187040468653
2017-10-25,0.009377329978483208,0.011070406755047274
2017-10-26,0.0018388056542431547,0.00025052416711620023
2017-10-27,-0.0014609403404914614,-0.001014823631396438
2017-10-30,0.0077782326320718145,0.00782484953087739
2017-10-31,-0.001171821886954383,-0.0006318963427541487
2017-11-01,0.00989504159919807,0.008893279057689567
2017-11-02,0.0029494136519251433,0.0032453470423638646
2017-11-03,-0.004139532833926389,-0.0026030022226507126
2017-11-06,9.790781040835126e-05,4.9565331510490504e-05
2017-11-07,-0.0005695801562363246,-0.0025731214842018603
2017-11-08,-0.0030977081563307606,-0.003618642256185914
2017-11-09,-0.002690424002282228,-0.0018728447753393758
2017-11-10,0.001524907639590929,0.0024890190941555266
2017-11-13,0.005041159288651152,0.0032878089479573716
2017-11-14,-0.005450307294094986,-0.006158212716491521
2017-11-15,-0.0002503784807745651,-0.0013038014980441663
2017-11-16,0.001081824411688578,0.0013355005641143764
2017-11-17,0.008404912580803963,0.008730646421099612
2017-11-20,0.0075014391121040235,0.006220074785546438
2017-11-21,0.007313477080457722,0.00846211070685891
2017-11-22,-0.00514831449233514,-0.003496520167455498
2017-11-23,0.003191276546383432,0.0012225818754137158
2017-11-24,0.005192038723246329,0.004787646081376452
2017-11-27,0.007364309225042135,0.006516434309216351
2017-11-28,0.0028284427643242927,0.0027517678410421405
2017-11-29,-0.0016872811327713908,-0.001686232695439073
2017-11-30,0.005545258248021766,0.004614062836981342
2017-12-01,-0.010937959714870318,-0.00973885028840667
2017-12-04,0.0018216721846712276,0.0023817445884045437
2017-12-05,-0.0014270766111970329,-0.0005118781417614538
2017-12-06,-0.003281760967395241,-0.004178211673390597
2017-12-07,0.008589082099266683,0.009103048479619536
2017-12-08,0.007489806785141597,0.007979604089184083
2017-12-11,0.0019274001053698527,0.0022147923567865345
2017-12-12,-0.0013858537753969054,-0.0017416290098014875
2017-12-13,0.00509819082357752,0.0033019620369616138
2017-12-14,-0.003159023371219651,-0.0036593540376739122
2017-12-15,0.0026054388048007784,0.002723171870301299
2017-12-18,-0.0002752727381916332,-7.639627271770937e-05
2017-12-19,0.005878271008156003,0.006110513953657332
2017-12-20,-0.002869029580758993,-0.002438745040329059
2017-12-21,-0.00814193767850127,-0.005727207942053555
2017-12-22,0.005699496191890445,0.004481670967279497
2017-12-26,-0.0001639946579550554,0.0014889530560416413
2017-12-27,-0.0026976164868194943,-0.002340900942640788
2017-12-28,-0.0001421236506490648,0.0006140356271360989
2017-12-29,0.005505984886106215,0.005126382046861958
2018-01-01,0.006065927688734637,0.004690372009616041
2018-01-02,-0.003803503794578205,-0.004214150696745786
2018-01-03,0.0023163961162556844,0.004021232403001738
2018-01-04,0.005859504816312604,0.0046242768234330805
2018-01-05,0.005037713769431111,0.005158576609956127
2018-01-08,-0.007352898146636344,-0.006653075231026777
2018-01-09,-0.0017700729864405008,-0.002130405947651742
2018-01-10,-0.0044811917546074735,-0.0011649848670246639
2018-01-11,-0.0035667957749346856,-0.004627514110350771
2018-01-12,0.002017754039341132,0.0021746630241565386
2018-01-15,0.002695768573504808,0.0016853768807737488
2018-01-16,-0.005080449370216731,-0.006613171340151156
2018-01-17,-0.005216683609478653,-0.005041895542632671
2018-01-18,0.009390319930543888,0.007416293153355388
2018-01-19,0.007321283710734728,0.006674637630613198
2018-01-22,0.003063223281016032,0.0028321428921393977
2018-01-23,-0.0053076771137685625,-0.0039659142886017745
2018-01-24,-0.007348900360910307,-0.00827879924200452
2018-01-25,0.00461335878653806,0.000827375851292655
2018-01-29,0.002423156810675626,-0.0006426840096514657
2018-01-30,-0.01668026252470282,-0.014650078506915878
2018-01-31,0.003164485476362976,0.0018659244985102812
2018-02-01,0.00012468353052282272,-0.000780354240372408
2018-02-02,-0.024494858512303784,-0.025574166248352775
2018-02-05,-0.00028127413462175036,0.000895300447744041
2018-02-06,-0.009676121422037175,-0.009877595505675105
2018-02-07,0.007710060169087893,0.007581281643643214
2018-02-08,0.010773596393610496,0.010690921820493342
2018-02-09,-0.010566275158466589,-0.008444101455133324
2018-02-12,0.007394157406962492,0.007358776279688001
2018-02-14,0.0002466699327068754,0.00024328194728608435
2018-02-15,-0.001924567462365376,-0.0021054239569596534
2018-02-16,-0.0030495948528312354,-0.004718506733778829
2018-02-19,-0.0002061459812925813,-0.0002896987550142265
2018-02-20,-0.0048070014299123045,-0.00443816928475331
2018-02-21,-0.007718548810774554,-0.006330037423023011
2018-02-22,0.002246155882261511,0.0008340909977393571
2018-02-23,0.008060559497298787,0.008333653899881634
2018-02-26,0.0065757743972476145,0.007971718339297919
2018-02-27,-0.0037404031177843714,-0.003005755216649738
2018-02-28,0.002114933444889378,0.0007323520337293128
2018-03-01,0.000914636703290181,0.00021532047041567198
2018-03-05,-0.0021360394179105536,-0.004178476781381349
2018-03-06,-0.0037722702462702888,-0.00461714474533978
2018-03-07,-0.010289557610481738,-0.011096390371979136
2018-03-08,-0.005676470100381559,-0.003991933344445523
2018-03-09,-0.000830301104354001,-0.0015685437273344556
2018-03-12,0.0028311761408854864,0.0022986858260473377
2018-03-13,-0.009975650143492614,-0.007855056869328234
2018-03-14,0.0007272548957412088,-0.0004171206349560311
2018-03-15,-0.00014937035026736358,-0.0009041877789274051
2018-03-16,-0.016250099828038586,-0.0163104903871414
2018-03-19,-0.0032496198871870574,-0.004445130966103524
2018-03-20,-0.001119391632341617,-0.0020439332788584085
2018-03-21,0.001907609873728669,0.002707209408047016
2018-03-22,-0.006164587196615955,-0.007214019521714219
2018-03-23,-0.008472845849298747,-0.00811513943468484
2018-03-26,-0.002321896180519229,-0.0014434397055506749
2018-03-27,0.0025882348710574102,0.004101059830737954
2018-03-28,0.00030391905489975503,0.0005468125922840239
2018-04-02,0.011362327389214853,0.013222253988422665
2018-04-03,0.004349223781048833,0.005396220884513211
2018-04-04,-0.0025781920706800104,-0.003929019171345714
2018-04-05,0.014613803643590322,0.01323785308757591
2018-04-06,-0.00034898834880486113,0.0003510176806561277
2018-04-09,-8.990738714143823e-05,-0.00035534709176612616
2018-04-10,-0.00034976115926347505,0.00037781532412382943
2018-04-11,0.001500792410204452,0.0005766784658874922
2018-04-12,0.004725416650205294,0.004171254613122994
2018-04-13,0.011045466262200694,0.01041738692466646
2018-04-16,0.005759538842349206,0.004010557987863024
2018-04-17,-0.003728573983032973,-0.00371646153821646
2018-04-18,-0.003208624711594031,-0.002607628992269923
2018-04-19,0.0094177654316834,0.009052120224259202
2018-04-20,-0.004724958197849138,-0.00377807785126834
2018-04-23,0.003001966108053598,0.0033738900823374737
2018-04-24,-0.004005963645021557,-0.002401066330387227
2018-04-25,0.0021934558606733104,0.0008594913605911062
2018-04-26,-0.004182741953893505,-0.0034244657563671883
2018-04-27,0.005738901774246636,0.005672219611120003
2018-04-30,0.0018408380312293533,0.0022448101628029563
2018-05-02,0.0025310363684365655,0.0019262183738851081
2018-05-03,-0.008732364704649442,-0.007191254798219482
2018-05-04,-0.0033659254115005976,-0.004627398133345935
2018-05-07,0.003498835685799487,0.0022812008104066937
2018-05-08,0.0015942809093021915,0.0029654862103392398
2018-05-09,-0.002192132400623946,-0.002626682372874985
2018-05-10,-0.0011159116276928133,-0.0013498055876913556
2018-05-11,0.004697548176431167,0.003977116927894971
2018-05-14,-0.0010353393803795624,-0.000966535282772806
2018-05-15,-0.00270898420368444,-0.0019506719707594524
2018-05-16,-0.006267786838959167,-0.00410338077806627
2018-05-17,-0.007883326270439322,-0.007951580205201527
2018-05-18,-0.007394640176431159,-0.006778316941878636
2018-05-21,-0.01251853706514372,-0.013365973789758238
2018-05-22,-0.0047647983158583965,-0.003316064376882307
2018-05-23,0.005283701748752334,0.005014710093898018
2018-05-24,-0.0018142944148793656,-0.0011551662901941057
2018-05-25,-6.832956460693217e-05,0.002040498200749863
2018-05-28,0.01940137695761679,0.017002527024519234
2018-05-29,-0.003989180237130796,-0.0025166800346860807
2018-05-30,0.021186938700722368,0.014061109592157983
2018-05-31,-0.012820447045009058,-0.006962283849009626
2018-06-01,0.0034763194659142723,0.0006654864177310235
2018-06-04,-0.0056766373748243955,-0.0074090327309292775
2018-06-05,0.000979687496599056,-0.0021663669315032923
2018-06-06,0.005916815514409287,0.005823661016887926
2018-06-07,0.002806862085306161,0.0035725803744667385
2018-06-08,0.004031690860409816,0.005775183372895313
2018-06-11,-0.004911693350499379,-0.0013587055141876213
2018-06-12,0.00067260481146049,0.001616248351946663
2018-06-13,-0.0019061722666624118,-0.0022445181248035837
2018-06-14,-0.005098868149678905,-0.004586449247718
2018-06-15,0.004684430618364879,0.004947663460482408
2018-06-18,-0.002189452366623317,-0.00024116508483641307
2018-06-19,-0.0006957130479266283,-0.000350025299163014
2018-06-20,-0.001749828317626791,-0.0005646125625240015
2018-06-21,0.003009428714397068,0.000510671013910577
2018-06-22,0.0018297329442596134,0.0012925267344486638
2018-06-25,0.008860622439094594,0.005861708945116209
2018-06-26,-0.0008995457780384976,-0.0011348511377344702
2018-06-27,-0.0020503080827079185,-0.004283765279901746
2018-06-28,-0.0072825113801108145,-0.006726651104004901
2018-06-29,0.012850458557959563,0.012426411972720038
2018-07-02,-0.00403118900186396,-0.005473687932610644
2018-07-03,-0.0073115379063997885,-0.0059880947491433864
2018-07-04,0.0032600479184880593,0.003637682174219968
2018-07-05,-0.0030515390922018605,-0.003632296077549049
2018-07-06,0.0018491374703141505,0.002911181160335877
2018-07-09,0.001974650224693498,0.0020217344767138193
2018-07-10,0.0002435341103859891,0.000889090852045919
2018-07-11,0.0032883747690679557,0.0031424190374954105
2018-07-12,-0.006543626346541326,-0.005760777785405044
2018-07-13,0.0027344913840718077,0.0015481889425625508
2018-07-16,-0.011456112809983609,-0.011848424618527365
2018-07-17,0.004258781463479758,0.004389000264975655
2018-07-18,-0.0014330085903665865,-0.0008010148727809078
2018-07-19,-0.007354669735476677,-0.0064627177604314
2018-07-20,-0.008145788223849806,-0.00669629560399007
2018-07-23,0.00702502184948952,0.007155743551739103
2018-07-24,-0.0028049064649407936,-0.0008103169048735157
2018-07-25,0.004404620735340366,0.003250176444180704
2018-07-26,0.0051836072748887895,0.005119165405408066
2018-07-27,0.005914360442890527,0.006434144672667092
2018-07-30,0.006050112630709665,0.005577659483190729
2018-07-31,0.0008685797655592164,0.0013534009083320817
2018-08-01,0.006305166708710071,0.00573431290510866
2018-08-02,-0.00764777928501041,-0.006322735530532106
2018-08-03,0.012439049664703525,0.012052822321915025
2018-08-06,-0.007415180483659649,-0.006183022124739193
2018-08-07,-0.0034134314409157867,-0.0028654976763855733
2018-08-08,0.0061892784716625765,0.006259530884833971
2018-08-09,7.25288138261693e-05,0.0008688291280682936
2018-08-10,-0.0022691187864456487,-0.0020169499020185836
2018-08-13,0.000524305485857897,-0.00045368003805676665
2018-08-14,0.0014824378918455415,0.0018277776336376392
2018-08-16,-0.004452996575994525,-0.004625967467379082
2018-08-17,0.005824109082911153,0.006181492868801466
2018-08-20,0.0022583285698052034,0.0012453637122177836
2018-08-21,0.011499990963824099,0.010258186968544789
2018-08-23,0.002653634963658748,0.002999403943081009
2018-08-24,0.002482713399402013,0.002967552185742505
2018-08-27,0.005643438265617921,0.0059342823905513984
2018-08-28,0.0014852756208136063,0.002153317931614648
2018-08-29,-0.005095636965644623,-0.003574373662961588
2018-08-30,0.001029623396195334,0.0024173740689391317
2018-08-31,0.012048763554056149,0.01076433064816671
2018-09-03,-0.004530048176992277,-0.004700567270806312
2018-09-04,-0.008794667188862149,-0.009301336834420987
2018-09-05,-0.0014098208664867187,-0.0017283562881480392
2018-09-06,0.0031242162494163426,0.0032428473590938086
2018-09-07,-0.002897632608164427,-0.001709848456601817
2018-09-10,-0.007113261711340547,-0.006922437426814609
2018-09-11,-0.0034139919598369364,-0.004590220354878846
2018-09-12,-0.0013612299854987566,-0.0016083298969292478
2018-09-14,0.002876862798384785,0.003571306122197311
2018-09-17,-0.004488925256816027,-0.004239730079932286
2018-09-18,-0.004317017530129011,-0.003816665409551786
2018-09-19,-0.0006533688910819619,-0.0025341810158951822
2018-09-21,-0.016047058629457236,-0.017561797579362107
2018-09-24,0.0014927539693672446,-0.001506930064664019
2018-09-25,0.0019227776679572295,0.0011261588576029617
2018-09-26,0.012242598900626485,0.010702969505153046
2018-09-27,-0.008898091799006991,-0.01039008179050751
2018-09-28,-0.005637516169705817,-0.006812366878437323
2018-10-01,-0.012958960809584748,-0.011914769709349658
2018-10-03,-0.0055775587463398665,-0.005345921689374093
2018-10-04,-0.018905414336171277,-0.01900987127997946
2018-10-05,-0.006912874575324484,-0.009398776740020529
2018-10-08,0.00014752961848454193,-0.0006615125773372348
2018-10-09,-0.011904998343413374,-0.011371431872592628
2018-10-10,0.014642193505656091,0.017236015918296314
2018-10-11,-0.007620368328112457,-0.009107120357917421
2018-10-12,0.009186973636511653,0.009422457752553544
2018-10-15,-0.0003190718146127169,-0.0007699093244504926
2018-10-16,0.004213647951915258,0.005106286413266149
2018-10-17,-0.0040245140636865386,-0.005574372640367014
2018-10-19,0.0020309463496286945,0.0009936902700422058
2018-10-22,-0.023474476468017594,-0.022222042900276098
2018-10-23,-0.01667689217900407,-0.0142376066928118
2018-10-24,0.0016601429398745299,0.00229122426212283
2018-10-25,-0.0026174680661593874,-0.004127909803871262
2018-10-26,0.00550803145245563,0.004892203468502557
2018-10-29,0.014127506841496202,0.015311400707358435
2018-10-30,0.006759351876086494,0.007330711182737069
2018-10-31,0.014448052847802454,0.012782970320978571
2018-11-01,0.001277615785707326,0.0016442332357164333
2018-11-02,0.0231230818201564,0.022199456308673253
2018-11-05,0.004111768685873529,0.004658872956492548
2018-11-06,-0.000843283030231271,-0.0010115785955548285
2018-11-07,0.005395088905141735,0.005446778737974157
2018-11-09,0.0027632764928716383,0.0030001107228368475
2018-11-12,-0.008203788802331986,-0.008026829920970835
2018-11-13,0.01248054077840138,0.011470298403775971
2018-11-14,0.0026699337338948557,0.002307780004135238
2018-11-15,0.016504365551729135,0.01657286647295903
2018-11-16,0.006966677441920565,0.006740112678936445
2018-11-19,0.009792651642688208,0.009967004926088926
2018-11-20,-0.002733574333676575,-0.0033499554312294696
2018-11-21,-0.002965777210746808,-0.002656769967766585
2018-11-22,-0.007138570166544592,-0.00794439668009298
2018-11-26,0.0031513951042235135,0.002859610423876739
2018-11-27,-0.0007267920617641179,-0.0004685605087798809
2018-11-28,-0.00225504672252706,-0.002156356405146007
2018-11-29,0.008187349623519247,0.008479580093117162
2018-11-30,-0.004908850281342003,-0.004774751320724149
2018-12-03,-0.0031512343235204666,-0.003372953880747024
2018-12-04,0.011307967073449183,0.010166586419451062
2018-12-05,-0.011830160179070862,-0.011405265203036885
2018-12-06,-0.0052178543648929935,-0.00635134067434261
2018-12-07,0.0009254933028299703,0.0009553522250558588
2018-12-10,-0.018333952949921906,-0.0183990879109003
2018-12-11,0.0023059475527237787,0.004079181297075321
2018-12-12,0.009538413140683358,0.011502466196804229
2018-12-13,0.01322217711275596,0.012610069212825715
2018-12-14,0.00705232480429425,0.006093507952666913
2018-12-17,-0.0027008096291878886,-0.0014470285580191066
2018-12-18,0.0007656530150702189,0.0002574831869033993
2018-12-19,0.012341959734712818,0.011889152661269874
2018-12-20,0.001922569351795037,0.0014374318991739938
2018-12-21,-0.008358232174088258,-0.008954883056038932
2018-12-24,0.00025371134303866995,-0.001642283709392332
2018-12-26,0.0010860095325691019,0.0014193696518990755
2018-12-27,0.0007182135152924607,0.0005597675512717124
2018-12-28,0.0007202718510392625,0.0021412786605141294
2018-12-31,0.015326891491262257,0.01480531785616705
2019-01-01,0.0026288370208157326,0.002720346106441293
2019-01-02,-0.0010271711779284783,-0.0005838863261867333
2019-01-03,-0.0013863338704703937,-0.0021169719789845415
2019-01-04,0.0034167908151872184,0.0027724981166635148
2019-01-07,-0.0017282971794224463,-0.0013210185042884434
2019-01-08,-0.005602748675930344,-0.0049660141298095975
2019-01-09,0.00998261366930909,0.009389572617218832
2019-01-10,0.012404780390964388,0.011973431401905644
2019-01-11,-0.005204604192724914,-0.004847981550561002
2019-01-14,0.0047959851622082555,0.00405399598933303
2019-01-15,0.00020896494001720683,0.0008406724625583521
2019-01-16,0.0022907767160291596,0.0019761283544278037
2019-01-17,0.00015421849356050756,0.00015966516973856486
2019-01-18,0.005165833273196725,0.0035041339735005445
2019-01-21,0.0011765493009420144,0.0009395360825012147
2019-01-22,-0.0035490422442430083,-0.0027248968384569537
2019-01-23,-0.0028979281483809405,-0.0036473200375041173
2019-01-24,-0.004140768316061009,-0.0034013584135110077
2019-01-25,-0.00404850478434965,-0.005212025992163534
2019-01-28,-0.013849020465282788,-0.014613208055526882
2019-01-29,0.010238535983556332,0.009451970427110037
2019-01-30,0.0012407373851196445,0.0020308874066776138
2019-01-31,0.0100670365465586,0.009377662891228874
2019-02-01,-0.0002668749353680663,0.0006676871084191586
2019-02-04,-0.007422669168469297,-0.007479072419402829
2019-02-05,0.00028258476299196074,-4.1969095430620374e-05
2019-02-06,-0.0017019208109872112,-0.0013774611823783238
2019-02-07,0.0008215801476429893,0.0011070049165411528
2019-02-08,-0.006543106005471242,-0.006578715346666473
2019-02-11,-0.01905563781462231,-0.019054070516380674
2019-02-12,0.006737873012572348,0.005895662919687411
2019-02-14,0.0037403764043537472,0.0037075519385665247
2019-02-15,-0.0078068185928981525,-0.007971874486405224
2019-02-18,-0.01239965003395575,-0.011804029194886819
2019-02-19,-0.009440150610134581,-0.006583541483958608
2019-02-20,0.0006710401520607347,0.0008126545097582729
2019-02-21,0.013859397438751682,0.013881482341301331
2019-02-22,0.00314623776458842,0.003505622489046682
2019-02-25,0.008867389389896849,0.008554587625062495
2019-02-26,-0.006370050274630106,-0.005231979073805735
2019-02-27,0.002139313001169055,0.002086520619323193
2019-02-28,0.003709995853098138,0.00279317390074401
2019-03-01,-0.0026902010655758596,-0.002514876929709581
2019-03-05,0.00396583661022485,0.004517200699007119
2019-03-06,0.001953491547354958,0.0018992898273571999
2019-03-07,-0.0005190889361398487,-0.0008971971261451358
2019-03-08,-0.005572177307689841,-0.005143599192256325
2019-03-11,0.008739037554640795,0.008818793468415142
2019-03-12,0.0044922322912240445,0.005065813760765205
2019-03-13,0.003701554944695193,0.0031254221770565037
2019-03-14,0.0023477316519868252,0.0016408264240265972
2019-03-15,5.707295513476231e-05,-0.0006585521756742795
2019-03-18,-0.0005300153356866813,0.00029495141162038166
2019-03-19,0.008955500333963818,0.00803968093401482
2019-03-20,-0.004743195724738167,-0.00486217097870871
2019-03-22,0.005429691252052549,0.00513342186977286
2019-03-25,-0.004575251823736937,-0.00542962229845227
2019-03-26,0.004936876152484538,0.004646118357353642
2019-03-27,3.496797424920779e-05,-0.00016259750061239735
2019-03-28,0.0033055054619377635,0.0036799959169735172
2019-04-01,0.021878817781493278,0.021957350078484858
2019-04-02,-0.0024145371013903987,-0.0021037584059727076
2019-04-03,-0.008700204920915468,-0.008309380203527138
2019-04-04,0.0005448844563048588,0.000632690479483456
2019-04-05,-0.003160150901482525,-0.0019286307702679425
2019-04-08,0.002285511658171328,0.0017051120593741902
2019-04-09,0.0028760908533403554,0.0029688998115992233
2019-04-10,0.006095175443935238,0.005853802085381399
2019-04-11,-0.005307937492916849,-0.004836951688135896
2019-04-12,0.0016226077431858888,0.0017392080806141609
2019-04-15,0.007103796271978148,0.006507430455075489
2019-04-16,0.0023740711524301806,0.002479152137850862
2019-04-18,-0.004373979088404009,-0.004857840805146465
2019-04-22,-0.012915114517610838,-0.012647048751750323
2019-04-23,0.0035208201774303326,0.003850330320131845
2019-04-24,-0.00020276825527809736,-0.00022157204671663405
2019-04-25,-0.00883464843840677,-0.008407233549033655
2019-04-26,0.003874286388218633,0.0034745700682778315
2019-04-30,0.004276427925224123,0.004731306791953601
2019-05-02,0.00030179783538439656,-8.810760976284983e-05
2019-05-03,-0.003319387966461917,-0.0032638844123902347
2019-05-06,-0.010015774059511628,-0.009241501764765892
2019-05-07,0.003286827741967244,0.0023036954993146943
2019-05-08,0.0010401950730229475,-0.0003231253097544923
2019-05-09,-0.004924595466871579,-0.005119797783709179
2019-05-10,0.0038647523076893713,0.0032697760939306014
2019-05-13,-0.002148668212653338,-0.0031959405986799324
2019-05-14,-0.000598310049759365,-0.00018204868470596052
2019-05-15,0.002173635000250426,0.0019042775222704923
2019-05-16,-0.001758556988359885,-0.0017628049628435054
2019-05-17,0.0025494269435164607,0.0017064300044709172
2019-05-20,0.0235010013646639,0.02377968378909607
2019-05-21,0.0009826467594360557,-0.0006176227348383638
2019-05-22,-0.005134226118832023,-0.005145627777298677
2019-05-23,-0.0011927287629455736,-0.00031135611561809414
2019-05-24,0.0002897645969013546,0.0019914532088612584
2019-05-27,0.0227096219948301,0.021991009959732803
2019-05-28,-0.007020570425602016,-0.0066712863380376936
2019-05-29,0.005872968781685153,0.005528048522282069
2019-05-30,-0.004953984829143247,-0.0049841795738082935
2019-05-31,0.00023849628914792732,0.0007939743439482975
2019-06-03,0.005772205380615694,0.006406075832920943
2019-06-04,0.0035551907889842978,0.003160697562023324
2019-06-06,0.007479210350995128,0.0065166954051501715
2019-06-07,0.0006695258370222046,-0.00011129926280484725
2019-06-10,0.0074439676963694605,0.006993791321838883
2019-06-11,0.008922837827255807,0.007592870717755719
2019-06-12,0.00011452871818084305,-0.00024314849190194617
2019-06-13,-0.0042403899973790455,-0.0050498607706554255
2019-06-14,-0.0002291996907820529,-0.00036833143761611024
2019-06-17,-0.003704718421898379,-0.003972778325810912
2019-06-18,-0.007323506482462106,-0.0069106557880029215
2019-06-19,0.00782638529055874,0.007435780674566925
2019-06-20,0.0031294762122765093,0.002095996937747473
2019-06-21,-0.009951239010569471,-0.010173121019994987
2019-06-24,-0.004517280863633882,-0.00548642960682655
2019-06-25,0.00137743395920524,0.0021074312141307313
2019-06-26,-0.0008791251703432137,0.0010822040767932762
2019-06-27,0.0077546700158433665,0.007180142369439881
2019-06-28,0.011193631527078004,0.010871939523563594
2019-07-01,-0.003015883869589093,-0.0026961226057740377
2019-07-02,-0.0032959443190992916,-0.002166708225173872
2019-07-03,-0.007862548057987527,-0.0076193499260869685
2019-07-04,0.0021282610447909455,0.0018908225833879164
2019-07-05,-0.005416690926979244,-0.0072245747766708215
2019-07-08,-0.012358285921533766,-0.011882426935961962
2019-07-09,-0.005475175075776258,-0.004680450767913115
2019-07-10,0.0019849757423605007,0.0016308176601621145
2019-07-11,-0.0006989308160632386,0.0010384048529428307
2019-07-12,-0.0006466749367268718,0.0001325714388306035
2019-07-15,-0.0026655304070338157,-0.0021910805874076652
2019-07-16,0.000631861573425448,0.001214713214505353
2019-07-17,-0.003957237561432562,-0.0025282764630672736
2019-07-18,-0.011042566525750783,-0.010749808069772198
2019-07-19,-0.012335240118906701,-0.011947011524969927
2019-07-22,-0.006779143574864421,-0.006174970585780152
2019-07-23,0.006196093460936284,0.005091283260983264
2019-07-24,-0.005778721415497317,-0.006682383020220967
2019-07-25,-0.007723626512317757,-0.007434213242041543
2019-07-26,-0.007780213761902018,-0.006516862117548111
2019-07-29,-0.0015689766976346741,-0.0017684689464369876
2019-07-30,0.001897292069447586,0.00039162665385200635
2019-07-31,0.017444581875479852,0.01629264441535528
2019-08-01,-0.010317013199259742,-0.010061352795004905
2019-08-02,-0.004296300947615916,-0.003810733861134469
2019-08-05,-0.005677598142156375,-0.006775205394829389
2019-08-06,0.007139670123065164,0.007627509458977617
2019-08-07,0.004303877069204772,0.005104191816362694
2019-08-08,0.007447911605258946,0.007879438078138316
2019-08-09,0.005731245199414275,0.004739859507023224
2019-08-13,-0.008321312717923128,-0.009295992776670528
2019-08-14,0.009140086917411167,0.008559302895718188
2019-08-16,0.002086035347101365,0.002477941038504701
2019-08-19,0.006290404353788069,0.005818412468506988
2019-08-20,0.009183829844285464,0.008437162717745224
2019-08-21,0.000602701915036815,0.0002261308142801959
2019-08-22,-0.0011404777863476905,-0.002132305494824941
2019-08-23,-6.157954160577664e-05,-0.0006449666458441035
2019-08-26,0.0006224984218145796,0.0017995880968455394
2019-08-27,-0.0012243170041177165,0.0010444449552169037
2019-08-28,6.972769003316066e-05,-7.57406735196498e-05
2019-08-29,-0.006863310348955384,-0.006902878715591666
2019-08-30,0.005679698030406384,0.0063731094676232
2019-09-03,-0.00672687253607491,-0.006958607365651443
2019-09-04,-0.004742568739165981,-0.003475054900844987
2019-09-05,0.001297023784336548,0.001354480546953096
2019-09-06,0.009095497974453496,0.008768488377971478
2019-09-09,0.007687750108262887,0.007280241973790634
2019-09-11,0.003507232820653198,0.0026785086348935314
2019-09-12,0.0006134678093902659,-0.00013418242905194498
2019-09-13,0.004155107004849851,0.0047780380910990945
2019-09-16,0.0025537314847602194,0.0025407005645735193
2019-09-17,-0.013042334208844182,-0.012651158020368026
2019-09-18,0.0017530919959398007,0.0016114221012263734
2019-09-19,0.0008666430298015275,0.00041345597635718034
2019-09-20,0.012212229155934999,0.015113025287938628
2019-09-23,0.03436536546672964,0.035177758297553686
2019-09-24,0.002720378632322099,0.0018927851987142127
2019-09-25,-0.003558466263819287,-0.004103952444820465
2019-09-26,0.005200349874714687,0.006524980037684029
2019-09-27,-0.001135940949945218,-0.002727766970458352
2019-09-30,0.014553223523386798,0.015009306012992
2019-10-01,-0.005067526286501009,-0.005937225903721668
2019-10-03,-0.0073193433264456395,-0.007757816393390007
2019-10-04,-0.0050026458982621305,-0.00395186409553027
2019-10-07,-0.017084037153666718,-0.016022800826847337
2019-10-09,0.002287675474630486,0.003044343704312165
2019-10-10,0.010574086766150006,0.00978806793240532
2019-10-11,0.060970999390499145,0.043622232105028184
2019-10-14,0.0066753741147798275,0.005468295467039719
2019-10-15,0.0010200820357533034,0.002579605195151699
2019-10-16,-0.00686892973905481,-0.004792829822651761
2019-10-17,0.0026826614945502886,0.0027409132311113945
2019-10-18,-0.0021129756189125328,-6.179658187034274e-05
2019-10-22,-0.0037419127242262424,-0.003236816914630377
2019-10-23,-0.010357542365280128,-0.00883752921900355
2019-10-24,-0.010528200809565898,-0.009356892793585791
2019-10-25,0.003952380912562588,0.003605177520275426
2019-10-27,0.0033796618204463805,0.0038822002970068745
2019-10-29,-0.006673846934532816,-0.00641333613121704
2019-10-30,0.00406860455284206,0.005581766016485786
2019-10-31,0.008759525163034129,0.008809135116165713
2019-11-01,0.003380798598395487,0.0019309454237555774
2019-11-04,0.003988446381219311,0.00388874489350774
2019-11-05,-0.011765010859108454,-0.010996291313135238
2019-11-06,-0.0060684439786403786,-0.0059448281703174425
2019-11-07,0.0047398030406476995,0.00531105105851487
2019-11-08,-0.012688048851279731,-0.012699666967533468
2019-11-11,0.0009530960898292967,0.0004905665659262989
2019-11-13,-0.009173359106756521,-0.007868036423590335
2019-11-14,0.007993166607618379,0.005550978984353527
2019-11-15,0.014254891449437581,0.012348332179035902
2019-11-18,0.010757380644168082,0.009032109726015819
2019-11-19,0.002336923866220513,0.0020542647827213284
2019-11-20,0.008484178681573354,0.007089796814331061
2019-11-21,0.0023141902004962496,2.4573130651964843e-05
2019-11-22,-0.004112275934265993,-0.0029226914610942342
2019-11-25,-0.0010630477685800524,0.0002583075797917865
2019-11-26,-0.005736542642559789,-0.00442260905539592
2019-11-27,-0.0017761925674360495,-0.0016587216851727518
2019-11-28,0.0021867942234186427,-9.150135863005622e-05
2019-11-29,-0.0006037805984009069,0.0017774927024202952
2019-12-02,0.0032509464478201527,0.003691897182545923
2019-12-03,-0.0005276746910039106,-0.00041968382223535935
2019-12-04,0.00942830330926759,0.010420899837337995
2019-12-05,0.005095023606560248,0.004760163424406816
2019-12-06,-0.004015466197569495,-0.004779006464826404
2019-12-09,-0.0024793803593284513,-0.002420176066344692
2019-12-10,-0.004722675568817446,-0.005654194754566682
2019-12-11,-0.0014470497267336582,-8.011946701870699e-05
2019-12-12,-0.0018022962248556594,-0.00030094797882250415
2019-12-13,0.0008068931157434588,-6.042443102836497e-05
2019-12-16,0.004235678399814126,0.0028989166000538426
2019-12-17,0.014015929516546123,0.012292279910441059
2019-12-18,0.0022695021665492905,0.002606782822395839
2019-12-19,0.0015006602084208245,0.0021606352398462194
2019-12-20,0.0027404234383232116,0.002285306551445731
2019-12-23,0.013437343355309682,0.012294976050100707
2019-12-24,-0.002553440295357617,-0.0031132516838169423
2019-12-26,0.0012993093339245018,0.0016426881384243252
2019-12-27,0.0030804338021278386,0.0035500892432260836
2019-12-30,0.010386296292746188,0.009161963692766895
2019-12-31,0.0007899069878651698,0.0018830663279490085
2020-01-01,-0.004891656046297469,-0.0041450940436463714
2020-01-02,-0.0032948390818248845,-0.002377976402997079
2020-01-03,-0.0005722118285123139,2.3478002117009213e-06
2020-01-06,-0.00810556299445936,-0.010011944117487058
2020-01-07,0.0004131238873820303,0.0014822128482323146
2020-01-08,-0.00360697952150213,-0.0025636586550974077
2020-01-09,0.002256823534664573,0.003095785655135082
2020-01-10,0.005803407581557145,0.006020872161220527
2020-01-13,0.0062620101265977585,0.005967891345311325
2020-01-14,-0.00010045560350748642,0.0013633400732870398
2020-01-15,-0.005884501598214424,-0.003577056904148609
2020-01-16,0.00717836247495666,0.008693416109013703
2020-01-17,0.0036677903239562566,0.0048867230295329064
2020-01-20,0.006476123717868938,0.0046598008360428924
2020-01-21,9.557202411145419e-05,-0.0016540005402884066
2020-01-22,-0.005567996276624669,-0.004836091124931255
2020-01-23,0.003827173777979437,0.004300190847335612
2020-01-24,0.01691168226356243,0.013942307733731394
2020-01-27,0.00444181863337439,0.003917090604879089
2020-01-28,0.0028447032737905706,0.0011330615895028106
2020-01-29,0.005396752946833785,0.004953574170939804
2020-01-30,0.004361255706289648,0.0007870435107314981
2020-01-31,0.004309901778053316,0.0022295122574081403
2020-02-03,-0.006901683444820585,-0.006349519942123396
2020-02-04,0.013791663060078296,0.013560895007608079
2020-02-05,0.016182221018361694,0.014263239175982748
2020-02-06,-0.011263387621547782,-0.009533843546651063
2020-02-07,0.002108214583684284,0.0034868101375804175
2020-02-10,-0.00027082160561406094,-0.0010729196523769583
2020-02-11,0.010503895249433008,0.008405782405688218
2020-02-12,0.004873089611499622,0.004196471115947758
2020-02-13,-0.0032496869040248718,-0.005149755086311677
2020-02-14,-0.006576980340828681,-0.0050123385454234
2020-02-17,0.0009591311855493783,0.0020281102780802807
2020-02-18,0.00559595360887084,0.004206474683569385
2020-02-19,0.001853958396943176,0.005531000341479464
2020-02-20,0.009780887097673269,0.008843558399556816
2020-02-24,0.0008790927884966399,-0.003097793206665314
2020-02-25,-0.005590569684031134,-0.005445871095653637
2020-02-26,-0.00605902435513125,-0.006943058056509676
2020-02-27,0.0014816204183646432,0.0011164515571374441
2020-02-28,-0.00332205134991876,-0.007137294532916777
2020-03-02,-0.016566626689553006,-0.01396757243873735
2020-03-03,0.01137652470542627,0.009981587515360976
2020-03-04,-0.01648513476149898,-0.015256088522726918
2020-03-05,0.009787492475946,0.008631628342386012
2020-03-06,-0.009707367271374157,-0.010587130978641071
2020-03-09,-0.02303731297554953,-0.02543465692816158
2020-03-11,-0.011443779781628239,-0.010717637808879124
2020-03-12,-0.04142168962187166,-0.04509763682387097
2020-03-13,0.018659961334779915,0.016794958791539256
2020-03-16,-0.060291723084509134,-0.060016419948553903
2020-03-17,0.00326485490990627,-0.0013434707967672657
2020-03-18,-0.046304127575827816,-0.04623247594364329
2020-03-19,-0.030578594376950253,-0.028741378387848886
2020-03-20,0.038402623386224924,0.04136545304925952
2020-03-23,-0.07001632312770692,-0.07991291146757462
2020-03-24,-0.041708323404200415,-0.02601930481679849
2020-03-25,0.025209164774234134,0.017108887763173115
2020-03-26,0.01732716500955271,0.023840171145473536
2020-03-27,0.006374048472228262,-0.0022792058267446817
2020-03-30,-0.018054783203546643,-0.019422342214363057
2020-03-31,0.024082494778993564,0.026036180100660264
2020-04-01,-0.009308006371350949,-0.017724513503795107
2020-04-03,-0.000764918136800065,0.00017393648641774763
2020-04-07,0.025488633615512367,0.029535771244293768
2020-04-08,0.018258974901289984,0.020430012715502356
2020-04-09,0.01537950678893353,0.025855352895095128
2020-04-13,0.012307791481973345,0.014532526203231765
2020-04-15,0.01620931193269128,0.013230226115909719
2020-04-16,-0.010749850763942359,-0.01045979232012495
2020-04-17,0.005894643330059642,0.01237746602584425
2020-04-20,0.003769641678417864,0.009265712922556882
2020-04-21,-0.003657558061061718,-0.008483696011224829
2020-04-22,0.008259051452915118,0.013473264092174508
2020-04-23,-3.179573588206583e-05,0.0004876704834395326
2020-04-24,0.0013459082161160667,-0.0025859685358756317
2020-04-27,-0.0014683413961815808,0.001359487589604877
2020-04-28,-0.0065115385450339285,-0.001775826036645796
2020-04-29,0.0015768161982139203,0.005830531119628367
2020-04-30,-0.001812269737548377,-0.0021887792370910678
2020-05-04,0.014403972067268983,0.002833138224891455
2020-05-05,-0.00759496255996057,-0.009340578846999497
2020-05-06,0.0017198296462245604,-0.001271180048053962
2020-05-07,-0.004430361088763679,-0.0056500093031205045
2020-05-08,-1.8911722498006012e-05,0.0010091050566441112
2020-05-11,-0.002959604698261965,-0.004784058383035828
2020-05-12,-0.02118225160723635,-0.02290409815960646
2020-05-13,-0.011739039405201272,-0.003228820935154231
2020-05-14,-0.013383853797450336,-0.012195342506890245
2020-05-15,-0.005538352369179407,-0.005876797634914095
2020-05-18,0.04775495586546488,0.022201534713329068
2020-05-19,0.006128831510903817,0.0038930346348675605
2020-05-20,0.008390683546876486,0.010925017190471672
2020-05-21,0.005058254452566675,0.004420120928241197
2020-05-22,-0.0005414341419058984,-0.0022473708077030996
2020-05-26,0.0034581429228701436,0.0019183270723270695
2020-05-27,-0.014941929767508615,-0.012370122442922923
2020-05-28,0.02363537287958583,0.021052197971331274
2020-05-29,0.005926244913843121,0.006946970143683539
2020-06-01,-0.0016578386922819293,0.002337661540172903
2020-06-02,0.029293260898974806,0.028792198483311437
2020-06-03,-0.001502743772054709,0.0020647975433207904
2020-06-04,0.00387798514086094,0.00544529341074585
2020-06-05,0.009257583216713444,0.012468573499894326
2020-06-08,0.003536749327204899,0.005092548400079928
2020-06-09,-0.012921954424367789,-0.012587652017578792
2020-06-10,-0.002471017406764146,-0.00044492679718318513
2020-06-11,-0.013683638346015086,-0.01540246382151936
2020-06-12,-0.006153084977040009,-0.004558605411483677
2020-06-15,0.00216826963727003,-0.0002477550930557211
2020-06-16,0.004401353020113378,0.0038552983205761985
2020-06-17,-0.0004051218928952218,0.0009512211545555905
2020-06-18,-0.03436195976633029,-0.02950961509476358
2020-06-19,0.007893949820149623,0.005644339415769905
2020-06-22,0.019776312883651604,0.01963235895148874
2020-06-23,-0.0016129889012586602,0.0034868215566838516
2020-06-24,-0.0077226045129725335,-0.005496646715828048
2020-06-25,0.0035596984199108782,0.0020179708704340955
2020-06-26,0.004058246190243107,0.005505336705187917
2020-06-29,0.0031402114796218127,1.9229878614955478e-05
2020-06-30,-0.004899898797312631,-0.002255937416792776
2020-07-01,0.003982095233925729,0.003777649418318171
2020-07-02,0.005101371507523274,0.004674323290588433
2020-07-03,0.007335145787370302,0.006572383302937045
2020-07-06,0.009804777496987717,0.009459813355350531
2020-07-07,0.0010162297578211394,0.0009034412581973329
2020-07-08,-0.01849134300034374,-0.018303269431830596
2020-07-09,-0.008213325792141358,-0.006484442574757375
2020-07-10,0.0015224288555263322,-0.0002439904435077283
2020-07-13,-0.0004594086319526917,-0.0005281570574947071
2020-07-14,-0.004550117532592361,-0.005568542939888355
2020-07-15,0.003397627144837651,0.0014983389331724912
2020-07-16,0.002724248963628188,0.003532457774567085
2020-07-17,-0.004921133098242197,-0.002852984894919166
2020-07-20,0.005874647705154164,0.007348871790075701
2020-07-21,-0.011109898259984782,-0.007813013017523143
2020-07-22,0.0008346277476621173,-0.00024419000317438234
2020-07-23,0.008422964775704816,0.009246094420377306
2020-07-24,0.00018641339642815535,0.00046176338956417293
2020-07-27,-0.004571318621817779,-0.004056038417316326
2020-07-28,-0.013491920071841003,-0.010480526780701592
2020-07-29,0.006195043031489821,0.006293127058289254
2020-07-30,0.005533508792157579,0.005910944823372242
2020-07-31,0.006623918779901122,0.008204418478319531
2020-08-03,0.00749641582633215,0.008185038534438758
2020-08-04,0.009605586731553496,0.009239713136074619
2020-08-05,0.0009213288950703947,-0.00013225418203699057
2020-08-06,0.004743589679183967,0.004160455900132461
2020-08-07,-0.003052680901207733,-0.0011759232840992408
2020-08-10,0.02195609900947513,0.02670814994494951
2020-08-11,0.001796346989373912,0.0009240990379478142
2020-08-12,0.0002866834149654095,-0.00014776048636297462
2020-08-13,0.006122499214772974,0.006721939701397597
2020-08-14,0.009305089396412643,0.006477459331676979
2020-08-17,0.0023661642184319483,0.0035698153796162955
2020-08-18,0.0041703413325050965,0.00547217271622978
2020-08-19,0.011471924156741278,0.01452567809553533
2020-08-20,0.008997893443972178,0.007022248284589472
2020-08-21,0.022726586388264573,0.023792593813415388
2020-08-24,0.014464521411300623,0.019142657114197298
2020-08-25,-0.002282487984728123,-0.001038469193234388
2020-08-26,0.01940465836668961,0.018176958303535624
2020-08-27,-0.015514419907359626,-0.007622437600224783
2020-08-28,0.01941781458080888,0.020612788661461285
2020-08-31,-0.023085521224066527,-0.028603560196846407
2020-09-01,-0.012149959857439283,-0.0081846683044212
2020-09-02,0.013735069701201296,0.01328446451958032
2020-09-03,-0.00980421921082994,-0.007500430330140926
2020-09-04,0.006128975124133353,0.000930061276391635
2020-09-07,0.042300054399379707,0.031545295201849524
2020-09-08,-0.015508056889362172,-0.013825139761771221
2020-09-09,-0.02251092814011948,-0.018097148367527075
2020-09-10,0.017230818173482,0.016292427599772452
2020-09-11,-0.010108793860374304,-0.00636916391660312
2020-09-14,0.006449499005919953,0.012782064030251929
2020-09-15,-0.0005848149832257355,0.009236745426931904
2020-09-16,-0.04027870318514357,-0.030442104909079302
2020-09-17,-0.010282497984206074,-0.013255428059601115
2020-09-18,0.004623737424877835,0.002999707799744137
2020-09-21,-0.032752111339654194,-0.032093499731365924
2020-09-22,-0.017732608858155467,-0.013013425868029553
2020-09-23,0.006234673415972885,0.00171569236357899
2020-09-24,0.0020172254496830426,-0.0027060364262902715
2020-09-25,0.011185423751784725,0.015034191134589333
2020-09-28,0.01670574730515263,0.015685822015296235
2020-09-29,0.004605367595759458,0.00527779056519748
2020-09-30,-0.005671514106308054,-0.005683022768373992
2020-10-01,-0.006962657351774164,-0.004016224235516592
2020-10-05,0.004566215055194656,0.0034043378572040203
2020-10-06,-0.0036289355751149477,-0.0020098803938447896
2020-10-07,0.007314201043791107,0.00483694334715043
2020-10-08,0.0017206132556163883,0.000511758201883221
2020-10-09,-0.01814494509617437,-0.015020719696968379
2020-10-12,0.016461122483453473,0.010978644216853265
2020-10-13,-0.008126820312153326,-0.005197437973952298
2020-10-14,-0.006970732671066837,-0.004985194207793232
2020-10-15,-0.005960712595674214,-0.007514739402558952
2020-10-16,0.0005384401045018207,0.003369415041697064
2020-10-19,-0.009193147083045514,-0.005045963134137403
2020-10-20,-0.004050394645117089,-0.003205566791342188
2020-10-21,0.0023638695070989737,0.002556882042442183
2020-10-22,0.0037811026698807886,0.00662567032279862
2020-10-23,0.0003333994114804087,0.0011482042267373903
2020-10-26,-0.008414760002867498,-0.007879259404056534
2020-10-27,0.007261683035901528,0.009270606092904159
2020-10-28,-0.0024755028882221795,-0.004908309030032241
2020-10-29,0.009998625187802392,0.011121479760596558
2020-10-30,-0.0018745161409295264,0.0021666347985642154
2020-11-02,-0.005263083421405339,-0.004254999482154292
2020-11-03,0.00927856609485574,0.00856586139692656
2020-11-04,0.010853084379280627,0.007367918416563219
2020-11-05,0.008467857893349622,0.009327131164379582
2020-11-06,0.0006544254408314258,0.0006053618633200535
2020-11-09,-0.006398134618499456,-0.0043407764616068415
2020-11-10,-0.00736945368737314,-0.007142893392003857
2020-11-11,0.004501740144358027,0.007020723402540836
2020-11-12,0.011561956263672887,0.010210827790232597
2020-11-13,-0.00707234801524827,-0.0033148932941742316
2020-11-14,0.007042316626966176,0.00684152495426315
2020-11-17,0.042616094762116315,0.034200440827273915
2020-11-18,0.012315434163276443,0.008182477732148344
2020-11-19,-0.0035304263016565952,-0.0034995513099320232
2020-11-20,0.010862339103673268,0.010780564706389158
2020-11-23,-0.004618581804160011,-0.003631860285459805
2020-11-24,-0.0031860864545397447,-0.0010322635980974403
2020-11-25,-0.013880336993489699,-0.012190223382421492
2020-11-26,-0.004336226849278597,-0.004951378021338464
2020-11-27,-0.007700432077565189,-0.0057301485319278915
2020-12-01,0.026139233214598177,0.02329308716063263
2020-12-02,-0.0023084220629407213,-0.0007167384872066329
2020-12-03,0.006216063699419098,0.008414851467837988
2020-12-04,0.017579153535224507,0.01774741770825169
2020-12-07,0.008608758720099467,0.010133598304712487
2020-12-08,-0.0032522153472497504,-0.0022951541931773393
2020-12-09,-0.005091449929290839,-0.003923425930869924
2020-12-10,-0.01228376821553429,-0.010015169907454739
2020-12-11,0.006070452516626824,0.004380415403554033
2020-12-14,0.0035229385651772706,0.0024362670993729706
2020-12-15,-0.008374799387937067,-0.0082232204722215
2020-12-16,0.0017670124739124057,0.0023548764503303872
2020-12-17,-0.0031275656182443816,-0.0026751281706672743
2020-12-18,0.010501881016470404,0.006641969497297935
2020-12-21,-0.020160943439126226,-0.021637526739017955
2020-12-22,0.011349535595869192,0.010266013178916553
2020-12-23,0.0029955369999650986,0.004448720423279449
2020-12-24,-0.0027998663588309656,-0.0012519088986302988
2020-12-28,0.00334414454484717,0.0026519141703171658
2020-12-29,0.0075007529830154775,0.007567557107799219
2020-12-30,-0.0007829815635515267,0.0005675317309481769
2020-12-31,-0.009016651392392327,-0.007905583670109538
2021-01-01,0.002715884804371688,0.0035324396125928728
2021-01-04,-0.005653213914907867,-0.0020092751695457364
2021-01-05,-0.0038466062842880664,-0.002925974296167791
2021-01-06,-0.012769418473666593,-0.011549302301273712
2021-01-07,0.008472891426042871,0.00808630504333957
2021-01-08,0.014141451674894348,0.013563271377235843
2021-01-11,-0.0013098470231767685,-0.00031111010635228545
2021-01-12,0.005853213138584221,0.00911085649805364
2021-01-13,-0.012157920716643345,-0.009814274243026404
2021-01-14,0.003221032717212013,0.002248731919503132
2021-01-15,0.0006543804033283186,-0.00020159237767879666
2021-01-18,-0.0049353645745992165,-0.004930812218955099
2021-01-19,0.00033029166118209077,0.00119689874461087
2021-01-20,-0.0015135638689766921,0.0018008296544135545
2021-01-21,-0.000988785814247896,-0.0021905610603210647
2021-01-22,-0.004390834225176827,-0.003023938941716333
2021-01-25,0.010636092307290757,0.008693642315182997
2021-01-27,-0.010462594958086335,-0.00967603824131762
2021-01-28,0.003550252863863168,0.0020527909292584216
2021-01-29,-0.008986441202706506,-0.006650781836596779
2021-02-01,0.0038969909105545,0.006436696804103409
2021-02-02,0.013150164720804033,0.012759409810317828
2021-02-03,0.015614335252995833,0.016305396679733068
2021-02-04,0.011457040596256867,0.012319127549520591
2021-02-05,-0.006946354294966395,-0.005425930518996433
2021-02-08,0.002275633553893823,0.0032588524557053402
2021-02-09,0.001933861081414075,0.002542169140244889
2021-02-10,-0.005287235398139396,-0.004756100011209696
2021-02-11,0.018219506557460994,0.01673511360521396
2021-02-12,0.005049330861620958,0.0032305784439164743
2021-02-15,-0.001111895875348403,0.0019627660001585714
2021-02-16,0.009548555065081841,0.012920882857694445
2021-02-17,0.0006086003749700365,0.0042468026822273675
2021-02-18,0.011240772760166265,0.010941107432516584
2021-02-19,-0.011874021359958416,-0.012277312444698658
2021-02-22,-0.013760970604010788,-0.01337665480853043
2021-02-23,0.004621551361595852,0.004215307966460082
2021-02-24,0.001957195612888549,0.0027735246955191218
2021-02-25,0.008749832497186933,0.008919810986858378
2021-02-26,3.79222504756074e-05,-0.0020484657081602975
2021-03-01,-0.0029479596405013048,-0.0007099058947478204
2021-03-02,0.015783098166316723,0.018360813600276353
2021-03-03,0.0032342265441641605,0.003958984118011207
2021-03-04,0.015418995579512795,0.0146261774051603
2021-03-05,-0.0013013383032505228,-0.0019353380640358651
2021-03-08,0.005660737490031081,0.007462444996101422
2021-03-09,0.006552531616220627,0.006030994295936547
2021-03-10,-0.0077571564167319956,-0.004987994617802057
2021-03-12,0.008789998775776986,0.007907909293509506
2021-03-15,-0.004264859016165266,-0.004008418808494063
2021-03-16,0.0032502871232884993,0.003427931368126729
2021-03-17,-0.02001468668162091,-0.02142184012670928
2021-03-18,0.0003550369614960013,-0.0016005591056850795
2021-03-19,0.018612674058453144,0.015326331576616958
2021-03-22,-0.002157007214139207,-0.00012461383258560076
2021-03-23,0.007611752856560639,0.008321552640561518
2021-03-24,-0.009540025675769035,-0.010898785225552158
2021-03-25,-0.02519409677315213,-0.0233102800663889
2021-03-26,0.03984127250275464,0.03685222833443631
2021-03-30,0.02136438914223035,0.022409148505370454
2021-03-31,-0.0019804276164363376,-0.002322770638640076
2021-04-01,-0.00884295744883526,-0.0045537185341645355
2021-04-05,-0.008516974538543587,-0.009926416641326397
2021-04-06,-0.0024595666477958676,0.00013454446184031502
2021-04-07,0.011097811577133894,0.011284252853405518
2021-04-08,-0.012841111028654695,-0.009901375962938557
2021-04-09,0.02239823975266313,0.020392432838479142
2021-04-12,-0.027158269468633776,-0.030119836156279552
2021-04-13,0.0022570700790676664,0.002603452627379021
2021-04-15,0.003972238228001433,0.0036810922381236557
2021-04-16,0.010718520705471118,0.012883265506271963
2021-04-19,-0.005070298015121114,-0.006722172335428275
2021-04-20,-0.005089325944528936,-0.005618850988504785
2021-04-22,0.005810817661841498,0.0042154919990261205
2021-04-23,-0.004869576227498081,-0.0028351404638151116
2021-04-26,0.007972753242567188,0.008859776207296036
2021-04-27,0.008571204380726416,0.008295761908359766
2021-04-28,0.0010547031304562527,0.003261703575777578
2021-04-29,-0.002010276255673207,-0.0009190568328149514
2021-04-30,-0.0037213478104064996,-0.003606303469916021
2021-05-03,0.0032527016074368445,0.004385455917887651
2021-05-04,0.003497388133868133,0.003005897772047607
2021-05-05,0.005089855454645463,0.009567761444565621
2021-05-06,0.005116842806442971,0.004764382875636862
2021-05-07,0.006493424533523194,0.004360344933308134
2021-05-10,0.007873180768958501,0.007548983238742844
2021-05-11,0.00814898070694427,0.0073991932749616724
2021-05-12,0.004461341657861993,0.0012817459670728792
2021-05-14,-0.0050891262996142165,-0.005998536233750146
2021-05-17,0.006735808468950683,0.007108816844555409
2021-05-18,0.007708545583971998,0.010007045811453497
2021-05-19,-0.008076479181896603,-0.0056614762913755135
2021-05-20,-0.01147945490272278,-0.011418702117757328
2021-05-21,0.00026598646011540006,0.0011977847063010234
2021-05-24,0.008968493139832022,0.009695981293909509
2021-05-25,-0.005471130631053623,-0.0044326046267861375
2021-05-26,0.0009312669700104398,0.0013697161583180843
2021-05-27,0.0020016082414346936,0.0030717614285508056
2021-05-28,-0.005745037279050534,-0.006785652937579003
2021-05-31,0.008275979035564622,0.006729168627747009
2021-06-01,0.00030717626060903786,0.000331854397334673
2021-06-02,0.010058429166379702,0.01059367204746904
2021-06-03,0.012440461863038602,0.013641330909020793
2021-06-04,-0.010169761095272458,-0.011053876410354796
2021-06-07,0.00881030109099856,0.008968162162164743
2021-06-08,0.008896163896692117,0.007887217779574318
2021-06-09,0.006026517535818786,0.003512308482639651
2021-06-10,-0.005717799875247158,-0.0038826415755640036
2021-06-11,0.008763364448118257,0.007161998405693672
2021-06-14,-0.00763013756151178,-0.007207809389528229
2021-06-15,0.006145458335873741,0.004222637087631613
2021-06-16,0.0009312757724194945,0.0014508818189461045
2021-06-17,-0.0025926624046361045,-0.0036458147180929473
2021-06-18,0.009361177010477494,0.006884063135304152
2021-06-21,0.01595483431164568,0.014802324900114943
2021-06-22,0.00914339698530647,0.008126437962909171
2021-06-23,-0.004652019094493155,-0.0039388762946963585
2021-06-24,0.002725396684374741,0.001263465142235301
2021-06-25,-0.004522157718030466,-0.0038370117241426065
2021-06-28,-0.00010922437960943709,-0.0004332005125146088
2021-06-29,-0.007952264186871318,-0.005581653476509063
2021-06-30,0.010205351986768831,0.008787178485661558
2021-07-01,-0.0032110293381833054,-0.0017122550578595888
2021-07-02,0.0029990516409332743,0.005221484979284817
2021-07-05,0.0038178239930118274,0.004610214610573438
2021-07-06,0.006848514537337736,0.002611088008700778
2021-07-07,-0.0028321337197104307,-0.0016905216661466608
2021-07-08,-3.2969566554589215e-05,-0.0011306369497978098
2021-07-09,0.0025538364984902476,0.002864825129748146
2021-07-12,0.00475507314854952,0.004610672702195233
2021-07-13,0.0010126280567815758,0.001431272275522936
2021-07-14,-0.0020481037137313387,-0.0020947736837937164
2021-07-15,0.002715403703748655,0.003547138867880996
2021-07-16,0.004857878581877853,0.005017449539530595
2021-07-19,0.012904977509821575,0.011853492702755366
2021-07-20,-0.006418417046754679,-0.008188423624688322
2021-07-22,0.00780684195044734,0.011239102026557198
2021-07-23,-0.004425453838381122,-0.004790791414764364
2021-07-26,-0.0008825742921021683,-0.0009631248561561572
2021-07-27,-0.00692244813730755,-0.006012403809081456
2021-07-28,-0.0007588441500706991,-0.0025982023020979113
2021-07-29,0.0017841554730716,0.00018748063931084072
2021-07-30,0.01548643069251723,0.011174031487727644
2021-08-02,0.023673693032238045,0.01980727290535412
2021-08-03,0.0015416456067447845,0.0036661429659846445
2021-08-04,-0.02150365471948807,-0.015055256507450506
2021-08-05,0.0024346703423342407,0.001982532787076334
2021-08-06,-0.01260712043222493,-0.009846616059229882
2021-08-09,-0.003271630378918198,-0.00504572737319237
2021-08-10,0.02054613347253459,0.011382447957195351
2021-08-11,0.0017052077893330454,-0.0012889655926514104
2021-08-12,0.007953481870591349,0.008289680945705476
2021-08-13,0.014730350299181696,0.009802843000400392
2021-08-16,0.0025693943433457433,0.002512702668623242
2021-08-17,0.011853459738351039,0.0140057117455718
2021-08-18,0.0016923593438365905,0.001585134300998278
2021-08-20,-0.0012960785160044254,-0.0070121925676366525
2021-08-23,-0.003927113112187384,-0.004893302422988302
2021-08-24,-0.0032329456884568047,-0.0010978420127011794
2021-08-25,0.003536161432931223,0.003429101584844939
2021-08-26,0.00358886848790635,0.002255866904621386
2021-08-27,0.0022572428361205456,0.004453297667236055
2021-08-30,0.007615136864198648,0.00898080456544431
2021-08-31,0.0029439501793222835,0.003908467713408431
2021-09-01,0.009436219833486668,0.006805870632741509
2021-09-02,0.0039930162588156385,0.006380351428270375
2021-09-03,0.002489538159160716,0.00271261445130025
2021-09-06,-0.005056280603765589,-0.0036887758361459112
2021-09-07,0.00558547099186876,0.004414116354642033
2021-09-08,0.0012412764517759657,0.0016565737549894082
2021-09-09,0.023679877978069565,0.02050664423489408
2021-09-13,0.004436674455873567,0.0025589593413445693
2021-09-14,0.0015870939197705697,0.0012110271762805843
2021-09-15,-0.0011576572793948257,0.00015663776564506124
2021-09-16,-0.001368966122331861,-0.0002108689131107597
2021-09-17,-0.004146343555806204,-0.00306394040002444
2021-09-20,-0.001379917674886652,-0.00362611832884904
2021-09-21,0.008871352155571317,0.006893731554470145
2021-09-22,0.006383593705446082,0.006677496636002951
2021-09-23,0.0036936953137717684,0.004726208851553686
2021-09-24,0.0020189229850497824,0.002277454444043426
2021-09-27,-0.009937293612137577,-0.009278644612761075
2021-09-28,-0.0045211674277166386,-0.005159383467252507
2021-09-29,-0.013033099446960105,-0.00844250557549429
2021-09-30,0.01761201012553605,0.014326465441129149
2021-10-01,0.02381950343815153,0.019172623393494112
2021-10-04,0.011121274216142816,0.009353643821621013
2021-10-05,-0.0026129678621549836,-0.0022973229324839152
2021-10-06,-0.023045249458178572,-0.019155444921251902
2021-10-07,0.008054582195889263,0.009399953784116968
2021-10-08,0.004740634909195886,0.004374431899138689
2021-10-11,0.011404010163173647,0.01084505328157989
2021-10-12,-0.0017908643792746881,-0.0009645688705671542
2021-10-13,-0.0013131930742427242,-0.00022636674584945574
2021-10-14,0.002612769753462819,0.002171380716700139
2021-10-18,0.004122100350178621,0.002876219753930288
2021-10-19,-0.019979718249966638,-0.01836819118697344
2021-10-20,-0.0034462244463430406,-0.006845589809755821
2021-10-21,-0.0012833126078264814,-0.0010689508524913066
2021-10-22,-0.0007752457057125445,0.0009649280367716889
2021-10-25,0.0007334802546659193,0.00027799378700999887
2021-10-26,0.0005922028378021265,0.002110959552820561
2021-10-27,0.014510839354339866,0.013704424428131997
2021-10-28,-0.007357814888953989,-0.007354783701880534
2021-10-29,-0.00494765630752235,-0.004265318207843635
2021-11-01,0.008690430592868071,0.010254702658735515
2021-11-02,0.004060589245168579,0.004553845740172171
2021-11-03,-2.8690062212675385e-05,-0.00028975502788045163
2021-11-04,0.008747234198642172,0.008608892089969162
2021-11-08,-0.004301289791298355,-0.0012889435291645241
2021-11-09,0.005041484074586407,0.004802551893922602
2021-11-10,-0.0022609471871549492,-0.0015870846150846767
2021-11-11,0.0036993552412300543,0.0031397694268506427
2021-11-12,-0.001774595228544085,-0.0011869274150096705
2021-11-15,-0.0036428386180856463,-0.002765199011604198
2021-11-16,0.003459664896334516,0.001931791167035198
2021-11-17,-0.0029918078075649498,-0.0018590538469499117
2021-11-18,-0.0074859803121498265,-0.008647498731268341
2021-11-22,-0.003789105577737216,-0.006929731963206981
2021-11-23,0.008778744222912983,0.009355848938276828
2021-11-24,-0.012747793477222366,-0.011580395506265436
2021-11-25,-0.005217503053624101,-0.004170624964493301
2021-11-26,-0.005690757646335284,-0.008831423005753701
2021-11-29,-0.0020534963637496326,-0.0021553946054871766
2021-11-30,0.0031973044496841825,0.0042357366558289445
2021-12-01,-0.013384098480866427,-0.012624056635003645
2021-12-02,0.004891750509672878,0.007155356834276445
2021-12-03,-0.009414262761111453,-0.008833834136463605
2021-12-06,-0.008856226828068981,-0.009626137975440425
2021-12-07,0.007974192261229807,0.008859946246112058
2021-12-08,0.0028900293425812964,0.0038708566867418884
2021-12-09,-0.000939583257616224,-0.00036162992426894965
2021-12-10,0.004858466954949165,0.005007872291989784
2021-12-13,-0.00022438051296240328,-0.0006830613749653397
2021-12-14,-0.0015105099417596767,-0.0009781792353219625
2021-12-15,0.0038733348952404746,0.003359395674765372
2021-12-16,-0.005089178937235995,-0.005146721276651155
2021-12-17,-0.00021540826578066922,-0.0008495750159317008
2021-12-20,-0.015650490716877664,-0.0159685477543247
2021-12-21,0.0031184296501868035,0.004849759817825412
2021-12-22,0.007942400480988585,0.00796135151351587
2021-12-23,0.00473633506581181,0.004857002540147847
2021-12-24,-0.0059913623507117314,-0.006733912886437823
2021-12-27,-0.002382573981705571,-0.0008032542213322331
2021-12-28,0.0160849936966287,0.015714740083434767
2021-12-29,0.0024597415649131394,0.0029778546518867003
2021-12-30,0.001823676025179177,0.0018007304390115554
2021-12-31,0.0020685205336121574,0.002766255665712515
2022-01-03,0.005662830607458391,0.005622563903821229
2022-01-04,0.013434061930020346,0.011122850035451659
2022-01-05,0.006542880198119423,0.004991546780578548
2022-01-06,-0.008644533930554314,-0.0073450157625116865
2022-01-07,-0.002526590556663054,-0.0030394906332736104
2022-01-10,0.0007414099084427762,0.0013760946378804436
2022-01-11,-0.0039888961377021,-0.003452352642623707
2022-01-12,0.006645168567067577,0.007397036314897541
2022-01-13,-0.0009790385641253686,0.0005857333813638632
2022-01-14,-0.006805981066879463,-0.004853996631919153
2022-01-17,0.004542705810662293,0.0035303996685636828
2022-01-18,-0.008581139727573132,-0.010339095105630282
2022-01-19,-0.011764842685139287,-0.010765251901816188
2022-01-20,-0.009237308379491405,-0.008339141821133121
2022-01-21,-0.006736519657633029,-0.00799422374735767
2022-01-24,-0.02419130884220932,-0.025488708397885057
2022-01-25,0.011653468649988442,0.010536287904858102
2022-01-27,-0.010116622204599466,-0.00918981840426162
2022-01-28,0.002904377557544108,0.003550208497873928
2022-01-31,-9.756365086206731e-05,0.0021458001941425
2022-02-01,-0.003152656029000907,0.00022417678270273789
2022-02-02,0.010056382058977202,0.009355858909673269
2022-02-03,-0.0065454347440414735,-0.005059938301343795
2022-02-04,-0.002811612046785248,-0.0029460287892867907
2022-02-07,-0.014955516378585465,-0.013755147939239919
2022-02-08,-0.005851657191667327,-0.005078829469304522
2022-02-09,0.017642394047071668,0.01619347190471938
2022-02-10,0.0015647464602739384,0.0024012472209729062
2022-02-11,-0.010471390629308783,-0.010275162306676628
2022-02-14,-0.011518993269511245,-0.014408894109767681
2022-02-15,0.007929560506204044,0.009805384674666993
2022-02-16,0.010284675299029858,0.009350677212506627
2022-02-17,-0.0005277485396990992,-0.0012566188798709172
2022-02-18,-0.005918897568278907,-0.005309561114960341
2022-02-21,-0.007657361062493712,-0.009074103146613817
2022-02-22,-0.004861867100275046,-0.004586795093826423
2022-02-23,0.005093101676258151,0.003715662402019672
2022-02-24,-0.028146276568527605,-0.030225919965605145
2022-02-25,0.019921642763885986,0.02144373991987991
2022-02-28,0.007424756884267096,0.007761673694765785
2022-03-02,-0.013302837137321026,-0.013725225502284532
2022-03-03,-0.010648218565992233,-0.010904937524306702
2022-03-04,-0.013427541879343379,-0.013603208203143893
2022-03-07,-0.017741382734192873,-0.01795771975871523
2022-03-08,0.010766129320340611,0.0121549301394011
2022-03-09,0.00944049607728126,0.008913417936881616
2022-03-10,0.012947029240305467,0.01303738581975756
2022-03-11,-0.004324263573725434,-0.0014650735335706307
2022-03-14,0.0005125070743777849,0.0006520310275870446
2022-03-15,-0.006064532344562607,-0.006049091252096795
2022-03-16,0.010079117807713946,0.010486728547885254
2022-03-17,-0.0025049600066962894,-0.0014078308609954617
2022-03-21,0.009609038229871542,0.00812722309534104
2022-03-22,-0.007272070591811251,-0.005688078944817917
2022-03-23,-0.011504955577174174,-0.010668286600791131
2022-03-24,-0.005266405110719488,-0.005059974485568652
2022-03-25,-0.002913076549006465,-0.002264549482026465
2022-03-28,0.0010976794279376981,0.001619145968028252
2022-03-29,0.014830492318921763,0.01364421280309212
2022-03-30,0.009279895756331289,0.010097203655169192
2022-03-31,0.00362689928728004,0.003575974771878295
2022-04-01,0.00936523213495333,0.008478918694199774
2022-04-04,0.009550133859930284,0.010072683006526856
2022-04-05,0.005755029436941537,0.006298481515197315
2022-04-06,-0.0005998978404571864,0.0003381522916563462
2022-04-07,0.006737640972119591,0.006487379687279409
2022-04-08,0.0044200327946250385,0.004888523199085967
2022-04-11,0.0051935449552337485,0.006344419530422748
2022-04-12,-0.014101121964415094,-0.013286200565618146
2022-04-13,-0.0004783086817853863,-0.0005978059779210972
2022-04-18,-0.006488923787585961,-0.007005544168091277
2022-04-19,-0.008208252278895673,-0.007560134252406616
2022-04-20,0.012030589348206007,0.011004849684256576
2022-04-21,0.0031785279195370797,0.004397427932394562
2022-04-22,-0.006264309504243259,-0.00543144902067331
2022-04-25,-0.013583836317593703,-0.013070584697794423
2022-04-26,0.0030565602168598346,0.003644027978836568
2022-04-27,-0.005172593271500143,-0.005542601833932713
2022-04-28,0.01228565363858639,0.011237264787795407
2022-04-29,-0.005710546397125243,-0.005386068583437443
2022-05-02,0.0058333311925715245,0.004454956329340707
2022-05-04,-0.012233503721457895,-0.015066770726857777
2022-05-05,0.0025683518102693685,0.0010790636273428041
2022-05-06,-0.008203522933190998,-0.008384597439435362
2022-05-09,-0.0031782301190622945,-0.004369362821794354
2022-05-10,-0.004976110600460076,-0.005494321656335761
2022-05-11,-0.005314297504421595,-0.0051269691221101765
2022-05-12,-0.011053173434837204,-0.012322629994100652
2022-05-13,0.008193143854424236,0.00786875447131963
2022-05-16,0.001061385511472085,0.0029021687647146784
2022-05-17,0.0042068547317983835,0.0074086812281423395
2022-05-18,0.008462121632499178,0.009138895859588533
2022-05-19,-0.01106189239652119,-0.011989938712766436
2022-05-20,0.015798687889411613,0.014849808225407088
2022-05-23,0.00655268464103576,0.0054840370894698705
2022-05-24,-0.001799921529154109,-0.0020195452655990902
2022-05-25,-0.0017275725038802495,-0.004025258683572519
2022-05-26,-0.0007822065520654011,0.00046519335684555444
2022-05-27,0.006570151064559147,0.007616591063121652
2022-05-30,0.005948649030440338,0.0072203201585779074
2022-05-31,-0.007124215701281225,-0.007142116685623567
2022-06-01,-0.007364122494809704,-0.0066261610698513445
2022-06-02,0.0017850470071664245,0.0013270452822789652
2022-06-03,-0.013804395850748122,-0.01344517321555171
2022-06-06,-0.001510539599493471,-0.0010985258017507387
2022-06-07,-0.021344803877178308,-0.018684286636583967
2022-06-08,-0.005025258738982812,-0.004353961348995307
2022-06-09,0.0029366269353226187,0.003444759066748031
2022-06-10,-0.00408995294626618,-0.003133560273905236
2022-06-13,-0.006891268556399045,-0.007451020572268572
2022-06-14,0.002036814225278099,0.001987761843666956
2022-06-15,0.0013936218538437555,0.0013302645783693065
2022-06-16,-0.018548657034237175,-0.01831869613751073
2022-06-17,-0.018140426771549593,-0.017141217532584158
2022-06-20,0.014233491383273848,0.011280265656937911
2022-06-21,0.0016694955018809819,0.004423201165510628
2022-06-22,-0.003762162406882563,-0.0036375314336133686
2022-06-23,0.013765869909669519,0.013463137251927756
2022-06-24,-0.0004905652825956581,0.0005539531453842446
2022-06-27,0.009428792673710733,0.008859938796340274
2022-06-28,-0.001150739968985405,0.0003214875302404603
2022-06-29,0.007038933164686276,0.007437938517463569
2022-06-30,0.015594980662617842,0.013805209131019361
2022-07-01,0.014074649259005815,0.012125236206399352
2022-07-04,0.016352683708401122,0.01577177261092506
2022-07-05,0.006296560757198649,0.006250106081511083
2022-07-06,0.02078846700883271,0.02066184589980275
2022-07-07,-4.029045170283931e-05,0.00043076998395645116
2022-07-08,0.00521687317112735,0.005725201707221165
2022-07-11,-0.0060561371655852856,-0.004306130925454116
2022-07-12,-0.008510752533828415,-0.008834401169721545
2022-07-13,0.004380045047434392,0.0034426289596286674
2022-07-14,0.00841794663273301,0.008439274815560668
2022-07-15,0.01285382977062633,0.012911522122683884
2022-07-18,0.010960448349819981,0.010585073359050335
2022-07-19,0.0076854359811257406,0.006834535217003101
2022-07-20,0.002640228033975495,0.001319608645357369
2022-07-21,0.009805068944354747,0.010287827544717283
2022-07-22,0.010069945211080478,0.009301492622463006
2022-07-25,-0.0025641560301108406,-0.003089197355294805
2022-07-26,-0.009555964908918836,-0.009320478023257708
2022-07-27,-0.0037022373291096984,-0.002480110793617915
2022-07-28,2.9143124943376963e-05,-0.00039325906048350706
2022-07-29,0.019380176765807645,0.018715568266922313
2022-08-01,0.0026079361151276764,0.00406113374437293
2022-08-02,0.011183698144609545,0.010062716944808911
2022-08-03,0.0022778170389463,0.000917965380445648
2022-08-04,0.005021967220617034,0.004792319974920243
2022-08-05,0.0010532554193198964,0.0015940755243938332
2022-08-08,0.0029404100335999953,0.003583588110258624
2022-08-10,0.006679460868416337,0.00550540841795618
2022-08-11,-0.005524317343870065,-0.00478303228316934
2022-08-12,0.004050346649970914,0.0030139350324473522
2022-08-16,-0.010399838190018103,-0.007999267294632819
2022-08-17,0.007206442752735275,0.0073511481800774305
2022-08-18,-0.003396445376617673,-0.0031941396402793564
2022-08-19,-0.00295150845386793,-0.0028567698806231034
2022-08-22,0.0017396370198150023,0.0007317478033654118
2022-08-23,-0.0024954908412221275,-0.0015379514198662107
2022-08-24,0.007796878249628496,0.0076548494883522875
2022-08-25,0.005731812339866167,0.0042674560600036125
2022-08-26,-0.00042847022045268597,0.00038607340426970415
2022-08-29,-0.007879231154448461,-0.0072722706434736675
2022-08-30,0.0014823949651596997,0.0023052262902027334
2022-09-01,-0.0075809300792249006,-0.006888444386087151
2022-09-02,-0.0032094934790307117,-0.002600775169489193
2022-09-05,0.003707933109652255,0.0037821122054515367
2022-09-06,0.006896422239497391,0.0061267423165507085
2022-09-07,0.003704557882972825,0.005190420849413467
2022-09-08,0.0009292399207431825,0.0016482847889238122
2022-09-09,7.16792952437787e-05,0.0005896502946952668
2022-09-12,-0.010697852153844955,-0.00849094794408277
2022-09-13,0.011294383376630864,0.010566443383400787
2022-09-14,-0.0018703551421367563,-0.0016461466411333693
2022-09-15,0.006502444942628962,0.0060208393708885265
2022-09-16,-0.02745974660637493,-0.026820185922735697
2022-09-19,-0.005991287751765513,-0.004622943219710602
2022-09-20,0.02581329795882068,0.023863669839279084
2022-09-21,0.010127033006728283,0.0073528118208579605
2022-09-22,-0.0026431288164375072,-0.0004477798811480389
2022-09-23,-0.00347405555782171,-0.004424478221149084
2022-09-26,0.0015758562341421302,-0.0018326500087856388
2022-09-27,0.007558780263672821,0.006759670589443472
2022-09-28,-0.0013640991141824356,-0.001368261730702619
2022-09-29,0.011406307467704513,0.011641059046855728
2022-09-30,0.00902720972630025,0.009433432330891604
2022-10-03,0.0020741703998830643,0.0010633435166624264
2022-10-04,-0.0020684710767764816,-0.00047969178497779454
2022-10-06,-0.011517490009238546,-0.010141265880503536
2022-10-07,-0.0014338713969442424,-0.0019861759317920556
2022-10-10,-0.004757300809684497,-0.0047790808956696225
2022-10-11,-0.003626752837688302,-0.003693968691812013
2022-10-12,0.00015768220897081155,0.0005413660569422527
2022-10-13,-0.002575848633343733,-0.0027630332717640278
2022-10-14,0.003846601677323747,0.0037156006028335234
2022-10-17,-0.000778983065642866,-0.00038387568202378184
2022-10-18,0.0005851312065902377,0.001462345253564501
2022-10-19,0.0014736370157293153,0.0019599284650954466
2022-10-20,0.00022096518183874905,0.0001262838729119253
2022-10-21,-0.0007294053497873248,-0.0015561430996176991
2022-10-24,0.0004632355207859689,0.0010185419643135186
2022-10-25,0.004405749803421212,0.004094774158950157
2022-10-27,0.007315227293022541,0.0074946419778583314
2022-10-28,-0.00491105286311913,-0.004864714174846083
2022-10-31,0.01750774657395961,0.016182136389204516
2022-11-01,0.012393911043885828,0.011959933827054969
2022-11-02,-0.008425409785722109,-0.010053958462440143
2022-11-03,0.012749573027920109,0.011046040404867969
2022-11-04,-0.0008068564024689775,0.0006297948242557826
2022-11-07,0.0003655677614173114,-2.552571658919953e-05
2022-11-09,0.008245339389789032,0.006161332783151758
2022-11-10,-0.014149114456543994,-0.012193922253174496
2022-11-11,-0.007206646264877478,-0.006182144893153657
2022-11-14,-0.009666619284885002,-0.00786416736996422
2022-11-15,0.0007979095772199208,0.0011846171543877472
2022-11-16,0.003658833679679199,0.0018618159206109956
2022-11-17,0.008540429835478846,0.007504532315981209
2022-11-18,0.0039829306900236675,0.003603573403874129
2022-11-21,0.018719997233501758,0.014214959324507937
2022-11-22,0.021756711609267024,0.016064574504845074
2022-11-23,-0.0015506865556526091,-0.0010866343674638635
2022-11-24,0.011323958330071696,0.010407568479555842
2022-11-25,-0.0038448676781741137,-0.0033273430573343998
2022-11-28,0.014529362716504032,0.014196193931844214
2022-11-29,0.0019515682515622618,0.00231954779593179
2022-11-30,0.0046720823637448955,0.004792569798173768
2022-12-01,-0.0036246453447395352,-0.002308302607521073
2022-12-02,-0.005649896867024614,-0.004746433220840338
2022-12-05,-0.009696720119444878,-0.01007546598123178
2022-12-06,-0.005287500125449967,-0.004851362629951627
2022-12-07,0.010711370174954219,0.009812732517784499
2022-12-08,0.0005493785126647067,0.0017612703733593691
2022-12-09,-0.002583861832622182,-0.0024463235849330107
2022-12-12,-0.007875951779510119,-0.006350648204030507
2022-12-13,0.01072527471749255,0.01167667013594472
2022-12-14,0.0031635601737262965,0.002819520951118849
2022-12-15,-0.004413631352248402,-0.005008284459795936
2022-12-16,0.00765863653206687,0.005361861010782298
2022-12-19,-0.0010504085105034985,-0.00021839916798007753
2022-12-20,-0.006459004336157763,-0.0053779552843816174
2022-12-21,0.004532894473239946,0.0036020366036414123
2022-12-22,0.00041810773625554885,-0.000224887960636652
2022-12-23,-0.0093894187986707,-0.011396395827794024
2022-12-26,0.0016636379524315413,0.0024168293840161215
2022-12-27,0.001024070883010526,0.0023999020344178156
2022-12-28,0.004643689391476928,0.003791267154402269
2022-12-29,0.0015124016948757854,0.0007815168772751694
2022-12-30,0.0008490142238951786,0.0012560518116331184
2023-01-02,0.0014780347226353687,0.0011906830117108138
2023-01-03,0.007110537161926171,0.00621121322319514
2023-01-04,0.002425700994976988,0.0024879032076673795
2023-01-05,0.005748165344969374,0.0056055961081760974
2023-01-06,-0.0018387999230361108,-0.002504250467841772
2023-01-09,-0.0005469309051681288,0.00015949225288772032
2023-01-10,-0.00402137581480745,-0.004038279159060139
2023-01-11,0.0006237248568565947,0.0001350322535424716
2023-01-12,-0.0027546717911774055,-0.002968805434912513
2023-01-13,-0.003812968764442366,-0.0031493206429624087
2023-01-16,-0.003724072148046968,-0.002965338238292147
2023-01-17,-0.005158768107657806,-0.004349977645895137
2023-01-18,0.004954081754766085,0.004959760143795735
2023-01-19,-0.0031033384296189712,-0.0024163613845326693
2023-01-20,-0.0037154822022757153,-0.004227159216172586
2023-01-23,-0.002541176252626094,-0.0027047570593604934
2023-01-24,-0.0047724064927738615,-0.004241108225759237
2023-01-25,0.0055222486287006085,0.004179697604540655
2023-01-27,0.02191743929658299,0.017024664673697194
2023-01-30,0.0013741906044580756,0.0005385123720716637
2023-01-31,0.0002574173033362665,0.0015356532644775457
2023-02-01,0.016507765888602585,0.012861552729451668
2023-02-02,0.014537729766115452,0.012878497417530412
2023-02-03,0.002943969922482352,0.00411392207155825
2023-02-06,-0.015175313331534507,-0.011168664772488353
2023-02-07,0.0035337476486653387,0.0034484551559414074
2023-02-08,-0.00895308230841545,-0.006145219625496708
2023-02-09,0.0018300312539657054,0.00033116710339706115
2023-02-10,0.00016677200954878877,0.002319310238274342
2023-02-13,-0.01385425189519445,-0.012216621500660206
2023-02-14,0.004347490230073519,0.00358664526867058
2023-02-15,-0.0022896844482011057,-0.000585155792871611
2023-02-16,1.7169836164066627e-05,0.0009337270511348123
2023-02-17,-0.00010864556318128187,-0.0003204514123099708
2023-02-20,-0.006552230672441688,-0.004364638062089357
2023-02-21,-0.0021006275054454905,-0.0018852515153537225
2023-02-22,0.008187808127997902,0.0063020038768609446
2023-02-23,1.614299501198125e-05,0.0002933597622257637
2023-02-24,-0.003741009878161533,-0.0027518231883618457
2023-02-27,0.003731344375008528,0.0026923343597798854
2023-02-28,-0.008712891691199499,-0.0070667451868001415
2023-03-01,0.0004851382315455504,0.001049188632036034
2023-03-02,-0.011715118725911817,-0.011081152618141908
2023-03-03,-0.004936461923239152,-0.003987720987336159
2023-03-06,0.0067095090844209605,0.006400864212703828
2023-03-08,-0.005220883287426591,-0.004208951001631687
2023-03-09,0.0016033934307068472,0.0014509004167008342
2023-03-10,0.0018188374850768639,0.0012439120063508762
2023-03-13,-0.004774900724548806,-0.005745335246176655
2023-03-14,-0.0033698040115594328,-0.0034278032439148003
2023-03-15,0.003043096171638661,0.0025387594659660217
2023-03-16,-0.010870941994894575,-0.00962356243615609
2023-03-17,0.0004485514952429809,0.0009139262445566738
2023-03-20,0.003668438451202959,0.0031120814879118763
2023-03-21,0.0036871336201515325,0.004116939532154804
2023-03-22,0.009966837193522553,0.008817600018859718
2023-03-23,0.006967163236163586,0.005880170333785096
2023-03-24,-0.001275604876036466,-0.0012002130559429296
2023-03-27,-0.0025735021727722384,-0.0023523211329533264
2023-03-28,0.005414839214794844,0.005115344587439043
2023-03-29,0.005259629613820345,0.006621656994573121
2023-03-31,0.008372831360059391,0.0074673759582263
2023-04-03,0.0010089283309694871,0.0011603413436683274
2023-04-05,0.005489379132015209,0.0049086604839529676
2023-04-06,-0.0032364637626182565,-0.001919368964815627
2023-04-10,-0.006226627048062369,-0.0028775571303191892
2023-04-11,0.007348495003793143,0.006274617719603361
2023-04-12,0.003307806555611503,0.0029547090562710766
2023-04-13,0.0006972281179455244,0.0012242850440151965
2023-04-17,0.0018059316246281459,0.0017261653788827216
2023-04-18,0.0028470682840527547,0.0023032413537291086
2023-04-19,0.003411671966114696,0.002718921513842268
2023-04-20,-0.0008486406342329235,-0.0023710824581776057
2023-04-21,-0.00017386440451669458,-0.0010120053368459748
2023-04-24,-0.0020465668644694315,-0.0015247166286191543
2023-04-25,-0.0024035356278177124,-0.002065929871243883
2023-04-26,0.011490311370846815,0.011718465110152525
2023-04-27,0.007386174106269772,0.00819480493175536
2023-04-28,0.007835514495793491,0.007989815572091984
2023-05-02,-0.009003984138088606,-0.008068956790948977
2023-05-03,9.166684676949357e-05,-6.505253273483364e-05
2023-05-04,0.007800382386492127,0.007780097540364426
2023-05-05,0.005659957701544477,0.006246247158488968
2023-05-08,7.938933684864286e-05,0.0016482619779515386
2023-05-09,-0.003919424565778574,-0.003445635493516848
2023-05-10,0.00019326170161375366,0.0008852733559349174
2023-05-11,0.012424655345671245,0.012141405099961415
2023-05-12,0.002442419249840189,0.002355585153196376
2023-05-15,-0.005274400461723312,-0.0033469233142379073
2023-05-16,-0.005492280652980623,-0.004907801057227181
2023-05-17,-0.004950897686650901,-0.003955960859716729
2023-05-18,0.0063913798661695866,0.005342092054695241
2023-05-19,-0.0031615107553829265,-0.0034877702384884593
2023-05-22,0.009840251781035165,0.00835393653596939
2023-05-23,-0.0008163602521714353,-0.001021675131636973
2023-05-24,0.0018744314685270901,0.002526000740893869
2023-05-25,0.006636640231560728,0.006061306580224502
2023-05-26,0.010941424735101856,0.011213603949378781
2023-05-29,-0.001690274310823085,-0.0008263526974254792
2023-05-30,0.003554960520393249,0.003074464065550738
2023-05-31,0.003916135083071574,0.004279606668389911
2023-06-01,-0.007953158493635903,-0.0065462065195941825
2023-06-02,0.004256123340998831,0.004607360387943263
2023-06-05,0.006597068675108729,0.006243809405568217
2023-06-06,0.00016513027129004147,0.0013040466964720633
2023-06-07,0.010955189133891,0.011706073934144348
2023-06-08,-0.010423477941736075,-0.00945888900553071
2023-06-09,-0.002324501213705891,-0.0016467607156722185
2023-06-12,0.005710908046707785,0.005153352714255822
2023-06-13,0.005989914741280695,0.0067692137625695046
2023-06-14,0.0008022145069744421,0.0011926917558438726
2023-06-15,-0.0051537066098267205,-0.003847795852071133
2023-06-16,0.01769780040899764,0.01608696349830397
2023-06-19,0.007768956408806164,0.00745251477139625
2023-06-20,0.007562012495026469,0.007009838428445627
2023-06-21,0.00016089362777816046,0.000837981848493621
2023-06-22,-0.0019091265488789307,-0.0028233972587710264
2023-06-23,-0.0023027570938074582,-0.0029641365155236446
2023-06-26,0.0036653238235809654,0.005087430389172119
2023-06-27,-8.817582183199215e-05,0.0005921960410027059
2023-06-28,0.000838251893365984,0.001227038176459131
2023-06-30,0.00324502223061053,0.003146980073314413
2023-07-03,-0.011623431376533374,-0.010250239349181367
2023-07-04,0.005708116829494023,0.004434369306304227
2023-07-05,0.008129704731664971,0.007481288494835133
2023-07-06,0.009799895001559337,0.00953799176540314
2023-07-07,-0.010148246539771246,-0.009651075053980697
2023-07-10,0.004073726391243312,0.0029848103207531524
2023-07-11,0.008123326320425603,0.007606690498141418
2023-07-12,0.005646295118056901,0.006017479433003929
2023-07-13,-0.0013492377959886297,-0.0014686131848187169
2023-07-14,-0.0003032203798502013,0.0016331642667517937
2023-07-17,0.003092581558240632,0.0030066805765533527
2023-07-18,0.00038546795982763666,0.00041129021105865355
2023-07-19,0.004052666287261631,0.0037630715136999656
2023-07-20,0.0023246339937992005,0.0022441929990694004
2023-07-21,0.00033966960580477214,0.0007941634275492134
2023-07-24,-0.008059674007886028,-0.007472246615019743
2023-07-25,-0.0031027694621228604,-0.0018118695250060064
2023-07-26,1.2569370409307394e-05,-0.00017637202305766412
2023-07-27,0.0010622307838760666,0.001465194133853678
2023-07-28,0.00015726957523629938,0.0013691824666062034
2023-07-31,0.0019396240211721947,0.0036257431543965527
2023-08-01,0.0029297280304810998,0.0029829351646699963
2023-08-02,-0.012630907537967874,-0.01320948899046644
2023-08-03,-0.007326318833768998,-0.006407179563517294
2023-08-04,-0.0023095916175434944,-0.002710992676485769
2023-08-07,0.0023098802003899423,0.0018874739347257514
2023-08-08,-0.0012112018706479611,-2.0749327987726633e-05
2023-08-09,-2.061611564069638e-05,0.00013088904921430456
2023-08-10,-0.006669900074102909,-0.005929633926353771
2023-08-11,0.0015071177650913135,0.0012315204540213327
2023-08-14,-0.0058686948270000655,-0.005667555926779803
2023-08-16,0.0052396746194215815,0.004257907619313541
2023-08-17,-0.0031896980233000576,-0.002215619215986771
2023-08-18,0.004593693755914136,0.00430678495545034
2023-08-21,0.005377658093969728,0.005633558035635993
2023-08-22,0.0018249725100426062,0.001972354542832176
2023-08-23,0.0019734627597122532,0.0013425768431077777
2023-08-24,-0.0036116441712191376,-0.003699947315278315
2023-08-25,-0.008171352005586389,-0.008444158126066264
2023-08-28,-0.00012009254632075875,-0.0006370176153042479
2023-08-29,0.00014736382146776446,0.0013137621128606295
2023-08-30,-0.00018181550187865083,0.0009654285033208079
2023-08-31,0.0024193576155846323,0.002908284669075629
2023-09-01,0.0001869541902568099,0.0014153342475415232
2023-09-04,0.0011435094805047914,0.000308416967747734
2023-09-05,0.009022539100831933,0.009505774949750186
2023-09-06,0.005005567747869294,0.00513041276813937
2023-09-07,0.0060013571545214925,0.006816596802489354
2023-09-08,0.0017722342732861454,0.002766051517745582
2023-09-11,0.003946455831433852,0.004648948348992406
2023-09-12,-0.0021915332136675683,-0.005739671070210649
2023-09-13,0.0070712166359311645,0.007180744600148481
2023-09-14,0.0016620634439206122,0.0025574614586391774
2023-09-15,0.007090221983436812,0.006857754367307533
2023-09-18,0.0017015186859009037,0.0015987314615397196
2023-09-20,-0.0007023404595287964,-0.001272134731339828
2023-09-21,-0.00817209079041711,-0.008264209720669421
2023-09-22,-0.004451022823250882,-0.004352324799549373
2023-09-25,-8.350280329483763e-05,0.0007424056178645562
2023-09-26,-0.0023037527506947993,-0.0022741834148894352
2023-09-27,0.0015318950580798186,0.0016819850880026924
2023-09-28,-0.008734711486361783,-0.007724269203189625
2023-09-29,0.008866522640852309,0.009285284543581842
2023-10-03,-0.002697685142150022,-0.0023023266261420275
2023-10-04,-0.0069144670254374955,-0.007135778928009693
2023-10-05,-0.0023155572877257362,-0.002398703614452994
2023-10-06,-0.003094879638264584,-0.0018817078547770716
2023-10-09,-0.004264623005952731,-0.00494882954522743
2023-10-10,0.0014935015685872677,0.0022602240962027766
2023-10-11,0.004840955462187653,0.004538178083349871
2023-10-12,0.0022449583599852842,0.002087185935785873
2023-10-13,0.0021168586256362708,0.0010154135248921785
2023-10-16,-0.006103567623294656,-0.005328588822508195
2023-10-17,0.0032942760462809162,0.003103720183722046
2023-10-18,0.003744998299634093,0.0030752118620521623
2023-10-19,-0.001307867042732279,-0.0013885953985164944
2023-10-20,0.0006226120771622983,-0.0004865180047284226
2023-10-23,-0.011063837197905744,-0.012447602929270172
2023-10-25,-0.006974986483003947,-0.007807692183124318
2023-10-26,-0.015495859933637012,-0.015522220528197156
2023-10-27,0.011190809858990302,0.012302149931066849
2023-10-30,0.003940001156516297,0.003354401652730082
2023-10-31,0.0034957905590456808,0.003423938354007137
2023-11-01,-0.000926626814011511,-0.00036758935804453053
2023-11-02,0.004362620305842576,0.005649588709389027
2023-11-03,0.00896086306374729,0.010301967045696138
2023-11-06,0.00991529270241809,0.010482796432700482
2023-11-07,0.004990940198292687,0.0038954783261625023
2023-11-08,0.0068730983364807575,0.00666276748117804
2023-11-09,-0.007206318812446686,-0.0055572007341398375
2023-11-10,0.0037832988561567115,0.0034569893949091277
2023-11-13,-0.003439348238780005,-0.002856380801563019
2023-11-15,0.007056110161623683,0.007699472959012961
2023-11-16,0.006726934617389723,0.00644832745296191
2023-11-17,0.0055112224830466796,0.006256483809726665
2023-11-20,0.002395318671832023,0.0014449653806884767
2023-11-21,0.0010125814765167282,0.0020326941925390206
2023-11-22,0.005130994205551043,0.006035402522684411
2023-11-23,0.001836487860194799,0.0025920551838060765
2023-11-24,0.007850626539458777,0.006307735533190137
2023-11-28,-0.004047476931476917,-0.003951593279383594
2023-11-29,0.004871171043975865,0.005656554019931039
2023-11-30,0.016678867532587432,0.01571157161998367
2023-12-01,-0.00020391391100156424,0.000791456768608834
2023-12-04,0.009416768083227129,0.008607031263831257
2023-12-05,0.0011588602309056803,0.0011643129142120047
2023-12-06,-0.008177532662939541,-0.0074709332729054456
2023-12-07,0.001441852133715843,0.0013154216278635049
2023-12-08,0.0011265784140191317,0.0005165236930097358
2023-12-11,0.00867659579378168,0.007692012535786779
2023-12-12,-0.005435463745040723,-0.0059281738463447566
2023-12-13,0.001468163113420206,0.003379928607817311
2023-12-14,-0.0009324379967144175,0.0001146615369759862
2023-12-15,-0.0006242942367035089,-0.0006649783543904486
2023-12-18,0.001861342425814206,0.0011786183924324541
2023-12-19,0.003209074861751262,0.0029361971748524678
2023-12-20,-0.014791360839589663,-0.015671112511548325
2023-12-21,0.005023626430813564,0.005825293631808592
2023-12-22,0.011422567699517295,0.011382621986133275
2023-12-26,-0.0015324080274993577,8.0983694167112e-06
2023-12-27,0.008867802828939475,0.007094120486796078
2023-12-28,-0.00012037237024960029,0.0012527988706907461
2023-12-29,0.007659629899636382,0.007949906317956267
2024-01-01,-0.002041700131017813,-0.0017567765700023045
2024-01-02,-0.0019896141037398993,-0.0007958939956240013
2024-01-03,-0.0006139179800280067,-0.00031012068941247274
2024-01-04,-0.0031441227058735333,-0.0011190551831047517
2024-01-05,0.00023768356149242065,-0.00021551437791963174
2024-01-08,-0.0016043795370922352,-0.0023889017868311086
2024-01-09,0.007522092703256071,0.006623189971795753
2024-01-10,-0.0030195969542509775,-0.0020565442938623017
2024-01-11,0.0016151038004577967,0.002229550256284649
2024-01-12,0.0040816543435731245,0.003089309601135254
2024-01-15,0.004458762488897488,0.004223495333696726
2024-01-16,-0.005317134025796517,-0.005387664848417687
2024-01-17,-0.009345276364679331,-0.009475818336815229
2024-01-18,0.0015987827260398229,0.00015861560315644623
2024-01-19,0.008501537410629019,0.008991644659867102
2024-01-23,-0.0031063414817655913,-0.006916852206244734
2024-01-24,0.009625112158232267,0.010137430319318106
2024-01-25,-0.0243335392308023,-0.020770117950836064
2024-01-29,0.01265304739345037,0.012347538584597561
2024-01-30,-0.008371299639687699,-0.007530109070924444
2024-01-31,0.01806652398018974,0.01675471825193242
2024-02-01,-0.007075930923610717,-0.006976855359747209
2024-02-02,0.001349564225055422,0.002113207130682631
2024-02-05,-0.002451816460898955,-0.004557948171237009
2024-02-06,0.0018024019951801214,0.0034935702539487063
2024-02-07,0.014971463071441876,0.013799249157031505
2024-02-08,-0.007346461002343545,-0.006537258626920056
2024-02-09,0.0009142490643838352,0.0017244644665141613
2024-02-12,0.007044678655681486,0.004884540357102003
2024-02-13,-0.0045076750365625196,-0.0017246664156044934
2024-02-14,-0.00015340396466497473,0.0014985404092324108
2024-02-15,0.003147003181429038,0.0033165290824984242
2024-02-16,0.011909372722057311,0.011385683145026306
2024-02-19,0.01070957725267886,0.009426847696463283
2024-02-20,0.0033979759196411043,0.0026059914184076633
2024-02-21,-0.006478370144208054,-0.006502096236315484
2024-02-22,-0.004885967163745944,-0.0028075998642073134
2024-02-23,-0.0007647585886776952,-0.000924716627153661
2024-02-26,-0.0031431434784090994,-0.003060822110430978
2024-02-27,0.009549209176824388,0.008711858930699772
2024-02-28,-0.0047590243946522125,-0.006634650602732174
2024-02-29,-0.0013436840983856208,0.0006341787221063184
2024-03-01,0.005641311925328872,0.006819484326973337
2024-03-04,-0.0027698163946924775,-0.0008864988469605732
2024-03-05,-0.0018165818455736686,-0.0014976483802296514
2024-03-06,0.010227216297761849,0.006159172043065334
2024-03-07,0.0029353450790384965,0.002768830467479233
2024-03-11,0.00010711540699454694,-0.001074251655277174
2024-03-12,-0.004664239998200008,-0.005463683945202875
2024-03-13,-0.010029672693776817,-0.013029288879265672
2024-03-14,0.0057001108022104495,0.0068516270562418
2024-03-15,-0.0022708364611925347,-0.0015096656424507682
2024-03-18,0.012662212228480359,0.012152756021953112
2024-03-19,-0.012566615348272941,-0.01132510472311225
2024-03-20,0.003121737974229639,0.0037550000130084247
2024-03-21,0.005492394788467889,0.008454783661661979
2024-03-22,0.008569241920913925,0.007863131725649763
2024-03-26,-0.002936091855109589,-0.0013209545327623144
2024-03-27,0.0058658851373309655,0.005527258040558151
2024-03-28,0.010932775569390634,0.010210236408002034
2024-04-01,0.002953839284752049,0.005413987978659931
2024-04-02,-0.004426805884229639,-0.0025377085898115677
2024-04-03,0.00283520115051091,0.0027582887145391243
2024-04-04,-0.0043492017433045356,-0.0026015093886474394
2024-04-05,-0.0017373011466705207,-0.0007989502353933514
2024-04-08,0.0032706383610050034,0.0023818189843772693
2024-04-09,-0.004487785050994524,-0.0033625894735746283
2024-04-10,0.0018661607476425145,0.0030134510165175476
2024-04-12,-0.014458966889901562,-0.01268701008841945
2024-04-15,-0.009713190033381934,-0.009165266968262828
2024-04-16,0.0025434370334318267,0.0032491639194394163
2024-04-18,0.005801232240354911,0.004133670650742912
2024-04-19,-0.0004628477231519727,0.0004478665066700851
2024-04-22,0.00916023811243787,0.008537680498058564
2024-04-23,-0.0008532374007595991,-0.0014255681104202841
2024-04-24,0.0027059431125179842,0.0040764681776891964
2024-04-25,-0.0012937162638150532,0.0009870162802336651
2024-04-26,0.0019010861900162393,0.0015400108054206187
2024-04-29,0.009028942531596983,0.007649947505350167
2024-04-30,0.002363450768303726,0.001063778921944843
2024-05-02,-0.00826881156343028,-0.006495163432805346
2024-05-03,0.0013677469697638445,0.0017494821330156453
2024-05-06,0.008231502376775234,0.008804285815484866
2024-05-07,0.003113293682687226,0.0009818239206805346
2024-05-08,-0.004725990015209202,-0.001887009673196084
2024-05-09,-0.0016685498938874097,-0.0047407953449718826
2024-05-10,0.008501958551685743,0.008092775486518195
2024-05-13,0.009723931987123315,0.009127041304192667
2024-05-14,0.00790129803192621,0.008400058604981293
2024-05-15,0.007330388666475838,0.0069542789900462875
2024-05-16,0.012860398098592764,0.012575714600646258
2024-05-17,0.006426564935949122,0.007029546840983345
2024-05-21,0.00035753967773667714,0.0007623685914400918
2024-05-22,0.000659320858406277,-0.00018718896773921824
2024-05-23,-0.0008211385959236909,-0.00038376583074845743
2024-05-24,0.009333104830282693,0.00822389019184456
2024-05-27,0.005082699960365774,0.005586856581933081
2024-05-28,-0.0012987945126975843,-0.0006172528783714727
2024-05-29,0.0004583757481809172,0.00019498453662536997
2024-05-30,0.0016967222063323738,4.279584023787709e-05
2024-05-31,-0.003569316869358189,-0.00099698810282935
2024-06-03,0.007304622079566258,0.010295506857335357
2024-06-04,-0.01466396505994721,-0.020049240085381437
2024-06-05,0.034320645357347725,0.0342339988569543
2024-06-06,0.0016922826601657491,0.002794340504071852
2024-06-07,0.022586318246341972,0.021654077928926256
2024-06-10,0.014047948339084142,0.012691435058220832
2024-06-11,0.005608276678762582,0.005026036221558504
2024-06-12,-0.0027350969687445267,-0.0008120546699732434
2024-06-13,0.00459078505044308,0.005306923967820933
2024-06-14,0.0023492005779177944,0.0026095687404429305
2024-06-18,0.004543950425108456,0.0046311802368844595
2024-06-19,-0.014031254981703612,-0.013673873586753418
2024-06-20,-0.004360351120115159,-0.00274126439146957
2024-06-21,0.001185188816726323,0.0008893178276739377
2024-06-24,0.011159763132914944,0.011312142440893017
2024-06-25,0.0031727258634918877,0.0027929364000596505
2024-06-26,0.003578651771482786,0.0027421162652051163
2024-06-27,-0.0016177592405040978,-0.0009413270312249691
2024-06-28,0.003826788447730846,0.00407495428625277
2024-07-01,0.013217549559842124,0.013115847718835897
2024-07-02,-0.009336064962510559,-0.00797695574293911
2024-07-03,0.0014781991179050617,0.002262013915335331
2024-07-04,0.006494518968816877,0.006296511587859906
2024-07-05,0.008809764866901045,0.010108311621170672
2024-07-08,-0.006360632739356645,-0.006050940559278594
2024-07-09,0.01859172648431449,0.018501830411788343
2024-07-10,-0.007989996060896629,-0.007531640356776583
2024-07-11,-0.0025337445967334653,-0.0020775525699120037
2024-07-12,-0.007948192826931781,-0.0067904536123711496
2024-07-15,0.011028815036771021,0.01045977640709904
2024-07-16,0.004196647960325946,0.004184055468629919
2024-07-18,-0.0061320933529276775,-0.006474044944856128
2024-07-19,-0.015515534368528667,-0.017587056585562283
2024-07-22,-0.0023780067475448374,-4.336018702251303e-06
2024-07-23,0.004921277236217804,0.0041304960996306995
2024-07-24,0.004948906861950998,0.00510351049047447
2024-07-25,0.009479154005796584,0.009091990319115398
2024-07-26,0.016014781934601485,0.01640335453946323
2024-07-29,-0.0015224899964771882,0.0002902933326455499
2024-07-30,0.0019544044110264267,0.0019008697051333284
2024-07-31,0.014611707995219245,0.014188339707088167
2024-08-01,-0.0001862072740583579,0.0005229064706955633
2024-08-02,-0.00019326126241472452,-0.002013222325982732
2024-08-05,-0.0174088770795956,-0.01919525344037609
2024-08-06,-0.006988807909729469,-0.004422381230147138
2024-08-07,0.019149436818313974,0.020257674939383043
2024-08-08,-0.0006143872658246207,-0.0012249324570278424
2024-08-09,0.0005652204863526708,0.0017159988109453717
2024-08-12,-0.002556185984633492,-0.0018659793061928279
2024-08-13,0.006144239032604147,0.006642881962239411
2024-08-14,-0.003902879482838185,-0.0034547932732680534
2024-08-16,0.015142293499485348,0.014908387391736395
2024-08-19,0.0021664861125355217,0.0018766901036685133
2024-08-20,0.002000621930695665,0.0013559673089864927
2024-08-21,0.002930107264277025,0.002591444112475095
2024-08-22,0.004477251811002152,0.004920614915674744
2024-08-23,0.0042228212517066155,0.003942827349573212
2024-08-26,-0.004340616803970905,-0.003060317365530663
2024-08-27,0.010575350405564263,0.0089580344307375
2024-08-28,0.0005343706828906051,0.0006353036429587433
2024-08-29,-0.004725456613242248,-0.0049971949006740604
2024-08-30,0.007336735709628408,0.007400629955916389
2024-09-02,-0.0019213359327162264,-0.0027051234196176846
2024-09-03,0.0038597596808184124,0.0037528196031911525
2024-09-04,0.011826037673341177,0.011757920743258491
2024-09-05,-0.004501571816015695,-0.004367533278790396
2024-09-06,-0.0033110972219292547,-0.002922385140077433
2024-09-09,0.003938956244991809,0.003790677635355855
2024-09-10,0.007625822871538455,0.007314721878886116
2024-09-11,0.0030613605937489367,0.0025206015629609846
2024-09-12,0.010240360669305794,0.010636568842034275
2024-09-13,9.378519130358092e-05,-0.00038463359639136376
2024-09-16,0.0002934048309728145,0.00039925349277557644
2024-09-17,0.011311246120435017,0.009668428446515984
2024-09-18,-0.015639280003570222,-0.014306259212188087
2024-09-19,0.003343827453838052,0.0023241159433490598
2024-09-20,-0.0007749207606545965,0.0004945802884526598
2024-09-23,0.006366130866335756,0.005118367461719854
2024-09-24,-0.0019118008341788397,-0.0013115674976098427
2024-09-25,0.004211949359783538,0.0034341612896170567
2024-09-26,0.0049462038108949915,0.005581327640514741
2024-09-27,0.007106980135863221,0.005323357856403277
2024-09-30,0.0026981259780623295,0.0016033333737735043
2024-10-01,0.0049182049440091545,0.00542440486371778
2024-10-03,-0.018359991480807452,-0.016869961531229057
2024-10-04,-0.016045038163407202,-0.016475533603687628
2024-10-07,-0.0021621370086881368,-0.003662406839295345
2024-10-08,0.012791000256049002,0.01299100913389517
2024-10-09,0.0035059111334316394,0.006299151587201419
2024-10-10,-0.003383054538415901,-0.0019067439600617634
2024-10-11,0.006588449023454414,0.007342550689989763
2024-10-14,0.004077990233704063,0.0031729455002292174
2024-10-15,0.006703486876401698,0.0064675465975479645
2024-10-16,0.001751386689323927,0.0020394959172987358
2024-10-17,-0.011353861098165153,-0.012690956983254934
2024-10-18,0.001194672121000778,0.0003084426100290989
2024-10-21,-0.01415842546291176,-0.013591286625420109
2024-10-22,-0.011101828808519542,-0.010197552284702207
2024-10-23,-0.008181414074339423,-0.008808495493829682
2024-10-24,-0.0016931288319933203,-0.0013973220633343672
2024-10-25,0.003889527093312404,0.0020711592009436835
2024-10-28,-0.0021014945066120355,-0.0010423294642513102
2024-10-29,-0.0006844140339261951,-0.0016945684806377811
2024-10-30,0.0006825575604864086,0.0014234877354552464
2024-10-31,0.007661177646486104,0.009728684639813833
2024-11-01,0.005960458251276376,0.005888069254650666
2024-11-04,-0.0045099562464857145,-0.005860537361083467
2024-11-05,-0.0011386448665262196,-0.00018652812400213542
2024-11-06,0.0063408365844485415,0.006101387044299755
2024-11-07,-0.002176072639229018,-0.0031166617164974024
2024-11-08,-0.005726845602413835,-0.005454223883182837
2024-11-11,0.00022609581912638466,-0.0017961936536779674
2024-11-12,-0.010015291161901495,-0.009158384680664648
2024-11-13,-0.019333109582706388,-0.019674396180885238
2024-11-14,0.004921744356744516,0.004524513845139805
2024-11-18,-0.0053460797545006765,-0.0059519437566378655
2024-11-19,0.004840768478305163,0.005124449172585571
2024-11-21,0.0020934573781065872,0.0023988463192864758
2024-11-22,0.012786174317094851,0.013117942107421194
2024-11-25,0.003970311103848711,0.006028700184908785
2024-11-26,0.0012105727059854086,-0.0004094814744084273
2024-11-27,-0.008940732273433328,-0.008084375224081779
2024-11-28,-0.004452837294902138,-0.005443477829859619
2024-11-29,0.011672905636172987,0.01129442414117047
2024-12-02,0.0033434328989862634,0.004520099749846839
2024-12-03,-0.000258076689673824,0.0012590355305255362
2024-12-04,0.004034381548235225,0.00427485289855148
2024-12-05,0.00502239332836117,0.0041956413741775405
2024-12-06,0.0009149000253351883,0.0004863754347399896
2024-12-09,-0.0034975603456365387,-0.0031417776494282934
2024-12-10,0.007957427538628907,0.008070709523156694
2024-12-11,-0.0014912597065629388,-0.0009575394371076668
2024-12-12,-0.0035509781315407017,-0.004248575724877049
2024-12-13,0.008797207202681895,0.007837393037620544
2024-12-16,0.000534108795237117,0.0012978913204764507
2024-12-17,-0.012687077330331952,-0.012966161964693652
2024-12-18,0.0011881884236126913,0.0015608036769925089
2024-12-19,0.0020977577004759303,0.001054346011249072
2024-12-20,-0.00900084188852903,-0.010321267477126417
2024-12-23,-0.007649161662401538,-0.007297332650450902
2024-12-24,0.0008789130749588412,0.0011402611341169047
2024-12-26,0.0038597291382628223,0.0026431567834174323
2024-12-27,0.0015836793433683465,0.001149268768406429
2024-12-30,0.007449987350675046,0.007650447442152706
2024-12-31,0.01969556595184157,0.018581724807640098
2025-01-01,0.01601545707544658,0.012428346382231545
2025-01-02,-0.0022977978688629675,-0.0006978815444926722
2025-01-03,0.002869546191684337,0.00046194530963105995
2025-01-06,-0.01093241670414991,-0.011366031486895007
2025-01-07,0.0006484935028356781,0.0007956484550533033
2025-01-08,-0.014431606593318977,-0.014423636603349376
2025-01-09,-3.4685170391135674e-05,-0.0008191344507910855
2025-01-10,-0.01422818597459632,-0.014997196399350085
2025-01-13,-0.012275253934608502,-0.014415112599864817
2025-01-14,-0.005222489121636604,-0.0024201836740866227
2025-01-15,-0.0006324602382084237,-0.001845966051559391
2025-01-16,0.005593451182631935,0.0052700815920231105
2025-01-17,-0.002604828155855613,-0.0026144473050178467
2025-01-20,0.010922819479886919,0.010118550168220837
2025-01-21,-0.0036212666260832097,-0.004498113386372427
2025-01-22,0.004663513576908245,0.003971604071788743
2025-01-23,0.00299514849349101,0.004777905772267691
2025-01-24,-0.007361190644210041,-0.00898054813197961
2025-01-27,-0.02663519715190917,-0.024856183977918514
2025-01-28,-0.01046133256419446,-0.009310475939789837
2025-01-29,0.02283189293580248,0.022914196792338252
2025-01-30,0.0001872232715151307,0.0007129755430399609
2025-01-31,0.0037105072211634084,0.0048858052413663505
2025-02-01,0.006717746359374707,0.0064193767127401526
2025-02-03,0.0037915285020926623,0.0033706770339619854
2025-02-04,-0.0011006867873889692,-5.7851009526777356e-05
2025-02-05,0.011567251662638807,0.010682128266243087
2025-02-06,-0.006479775614883326,-0.0070414873027206245
2025-02-07,0.0158128028620146,0.016132453205245315
2025-02-10,-0.005018688555902384,-0.006494414707380535
2025-02-11,-0.016162588119010994,-0.017061449485149306
2025-02-12,-0.005913263073309275,-0.0056572996361079955
2025-02-13,0.00476777640101507,0.003749171118692954
2025-02-14,-0.015596807164286986,-0.016762012150652244
2025-02-17,-0.0017867804900809983,-0.0010213120971478639
2025-02-18,0.0013624661282716105,0.0003398570085403676
2025-02-19,-0.0036056727107492046,-0.0036254557650489986
2025-02-20,7.26610111599972e-05,-0.00029346544395267987
2025-02-21,-0.007838898376254684,-0.007922226298859731
2025-02-24,-0.005633212963557553,-0.00481126534503277
2025-02-25,-0.0014791070387450748,-0.0011524691275080377
2025-02-27,-0.0004678155515184984,-0.0022292176063820834
2025-02-28,-0.02950588599922355,-0.02787458204295279
2025-03-03,0.004586115093105323,0.007339601914484929
2025-03-04,-0.00010165629071556031,0.0006558456118607294
2025-03-05,0.006278560067650398,0.006871911127664833
2025-03-06,0.00908831502697172,0.008117919021513162
2025-03-07,0.006395439536148433,0.005884076391075833
2025-03-10,-0.0034308895539989113,-0.004301772458999574
2025-03-11,-0.0011867418801733884,-0.00281253093714871
2025-03-12,0.0035489531273903037,0.0030962138542513524
2025-03-13,0.0014503096273029452,0.0003604736394583111
2025-03-17,0.008937552919460494,0.009955718443452395
2025-03-18,0.0032593300620578566,0.003106062687656018
2025-03-19,0.004560922500222373,0.007544196034669122
2025-03-20,0.0073578329989376365,0.007375300065882132
2025-03-21,0.017301154278782278,0.014714416011864058
2025-03-24,0.004061166107362372,0.005285600565230538
2025-03-25,0.009649229477936195,0.009903667793469236
2025-03-26,-0.006910698120611926,-0.007772627655439116
2025-03-27,-0.004570369502262998,-0.004035586572922842
2025-03-28,0.007461993861239167,0.006687614621010619
2025-04-01,-0.004608927560246881,-0.0064954855661282125
2025-04-02,0.011701529180528865,0.008746725682056972
2025-04-03,0.0015836154409101624,0.0020807237544362626
2025-04-04,-0.00290324404110112,-0.00587109801183425
2025-04-07,-0.01675843019613945,-0.017660878373901564
2025-04-08,0.021461741278605843,0.019159498676874203
2025-04-09,-0.012960966003661803,-0.011748168476408355
2025-04-11,0.01338520602462403,0.016383270104032913
2025-04-15,0.014408399856948886,0.01598698195862408
2025-04-16,0.012575005195144128,0.010665849206657535
2025-04-17,0.015317688758556817,0.014823085273919939
2025-04-21,0.012210290429986193,0.012926875544755554
2025-04-22,0.0036118272992762927,0.003571116169789692
2025-04-23,-0.0008702697678767538,-0.00039976379896904536
2025-04-24,-0.0011011990400970418,-0.001465545874668813
2025-04-25,-0.01831224840690517,-0.017856737029579732
2025-04-28,0.01610563346465876,0.013083813570595317
2025-04-29,-0.006134868257663226,-0.005858099208370288
2025-04-30,0.00528625349168964,0.0030328481881848114
2025-05-02,-0.015072173130555491,-0.010495366592739568
2025-05-05,0.0044082229869174885,0.005983639961002704
2025-05-06,0.0033236021149322306,0.005637207525107137
2025-05-07,0.007351905882630595,0.009071726892893381
2025-05-08,-0.00011557154861933667,-0.0004318859049901309
2025-05-09,0.003802510296202554,0.0016256370778409373
2025-05-12,0.0005253013340382339,0.002987360008001168
2025-05-13,0.006166642020579019,0.004760508784105962
2025-05-14,0.0039839350673505376,0.0036593964778521065
2025-05-15,0.006197206987676248,0.006459543816696319
2025-05-16,-0.006391581752288652,-0.006390243573291205
2025-05-19,-0.0018668051687295933,-0.0007103859315306613
2025-05-20,-0.005958791550671468,-0.0060039413717952
2025-05-21,0.008409348301713832,0.007608274200794872
2025-05-22,-0.0009467675036784854,-0.0006882742928010641
2025-05-23,-0.0005910599288545891,-0.001417567417749547
2025-05-26,0.0037512117435451555,0.0032148757801021715
2025-05-27,-0.001698441128525269,-0.0025313682268637908
2025-05-28,0.0006535698891171534,-0.0014577998999792997
2025-05-29,0.0008135426220959772,0.0014106845639559429
2025-05-30,0.018972665338722414,0.01589562796548286
2025-06-02,-0.0007391246558102374,-0.0011130059293608173
2025-06-03,-0.0009367316028143313,-0.0011579907348737448
2025-06-04,0.0070914253654838465,0.0064794370583694735
2025-06-05,-0.006812162091076793,-0.004386082802623976
2025-06-06,0.0006366012856576302,0.0012833309726898523
2025-06-09,0.010822704861462223,0.009023047931822369
2025-06-10,-0.00035982511354945844,0.0004915721359115528
2025-06-11,-0.0006840138952439742,0.00032690566381951254
2025-06-12,-0.006216223845647655,-0.007212141585870399
2025-06-13,-0.002463277013726186,-0.0031873093980534645
2025-06-16,0.003893913110576493,0.004530676629934416
2025-06-17,0.002309390357833957,0.001799879072932394
2025-06-18,-0.008037953843661764,-0.007379790737234965
2025-06-19,0.005862437420640327,0.004839767037801232
2025-06-20,0.0028905965976732564,0.003228471740191107
2025-06-23,0.0013048359839974413,0.0018627607060042219
2025-06-24,0.00956540910998512,0.009695492896610106
2025-06-25,0.0006001539234557596,0.0025237419754704613
2025-06-26,0.008063469554722088,0.008785528184317548
2025-06-27,0.012287300454520788,0.011320105151912244
2025-06-30,0.0021677469856083015,0.002424766866830474
2025-07-01,0.0003438526618705999,0.0001548314617144563
2025-07-02,0.0009514401860702105,0.0016025612250216144
2025-07-03,0.006581378106389892,0.006253954176834325
2025-07-04,-0.008782145744874407,-0.006974458987024948
2025-07-07,0.004022328576616477,0.00403430006136878
2025-07-08,0.0005003002274005122,-0.0002992597306406343
2025-07-09,0.0016070155588248695,0.002801350863023175
2025-07-10,-0.0057474473248378755,-0.006124111406183015
2025-07-11,-0.008580201840663538,-0.008518289153413447
2025-07-14,-0.0012580421606903874,-0.0008019642788135823
2025-07-15,0.007715255437693895,0.007442208396209628
2025-07-16,-0.001159089852653014,-0.0006982045256369857
2025-07-17,0.0031533899625106284,0.003190592617347983
2025-07-18,-0.012429879181558799,-0.012624688004392579
2025-07-21,4.424081399104435e-05,-0.0001574318962288732
2025-07-22,-0.004630693046992771,-0.005657097237572053
2025-07-23,0.0137151474146752,0.013049395500140181
2025-07-24,-0.0020431857751211603,-0.002697514285640531
2025-07-25,-0.004224945188364329,-0.004157810564808059
2025-07-28,-0.016651831768079713,-0.016040079338048685
2025-07-29,0.0068029787308074175,0.006314727654068714
2025-07-30,0.0009270517676772285,0.0013496157282711259
2025-07-31,0.0011610513802261214,0.0014136684290909811
2025-08-01,-0.008104443622431443,-0.00787410356033711
2025-08-04,0.014585952938521754,0.013147846898730157
2025-08-05,0.0035732137860584705,0.0029673498904042033
2025-08-06,-0.0018799051455327081,-0.002658671388614217
2025-08-07,-0.00010492506332147411,-0.000249527666193269
2025-08-08,0.0009960592511884018,0.0004265134470614058
2025-08-11,0.013580206315403659,0.012422200811933655
2025-08-12,-0.002972853594058231,-0.0036702602596274357
2025-08-13,0.006514019446393649,0.007079487171255849
2025-08-14,0.015236551128882848,0.014302280718748528
2025-08-18,-0.0056870289334429724,-0.002672866656728889
2025-08-19,0.0038050235882118063,0.0044069542672185566
2025-08-20,-0.003137745557707016,-0.003364323855953228
2025-08-21,-0.0043148948978854315,-0.004174852108685227
2025-08-22,-0.006897974873414604,-0.007093940855835384
2025-08-25,-0.006671666689647929,-0.0061836693417701115
2025-08-26,-0.012678737430448535,-0.012119275169297897
2025-08-28,-0.01626280305863594,-0.01561073717368228
2025-08-29,0.0029101881827035925,0.0023718636042889085
2025-09-01,0.00899176236744082,0.008880792980946007
2025-09-02,-0.0009724713155289924,-0.0021759289378218507
2025-09-03,0.0040232394967864415,0.004217323143332457
2025-09-04,0.0015161610233721799,0.0014879824871094826
2025-09-05,-0.008157824535790097,-0.007884000873379806
2025-09-08,-0.0016818829536659396,-0.0012915001910410676
2025-09-09,-0.0007464519063207285,-0.00030384794339700244
2025-09-10,0.006547841153661925,0.006429726023376012
2025-09-11,-0.0023253474843556643,-0.001578453960011265
2025-09-12,-0.0037756018795646693,-0.004728788633615954
2025-09-15,-0.0031473208846363064,-0.003015148882333079
2025-09-16,0.01385948585831604,0.013754155428491403
2025-09-17,2.942013606301191e-05,0.0002570046852900023
2025-09-18,0.0012867267147795305,0.001409699673615705
2025-09-19,-0.008588174481439252,-0.009342505199865321
2025-09-22,2.7475474795562516e-05,0.0003221921153432733
2025-09-23,-0.010203284109235008,-0.010031441695166479
2025-09-24,0.010082334192229137,0.008719550181869906
2025-09-25,-0.004049575336637501,-0.0035208864354206587
2025-09-26,-0.01574071352320641,-0.01461663000248157
2025-09-29,-0.0037327460829303613,-0.0040711016534811535
2025-09-30,0.0039982780661543494,0.00359845123038202
2025-10-01,0.011178767518382298,0.009240971903696974
2025-10-03,0.010879303051414085,0.01092542848541772
2025-10-06,0.009052724511899696,0.008803667243486203
2025-10-07,-0.0021284659672125596,-0.001363571550667966
2025-10-08,-0.002349303362839887,-0.0045834005533553915
2025-10-09,0.00449820584505896,0.004375181193510052
2025-10-10,0.000419376429114929,0.0011448306543391054
2025-10-13,0.0033500170335686676,0.0032756758583996444
2025-10-14,-0.005111158051275939,-0.004766351896209929
2025-10-15,0.0020784635104848454,0.0023292497601232415
2025-10-16,0.006758376591651552,0.006757750976132321
2025-10-17,0.00913548947013534,0.008590942579265808
2025-10-20,-0.0021986994374801655,-0.0014634821727489645
2025-10-21,3.86470773821424e-05,0.00026669471807676335
2025-10-23,-0.005239270098728432,-0.005052629856026855
2025-10-24,-0.0028964776081840085,-0.0033248963720734753
2025-10-27,0.0001786059156552227,0.0013851642914658622
2025-10-28,0.005058815758360418,0.005329790026164447
2025-10-29,0.0074069054879223935,0.00785556944732013
2025-10-30,-0.008498357534640852,-0.007432628609260692
2025-10-31,-0.018446597714951093,-0.016317794497994576
2025-11-03,0.010801599886085757,0.00955402001149249
2025-11-04,0.0005284078478401384,0.00122842730701338
2025-11-06,0.002873403208301461,0.0021265563573565852
2025-11-07,-0.0025544136388294036,-0.003912038778830172
2025-11-10,0.005780049737071709,0.006051441652336806
2025-11-11,0.005487869946072693,0.005469670725030334
2025-11-12,0.0027136854598583267,0.002175063662977428
2025-11-13,0.0009651863493531668,0.0014490809051611907
2025-11-14,0.0076219279674795415,0.008564328614485698
2025-11-17,0.009211832224722428,0.010461066334651438
2025-11-18,0.003160058244157901,0.002393418905282442
2025-11-19,-0.0020981777882724873,-0.0026413965406459935
2025-11-20,0.0012702491789764341,0.0008619671120240324
2025-11-21,-0.00953311809264327,-0.00940262352908501
2025-11-24,-0.002876765624463189,-0.0029340090906916994
2025-11-25,0.0019012475802714403,0.0014772604384236873
2025-11-26,0.010311283460370474,0.010203431688937668
2025-11-27,-0.0032166671321236734,-0.002966479535814667
2025-11-28,0.0056631225696489335,0.00464506050372024
2025-12-01,0.0013838004681949133,0.0023318954707756
2025-12-02,-0.004511818557355624,-0.004650937969766174
2025-12-03,-0.0036231472497324545,-0.003681494153676926
2025-12-04,-0.0037659170720528282,-0.0031745136298621662
2025-12-05,0.003028117545905916,0.003931969042236219
2025-12-08,-0.004664329820916215,-0.006261086608401966
2025-12-09,-0.005570920201845061,-0.0054072454234748695
2025-12-10,0.00020968093304523261,0.00014351012290397195
2025-12-11,0.007288741886719086,0.0062291731834599766
2025-12-12,0.009611080429960147,0.010284552950454917
2025-12-15,-0.0006221034936365799,-0.0006038877683224627
2025-12-16,-0.004041659052094588,-0.003993185067978629
2025-12-17,-0.005773108130485238,-0.00508396897670624
2025-12-18,-0.01099602542481772,-0.01046113566973691
2025-12-19,-0.0002614587088810306,0.0015313336307561814
2025-12-22,0.006614681898651489,0.006176378623034324
