Date,sample_return,lw_return
2018-01-24,-0.00957287172795171,-0.009567372903941836
2018-01-25,-0.005018525820913584,-0.005436308585183629
2018-01-29,-0.00218597279929161,-0.0025966959743825217
2018-01-30,-0.012727168389984706,-0.012451895125938504
2018-01-31,0.000265357851833784,-0.0001460712570945618
2018-02-01,0.0019250606509730755,0.0018697456907610366
2018-02-02,-0.025226205355154335,-0.025440694152454525
2018-02-05,0.0042534567439317114,0.004106601413679236
2018-02-06,-0.012357537625991849,-0.012106853163657614
2018-02-07,0.011711973899325715,0.011533712250239763
2018-02-08,0.017701949107785116,0.01753572752239343
2018-02-09,-0.004625345767237851,-0.004555675013408898
2018-02-12,0.00702070885862243,0.0068958227126952295
2018-02-14,-0.0009460261737584309,-0.0008605167800579362
2018-02-15,0.0008593052031779387,0.0007881663623557749
2018-02-16,-0.0013373743159369974,-0.0017397368301608706
2018-02-19,-0.0015345227846649398,-0.0017236050055374828
2018-02-20,-0.00605107615961372,-0.005984914070330783
2018-02-21,-0.0037947882110120046,-0.003916512767302056
2018-02-22,-0.0013909509220099922,-0.001665696562381938
2018-02-23,0.009748293713096236,0.009642544715816756
2018-02-26,0.0015428455833149577,0.0018202951542723475
2018-02-27,-0.001799154642756787,-0.0017677122598452769
2018-02-28,0.0023067790112131217,0.002134430880684675
2018-03-01,0.0020374348020605016,0.0019316154700010826
2018-03-05,-0.0020981404666099088,-0.002344388881059067
2018-03-06,-0.008034143027916595,-0.007839650343898554
2018-03-07,-0.007614480858638044,-0.00803025867816628
2018-03-08,-0.0063699901786150315,-0.006131776097119266
2018-03-09,0.004361812818382726,0.004228612994124331
2018-03-12,0.0014527590184223718,0.0013767328035500356
2018-03-13,-0.004893601379785436,-0.004720824510016272
2018-03-14,-0.001500112877991711,-0.0015095374931090408
2018-03-15,0.0013928408654426962,0.0014756834352227777
2018-03-16,-0.014988174942687109,-0.015164747952908588
2018-03-19,-0.002132630668847864,-0.0022060391567236583
2018-03-20,-0.004046462339592892,-0.004003769024584619
2018-03-21,0.00601059626007392,0.005950364377910886
2018-03-22,-0.0064731643751778385,-0.006582028556701966
2018-03-23,-0.007982361061582911,-0.007815758546173626
2018-03-26,-0.0003272493999314551,-0.00023394439445874522
2018-03-27,0.0032217137510881988,0.0032839209809709426
2018-03-28,0.003804207765555176,0.0036820283228939446
2018-04-02,0.008028701507753224,0.008155617687948164
2018-04-03,0.004060329614265423,0.004117746285291035
2018-04-04,-0.00539289418608358,-0.005431656799221096
2018-04-05,0.008408101866943254,0.008419865773678228
2018-04-06,0.0013802477741568162,0.0014247718829526078
2018-04-09,0.0001828240009794176,-4.671194195763218e-05
2018-04-10,0.0014535258360414299,0.0015559414595839938
2018-04-11,-0.00011114248812171064,-0.00032148512732381814
2018-04-12,0.009277685412460658,0.008676344131965085
2018-04-13,0.010347799869573848,0.009963138259188093
2018-04-16,0.006006919186161894,0.0058154749577409535
2018-04-17,-0.002540370950928707,-0.0023096411347024027
2018-04-18,-0.005219631874472924,-0.005082954077070646
2018-04-19,0.011612063904339049,0.011483966718924137
2018-04-20,0.001330930290358413,0.0011967858410639471
2018-04-23,0.004350232924112642,0.0042846676805996745
2018-04-24,0.0015205747901105879,0.0015615661200720434
2018-04-25,0.0020974263084225387,0.001920025975376475
2018-04-26,-0.00487418861291209,-0.004843095387887021
2018-04-27,-0.00022919921216000953,6.52569768618345e-05
2018-04-30,-0.00025074206681021776,-0.0002325116203006854
2018-05-02,0.011534997817964462,0.010693362267665978
2018-05-03,-0.0009181602684385634,-0.0009920812252013694
2018-05-04,-0.008304576209210181,-0.008132689629944841
2018-05-07,0.001428299961590082,0.0014197085403067108
2018-05-08,0.004955062761414381,0.005168198420110099
2018-05-09,-0.00318163902794058,-0.00334970665769012
2018-05-10,-0.00025113329299383325,-0.0005528971583123653
2018-05-11,-9.422068794562836e-05,-0.00013023421301014697
2018-05-14,0.0018359315246346366,0.0016544405943034089
2018-05-15,-0.004490810899576554,-0.004608023589244383
2018-05-16,-0.0031114956498561955,-0.0030259126897232173
2018-05-17,-0.007672600435699729,-0.007477305050202463
2018-05-18,-0.0031619983230444446,-0.0035683463808447134
2018-05-21,-0.012402747617353821,-0.012677750814389445
2018-05-22,-0.0009428423755974694,-0.0008825820844645899
2018-05-23,0.007559086765041018,0.007431022837843013
2018-05-24,-0.0007678752739664096,-0.0008608522222138069
2018-05-25,0.002824256487035975,0.002701064523038203
2018-05-28,0.014959471441904463,0.014796449138271056
2018-05-29,0.000523663866920201,0.0002509748597625373
2018-05-30,0.010075741264479474,0.00949090483526884
2018-05-31,-0.006074829811188883,-0.005874485746102877
2018-06-01,0.002966772047874858,0.002486166363990628
2018-06-04,-0.011329757977797443,-0.011276795771502372
2018-06-05,-0.0068951532427924305,-0.0067956324216785656
2018-06-06,0.00834334696324491,0.008247823739428638
2018-06-07,0.00312495342908219,0.0034778351683948717
2018-06-08,0.008259030137168208,0.008421316886651922
2018-06-11,0.002123308768629874,0.0022312614078244704
2018-06-12,0.001149928977543998,0.0012252233028282452
2018-06-13,9.370555677576771e-05,-0.0001995279530507198
2018-06-14,0.00032230226631463387,0.0001868725685839781
2018-06-15,0.006980282044219776,0.006784145789734427
2018-06-18,-0.0008971484732138641,-0.0006376448047381953
2018-06-19,5.903323152472149e-06,-0.00014827974638446272
2018-06-20,0.0017007191903388422,0.0015444834331180745
2018-06-21,-0.003664284573223366,-0.0036427879822866567
2018-06-22,0.003441683182306569,0.003262833749639761
2018-06-25,0.0031527342814762125,0.002885432878189323
2018-06-26,-0.0034398670369821414,-0.003387692734279796
2018-06-27,-0.008232797464875336,-0.008273184577357344
2018-06-28,-0.004434041685682273,-0.0047593144787115085
2018-06-29,0.014171137632934186,0.014251879763983281
2018-07-02,-0.007116541002534094,-0.007252866778370113
2018-07-03,-0.0032429651562601533,-0.003262541750687079
2018-07-04,0.006463345856544829,0.006367698871513137
2018-07-05,-0.006140903421113635,-0.0060873222726812
2018-07-06,0.0013057472871512595,0.0013552976335179014
2018-07-09,0.003844241984893578,0.003910588965440227
2018-07-10,0.00015426462946802305,0.000500240957723046
2018-07-11,0.0026359450549810377,0.0023574058695951415
2018-07-12,-0.0017802644654544434,-0.001862653678990495
2018-07-13,0.002849715237355337,0.0027231914354899555
2018-07-16,-0.009607891255785657,-0.010193494999536146
2018-07-17,-0.001044421887235296,-0.0004761184332957842
2018-07-18,0.002316619123040431,0.002324417512342688
2018-07-19,-0.008671299242493647,-0.008372649600253308
2018-07-20,-0.0043116879837408004,-0.003988311459340159
2018-07-23,0.006181218039442497,0.006267230096537131
2018-07-24,-0.0013328484065973038,-0.0008625466614296307
2018-07-25,-0.0007739560346304281,-0.0010374914516742702
2018-07-26,0.007359973457424044,0.007250519067763059
2018-07-27,0.012399057705297199,0.012221999820314935
2018-07-30,0.002598676932536935,0.002700467493637995
2018-07-31,0.006705493244626147,0.006360217156187919
2018-08-01,0.0027337867621574485,0.0029039999522434295
2018-08-02,-0.005803821852056354,-0.005506047108479183
2018-08-03,0.009062126222883085,0.009089454921641371
2018-08-06,-0.0054435245410792196,-0.005191466249154995
2018-08-07,-0.0025958248818753536,-0.0026699869197799953
2018-08-08,0.009291784328006293,0.009041422326751794
2018-08-09,-0.005336942393786451,-0.004916537828586243
2018-08-10,-0.000979320086970427,-0.0011210886616100841
2018-08-13,0.0038761893244653317,0.00372645043387997
2018-08-14,0.0027885724052558714,0.0031059501500951235
2018-08-16,-0.006093465401937521,-0.005756894880790004
2018-08-17,0.006067827198631382,0.0060351861344547795
2018-08-20,-0.002261595759987731,-0.002306377318224412
2018-08-21,0.008934412191017767,0.009017374640950938
2018-08-23,0.00046323078401109576,0.0007740833484885355
2018-08-24,-0.0011725016520452664,-0.0010084632388523119
2018-08-27,0.009117068529888065,0.008952656587668487
2018-08-28,0.0033277857822424425,0.00316886260131104
2018-08-29,-0.0032931494475170542,-0.003072028976931274
2018-08-30,0.00032363438472389646,0.00038133928253648267
2018-08-31,0.01205496996400161,0.01171812521911886
2018-09-03,-0.0032489224217077213,-0.0034223109544207785
2018-09-04,-0.006247414744945938,-0.006539382691414984
2018-09-05,-0.002823275566348279,-0.0027137378085006682
2018-09-06,0.0034841462492895513,0.0034598153072570755
2018-09-07,0.0008989022952719187,0.0011833005215610476
2018-09-10,-0.005616046469485865,-0.005800261015051937
2018-09-11,-0.0073853777947611695,-0.00745524448512129
2018-09-12,0.0005737001212778621,0.00040335224139086373
2018-09-14,0.0018822310390326843,0.002202265849860582
2018-09-17,-0.006171927545847643,-0.006062912923680216
2018-09-18,0.0014125889185353097,0.001025013548371536
2018-09-19,-0.000152198383010573,-0.0005129121885329961
2018-09-21,-0.015686113446821734,-0.016027028567768095
2018-09-24,-0.009275346211239554,-0.009484690884897656
2018-09-25,0.004273853782794662,0.003956199455590009
2018-09-26,0.00021688449212370808,0.000753825261576576
2018-09-27,-0.01621315791704592,-0.016032728313298633
2018-09-28,-0.006696935288885212,-0.007002696683766659
2018-10-01,-0.012159008547321666,-0.011675519896937445
2018-10-03,-0.007904862833892985,-0.007487683224094856
2018-10-04,-0.021663639324919888,-0.02155996969225315
2018-10-05,-0.0076165383907080605,-0.008014766561503578
2018-10-08,0.00816068751062826,0.007502022352349632
2018-10-09,-0.015004207377839725,-0.014460349825355545
2018-10-10,0.016681394278692266,0.01696171601194011
2018-10-11,-0.00982891030827461,-0.010214718290152693
2018-10-12,0.008034143639382442,0.007951570900360387
2018-10-15,-0.00032243822431974895,-0.000229546568579247
2018-10-16,-0.0007886731364049348,-0.0003925851759137681
2018-10-17,-0.005593854515717901,-0.0061082658938478055
2018-10-19,-0.0053750161500684904,-0.005661800751905018
2018-10-22,-0.021514231079809314,-0.02105227209615218
2018-10-23,-0.012483376563544573,-0.01221666781747993
2018-10-24,0.007323240020039092,0.007111317877663496
2018-10-25,-0.005412108563684542,-0.005780534444764497
2018-10-26,-0.0004377231221938552,-0.0001231740388570594
2018-10-29,0.008811938354045177,0.009677966090584668
2018-10-30,0.012611011116475682,0.012506186452883528
2018-10-31,0.01150318601736598,0.011503383151155957
2018-11-01,0.0010045900697630693,0.0013149745305882593
2018-11-02,0.01826269619214941,0.01815345976665673
2018-11-05,0.005886616217243364,0.00579867742488336
2018-11-06,-0.003195446145245504,-0.003171743448145365
2018-11-07,0.006129643315338904,0.006066183640863225
2018-11-09,-0.0005250399808354187,-0.0002563901487582205
2018-11-12,-0.0017550240453647343,-0.0021618032026145192
2018-11-13,0.008629022022944442,0.008465350017799723
2018-11-14,-0.0009938228221472362,-0.000864477420479328
2018-11-15,0.016612226626330783,0.016542092566163315
2018-11-16,0.00874667042780254,0.008578718585044451
2018-11-19,0.008259094112164994,0.00826429270560517
2018-11-20,-0.00443560405954294,-0.004522904461063641
2018-11-21,7.473162426926229e-05,0.00011936210028388707
2018-11-22,-0.00771991427212395,-0.007799513636137482
2018-11-26,0.002896060368213285,0.002940895249005375
2018-11-27,-0.002985307681726665,-0.0028684380455737636
2018-11-28,-0.003544035949639682,-0.0034299587407059726
2018-11-29,0.009364154787743419,0.009119764296341908
2018-11-30,-0.0010850133558361718,-0.0012442300899833162
2018-12-03,-0.0016753657887308507,-0.001714616482940932
2018-12-04,0.008187653357004741,0.007877651936265268
2018-12-05,-0.010412086677871904,-0.010414879522931646
2018-12-06,-0.01036373724289005,-0.010333707126808775
2018-12-07,0.004041745845554913,0.0034858420327750746
2018-12-10,-0.020357516980113514,-0.01993830230429037
2018-12-11,0.007952296047537527,0.008225112094113288
2018-12-12,0.019061127112179044,0.019201144467873448
2018-12-13,0.011847825722733574,0.011637715039749587
2018-12-14,0.005266023088582386,0.005133701228749345
2018-12-17,-0.00037468333850222517,-0.00016361086568127624
2018-12-18,-0.0004415165057045672,-0.0004645108768097833
2018-12-19,0.011532506831014845,0.011726392846349359
2018-12-20,-0.0002700398144945158,-0.00031690673200014804
2018-12-21,-0.013661065098819125,-0.013534260423925984
2018-12-24,-0.0023602944766678534,-0.00270097440642603
2018-12-26,0.0029314588992799557,0.0030043984245038506
2018-12-27,0.0012246880843042925,0.0011908394160006581
2018-12-28,0.0032355875924834406,0.0035067354275523676
2018-12-31,0.012097014351280548,0.01217478250909079
2019-01-01,0.002021625203828869,0.0020423432833027184
2019-01-02,-0.0008457808289520163,-0.0007568261508971094
2019-01-03,-0.001022109250546621,-0.0012108653620917602
2019-01-04,0.0020196515766670356,0.0019687854107901716
2019-01-07,0.0001551662455639407,-6.674826480529167e-06
2019-01-08,-0.004205822164064392,-0.003987461612787603
2019-01-09,0.00971690325580287,0.00950571170934051
2019-01-10,0.009521787353928807,0.009603242641952135
2019-01-11,-0.0031095354940462163,-0.003137525836421848
2019-01-14,0.0028757464893525006,0.002739708689152386
2019-01-15,0.002496516493872933,0.002585669432255402
2019-01-16,-0.00030044166640927133,-0.00015571621357891277
2019-01-17,0.0019412357664900732,0.0018197931940166293
2019-01-18,-0.003979736015024164,-0.0041017923877701675
2019-01-21,0.00021486663970079085,1.7822911200324903e-05
2019-01-22,0.00252479951225948,0.0022895520156263408
2019-01-23,-0.005956126402993658,-0.005965204498410904
2019-01-24,-0.003697770696150199,-0.0036648239111013873
2019-01-25,-0.0039248848629387535,-0.004248004108392193
2019-01-28,-0.01108755061226684,-0.011586211758477766
2019-01-29,0.004874270035368613,0.005023947344222675
2019-01-30,0.0013152924467585525,0.0016895264018585944
2019-01-31,0.007863903113767326,0.00772241720124123
2019-02-01,0.013690290800025505,0.013458969107506451
2019-02-04,-0.007214704344158023,-0.007469213066649191
2019-02-05,0.0013753935959058307,0.0010018152245441776
2019-02-06,0.0003042955088641776,0.0004150573490333838
2019-02-07,0.00018187291445992382,0.0005202094105759667
2019-02-08,-0.004946480296175621,-0.005255895769970227
2019-02-11,-0.02225070591755937,-0.022120435188453327
2019-02-12,0.004969426354485573,0.004699738819202337
2019-02-14,-0.00015805678312957557,-0.00020652193875020527
2019-02-15,-0.008198392747196,-0.008307610555296817
2019-02-18,-0.013164338159426994,-0.013024634152581418
2019-02-19,0.001625103913410572,0.0018687498774148466
2019-02-20,-0.0009303161872003586,-0.0007463304724445693
2019-02-21,0.007310704077087701,0.007754716920785949
2019-02-22,0.00038012055270517613,0.0007366360622312948
2019-02-25,0.008324948669496799,0.008263716847439496
2019-02-26,-0.006286346801105247,-0.0059041069061109355
2019-02-27,0.003996142120780555,0.003927257951914928
2019-02-28,-0.003763515679270857,-0.0035083837246077942
2019-03-01,-0.004662085596407741,-0.004329451995329231
2019-03-05,0.0063715490959385035,0.006677180059561057
2019-03-06,0.001863927220797541,0.0018346935951423554
2019-03-07,-0.002503328291579299,-0.0025355398017561604
2019-03-08,-0.005253748809395277,-0.00513130651100314
2019-03-11,0.009651781681260557,0.009872493636476604
2019-03-12,0.006232279706515958,0.006252947476215458
2019-03-13,0.001636763460834201,0.0013124337651582775
2019-03-14,0.0010368048661460417,0.0008123302146943749
2019-03-15,-0.001947155293166008,-0.0021572260852241593
2019-03-18,0.0032230717035551235,0.0032376382290903
2019-03-19,0.006446450403912496,0.006207327381106279
2019-03-20,-0.0010125569727820144,-0.001142531511262616
2019-03-22,0.0033334262608160294,0.0033206753524149864
2019-03-25,-0.008604153551906439,-0.008553465052648609
2019-03-26,0.004359744402119551,0.004271832725227633
2019-03-27,-0.0021612556252691697,-0.0019517898464270693
2019-03-28,0.004559305765566262,0.004739538492042779
2019-04-01,0.019468514111230524,0.019707700507451714
2019-04-02,0.0012966455344772115,0.0013625289650939698
2019-04-03,-0.0042851177282185755,-0.004377125059784811
2019-04-04,5.943513595667012e-05,0.00021281859577891528
2019-04-05,0.0008226057449053557,0.0009337709081770315
2019-04-08,0.0021620336263027686,0.0018642775904606278
2019-04-09,0.0005815971608567421,0.0007222932388852414
2019-04-10,0.0075469191681880095,0.007274913774194385
2019-04-11,-0.0018666256761445692,-0.0018657655649231479
2019-04-12,0.002326313443967966,0.0023035862098906004
2019-04-15,0.010182898914273144,0.009855045226205748
2019-04-16,0.006207740629019605,0.006022155186411941
2019-04-18,-0.010000360210066806,-0.009758859898606944
2019-04-22,-0.01239630518297514,-0.01243553724307056
2019-04-23,0.004522506433624551,0.00460104466301162
2019-04-24,0.002799966576625785,0.00284649363322771
2019-04-25,-0.006052192498214695,-0.005792459269129724
2019-04-26,0.0006251544511714136,0.0006176853073124264
2019-04-30,0.0036477581671073367,0.00349388350759571
2019-05-02,-0.0001434799321686918,-0.00048801684297813323
2019-05-03,9.45429766634556e-05,-0.00018586870531436405
2019-05-06,-0.011234092958349403,-0.01106305116599743
2019-05-07,0.0018487415690599538,0.00158501705226673
2019-05-08,-0.0034633468246391204,-0.0036028066358876182
2019-05-09,-0.003799555232408172,-0.0038022653053061406
2019-05-10,0.003200599799999078,0.0030225027978519003
2019-05-13,-0.00526527303403686,-0.00552569403769827
2019-05-14,0.00010439136441017333,0.0002453473315289654
2019-05-15,0.0038109658436201966,0.003712080413660734
2019-05-16,-0.006361997450884961,-0.006181461176440805
2019-05-17,0.006646463961821386,0.005952175427267809
2019-05-20,0.02794732469335725,0.027911861111443288
2019-05-21,-0.0029462040490907723,-0.0032380295448688106
2019-05-22,-0.004523308417046153,-0.0046514226675203
2019-05-23,0.0010468162501048885,0.0010195002124018366
2019-05-24,0.006752789549022444,0.006954871806095641
2019-05-27,0.021974652323363545,0.021715099930565248
2019-05-28,-0.007860320083515181,-0.007440473702889058
2019-05-29,0.004829859257005608,0.0046740990763324665
2019-05-30,-0.0033559148953302455,-0.0034924683161576815
2019-05-31,0.0009847881397664275,0.0011478248601037465
2019-06-03,0.011129888430163102,0.0110228085216699
2019-06-04,0.0016787478588967523,0.0015370057456895636
2019-06-06,0.00582745460445975,0.005468689232300679
2019-06-07,-0.001956647508749123,-0.0020562024839350258
2019-06-10,0.0072279678147646135,0.00717024081694881
2019-06-11,0.003159750755349661,0.0030141596770491396
2019-06-12,-0.0030812016396430074,-0.0031161280475296574
2019-06-13,-0.0060583212802448865,-0.006083436408977729
2019-06-14,-0.002736574929643951,-0.002678692764157893
2019-06-17,-0.003301993867741224,-0.0035353439415030715
2019-06-18,-0.00489888272552797,-0.0049789733840749206
2019-06-19,0.008037984910673104,0.007498390047450764
2019-06-20,0.002247440872113889,0.0021976193149725273
2019-06-21,-0.011322232907245943,-0.011248434220996282
2019-06-24,-0.00587918698594286,-0.005967644133265917
2019-06-25,0.001639494852694525,0.0016990515144978584
2019-06-26,0.002436886268611777,0.0025884285973918468
2019-06-27,0.008584283713229598,0.008455757358904418
2019-06-28,0.009974593642855386,0.009875013074440029
2019-07-01,-0.0008708113611672189,-0.0007008789176630903
2019-07-02,-0.0013540794158157464,-0.001053501670217822
2019-07-03,-0.0048191889032434525,-0.0047056765243397095
2019-07-04,0.005991216594677755,0.005752848030588111
2019-07-05,-0.009004538845672639,-0.009336664316119932
2019-07-08,-0.011676941220212608,-0.011713944029396878
2019-07-09,-0.0024581300240898592,-0.0022528424119004817
2019-07-10,0.003934740194954124,0.003479334477519663
2019-07-11,0.0031307859359075117,0.003430983365046784
2019-07-12,0.0010620000596060467,0.0012686756081013494
2019-07-15,-0.0015778595256233994,-0.001504035928492106
2019-07-16,0.0024448488484882652,0.0025292267831939622
2019-07-17,-0.0025947012768807844,-0.0024318712644144955
2019-07-18,-0.010306291888580413,-0.010438132777118017
2019-07-19,-0.013349109026251546,-0.013198791153656181
2019-07-22,-0.005208432535418794,-0.005089682652967805
2019-07-23,0.004110123304338054,0.0037988161536696412
2019-07-24,-0.002340215150044811,-0.0029192150739829844
2019-07-25,-0.006583172726240948,-0.006490679770036743
2019-07-26,-0.0022615029588738365,-0.002215954263012729
2019-07-29,-0.004468588940738554,-0.00454573948531444
2019-07-30,-0.006845758941209193,-0.007001830546333176
2019-07-31,0.008797869704767924,0.008948878727430032
2019-08-01,-0.012538854537445668,-0.012507726861473467
2019-08-02,-0.002854551732798755,-0.002767003326684231
2019-08-05,-0.010033073320500373,-0.009964434901688192
2019-08-06,0.0069958252507298525,0.007267098141246417
2019-08-07,-0.0009487343227863424,-0.0005011388108635429
2019-08-08,0.007701447529129612,0.007781841462321197
2019-08-09,0.0027389679721749344,0.002764660758235598
2019-08-13,-0.005622459499105688,-0.00599666202917992
2019-08-14,0.009326586772439109,0.009373341163998768
2019-08-16,0.0010600700846139426,0.0013156963937466615
2019-08-19,0.004115447907371804,0.004172503397537032
2019-08-20,0.010317048861019444,0.00997602332988596
2019-08-21,0.0004752922029940623,0.00030829457925175905
2019-08-22,-0.005256496197074686,-0.005420166847354556
2019-08-23,0.002064546402664482,0.0019855315599182164
2019-08-26,0.012355398974269235,0.012308258544938656
2019-08-27,-0.00204912035748734,-0.0014435312059234806
2019-08-28,-0.002737413295875343,-0.002741154310702384
2019-08-29,-0.008567753239439334,-0.008449420229511994
2019-08-30,0.005529836087474129,0.005749608173828114
2019-09-03,-0.00799470854750981,-0.008019883835695117
2019-09-04,0.0003690112453076515,0.0004201490664114283
2019-09-05,-0.0011690781211483622,-0.0009831805992409277
2019-09-06,0.009802229625102818,0.009549433972453064
2019-09-09,0.008186843571533372,0.00794128075057556
2019-09-11,-0.0009599894346800244,-0.0008755562907223461
2019-09-12,-0.0011795256736573671,-0.0012201995988490783
2019-09-13,0.006476453228541014,0.006346069832728138
2019-09-16,-0.00019837338915501074,-2.1547172808747037e-05
2019-09-17,-0.012815181231198639,-0.01281039919697303
2019-09-18,0.005295932041830464,0.005043865790993954
2019-09-19,0.00035664249171099126,0.00022652827166661838
2019-09-20,0.0245959335562166,0.02531639802864004
2019-09-23,0.04021311410095077,0.04006580804689715
2019-09-24,-0.0029552034242125236,-0.0031874865550022675
2019-09-25,-0.006650157948616607,-0.006764673696426966
2019-09-26,0.012521475772742418,0.01254642414151784
2019-09-27,-0.0034839097587570683,-0.0037654753435764554
2019-09-30,0.01646437259030746,0.016110507047102242
2019-10-01,-0.002075795901607623,-0.0024730063813994513
2019-10-03,-0.014091027051420815,-0.013751459218860125
2019-10-04,-0.007569083392905763,-0.007375719238714522
2019-10-07,-0.013110790373062052,-0.013019450830812072
2019-10-09,0.005495084481901618,0.005439918238486548
2019-10-10,0.006765077488212058,0.006756832024798847
2019-10-11,0.021201379058853703,0.020523539236147803
2019-10-14,0.0017103762453594762,0.0017834735013193056
2019-10-15,0.005972549848882106,0.005883075171974862
2019-10-16,-0.004788207463635324,-0.0042953476556868535
2019-10-17,0.0030267704834145283,0.0032473893070449874
2019-10-18,0.002067993566597961,0.002336217631193481
2019-10-22,-9.77627890359934e-05,-0.00025979393996970095
2019-10-23,-0.004895409172467974,-0.00474513641983377
2019-10-24,-0.010558365018355165,-0.01015905867321483
2019-10-25,0.004943765000412551,0.004742732260081078
2019-10-27,0.005075378258948313,0.005230357163027787
2019-10-29,-0.007066595453464811,-0.006701230403687272
2019-10-30,0.008013202516786382,0.008251453607030734
2019-10-31,0.009302735417057844,0.00937345504913036
2019-11-01,-0.001381512816118762,-0.0016087047804258328
2019-11-04,0.0025227376692901087,0.002555372305558846
2019-11-05,-0.010557230950177968,-0.010536476649198878
2019-11-06,-0.009556214646543828,-0.009617038252602563
2019-11-07,0.0025198696187058215,0.002569775407459825
2019-11-08,-0.013096307699605621,-0.013010823980398998
2019-11-11,0.0015905450541395612,0.0014996532372903233
2019-11-13,-0.004431211874813026,-0.0042447183200686675
2019-11-14,0.005633094281930906,0.0050992525287747665
2019-11-15,0.010652332405553775,0.010393459390144529
2019-11-18,0.007055580939769004,0.007029601484700306
2019-11-19,0.005552956975781171,0.005478104554609893
2019-11-20,0.00750830555782829,0.0074330379043303614
2019-11-21,0.0016107327340182365,0.001173593431985924
2019-11-22,-0.004729129571994896,-0.004368480441732563
2019-11-25,-0.0006258415633869766,-0.0002955194120729489
2019-11-26,-0.005071791214487403,-0.0050552822140989525
2019-11-27,0.000789879280245246,0.0008821309088684615
2019-11-28,-0.0006670048023105303,-0.0007883997105671942
2019-11-29,-0.00038444425006777926,-0.00014802416588633935
2019-12-02,0.0035160345925942544,0.0032632324096350993
2019-12-03,0.00200319967310377,0.001696607958580204
2019-12-04,0.014089461872033106,0.013836912624322135
2019-12-05,0.0033569503726842104,0.003181753265850342
2019-12-06,-0.002848909989875698,-0.003240439226953092
2019-12-09,-0.0035084680077840965,-0.003375796852228271
2019-12-10,-0.004374757027141603,-0.004749561982588907
2019-12-11,0.0010058212351111303,0.0009800503584142138
2019-12-12,0.00273492566115841,0.0027449783446643478
2019-12-13,0.0006894902706282391,0.0007997045551912075
2019-12-16,0.0009153594174531726,0.0006833579630924994
2019-12-17,0.01264214913849952,0.012435402436874929
2019-12-18,0.002823929714428064,0.0028583777691259045
2019-12-19,0.0029486030129180175,0.0030003618220282202
2019-12-20,0.0006664704336809648,0.0008438270901190114
2019-12-23,0.011454402761162304,0.011156258887774417
2019-12-24,-0.0032246071655075365,-0.003348192423275618
2019-12-26,0.0047074132571512444,0.004668184710042638
2019-12-27,0.002212953137930194,0.002410965292298418
2019-12-30,0.006665547134869813,0.006631566948567241
2019-12-31,0.0030737073513024257,0.0028698428313703337
2020-01-01,-0.0060390587471892375,-0.0057264584035919604
2020-01-02,-0.0004923113793988925,-0.00023140013594184338
2020-01-03,0.0006597412331017323,0.0006156780609111667
2020-01-06,-0.010620781475698442,-0.011025548669519564
2020-01-07,0.0015602000509907263,0.0016899973046943903
2020-01-08,-0.001494861261791543,-0.00127190810600698
2020-01-09,0.003094954709480745,0.003421083177404272
2020-01-10,0.005794261192664498,0.00588200622142464
2020-01-13,0.007932665582884036,0.00781569081532421
2020-01-14,0.005090088581087452,0.005286756289972529
2020-01-15,-0.0011263795705504392,-0.0007948723081878859
2020-01-16,0.010208288375178745,0.010277792369939278
2020-01-17,0.006654546417332266,0.0069660847531982095
2020-01-20,0.004375335257922025,0.004121362329840157
2020-01-21,-0.001378524138504391,-0.0017730196478615858
2020-01-22,-0.007013671432297976,-0.0066246174632303085
2020-01-23,0.005331943865335322,0.005326942789564849
2020-01-24,0.01206479575094129,0.01150204941161372
2020-01-27,0.004159651024840626,0.003640200157598148
2020-01-28,-0.0006378325065403363,-0.0012223064462436434
2020-01-29,0.005180240683152685,0.005111727409928318
2020-01-30,0.0012941819505601021,0.0005364314955284773
2020-01-31,0.004019513120056322,0.0031462486866563407
2020-02-03,-0.0038634691904576054,-0.0035515103445131857
2020-02-04,0.009982500854999916,0.0099584540708253
2020-02-05,0.013911203236728798,0.013675404979372714
2020-02-06,-0.011042061436312565,-0.010292713148886948
2020-02-07,0.00427253897588374,0.004554159175411918
2020-02-10,-0.003049082341778016,-0.0032990484853819523
2020-02-11,0.008378804952824798,0.008122955570736425
2020-02-12,0.003350111303038557,0.0030991976013578807
2020-02-13,-0.009954646647069007,-0.010491971161260836
2020-02-14,-0.003530176896507484,-0.00349992875761579
2020-02-17,0.0004994139892620122,0.0004211489585310199
2020-02-18,0.002032035353931389,0.0019586874547952984
2020-02-19,0.01175542528895414,0.011956233271252798
2020-02-20,0.010817672859389872,0.010345773104443335
2020-02-24,-0.00555668350346845,-0.006212374819801115
2020-02-25,-0.006351230319424815,-0.006102402298401371
2020-02-26,-0.00885049057441744,-0.008836916105518117
2020-02-27,0.002256992054667277,0.001836894771364494
2020-02-28,-0.007058761939997065,-0.007957738984975054
2020-03-02,-0.01099364144423812,-0.010532192052328089
2020-03-03,0.008729279074755118,0.008685320579914177
2020-03-04,-0.014317352183615972,-0.013983474121251263
2020-03-05,0.01069491775844373,0.009981864742963587
2020-03-06,-0.00851890927044592,-0.008768330530539143
2020-03-09,-0.024478381288317124,-0.024942449287385694
2020-03-11,-0.015862595332652378,-0.015346204491762003
2020-03-12,-0.04257894404121565,-0.043564748051398705
2020-03-13,0.007119952477550719,0.008107218709891997
2020-03-16,-0.05675922075513859,-0.05674666136097474
2020-03-17,-0.005815617277453665,-0.0060045709918234765
2020-03-18,-0.0483118808093386,-0.0482822319409736
2020-03-19,-0.026218338682792264,-0.02680029843723548
2020-03-20,0.04643741141763688,0.04646382518858977
2020-03-23,-0.09152654465303171,-0.09266062665708341
2020-03-24,-0.012039597223380813,-0.011111924624526228
2020-03-25,0.012742458691460002,0.01322887060934159
2020-03-26,0.03748797787712708,0.03710825354983973
2020-03-27,-0.007990521264397647,-0.008331683644223882
2020-03-30,-0.023666434570614535,-0.022786730616223373
2020-03-31,0.030787360171139446,0.03087278536223639
2020-04-01,-0.033551722981033504,-0.033248723678545235
2020-04-03,-0.0032126339830908742,-0.0032678849494847213
2020-04-07,0.02888375959174542,0.030031714042574688
2020-04-08,0.022582342126269604,0.0229336953459712
2020-04-09,0.03619326792080374,0.036739551479121356
2020-04-13,0.016073611600787744,0.015600706953289955
2020-04-15,0.007467840960839184,0.007665910142302322
2020-04-16,-0.013786957562503843,-0.013074787111757078
2020-04-17,0.015821659336958387,0.01578418273567422
2020-04-20,0.01232383182426992,0.012451529618009159
2020-04-21,-0.013634744626914696,-0.013163259790906148
2020-04-22,0.013698655590079437,0.013473618487492928
2020-04-23,0.004072166455699008,0.0037481025850059557
2020-04-24,-0.005748638191446068,-0.006590727072575303
2020-04-27,0.005247298656213989,0.0049195496083680595
2020-04-28,0.005076197340717085,0.005016454567154421
2020-04-29,0.00899168000335911,0.010100235053376507
2020-04-30,4.071580275932492e-05,0.0008992732226616471
2020-05-04,-0.008315155749082601,-0.009955898591073232
2020-05-05,-0.009863795616078773,-0.009717998068652318
2020-05-06,-0.003843840814199408,-0.0034169270024562415
2020-05-07,-0.011094133355952182,-0.010866753020932932
2020-05-08,0.0035287602880795955,0.003182592049621111
2020-05-11,-0.0029140353856270643,-0.002850288091524651
2020-05-12,-0.0185073065439339,-0.0182583185751426
2020-05-13,0.0017689254221890521,0.002243882751050347
2020-05-14,-0.010608163647479572,-0.010093976662618456
2020-05-15,-0.002435092324349075,-0.0019302774068405912
2020-05-18,-4.046493658275193e-05,-0.0025581007564085797
2020-05-19,-0.00352715315964079,-0.002617823901115136
2020-05-20,0.012489082566042167,0.012888794470693242
2020-05-21,0.004272893641186719,0.00434574662918306
2020-05-22,-0.0030135181099688255,-0.0035854247894140942
2020-05-26,0.0036945012154845597,0.0032235358765827595
2020-05-27,-0.006564256196060044,-0.006555059023603467
2020-05-28,0.017902962929222287,0.01784964181591892
2020-05-29,0.0076296936214784875,0.007890219973333449
2020-06-01,0.002580420061901255,0.0036503095456585414
2020-06-02,0.01989760603632517,0.01904488244284972
2020-06-03,0.007669626949626784,0.00781460062413072
2020-06-04,0.008767427856070856,0.008289282330105622
2020-06-05,0.010880176356753122,0.011558193971964304
2020-06-08,0.004125575929775905,0.004528140931879794
2020-06-09,-0.013950145952605216,-0.013532628066907885
2020-06-10,0.0031563974445752868,0.0029137129534417858
2020-06-11,-0.014116269608351814,-0.014152140996451719
2020-06-12,-0.005841229186768716,-0.004965956487064806
2020-06-15,-0.0032445426100121896,-0.003804091982822998
2020-06-16,0.0003268711193740131,0.00017120791412106177
2020-06-17,0.0008193894588995028,0.0016419249172740615
2020-06-18,-0.020361379001700958,-0.0188998706163057
2020-06-19,0.003435338558236935,0.002661910421212094
2020-06-22,0.016139723300885703,0.015971090229212864
2020-06-23,0.007000551407949894,0.007938725592105806
2020-06-24,-0.0026202125952762213,-0.002626265339584435
2020-06-25,0.0018570006207610798,0.0018707708004915495
2020-06-26,0.0014876358622470734,0.0022350355107984324
2020-06-29,-0.001669527883903712,-0.002522286944147108
2020-06-30,-8.121729094293258e-05,7.850807019917257e-05
2020-07-01,0.0009011098592007817,0.0007942665722687509
2020-07-02,0.0020976315905308776,0.002284215093505516
2020-07-03,0.005883737485565555,0.005864051981167061
2020-07-06,0.010332425818542147,0.010215350074078852
2020-07-07,0.0028762733000166508,0.0029352838205087004
2020-07-08,-0.015227104518732125,-0.014582181838729853
2020-07-09,-0.0031146412359597552,-0.0027646490687969227
2020-07-10,-0.0010560567345336298,-0.0014752235924522477
2020-07-13,0.0008680330781547178,0.001065166074316452
2020-07-14,-0.005287740156364153,-0.005374846579956931
2020-07-15,0.0020732900011989604,0.001739390729634849
2020-07-16,0.006514839569898541,0.006246874870110615
2020-07-17,-0.004364985660382126,-0.0033570127487798965
2020-07-20,0.003926609009007279,0.004423456166097887
2020-07-21,-0.0018919303070456328,-0.0009862649920016234
2020-07-22,0.0009165296474645725,0.00038989746775860436
2020-07-23,0.011667320603309494,0.011200612774878506
2020-07-24,0.0009608664700167469,0.0010318707787150686
2020-07-27,-0.003314842510216454,-0.003464137807303958
2020-07-28,-0.005116587932914862,-0.004406228813847888
2020-07-29,0.0009079762435722266,0.0012412944546642839
2020-07-30,0.007794649371650442,0.007673488878059215
2020-07-31,0.009617195644533423,0.009315171199954867
2020-08-03,0.004940300843834133,0.005027104140502568
2020-08-04,0.007887870558761622,0.007692804173510458
2020-08-05,-0.0006198763010952216,-0.0008557661047603961
2020-08-06,0.003419915315580239,0.0037219404294624586
2020-08-07,-0.004299077405250672,-0.003589467221724366
2020-08-10,0.028399166461144276,0.028018177479533342
2020-08-11,0.0005700416202149709,0.0007822388507656591
2020-08-12,-0.004575802016579193,-0.004809178500281392
2020-08-13,0.005871539744974941,0.005890505432479421
2020-08-14,0.0007742807623956332,0.0011069024948642315
2020-08-17,0.0019927817955176113,0.002717769330245894
2020-08-18,0.008540854113330127,0.008348365823833645
2020-08-19,0.01644051168456452,0.016001163990918752
2020-08-20,0.006014774875527517,0.006107275880059592
2020-08-21,0.019220338398690206,0.01965859014927656
2020-08-24,0.023577717751108368,0.023354385919632174
2020-08-25,-0.0021572047842045045,-0.002006716896110621
2020-08-26,0.018986447275809264,0.018491305995891327
2020-08-27,-0.0020574978331969595,-0.0013244340948257455
2020-08-28,0.023955385961731232,0.02294626980629335
2020-08-31,-0.03316414565753999,-0.034003165209274946
2020-09-01,-0.0018139713957289786,-0.0008314631082494136
2020-09-02,0.010736404662816801,0.011034713102033184
2020-09-03,-0.008519166145635698,-0.007725674817225201
2020-09-04,-0.00494219527346976,-0.005440326540671029
2020-09-07,0.023459564264173276,0.022077213366140665
2020-09-08,-0.01056948164646731,-0.010567715393726664
2020-09-09,-0.01684957550009555,-0.01647252363742049
2020-09-10,0.017213614267321497,0.01736997099671619
2020-09-11,-0.0024361122193812352,-0.0018996710212051396
2020-09-14,0.019090070372792003,0.019929109662047712
2020-09-15,0.013969434893007098,0.014604039380961862
2020-09-16,-0.024193196125379852,-0.022989137851301626
2020-09-17,-0.01590153866559526,-0.01574208984363099
2020-09-18,0.00013501179452326368,0.0001637612804277664
2020-09-21,-0.029787612564956316,-0.029681856670306404
2020-09-22,-0.011536794502497411,-0.010803677828321718
2020-09-23,-0.0012045691416098002,-0.001605086224987898
2020-09-24,0.00019365470081539196,-0.001056568754482392
2020-09-25,0.015993980758432256,0.016134756199067932
2020-09-28,0.015097358068185391,0.015260204572946436
2020-09-29,0.004788011168599584,0.004881729668531475
2020-09-30,-0.0029266272739202496,-0.0028003469103318928
2020-10-01,-0.002664367403371882,-0.0021593321680162692
2020-10-05,0.00439145323669252,0.004281292324377262
2020-10-06,0.0006393768030026382,0.0004382123358711277
2020-10-07,0.0009547872479308732,0.0008113070603415129
2020-10-08,0.00027259964196730754,0.0004157002934929555
2020-10-09,-0.012990137469879327,-0.012301564027323384
2020-10-12,0.004481621288719241,0.00377143621651376
2020-10-13,-0.003178689933583148,-0.003344397507374655
2020-10-14,-0.006951511839861145,-0.006467528352255593
2020-10-15,-0.009008065117887596,-0.009312475780638364
2020-10-16,0.006283733955111457,0.006896186779154217
2020-10-19,-0.0021762753524005372,-0.0008361292952441281
2020-10-20,-0.001904214698773006,-0.0018332457571018936
2020-10-21,0.0013943301314922768,0.0012208088103160793
2020-10-22,0.008412921276836434,0.00870344506261362
2020-10-23,0.0037202214447244974,0.0036394719869977093
2020-10-26,-0.008680815765063707,-0.008427353331399552
2020-10-27,0.01245965871037931,0.012568016624835062
2020-10-28,-0.007270638995169698,-0.007471615212124449
2020-10-29,0.009834500099917766,0.009531596096811111
2020-10-30,0.0026256923383404353,0.0030572839720067204
2020-11-02,-0.0015572913868384891,-0.0015466189550100088
2020-11-03,0.009206198045739425,0.009622620753775034
2020-11-04,0.006964167808255902,0.006358039416409042
2020-11-05,0.00997080500289721,0.01022390962558036
2020-11-06,0.0008038318234055005,0.0006727958787676792
2020-11-09,-9.504464980838266e-05,0.0008153703547506555
2020-11-10,-0.00862572472223203,-0.008273753483207184
2020-11-11,0.009604021376178397,0.009760155243485022
2020-11-12,0.005101226384079216,0.005358188513778268
2020-11-13,0.00041629144572680687,0.0010532101946679373
2020-11-14,0.004963795455267452,0.005051419824986762
2020-11-17,0.030288875150664512,0.028617532813017155
2020-11-18,0.00800290841489671,0.007448174508434203
2020-11-19,-0.0023386880915424214,-0.0024439127126870256
2020-11-20,0.007882935892386563,0.007895437082229477
2020-11-23,-0.0035084520997193786,-0.003126742783085205
2020-11-24,0.005162313743018162,0.005044014084833834
2020-11-25,-0.017139309488540387,-0.016719059166746108
2020-11-26,-0.004880291347394168,-0.004626716385980154
2020-11-27,-0.008758561659340703,-0.007087215517349037
2020-12-01,0.0177262755023984,0.016957234540732447
2020-12-02,-0.000942604973448492,-0.0009424499988454646
2020-12-03,0.0049443407508331216,0.005122745463628264
2020-12-04,0.01697468582490616,0.016569905662672576
2020-12-07,0.007059928354043724,0.007012496421189189
2020-12-08,0.000903833813295083,0.0009323387413703528
2020-12-09,5.824771356412574e-05,-0.00017094606681632412
2020-12-10,-0.006878814171165103,-0.006687159960481524
2020-12-11,0.002019988596676377,0.0018362683269839866
2020-12-14,0.0025841042639881415,0.002550505345553279
2020-12-15,-0.0055933921310428025,-0.005406551574348868
2020-12-16,0.002446090529316468,0.0024549803901004054
2020-12-17,0.00040442013113022664,0.00029370684458820235
2020-12-18,0.006031250966277472,0.005178016674438842
2020-12-21,-0.022098645081129846,-0.02248382900407437
2020-12-22,0.006252850171831939,0.005964057923489002
2020-12-23,0.008683988299532956,0.00905926539876781
2020-12-24,0.0016165128408535993,0.0018277067969244105
2020-12-28,0.0006709297228694924,0.0008115035004467924
2020-12-29,0.008809256320598894,0.008852687060450061
2020-12-30,0.001457365093788386,0.0015891554941273095
2020-12-31,-0.005045509760920909,-0.004733948531506759
2021-01-01,-9.343908753658265e-05,0.0002530214709142466
2021-01-04,0.000295091987679874,0.0010371366768141279
2021-01-05,-0.001639854422574868,-0.00120962620405004
2021-01-06,-0.009875434987885946,-0.009221969758092396
2021-01-07,0.007402408639368482,0.007276617148493262
2021-01-08,0.012246660206449865,0.012022966311979385
2021-01-11,0.002166302582079889,0.0024362405324376423
2021-01-12,0.006128693705390198,0.006589348574605728
2021-01-13,-0.008293607761960657,-0.00802365630034651
2021-01-14,0.0007336260990415635,0.0006091046085452
2021-01-15,-0.003557902331541002,-0.0038649139143792813
2021-01-18,-0.0028968838861718883,-0.002906609705594243
2021-01-19,-0.00013961364159148547,0.00041551967302238613
2021-01-20,0.001752931667118366,0.0021837869066101997
2021-01-21,-0.002118527660589404,-0.002308628285378372
2021-01-22,-0.00024600609026081944,3.571762059994079e-05
2021-01-25,0.007382841009817171,0.007083070903277892
2021-01-27,-0.00914386674668746,-0.009284249929887375
2021-01-28,-0.0013398329282052535,-0.0015311335161036132
2021-01-29,-0.004990524277987851,-0.00484410093363761
2021-02-01,0.006996995725351173,0.0076366209097112475
2021-02-02,0.012165633483436782,0.01232015206390557
2021-02-03,0.014279010917326548,0.014375796562572592
2021-02-04,0.010374007187205101,0.010609069996880093
2021-02-05,0.0006300482320688588,0.0003475102881284358
2021-02-08,0.006160412115799135,0.006621875099829791
2021-02-09,0.0014280810334618302,0.0014557053011645031
2021-02-10,-0.003356662831698681,-0.0032069301806846723
2021-02-11,0.011724513302538986,0.011376334496194422
2021-02-12,0.005666779930214791,0.005168598858293691
2021-02-15,0.0037262248106123843,0.004521294457804789
2021-02-16,0.010555720734265512,0.011037643048216762
2021-02-17,0.0026597676869420687,0.0031652793269566597
2021-02-18,0.006428686352130278,0.006484907112734153
2021-02-19,-0.011777333618798238,-0.012004401524242267
2021-02-22,-0.0071265506513564164,-0.007631437896810322
2021-02-23,0.003906469285061585,0.00389259201145373
2021-02-24,0.000920575699414606,0.001709704731689804
2021-02-25,0.005872656558955713,0.00622776897845223
2021-02-26,-0.0038524642141364125,-0.00453140072884139
2021-03-01,-0.0007691660124596535,0.0003154239343457077
2021-03-02,0.018015086460400728,0.018292806288268505
2021-03-03,0.006047505780606541,0.006023785091535859
2021-03-04,0.012961297619979922,0.012532110977252237
2021-03-05,-0.0033278949631499266,-0.0035284944056343578
2021-03-08,0.002469435171606607,0.003266648599961638
2021-03-09,0.007508744101189653,0.006789956504865715
2021-03-10,-0.004693038989581514,-0.004138931878388487
2021-03-12,0.00549339111697043,0.005331126227992203
2021-03-15,-0.0018591130146085658,-0.002129056734943911
2021-03-16,0.006844403012185703,0.00674658972779049
2021-03-17,-0.020076968743576208,-0.020177563306326904
2021-03-18,0.0008224887083352385,9.140204985848017e-05
2021-03-19,0.01369875538391296,0.01307523553501604
2021-03-22,-0.002076774692674841,-0.001772996273417121
2021-03-23,0.004753828063413583,0.005123633852884701
2021-03-24,-0.009162908717089044,-0.00953179347711368
2021-03-25,-0.019846721826706798,-0.01930575325849434
2021-03-26,0.03566456115833951,0.03439749697848933
2021-03-30,0.02246124653212673,0.02205507847005778
2021-03-31,-0.0015372283258772007,-0.001650731149029623
2021-04-01,-0.007119380257906783,-0.005985111493621499
2021-04-05,-0.010547059533566957,-0.010407987321463702
2021-04-06,0.004021001887397236,0.004381572805641802
2021-04-07,0.014315679161818293,0.014379908392414794
2021-04-08,-0.009258140350099942,-0.0087228111528969
2021-04-09,0.01690634112149225,0.016613746623156254
2021-04-12,-0.02639333863218331,-0.02705503595936674
2021-04-13,0.0012076468881687685,0.001709137982818613
2021-04-15,0.001965483716475834,0.0020538246985088585
2021-04-16,0.012742839271942216,0.012872228066990603
2021-04-19,-0.005600229373076867,-0.006353610592683264
2021-04-20,-0.0029431619344007687,-0.0029569563694462875
2021-04-22,0.006397525835531645,0.006000111614256823
2021-04-23,-0.000662577020206054,-0.0002690411892388836
2021-04-26,0.017152462478290362,0.016478885768505216
2021-04-27,0.003299768102413584,0.003595603295420693
2021-04-28,0.0013552270205111935,0.001908950534370824
2021-04-29,-0.0044832222405826435,-0.00457329194345495
2021-04-30,-0.006976450748767559,-0.006536967365562972
2021-05-03,0.010174998153181078,0.010424201385179787
2021-05-04,0.008956172629035045,0.008658177944306853
2021-05-05,0.023718643881601463,0.023817274939968654
2021-05-06,0.003754971559598571,0.003672269144217639
2021-05-07,-0.000712091504662843,-0.0008312728406021418
2021-05-10,0.012636849742046104,0.012273899573367487
2021-05-11,0.007056967568236807,0.007179079542891622
2021-05-12,-0.0007487069834279034,-0.0014490739640414909
2021-05-14,-0.008499635337924754,-0.008341165042612021
2021-05-17,0.007100281248761049,0.00743795378371843
2021-05-18,0.008960055333881596,0.009249109255994014
2021-05-19,-0.0035762856032963046,-0.002911959995853439
2021-05-20,-0.008416749932921757,-0.008340436056485056
2021-05-21,0.001684217283980408,0.0018486284041190474
2021-05-24,0.009946975943488612,0.010193487905002208
2021-05-25,-0.008799357731297494,-0.008282878114315927
2021-05-26,0.002666219920308225,0.002815911099601906
2021-05-27,0.005398816213775732,0.00556450442467051
2021-05-28,-0.009016983365613839,-0.008954762047882647
2021-05-31,-0.001141620726935257,-0.0014054560456386025
2021-06-01,0.0029403393110601214,0.003065395578573711
2021-06-02,0.008287978729457345,0.008654896633858052
2021-06-03,0.011193686162240568,0.011524544489253032
2021-06-04,-0.006101831905761052,-0.006367436083377015
2021-06-07,0.00610060300982841,0.006409406138305677
2021-06-08,0.00035492451206950264,0.0003991338898703887
2021-06-09,0.00792626831461793,0.0072394461316162085
2021-06-10,0.0014538314606906836,0.0013756422305349764
2021-06-11,0.006153391973335664,0.005777532141972231
2021-06-14,-0.0022189452696896954,-0.0025358151245405496
2021-06-15,-0.0020169306418899267,-0.0021717108528757313
2021-06-16,0.011141927434562241,0.010785661165433528
2021-06-17,-0.006455699847843929,-0.00650664964535619
2021-06-18,0.0016914836892345476,0.0017147391809918151
2021-06-21,0.005138240377645594,0.005765777823541752
2021-06-22,0.005023301681493102,0.0050737288911809585
2021-06-23,-0.008764618107533853,-0.008255476110448473
2021-06-24,0.000706830639286016,0.0005629988907252536
2021-06-25,-0.003762739531637069,-0.0034316691369006957
2021-06-28,-0.004309830893060808,-0.004035925316074371
2021-06-29,-0.003657264191108562,-0.003083430626015398
2021-06-30,0.00844384345902919,0.00818025561103399
2021-07-01,0.0010245499149017785,0.0011084731911080322
2021-07-02,0.009307786704772112,0.009307292263879741
2021-07-05,0.0031072033034361822,0.003297726178117332
2021-07-06,-0.0032135468616508282,-0.003403768559363259
2021-07-07,0.0005236215494817283,0.0007184693362478497
2021-07-08,0.008527728937345219,0.007708693734828766
2021-07-09,0.0010645440750730135,0.0009846896650111102
2021-07-12,0.008394956177799305,0.007851009028129003
2021-07-13,0.0036069605014652658,0.00341670579454613
2021-07-14,-0.0027711931286359386,-0.0025202927932987266
2021-07-15,0.008708868961762851,0.008396126094659302
2021-07-16,0.011587665991990617,0.011057792849033802
2021-07-19,0.013540313150817194,0.013025722910606425
2021-07-20,-0.01269530786915857,-0.012518460363866701
2021-07-22,0.021561330217731507,0.021425432353030134
2021-07-23,-0.0005826302453204963,-0.0004830349604434339
2021-07-26,-0.0035506441273224125,-0.003294093350298262
2021-07-27,0.006095212824066834,0.005757635220302805
2021-07-28,-0.00978328394336057,-0.01001960994253041
2021-07-29,0.0007255836486366105,0.00041770494072830154
2021-07-30,0.009898829976610492,0.009462590921107421
2021-08-02,0.007605114544757487,0.007195900428843139
2021-08-03,0.00691707056311842,0.0071489971434412665
2021-08-04,-0.0054574860521150684,-0.00520301991663185
2021-08-05,-0.001055854241782635,-0.0011458503292925916
2021-08-06,-0.009126026623242188,-0.008593078610691968
2021-08-09,-0.005847573672763605,-0.005982217982174705
2021-08-10,0.0038821233621359075,0.002623878530896256
2021-08-11,-0.009854473158873847,-0.010082681889328428
2021-08-12,0.014888352481304774,0.014775438937066303
2021-08-13,0.014493151517150391,0.013393470620732637
2021-08-16,0.0010609016733962463,0.0010777820250730441
2021-08-17,0.016891268348279823,0.016874769265757473
2021-08-18,-0.0038451136637732246,-0.003304627316517725
2021-08-20,-0.007305490560019859,-0.00803657024265589
2021-08-23,-0.01818167690455595,-0.017983329423314338
2021-08-24,0.007746070039577495,0.007828072088916888
2021-08-25,0.006877547129241468,0.007379165939505723
2021-08-26,-0.004055766243100872,-0.003775837811221868
2021-08-27,0.0051827137973851954,0.005827843794195861
2021-08-30,0.007560243281070982,0.008049355566977579
2021-08-31,0.008690583606832449,0.008940395858722687
2021-09-01,0.0016406921665284738,0.00132766794943491
2021-09-02,0.008756962471881718,0.009288498289985505
2021-09-03,0.0048186542104114525,0.004714566411920036
2021-09-06,0.004915176318918557,0.00489804199122087
2021-09-07,0.007103349697548224,0.006673382375371977
2021-09-08,0.006195371867866156,0.006037998500614956
2021-09-09,0.01405427393146946,0.013455029028878109
2021-09-13,-0.0025941192893111573,-0.0025294563190968004
2021-09-14,0.0025391783212848373,0.002513667419160667
2021-09-15,-0.0004323188683963241,-0.00010306654279180471
2021-09-16,-0.0010514793509076646,-0.00075401000917243
2021-09-17,-0.0008192730845597354,-0.0008241659719760306
2021-09-20,-0.0036639571117858235,-0.004173449105279772
2021-09-21,-0.0019538355467065864,-0.001973084129461921
2021-09-22,0.004537676771730781,0.004514598005622814
2021-09-23,0.004611765892817889,0.004820760400445064
2021-09-24,0.0017616245978533504,0.0015341568091818403
2021-09-27,-0.005352369105733325,-0.005273169130070488
2021-09-28,-0.0025812062097630636,-0.0026781060892328394
2021-09-29,-0.006272937845963043,-0.005084005789716811
2021-09-30,0.022459990597166947,0.021298511955073547
2021-10-01,0.016842040701755236,0.015666711753934092
2021-10-04,0.0023922468375511064,0.0023269172075415317
2021-10-05,0.0019141479549324135,0.0019708060144054233
2021-10-06,-0.013226847904519199,-0.012329225209065275
2021-10-07,0.011044817265614758,0.01083593244805505
2021-10-08,-0.0007622124489262328,-0.0006276958019696635
2021-10-11,0.011165860928336517,0.010964276652663855
2021-10-12,0.0047526787595472885,0.004848912217611441
2021-10-13,-0.0021305018159615604,-0.0017590546224052642
2021-10-14,-0.0022429544816525548,-0.0021812859075386365
2021-10-18,0.0014072574477697471,0.0009243495355577922
2021-10-19,-0.016015412298754087,-0.015729702444906377
2021-10-20,-0.0012079107058031863,-0.0022962013738432197
2021-10-21,-0.0012800582148317868,-0.001298196290863365
2021-10-22,0.004979445600983943,0.005162914955980847
2021-10-25,-0.0017183834345257392,-0.0015684655609520056
2021-10-26,-0.0075732788138512305,-0.006809286492743871
2021-10-27,0.02996095086817486,0.029001769560573345
2021-10-28,-0.005082567357865742,-0.005196407158509279
2021-10-29,-0.007347591638380568,-0.006542092935805117
2021-11-01,0.008673953749727053,0.009284380707105747
2021-11-02,0.005302169068619117,0.005256031888221794
2021-11-03,0.001182993389836796,0.0012245552784167692
2021-11-04,0.0052150146800753775,0.005511355325409123
2021-11-08,-0.00031906243540742675,4.799735998468771e-05
2021-11-09,0.009756036987398608,0.009536220061105539
2021-11-10,0.0024269848788285565,0.0021767285012305156
2021-11-11,0.00549821100710852,0.005492873637922271
2021-11-12,-0.003090607129282982,-0.002875083146640446
2021-11-15,0.0021925921276961446,0.002117566171502282
2021-11-16,0.004846784425264436,0.004412844509886513
2021-11-17,-0.0009541768194284188,-0.0005796397943091951
2021-11-18,-0.005356809269276647,-0.005990253381488326
2021-11-22,-0.016761351026001143,-0.017175657543356017
2021-11-23,0.016245163518248663,0.01583901977677777
2021-11-24,-0.009574053069849518,-0.009130853301801646
2021-11-25,-0.0027695178024391494,-0.0024024288116742485
2021-11-26,-0.006972591787025042,-0.007929210211522483
2021-11-29,0.004116952049758863,0.0035085772821163365
2021-11-30,-0.0004706074361436471,0.0002882098075614858
2021-12-01,-0.00989817163189468,-0.00980726069077777
2021-12-02,0.0038581566783452027,0.004543892719155923
2021-12-03,-0.010701101302682672,-0.010200901903660341
2021-12-06,-0.00956379739303235,-0.010001139582238052
2021-12-07,0.007183624765412986,0.007522468723808682
2021-12-08,0.004398144282824173,0.004733146999137855
2021-12-09,-0.0014685153176136516,-0.0013157519752808277
2021-12-10,0.004252671805021165,0.004618380767148723
2021-12-13,0.005190645780811469,0.0047904720609061955
2021-12-14,0.0037757990161375946,0.0035500018978652558
2021-12-15,0.01141796100726973,0.010541745714841974
2021-12-16,-0.0023684056362335663,-0.0025968177757882136
2021-12-17,-0.0078107810775569645,-0.007951805443210627
2021-12-20,-0.019690183550233397,-0.01961028851177906
2021-12-21,0.007704723236188453,0.008096773692989343
2021-12-22,0.0062645770961050826,0.006124334534699005
2021-12-23,0.005969707772536649,0.0056666456084098794
2021-12-24,-0.0041019617644521755,-0.004322761540644795
2021-12-27,0.0070635811603699805,0.007270989350186829
2021-12-28,0.018359677938426324,0.01802388919377583
2021-12-29,0.006137860304985078,0.006053601882853968
2021-12-30,0.003089989998930064,0.002945358970042557
2021-12-31,-0.0003378073227637251,0.00010605401781854954
2022-01-03,0.0028766186592566237,0.0033479536220729126
2022-01-04,0.014795366054730657,0.0142221712078997
2022-01-05,0.0008237430098916841,0.0005258225783651993
2022-01-06,-0.005500311436325848,-0.004966267802224863
2022-01-07,-0.0031464416938009232,-0.003068951710281662
2022-01-10,0.0011401243408363413,0.001966974273582194
2022-01-11,0.0019148049819067761,0.0019830043688137287
2022-01-12,0.0072214952009144965,0.0074772823847721786
2022-01-13,0.0010142038136849323,0.0011299304978540608
2022-01-14,0.006705332159241116,0.007159533358283233
2022-01-17,0.001971843857994107,0.0018881591772814885
2022-01-18,-0.00794521413500196,-0.008922440134883027
2022-01-19,-0.004253353064157963,-0.00422809883445312
2022-01-20,-0.0028964202568703802,-0.002687588870026435
2022-01-21,-0.008050298033125562,-0.008451270188364399
2022-01-24,-0.029606690113681985,-0.0296233774126643
2022-01-25,0.008755942619091319,0.008521673896884657
2022-01-27,-0.009081231106483543,-0.008762335072151382
2022-01-28,-0.00674931642564427,-0.005792102950693812
2022-01-31,0.0037497656496834515,0.004520294192160765
2022-02-01,-5.235263027544845e-05,0.00033800451570663856
2022-02-02,0.006949451166333638,0.007426087385897569
2022-02-03,0.001738736692713376,0.0016320936543771382
2022-02-04,-0.0027314998475393894,-0.002643383759319653
2022-02-07,-0.012414339441293639,-0.01221100948031264
2022-02-08,-0.00774319656982507,-0.007436797760563997
2022-02-09,0.020832811856778925,0.019781789829338394
2022-02-10,0.003138112352125991,0.0034755676105076502
2022-02-11,-0.00857110718070869,-0.008468436350005359
2022-02-14,-0.012858457459244452,-0.013887336810999046
2022-02-15,0.014031558509883815,0.014437263538093983
2022-02-16,0.014489968211402183,0.014044008516044251
2022-02-17,0.0029907364675638504,0.0025230631567404274
2022-02-18,-0.0008884932537896011,-0.0011719911497291386
2022-02-21,-0.00820389471729403,-0.008445700895797822
2022-02-22,-0.001760892028182383,-0.0024820982094545443
2022-02-23,0.00970151162521379,0.009388817521817484
2022-02-24,-0.030837762543318818,-0.03179600107374424
2022-02-25,0.017123916798493625,0.018196656061448553
2022-02-28,0.008902837518465932,0.008967047346655911
2022-03-02,-0.009146765054634225,-0.009394315517358729
2022-03-03,-0.0023813554356702593,-0.002897145420128991
2022-03-04,-0.010720228311210167,-0.010885694790675419
2022-03-07,-0.02034683595653879,-0.020828830014031328
2022-03-08,0.005500687250079987,0.0061841986692502205
2022-03-09,0.009531291019079631,0.009872722055851487
2022-03-10,0.01211769482662475,0.012198937121093604
2022-03-11,0.0008148350926862109,0.0011688475178631699
2022-03-14,0.005742217414766857,0.005945546677074614
2022-03-15,-0.0012049941012708609,-0.0014498679547295746
2022-03-16,0.0036847367774599754,0.004281033340485794
2022-03-17,-0.00797410038845624,-0.007962537641952736
2022-03-21,0.0048172420146485526,0.004610702746047962
2022-03-22,-0.0071308522859817505,-0.006731150118620385
2022-03-23,-0.01369582593281437,-0.01327720538280446
2022-03-24,-0.005541082983091955,-0.004342880669972767
2022-03-25,-0.002141690921635419,-0.001541267332937222
2022-03-28,0.006964098883540873,0.006268597474616019
2022-03-29,0.011680954377168795,0.011096474216442602
2022-03-30,0.013288043481024423,0.013490227785875233
2022-03-31,-0.0007021264805983148,-0.000997840186888958
2022-04-01,-0.001456084792778745,-0.00048498179588199247
2022-04-04,0.011569212901481576,0.011583840746540617
2022-04-05,0.014215362865267108,0.014093768459138982
2022-04-06,-0.0045341249765730495,-0.003960353344644918
2022-04-07,0.005088277596194535,0.004371553488860761
2022-04-08,-0.0007187684730152147,6.36379564742317e-05
2022-04-11,0.00670577594829115,0.007055088849009285
2022-04-12,-0.010026485420931814,-0.010161202955237742
2022-04-13,-0.00509149152841519,-0.00498814780287449
2022-04-18,-0.008734737072671557,-0.008766965526525323
2022-04-19,-0.008308206604002256,-0.007911779352259151
2022-04-20,0.01002979979099958,0.009878416823523913
2022-04-21,0.012677729177021398,0.012310020564585408
2022-04-22,-0.00239338613013025,-0.00210036243503924
2022-04-25,-0.013286770069998689,-0.013258180224841855
2022-04-26,0.007558673724331555,0.00785706198386401
2022-04-27,-0.007088217890563514,-0.007490937556716513
2022-04-28,0.009113347185627646,0.0091780623736336
2022-04-29,-0.0020885527836717785,-0.002253864120676392
2022-05-02,0.0030172101194644086,0.002526442609809118
2022-05-04,-0.0222421034360901,-0.02272278767656058
2022-05-05,-0.0047710208966965624,-0.0055853099382414135
2022-05-06,0.00434367834575583,0.002978066106014421
2022-05-09,-0.012425190470053948,-0.012617508572748914
2022-05-10,-0.007119751077177752,-0.007253244901218947
2022-05-11,-0.01356934089240781,-0.013410172506115044
2022-05-12,0.0018004942744567604,0.0008751793607994635
2022-05-13,0.01775668718326207,0.016734873356816414
2022-05-16,0.007953879469797403,0.008434941699969783
2022-05-17,0.016093425534144508,0.01642853876671111
2022-05-18,0.016644879094987335,0.016871163564143792
2022-05-19,-0.0031507891928718714,-0.004373360037343774
2022-05-20,0.018024994472203064,0.01747594686214576
2022-05-23,0.003982666425911463,0.003768993195003541
2022-05-24,-0.0009886255944478034,-0.0016749627013917623
2022-05-25,-0.010710345039406594,-0.011799271647062102
2022-05-26,-0.007347654275902813,-0.006302036838027187
2022-05-27,0.0059016180053869,0.006531602761328787
2022-05-30,0.0003680096114530183,0.001971113423932836
2022-05-31,-0.02191574199659004,-0.020957118857919867
2022-06-01,-0.006396508046659746,-0.006429681181334874
2022-06-02,0.00692231214039631,0.006270647557649122
2022-06-03,-0.012971408160358954,-0.013106908288393674
2022-06-06,0.005508065241700466,0.004731022457000724
2022-06-07,-0.007120692708660377,-0.007355009727054401
2022-06-08,-0.0047028810985007986,-0.004645431176533628
2022-06-09,0.003952611413673429,0.003884154941571722
2022-06-10,-0.0040212951141822845,-0.0038103909462142297
2022-06-13,-0.0066526696393822225,-0.007502262014332417
2022-06-14,-0.010337730925263702,-0.00970214886270821
2022-06-15,8.108487020558059e-05,0.0003804809726859859
2022-06-16,-0.014027206902859617,-0.014492497530342683
2022-06-17,-0.01704224233318752,-0.01687914299891353
2022-06-20,0.0075601499062387095,0.0067299970678533615
2022-06-21,0.010680906521501065,0.011241156567801976
2022-06-22,0.002805185026172583,0.002795351922585463
2022-06-23,0.015568616361764688,0.015106898451561344
2022-06-24,0.002309689034014406,0.0027558041620217126
2022-06-27,0.005374872808816094,0.005599310907751006
2022-06-28,0.0011398488660441725,0.0014433825338204286
2022-06-29,0.014201787114152365,0.013439875191163131
2022-06-30,0.014051591720113244,0.013068330226786261
2022-07-01,0.008111999673352466,0.007860318392069342
2022-07-04,0.009576162966058214,0.009615464947398483
2022-07-05,0.005679543139355848,0.005868781632451878
2022-07-06,0.013086283232088755,0.013530447466590574
2022-07-07,0.0010237660169455443,0.0012779033771830098
2022-07-08,0.0020450482594816283,0.002188225194068037
2022-07-11,-0.005043936302713834,-0.003957918382441986
2022-07-12,-0.007656121942518748,-0.007818686051472188
2022-07-13,0.0034641950517464892,0.003131184912518316
2022-07-14,0.011068645396783,0.01069889974448106
2022-07-15,0.011401163871404277,0.011304611291975028
2022-07-18,0.018425705574070812,0.01812004398253011
2022-07-19,8.822106184635232e-05,0.0008519541292315721
2022-07-20,-0.0013978125116774435,-0.0013033798894955435
2022-07-21,0.015460254297126975,0.01512634458068816
2022-07-22,0.0038173250150422503,0.004176295917091432
2022-07-25,-0.0073863285692668075,-0.007104674917349492
2022-07-26,-0.007705868025828206,-0.007906392510686049
2022-07-27,-0.0006358072179526979,-0.00042881938291566894
2022-07-28,0.0002067374806671682,0.00013852102284073642
2022-07-29,0.014350282362876625,0.014435427274022578
2022-08-01,0.01228913703225425,0.012264527045975505
2022-08-02,0.005718858659984566,0.006052116897050997
2022-08-03,0.004686899442233464,0.003950801836530584
2022-08-04,0.004914364847663507,0.004807325184489015
2022-08-05,0.005515863921750088,0.005740766167127619
2022-08-08,0.012843290927621983,0.012335992255758038
2022-08-10,-0.004831635174548233,-0.004291747656292184
2022-08-11,-0.004641553177685604,-0.004618898025241989
2022-08-12,-0.004505822262054866,-0.004199082849655998
2022-08-16,0.003963559973560808,0.004228469159023026
2022-08-17,0.013288141620356598,0.012484480412710124
2022-08-18,-0.004357252409680651,-0.0038643155147158174
2022-08-19,0.0003233032595208393,0.00037021447674959683
2022-08-22,0.0005920532000353062,0.00028053334406538243
2022-08-23,-0.00018020212763881344,0.00048258736096598093
2022-08-24,0.005430521616882143,0.005394354147459489
2022-08-25,-0.004388305295590492,-0.00421752187798937
2022-08-26,-0.00038153000390785076,-0.0003281695207945205
2022-08-29,-0.004674799555163136,-0.004670883300847639
2022-08-30,0.0025122917516293463,0.0032277113155222614
2022-09-01,-0.0026674777043503655,-0.002120816363380384
2022-09-02,0.001975853159249005,0.0015173608814159582
2022-09-05,0.007047288094475377,0.006316617014095645
2022-09-06,0.0005011504221734423,0.0004613732589761896
2022-09-07,0.00122418085897582,0.0022966252775606655
2022-09-08,-0.0001158693318151255,0.0001802141906154628
2022-09-09,0.0009528342146104363,0.0009744603639600149
2022-09-12,-0.01190097150175986,-0.0107999995535504
2022-09-13,0.007171831570525973,0.007007480389615106
2022-09-14,-0.0076965364535246505,-0.0070794781277594265
2022-09-15,0.005673324893206605,0.005487218222037008
2022-09-16,-0.021104819696098443,-0.02129587876225696
2022-09-19,0.005206731238928424,0.005128178036791237
2022-09-20,0.019599585494068157,0.0192965909474883
2022-09-21,0.001176564566619474,0.0005983328498656295
2022-09-22,0.0017774971558953846,0.0020566894965676624
2022-09-23,-0.002426612917597804,-0.0033947428931870973
2022-09-26,-0.005949851912494605,-0.006635012790949474
2022-09-27,0.008439198825859811,0.008029195832480145
2022-09-28,-0.004103504958447804,-0.004142219784648042
2022-09-29,0.014435281882766089,0.013917053137437348
2022-09-30,0.008479030952611988,0.008651946112882898
2022-10-03,-0.004955627056471214,-0.004734955027904152
2022-10-04,-0.002256069348515842,-0.0013361580785670396
2022-10-06,-0.001362181142284934,-0.0012868820537596587
2022-10-07,0.003763215249809561,0.0034650645510396717
2022-10-10,-0.0035941791573111163,-0.003704622486401348
2022-10-11,-0.002264582131721704,-0.0028186538246914744
2022-10-12,0.0027269556482328256,0.0028823986336862363
2022-10-13,-0.0038652629047569997,-0.0038262892892945944
2022-10-14,0.0033679486721492793,0.00332719590945287
2022-10-17,-0.0019540954524531026,-0.001643485572623757
2022-10-18,0.0006102632607239862,0.0010179556394333401
2022-10-19,-0.004580750479147695,-0.0038632409816767646
2022-10-20,0.002213436935001166,0.0020852459455469943
2022-10-21,-0.00341020141242244,-0.0034843307052836478
2022-10-24,0.0003540745476701546,0.0006160425580408095
2022-10-25,0.0017360674010385006,0.0015978112624197198
2022-10-27,0.005007826709766763,0.0048133265387689745
2022-10-28,-0.0013758363854949884,-0.00156415638704992
2022-10-31,0.015565465801471605,0.015093159778041619
2022-11-01,0.00991451542414139,0.009669950900709164
2022-11-02,-0.007722687196368853,-0.007271380491863551
2022-11-03,0.004968493662612074,0.0044170363303736035
2022-11-04,-0.004861086523985417,-0.0044321214704212365
2022-11-07,-0.006925993577324931,-0.0061631816178105165
2022-11-09,-0.0008695835927801212,-0.0010125308689851599
2022-11-10,0.009633356634564359,0.008595278287486139
2022-11-11,0.00023690884436363958,0.00014257059943048811
2022-11-14,-0.0027448796954138155,-0.002943939165504075
2022-11-15,-0.003269250639510636,-0.002550479378656496
2022-11-16,0.0023103778180355423,0.0016095926673825997
2022-11-17,0.006999793528915106,0.005997965224068944
2022-11-18,0.008623698176938466,0.008013930428047843
2022-11-21,0.008471378456115284,0.008606574009862724
2022-11-22,0.006177218288257914,0.006251932464349425
2022-11-23,0.0007955270885535079,0.0006223732172431735
2022-11-24,0.006969686644435791,0.007044454812175159
2022-11-25,-0.002966213409531947,-0.0026081390268964826
2022-11-28,0.011391576189770665,0.011412433983101784
2022-11-29,-0.0024980548771704795,-0.0022055318825372774
2022-11-30,0.00621968505492151,0.0061595082115887285
2022-12-01,-0.00016336033406082803,0.00018317597803722092
2022-12-02,-0.007830168392232236,-0.007120669211493805
2022-12-05,-0.007943234773798555,-0.008088802135857661
2022-12-06,7.259021542848428e-05,-9.81728270468133e-05
2022-12-07,0.006521052807570557,0.00626981473597343
2022-12-08,-0.0015831985004885626,-0.001104163358722736
2022-12-09,0.0038481099064478167,0.00320991036512103
2022-12-12,-0.0018919430591430625,-0.0016220740078281832
2022-12-13,0.012391354350286073,0.012465500936876048
2022-12-14,0.004229886488693686,0.004189897460924917
2022-12-15,-0.0011675949630092152,-0.0016262307026037666
2022-12-16,0.0037973844417857052,0.0031617030294453755
2022-12-19,0.005454025877034653,0.004895358888693278
2022-12-20,-0.004740424024693321,-0.004627384527006581
2022-12-21,-0.003326340496725275,-0.0034818867173052786
2022-12-22,-0.003272361496530638,-0.0034171706763925854
2022-12-23,-0.007420351078559532,-0.008819814292459907
2022-12-26,0.003022841445207305,0.003781799830563035
2022-12-27,0.005493717954495514,0.00581626107454432
2022-12-28,0.004621268609556383,0.004669804720748743
2022-12-29,0.003457746203263698,0.0030297352221981522
2022-12-30,-0.0007732785677139233,-0.0004212899915519816
2023-01-02,-0.005601275293874847,-0.005390400809998608
2023-01-03,0.006605595438503404,0.00619987174189408
2023-01-04,0.002569012611516076,0.0022930170630087905
2023-01-05,0.008354469258210782,0.007483051036320184
2023-01-06,-0.0008352013329429764,-0.0010523962919872848
2023-01-09,0.0044844090613193515,0.004327558765315344
2023-01-10,-0.005442407643412047,-0.005128816709829579
2023-01-11,0.00011949527433593279,0.0001076370818622942
2023-01-12,-0.004266968112166991,-0.004159397424155276
2023-01-13,-0.001061345469792794,-0.0011706332624249229
2023-01-16,-0.0006072778622600252,-0.0003021307521634462
2023-01-17,-0.0036986874400157,-0.0035737097820188234
2023-01-18,0.006919487607501957,0.00638674834691809
2023-01-19,-0.0049617949351727034,-0.004619063805782362
2023-01-20,-0.009835521647532458,-0.009920127930202438
2023-01-23,0.00043443068386457714,-0.0003332275579714034
2023-01-24,-0.004670249044494443,-0.00444345530310526
2023-01-25,0.0020711257761355014,0.0015579085144109559
2023-01-27,0.003394521702168402,0.0024695052388586424
2023-01-30,-8.451497888066007e-05,-0.00036342415941873244
2023-01-31,0.0020876022891623547,0.002782996049015221
2023-02-01,0.006500359640470132,0.005136231247810766
2023-02-02,0.006919623444494658,0.006284339925135231
2023-02-03,0.009790937917732645,0.00977873004214659
2023-02-06,-0.005850692325211005,-0.00494447314544539
2023-02-07,0.007278702286777155,0.006669223256497026
2023-02-08,-0.002827736769669431,-0.002027710152505537
2023-02-09,-0.004330110076057036,-0.004295248271335071
2023-02-10,0.006699217740769545,0.007059419716186552
2023-02-13,-0.007944617177169244,-0.008319376805660025
2023-02-14,-0.002860343994692838,-0.0027617335097397055
2023-02-15,0.0057000374278837074,0.005608391254418608
2023-02-16,-0.0006933478680879043,-0.00022487050414959138
2023-02-17,-0.001479349227121878,-0.001296224950871996
2023-02-20,-0.0024770190704285857,-0.0020418507290560607
2023-02-21,0.0022262569549713236,0.0018177004206550668
2023-02-22,0.001042724480646496,0.0006526041403895993
2023-02-23,0.002315956938222911,0.0020533289473536505
2023-02-24,-0.0035409293921979147,-0.0033029510151876226
2023-02-27,0.006117406580464526,0.005817123135755701
2023-02-28,0.003349510929028764,0.0037764240069190053
2023-03-01,-0.00037857272262578775,7.476780800483047e-06
2023-03-02,-0.0101732272168681,-0.009810909377101093
2023-03-03,0.0029472630536686324,0.0029980846822782892
2023-03-06,0.0129859882797317,0.012445621232721473
2023-03-08,-0.0023669719965365003,-0.0020790797418033195
2023-03-09,0.0017593806905402964,0.0013477778486056442
2023-03-10,-0.0009806618196781668,-0.0011257720298692565
2023-03-13,-0.011439988313549617,-0.011602673005904883
2023-03-14,-0.006053104830239534,-0.006114211779990483
2023-03-15,0.0048858537242864935,0.0049097083495888575
2023-03-16,-0.00677146990063697,-0.00667898481672054
2023-03-17,-0.004922091504322189,-0.004779112292755028
2023-03-20,0.004023663369391892,0.003622712254757487
2023-03-21,0.003430465815866788,0.003748547642722173
2023-03-22,0.005285569470046785,0.005228121630343263
2023-03-23,0.0019594121798981383,0.001897522535833987
2023-03-24,-0.006071101092423016,-0.005801274592029039
2023-03-27,-0.00847602100111541,-0.008250074891758705
2023-03-28,0.0037032350069911985,0.003435714060707571
2023-03-29,0.013398888606661838,0.013852626631296109
2023-03-31,0.008612638553217877,0.008183835550830828
2023-04-03,0.0017131301801052471,0.001839607610392545
2023-04-05,0.00484633342376584,0.0044680613953214255
2023-04-06,0.0006646900067114604,0.0010302692358235169
2023-04-10,-0.001475857017047937,-0.0009623673549179316
2023-04-11,-0.0024370894556919598,-0.002297941256077383
2023-04-12,0.00038309034962322446,0.0007167002134479581
2023-04-13,0.00026717842370670326,0.0005976590368025463
2023-04-17,0.0008628131734881275,0.0010639861041596838
2023-04-18,0.006776868706666617,0.006252584654806803
2023-04-19,-0.002453782663080773,-0.002443338408572227
2023-04-20,-0.00033109874374682817,-0.000476903180818482
2023-04-21,-0.0008890838158054453,-0.0011625369576512127
2023-04-24,0.00444779235366324,0.004343059486557797
2023-04-25,-0.0021759161304211656,-0.0019382181972102575
2023-04-26,0.006433804163624509,0.006979253994545431
2023-04-27,-0.0007339204036551148,7.058902509662272e-06
2023-04-28,0.009002480149122628,0.009146817738707177
2023-05-02,-0.0027190310047612246,-0.003112836596055929
2023-05-03,0.008634640978930647,0.007776506593889161
2023-05-04,0.0015477206863987996,0.0018401908549657672
2023-05-05,0.003774694694443824,0.0036885050184232203
2023-05-08,0.0002010816666728753,0.0005797267155717898
2023-05-09,-0.005567416741583104,-0.005281208559125607
2023-05-10,0.001670156075454257,0.001835123304412079
2023-05-11,0.006309078525149302,0.006551918392233131
2023-05-12,0.001975558307786209,0.00195186542546223
2023-05-15,-0.003913765821848956,-0.003442502258547382
2023-05-16,-0.0030048694303085616,-0.002956503304918639
2023-05-17,-0.004912318968530434,-0.004814519910411067
2023-05-18,0.0017042398023737685,0.0013478116280737876
2023-05-19,-8.076190033167558e-05,-0.0003533047417351352
2023-05-22,0.005773055076772787,0.005710701500452371
2023-05-23,0.0006450060502597288,0.0005780402809773971
2023-05-24,-0.00015719869545002428,-4.630072250090978e-05
2023-05-25,0.01006165825299789,0.00981849411750959
2023-05-26,0.01203658026046827,0.012110260086831276
2023-05-29,0.0005960955035016811,0.0006876416563576236
2023-05-30,0.003734674876272761,0.0036728578175206214
2023-05-31,0.002482120140783198,0.0024504183589580115
2023-06-01,-0.006561964458413623,-0.006210082037972218
2023-06-02,0.004691489628730823,0.004762588481476394
2023-06-05,0.0060216740967743605,0.005981886948491464
2023-06-06,0.00336849982435903,0.003602363151086337
2023-06-07,0.011056788687446794,0.011178675977980727
2023-06-08,-0.00921086862392146,-0.009141260853224791
2023-06-09,9.716805277313505e-05,9.22192624842804e-05
2023-06-12,0.0005045070558892308,0.0006081000499585598
2023-06-13,0.010842014394132283,0.010681588372646293
2023-06-14,-0.0013831980560273002,-0.0010995681542322175
2023-06-15,-0.005439928234042698,-0.005053023019055822
2023-06-16,0.013761654621625917,0.013598321573546183
2023-06-19,0.00503449611336824,0.004981827003122657
2023-06-20,0.0033655147458048072,0.0035024245357890586
2023-06-21,-0.002861113171308687,-0.002372218948801633
2023-06-22,-0.00033907935018885117,-0.0006636407737091881
2023-06-23,0.0005300767111414005,5.144488531300267e-05
2023-06-26,0.005517846523867493,0.0058108342241551866
2023-06-27,-0.0016037534751032914,-0.0014522444950844974
2023-06-28,0.0036534329073069165,0.0037129694631150155
2023-06-30,0.0022355158387007404,0.0023249335799255116
2023-07-03,-0.011559496128927009,-0.011204735864956824
2023-07-04,0.00015608971508402378,0.0003439105538757055
2023-07-05,0.004884070405846755,0.004787912928672586
2023-07-06,0.010656853429295619,0.010472833785363428
2023-07-07,-0.010044640647057138,-0.01006355304228512
2023-07-10,0.002726309708951655,0.0024725633780801485
2023-07-11,0.00795549319705524,0.007811833472725866
2023-07-12,0.006089709677655681,0.006057996028585493
2023-07-13,-0.0006361454240526995,-0.0007574958402434115
2023-07-14,0.003799026636658957,0.004005944784195053
2023-07-17,0.003632353357224217,0.003357716133121803
2023-07-18,0.006535451420128353,0.006113206591383522
2023-07-19,0.004126136597445159,0.004125264306771735
2023-07-20,0.002774982733700387,0.0026363848308052678
2023-07-21,0.004382205052790064,0.0041930082156277195
2023-07-24,-0.009633176351350711,-0.00934198009116731
2023-07-25,0.0006069293174886011,0.0007797858276824415
2023-07-26,-0.0024796925236284274,-0.0023823406992360898
2023-07-27,0.005670384157346968,0.005480299713632581
2023-07-28,0.005806827309851836,0.0059441291982149065
2023-07-31,0.006102293999804967,0.006266050561950737
2023-08-01,0.005347234064108411,0.00515533392287437
2023-08-02,-0.014588790243375671,-0.014508068851882742
2023-08-03,-0.004308189262542132,-0.004416263183750732
2023-08-04,-0.0042645203645057415,-0.004168334729460411
2023-08-07,0.0005268974632145192,0.0006610257838356593
2023-08-08,0.0030878149055624917,0.003043945298936199
2023-08-09,0.0022964748216027435,0.0023167115231633433
2023-08-10,-0.005566222646078913,-0.00538523081744822
2023-08-11,0.003742570331021624,0.003569812740825143
2023-08-14,-0.003982528532721992,-0.004061721565020783
2023-08-16,0.0031456386408686924,0.003212064347475303
2023-08-17,-0.0015373125145629605,-0.001405588553622339
2023-08-18,0.0036595686429166303,0.0037312662984793784
2023-08-21,0.006871940399093394,0.006917680881072219
2023-08-22,0.0023532935929594196,0.002244926003618192
2023-08-23,0.0032974918350678773,0.003207531037228105
2023-08-24,-0.007637300573914775,-0.007451374484031065
2023-08-25,-0.007387849713994924,-0.007608135454691448
2023-08-28,-0.0034592070384747006,-0.003356005737254717
2023-08-29,-0.0030699298839281,-0.0026525241923582394
2023-08-30,0.0006561989360645115,0.0007950171175579771
2023-08-31,0.0019858546277788367,0.0021666714056866212
2023-09-01,0.004974843565223767,0.005026700009288596
2023-09-04,0.0003195858121774513,0.0004287315721468069
2023-09-05,0.00905602392379353,0.009055657775262694
2023-09-06,0.006847569755837498,0.006791922631367274
2023-09-07,0.006392379941350477,0.006509875307779391
2023-09-08,0.0073518250860681806,0.007279368341303073
2023-09-11,0.009565639238526226,0.00952687865409758
2023-09-12,-0.011509658875585803,-0.011517916012562794
2023-09-13,0.004625419043408366,0.004698110982512636
2023-09-14,0.002471103363265788,0.002719413443967352
2023-09-15,0.008349539598016148,0.008045332219409916
2023-09-18,0.0035951623695396877,0.00340561324986967
2023-09-20,-0.004824650158978535,-0.0048261327112699755
2023-09-21,-0.007669766005683337,-0.007834958173263558
2023-09-22,-0.00569779696529363,-0.005540373700099926
2023-09-25,-0.0004336733376045811,-0.00016281179841944515
2023-09-26,-0.0013585176730947013,-0.0014827778054751425
2023-09-27,-0.001646452866990942,-0.0014444040445146878
2023-09-28,-0.007356994353100575,-0.007171704768494307
2023-09-29,0.013896538520803,0.013693255522930976
2023-10-03,-0.0024053701682604915,-0.002345629939715656
2023-10-04,-0.00417019914623847,-0.004496556397416738
2023-10-05,-0.0029606924152201478,-0.0029367702829560874
2023-10-06,-0.006025462010964762,-0.005785115023464807
2023-10-09,-0.006996987923112084,-0.007042478381519426
2023-10-10,0.006401066453475383,0.006404844332102302
2023-10-11,0.004905790328239192,0.004830325672006879
2023-10-12,-0.0008990244731106318,-0.0006873293022634944
2023-10-13,-0.00010240615864234756,-0.00014834972620413566
2023-10-16,-0.005141354371642435,-0.005066790706424151
2023-10-17,0.0007060412241630573,0.0008565145559737755
2023-10-18,0.006339272382893988,0.006071699891577908
2023-10-19,-0.0021874900895716386,-0.0019986256345650493
2023-10-20,-0.0029466357152185944,-0.0032281180101908125
2023-10-23,-0.013943806020029464,-0.014151109322789155
2023-10-25,-0.005361340922117597,-0.005454979062501341
2023-10-26,-0.018243605236192267,-0.018038429226469022
2023-10-27,0.014812679248965708,0.014791587547696258
2023-10-30,-0.0005856740037500765,-0.0004011820261824714
2023-10-31,0.0050091819145762035,0.004418517690807203
2023-11-01,0.00027110672916489954,0.00040759483436643125
2023-11-02,0.003264823328316912,0.003517396738822464
2023-11-03,0.009324399494744322,0.009514754952126605
2023-11-06,0.009118768925291433,0.009375569231626439
2023-11-07,0.009007637776151012,0.008671322703078544
2023-11-08,0.005945207369728038,0.0058982935256833334
2023-11-09,-0.0002099355317585228,-2.4208054958995426e-05
2023-11-10,0.0026446679625637035,0.002663600030633818
2023-11-13,-0.0019144081117371133,-0.001753463288471421
2023-11-15,0.004374670203211483,0.00456209047418327
2023-11-16,0.004535638785978554,0.004549622962098171
2023-11-17,0.0053521942876323956,0.00548148217133853
2023-11-20,0.007582287068836161,0.007044498310442614
2023-11-21,0.004536062338681951,0.004566058682483511
2023-11-22,-0.001660687275255615,-0.0012973858153767675
2023-11-23,0.003625505405811966,0.00362501302232876
2023-11-24,0.007669666379529051,0.007394630110751162
2023-11-28,-0.009364925264728102,-0.008886556274696554
2023-11-29,0.003977583439408318,0.004085979888776212
2023-11-30,0.013805129692504333,0.013853394745119181
2023-12-01,0.0018351360776555138,0.001996003908013608
2023-12-04,0.0043225481795391985,0.004627548558732883
2023-12-05,-0.0005168423310545583,-0.00021134490624287255
2023-12-06,-0.007424341643360887,-0.007406778717020062
2023-12-07,-0.0035376526834702206,-0.0032724300441992512
2023-12-08,0.0007398728102297313,0.0007534210710198363
2023-12-11,0.008848642987971618,0.008745997148862204
2023-12-12,-0.008659690242006201,-0.008619114128409383
2023-12-13,0.0015253585382952334,0.0017962067377176047
2023-12-14,-0.0003095798117364408,-3.742412427743929e-05
2023-12-15,-0.004234101600602652,-0.004085071506182994
2023-12-18,0.0030026453918050155,0.00282180886896156
2023-12-19,0.005737891695332071,0.005654734684561765
2023-12-20,-0.018271285165995948,-0.01821969964082231
2023-12-21,-0.0004735226050808668,-0.00011055975789892231
2023-12-22,0.012617687717229705,0.01241567278569075
2023-12-26,5.7163695923429284e-05,0.00031493064855007166
2023-12-27,0.0027548642515788126,0.002824854845682929
2023-12-28,0.010802735405588064,0.010434858512921696
2023-12-29,0.00938458212179187,0.009420352890508804
2024-01-01,0.0018360372550677417,0.001778046537164213
2024-01-02,0.007158995735496676,0.0066841650197795345
2024-01-03,-0.001387752847913161,-0.001452078553973497
2024-01-04,-0.0053559434233999914,-0.004810421087188355
2024-01-05,-0.0012987247093635182,-0.001222907114777967
2024-01-08,-0.005386052559198058,-0.005392722724434827
2024-01-09,0.00526262601739199,0.005226022992125736
2024-01-10,-0.0025728022513447353,-0.0025574951766409587
2024-01-11,0.00925113007979892,0.009025001162692857
2024-01-12,0.0057749193520066815,0.00546432065355562
2024-01-15,0.013199233948527503,0.012740459457445083
2024-01-16,-0.003938465957361455,-0.004000358524191413
2024-01-17,-0.013121985630177477,-0.012848255630474282
2024-01-18,0.0033691622304805034,0.003283118853279593
2024-01-19,0.00814521332792869,0.00823383249700466
2024-01-23,-0.009765390727374337,-0.009915994359252346
2024-01-24,0.009265878392387787,0.009107976688887699
2024-01-25,-0.022438555556604328,-0.021907271078272755
2024-01-29,0.009399051319692611,0.00967036920126198
2024-01-30,-0.0065914260615597365,-0.006738518930910684
2024-01-31,0.007839741252323815,0.008353751773487097
2024-02-01,-0.007423328603715067,-0.007310974564139214
2024-02-02,0.013670852837320563,0.013045029983968483
2024-02-05,-0.0030371347389050946,-0.0032605177945531126
2024-02-06,0.003938914594022459,0.004174868902437125
2024-02-07,0.014064952379433959,0.013988550649384639
2024-02-08,-0.01031484964033893,-0.01002285548052124
2024-02-09,-0.0020074395225442394,-0.001722324050338302
2024-02-12,-0.003947566275462963,-0.003923920142350111
2024-02-13,0.0010023117420359983,0.0011095640786282141
2024-02-14,0.0018913968581292075,0.0020821625583813887
2024-02-15,0.007045163144035357,0.007181831864676053
2024-02-16,0.01022176543190607,0.01024319822083924
2024-02-19,0.013983400935778023,0.013743568957069142
2024-02-20,-0.002533410773037673,-0.0024085285750533197
2024-02-21,-0.006513827632600283,-0.006385612862852071
2024-02-22,-0.002858424014986791,-0.0026189127127550635
2024-02-23,-0.005728524037018239,-0.005685365799458959
2024-02-26,-0.006949185713643885,-0.006600835751516799
2024-02-27,0.005974432521306915,0.005882098534558226
2024-02-28,-0.001012616201107018,-0.001481875819207311
2024-02-29,0.0012963808450961343,0.0014869944417355344
2024-03-01,3.6376244183836364e-05,0.00034788458105590426
2024-03-04,0.0008240000153118543,0.0009484520215998555
2024-03-05,0.002990277095986273,0.002938900182374081
2024-03-06,0.006145285067373463,0.005200535835330849
2024-03-07,0.0019061400279163524,0.0018881391601997368
2024-03-11,-0.002683262492134818,-0.002778486214096011
2024-03-12,-0.005651127639184889,-0.005759886262452831
2024-03-13,-0.008318864198387087,-0.009045250389860949
2024-03-14,0.007482692538010112,0.0074181599637404595
2024-03-15,0.001327698807587445,0.0012652677994581046
2024-03-18,0.012918549721722525,0.012831747472297917
2024-03-19,-0.009721788778862053,-0.009759812412452168
2024-03-20,-0.0022479695135030377,-0.001974057383859749
2024-03-21,0.007515998571458695,0.007801768592184557
2024-03-22,0.0070152252977051435,0.0070345464393919074
2024-03-26,0.0033714532063042,0.003369852620242889
2024-03-27,-0.0006841218828642108,-0.0005618892419478742
2024-03-28,0.008125882765570728,0.00817063118810265
2024-04-01,0.004527949895044997,0.0048166195653689065
2024-04-02,-0.005123356733157115,-0.0045552698876586695
2024-04-03,0.0048710036777607,0.004768462697279867
2024-04-04,0.0004864122804281352,0.0003989723921043888
2024-04-05,0.000355017163873848,0.00016820343923297049
2024-04-08,-0.000691669411085118,-0.0006994366997247734
2024-04-09,-0.0024929461958968216,-0.002298393341924998
2024-04-10,0.007408294818030426,0.007240866016217472
2024-04-12,-0.011417453686382485,-0.011375747024240497
2024-04-15,-0.006296289913868292,-0.006365795255343372
2024-04-16,0.006314697056181913,0.00633448536029948
2024-04-18,0.00583610856736273,0.005473832813846466
2024-04-19,0.0011380467257041745,0.0011125112808667574
2024-04-22,0.010857703005800995,0.010790023588392102
2024-04-23,-0.010560874586602223,-0.01023201615431065
2024-04-24,0.005562591837180579,0.005444229821207963
2024-04-25,0.00015468520514782364,0.0011166340157259464
2024-04-26,0.006993980837302321,0.0068931474684595945
2024-04-29,0.012082605716674208,0.011657138338634248
2024-04-30,0.00048589256034565267,0.0005127425542853206
2024-05-02,-0.008533111528789796,-0.0081576311148574
2024-05-03,-0.0005890863855062408,-0.0005427097657734327
2024-05-06,0.004202831187529641,0.004055405456765708
2024-05-07,0.004297278003828146,0.0037581028726533018
2024-05-08,-0.00295671107367698,-0.0024573650540647583
2024-05-09,-0.009723566136162728,-0.009816009497308749
2024-05-10,0.01520270357656615,0.014766476831660913
2024-05-13,0.005152596957969208,0.004967695237334507
2024-05-14,0.009100945669406814,0.00911366628190188
2024-05-15,0.006222597872691906,0.006290321827330068
2024-05-16,0.01314026733007128,0.013050884272030976
2024-05-17,0.0049377018268077924,0.005148479368935122
2024-05-21,0.0024822025869613894,0.00248855579686682
2024-05-22,0.0011294517875595766,0.0009009933707317364
2024-05-23,0.0034063044461042705,0.00355350726229999
2024-05-24,0.004769731848366038,0.004762450181535626
2024-05-27,0.013876619520613845,0.013536069021381204
2024-05-28,0.006636710836061277,0.006286214573171827
2024-05-29,-0.004610253271152288,-0.0045169585286328915
2024-05-30,0.007895497052319792,0.007364830212836177
2024-05-31,0.00782942014850549,0.007910832603345137
2024-06-03,0.007494780734779405,0.008295462408244036
2024-06-04,-0.017225101151954456,-0.01846458357219195
2024-06-05,0.03230030744459531,0.03212362263592889
2024-06-06,-0.0017185486243760121,-0.0011735081623163875
2024-06-07,0.018579559211021085,0.01859362067320896
2024-06-10,0.010955240168683137,0.010886438565480636
2024-06-11,0.006686437580464808,0.006788763924132634
2024-06-12,-0.0005831757042209676,-9.446649001095854e-05
2024-06-13,-0.001502010471798679,-0.0010056578398226883
2024-06-14,0.0021507387917178286,0.002409350714733078
2024-06-18,0.003159708540389068,0.003194410453239042
2024-06-19,-0.01617971156946586,-0.016160136705768276
2024-06-20,-0.0073691326188669495,-0.0069154291403928855
2024-06-21,0.0027702717035004414,0.0024845804867670383
2024-06-24,0.007447859897993262,0.007656169248489979
2024-06-25,0.004352977546022362,0.004169018705127658
2024-06-26,0.003912194779321966,0.0036673664821469496
2024-06-27,0.002007477870236165,0.002077699222181748
2024-06-28,-0.0015997179748986384,-0.0012549678212054097
2024-07-01,0.01252580989879109,0.012715679213297207
2024-07-02,-0.011594269722360726,-0.011114690446831228
2024-07-03,0.0036833592157069954,0.0036155132213710815
2024-07-04,0.008600429025304309,0.008481851758970132
2024-07-05,0.009625508766142708,0.009654199103829943
2024-07-08,-0.0018083609219523807,-0.0019775582661672106
2024-07-09,0.02089483457765347,0.02083297560887798
2024-07-10,-0.006746475722034339,-0.006725306905283907
2024-07-11,0.0036474762036376282,0.0035370105838104402
2024-07-12,-0.008820844432428494,-0.00862769969545455
2024-07-15,0.005471573837509581,0.00557683512089854
2024-07-16,0.0022875779447503334,0.002299265409162425
2024-07-18,-0.004759633386801807,-0.004961173165372322
2024-07-19,-0.016797269219329565,-0.01706723940102681
2024-07-22,0.0018272308895703959,0.002456794809076658
2024-07-23,0.0026782368923694427,0.002541969687223467
2024-07-24,-0.0038452705707970746,-0.0035007559036634747
2024-07-25,0.007632479091564311,0.0074863942444138454
2024-07-26,0.018848608909030385,0.01876897736475675
2024-07-29,0.0009339795858037875,0.0013845634731420476
2024-07-30,-0.000435361669481295,-0.0003475519360229184
2024-07-31,0.012487120830932424,0.012327670444647228
2024-08-01,0.003407808166804806,0.0034789802079749662
2024-08-02,-0.0023090345862853204,-0.0024866309022397374
2024-08-05,-0.017602563257116656,-0.018172918758603235
2024-08-06,-0.006011602110553413,-0.0055866675003428505
2024-08-07,0.01817342065294335,0.01843006814820971
2024-08-08,-0.0017829058063721284,-0.0018693754640738487
2024-08-09,-0.0016606877074582698,-0.0012370473001952612
2024-08-12,0.0006549251880214877,0.0006079569831495162
2024-08-13,0.0072366345549133805,0.007302447161963926
2024-08-14,-0.0021673142150242775,-0.002123764729112207
2024-08-16,0.013377670550345657,0.01342090683456602
2024-08-19,0.0014625559830744742,0.0014315050990600009
2024-08-20,-0.0024192859236887585,-0.002410674277361128
2024-08-21,0.0032995240312929733,0.003190110099565689
2024-08-22,0.0073425129492223655,0.0071520222955200686
2024-08-23,0.0034725605340768734,0.0033209130306279967
2024-08-26,0.0006654607310431683,0.0005696484137281277
2024-08-27,0.006779303887140377,0.006681500896280548
2024-08-28,0.0026450300678352197,0.0024085682014085594
2024-08-29,-0.006618369458962356,-0.006521764564464384
2024-08-30,0.0064082461106910495,0.006559530712088922
2024-09-02,-0.0014555171199773294,-0.0016402602306495703
2024-09-03,0.004446063024966502,0.004421144048496393
2024-09-04,0.009051419561088726,0.009093334398579024
2024-09-05,-0.0036046580903751667,-0.0036000517528289844
2024-09-06,0.0021779031681078576,0.0017941238881725022
2024-09-09,0.0033004195126916484,0.003237258412971314
2024-09-10,0.00475954081980815,0.004916090618513337
2024-09-11,0.0015391576897747622,0.0013192343900303438
2024-09-12,0.011820425125797847,0.01182799948093589
2024-09-13,-0.0029631712295169186,-0.002857035624255779
2024-09-16,-0.0016416315676259583,-0.0016387114591624233
2024-09-17,0.008728789546431703,0.008252988819103255
2024-09-18,-0.018556194338235053,-0.017938715170164578
2024-09-19,0.002489041020590539,0.0022400259403423193
2024-09-20,0.0018193627082117479,0.0018591070128724267
2024-09-23,0.0046522418052992506,0.004786760115926807
2024-09-24,-0.0006360566119036607,-0.0005121969898600657
2024-09-25,-0.002151622156813783,-0.0019400692064654463
2024-09-26,0.009258061154543806,0.00904373045943521
2024-09-27,0.004903294145550192,0.004769443387621865
2024-09-30,-0.0017129398923599961,-0.001793680622771042
2024-10-01,0.0019052315940240117,0.002240742514181944
2024-10-03,-0.01114611886770515,-0.011272048259043474
2024-10-04,-0.013140851398229684,-0.013453109983289632
2024-10-07,-0.005808489344736156,-0.006271558715894198
2024-10-08,0.010120176660446394,0.01065380329700352
2024-10-09,0.008468899327613666,0.008886436147868368
2024-10-10,-0.0024770865631921287,-0.0023329917440353307
2024-10-11,0.006322684713215702,0.006521437917516631
2024-10-14,-0.0004800462252230865,-0.0005029799839624804
2024-10-15,0.0039500295760518,0.00419287540739156
2024-10-16,-0.0033160785074676886,-0.003058163777883033
2024-10-17,-0.01274969729176124,-0.013045367431293517
2024-10-18,-0.0017304019254626665,-0.001837051023635121
2024-10-21,-0.011864597272399968,-0.01188444773842124
2024-10-22,-0.004696998306014327,-0.005470274767920688
2024-10-23,-0.014516183095018636,-0.014258817169320669
2024-10-24,0.00048295694729583974,0.00038022868294757526
2024-10-25,0.002867264065715956,0.002298417833009683
2024-10-28,-0.002077805439935753,-0.0018029024450402088
2024-10-29,-0.0015738720806297356,-0.001582812398621544
2024-10-30,0.00318144855478007,0.0034303152449967943
2024-10-31,0.01662251752634069,0.01666633356612208
2024-11-01,0.005111589245609049,0.005151631551112503
2024-11-04,-0.006852208400111111,-0.0070588609188369025
2024-11-05,-0.0008986814956348641,-0.0006448944861107253
2024-11-06,-0.0015176827965469172,-0.0011748071379087536
2024-11-07,-0.007590275685232113,-0.007507963454886907
2024-11-08,0.00116409705903109,0.0007081482475609505
2024-11-11,-0.0024090572227759705,-0.0027967182907317084
2024-11-12,-0.00762666365936137,-0.007763320277466658
2024-11-13,-0.019847335450561904,-0.019952492939518573
2024-11-14,0.003598603274015731,0.003708895342856741
2024-11-18,-0.010376662601404102,-0.010413800439816165
2024-11-19,0.003196990063060143,0.0035563045009387824
2024-11-21,0.0036421672023754723,0.0033449176359524827
2024-11-22,0.010708779188231656,0.010965869235092664
2024-11-25,0.008816687323785159,0.009312094172380679
2024-11-26,-0.005375205609791662,-0.005448855828435164
2024-11-27,-0.007850752709403504,-0.007634701809588798
2024-11-28,-0.0045076772386826395,-0.004646864143800393
2024-11-29,0.014557107163090811,0.014330369542732195
2024-12-02,-0.003235584549921647,-0.0028030529172699795
2024-12-03,0.004387260173659165,0.004627054624241546
2024-12-04,0.005965583004439941,0.005890469004071778
2024-12-05,0.003752350333665752,0.0035967951430979344
2024-12-06,0.005317046828198897,0.0051453875609711935
2024-12-09,-0.0014708013256131583,-0.001609394002555135
2024-12-10,0.004929185572596475,0.0052062987062122664
2024-12-11,0.0001842459004508264,0.00011787097757251378
2024-12-12,-0.004414448932952295,-0.004585726273239782
2024-12-13,0.003397071190680529,0.0032751434556288666
2024-12-16,7.892469219073232e-05,0.00037317809656896696
2024-12-17,-0.015725128986660418,-0.015558628749737308
2024-12-18,-6.569366038281524e-05,6.668411774747915e-05
2024-12-19,-0.0005132641539573901,-0.0006295121657319746
2024-12-20,-0.01178136394876648,-0.012329961908251533
2024-12-23,-0.0076037104511435935,-0.007492881013809736
2024-12-24,0.0035965186227386804,0.0035343277724705358
2024-12-26,0.002606578510786353,0.002499342815845988
2024-12-27,0.001747040880986331,0.0016136181540595258
2024-12-30,0.00446157253627614,0.004439062715473736
2024-12-31,0.01874382966891039,0.018521795111926018
2025-01-01,0.00402547028758165,0.004272198659849685
2025-01-02,-0.0015012976011986373,-0.001218560036763123
2025-01-03,0.003465000326855786,0.002948182751556521
2025-01-06,-0.010070753250743589,-0.010409921113517443
2025-01-07,-0.003588722236026307,-0.0033087707318616563
2025-01-08,-0.01004714732969831,-0.010422030308719344
2025-01-09,0.0012723316216942523,0.0007761340250235434
2025-01-10,-0.013571372576036814,-0.01375210327656946
2025-01-13,-0.015231122997210493,-0.01593697587517384
2025-01-14,0.0026563855435504527,0.0030508415343705646
2025-01-15,-0.0005039085748004635,-0.000732606781456408
2025-01-16,0.000447013509744692,0.0007500697707876526
2025-01-17,-0.004041439433295984,-0.003841108802864919
2025-01-20,0.011258044682749987,0.010646302704967381
2025-01-21,-0.008551573953940537,-0.00861544700685625
2025-01-22,0.009878004715593207,0.009166627544243359
2025-01-23,0.008346183866705163,0.0085197783185838
2025-01-24,-0.01236511042647051,-0.012788473711548152
2025-01-27,-0.01876709182932516,-0.018766549872661707
2025-01-28,-0.013861398368734002,-0.013182017729458873
2025-01-29,0.02101491783793447,0.021555893183544172
2025-01-30,0.004607423936108611,0.004541558691996354
2025-01-31,0.005735073918466537,0.006032326354388436
2025-02-01,0.006533443208854626,0.006705843951832399
2025-02-03,-0.00014491302162366736,-0.00015973472619581737
2025-02-04,0.0005283502050154917,0.0005479511057762372
2025-02-05,0.009588271645818094,0.009321174448180663
2025-02-06,-0.003902319168377393,-0.004234210775145084
2025-02-07,0.02093033743309701,0.020622140456653584
2025-02-10,-0.002887539329866827,-0.003508506023257572
2025-02-11,-0.017452456787257743,-0.017864768895521414
2025-02-12,0.004116703026578208,0.003773062074338188
2025-02-13,0.0013016353890897131,0.0010952969368694394
2025-02-14,-0.012364143491101461,-0.012930066360176514
2025-02-17,0.00019732794715742515,0.00013201776135776693
2025-02-18,-0.0040131669618464145,-0.004316574696952365
2025-02-19,0.003146104487069794,0.003295272473683111
2025-02-20,0.001352308260473743,0.001491082130666194
2025-02-21,-0.00535342047648934,-0.005657399635140541
2025-02-24,-0.004454962476793033,-0.0044033124649591705
2025-02-25,0.0009510348954449573,0.0008249192635765941
2025-02-27,0.00042787605908333853,-0.0001331622778708822
2025-02-28,-0.02625922103641195,-0.02613055838754064
2025-03-03,0.007700255156619384,0.008298204856560095
2025-03-04,0.0005545962425646991,0.0008670638747549738
2025-03-05,0.008330915796999105,0.008650495181013164
2025-03-06,0.009593114684455898,0.009564021681604001
2025-03-07,0.0005847467312659378,0.0007922623189024524
2025-03-10,-0.002636375431251588,-0.0031305231970892755
2025-03-11,-0.001119994146639716,-0.0015631905407770988
2025-03-12,0.005946436948881478,0.005672522067760667
2025-03-13,0.002604221488832243,0.00226838337038436
2025-03-17,0.009775753594592205,0.00979826567765247
2025-03-18,0.0014165565666597693,0.001396183685475656
2025-03-19,0.011997160564282985,0.01296549691953764
2025-03-20,0.00682019211815162,0.006805285049841706
2025-03-21,0.004778568842872346,0.004647742548850281
2025-03-24,0.007720227595535921,0.007673361963533756
2025-03-25,0.011145724381602698,0.010827797346202343
2025-03-26,-0.006255137008123537,-0.006149553169577796
2025-03-27,-0.003338940499786272,-0.002927732550585073
2025-03-28,0.007629145836117453,0.007265953267393492
2025-04-01,-0.008926842175551116,-0.009191121091654993
2025-04-02,0.0028396660159945384,0.0030056288177073612
2025-04-03,0.0018237953687389326,0.0016448808381322585
2025-04-04,-0.01147987396365835,-0.01205945910555545
2025-04-07,-0.018600979215497686,-0.01883938465627674
2025-04-08,0.014880194044629067,0.014513907979430408
2025-04-09,-0.00839622447231947,-0.008339582066819584
2025-04-11,0.020278576879011974,0.02046802796533008
2025-04-15,0.017330524627296257,0.017656642531514815
2025-04-16,0.010144430130755423,0.009995050026382596
2025-04-17,0.012302752289029027,0.011920291494464627
2025-04-21,0.009279668826365849,0.009533699017120133
2025-04-22,0.002908696006854501,0.0030274457228230815
2025-04-23,-0.0030687890809340747,-0.002615952086224116
2025-04-24,-0.004314049250186148,-0.004232244524102702
2025-04-25,-0.017157943841774274,-0.01739183288587989
2025-04-28,0.01137020795209082,0.011292763300692852
2025-04-29,-0.0037430928877063094,-0.003850663182758406
2025-04-30,-0.002139357372639471,-0.0024545787412281095
2025-05-02,-0.007215322148192031,-0.00658148344740579
2025-05-05,0.0037353032944896693,0.00426929417504918
2025-05-06,0.008929863482166518,0.008787336771939639
2025-05-07,0.006885798417619452,0.007251574373406361
2025-05-08,-0.000887189723243306,-0.0013305586669241296
2025-05-09,-2.406942345170785e-05,-0.00036231664565617556
2025-05-12,0.0018432202069161275,0.0027271063081329484
2025-05-13,0.001700461623992892,0.0015530107364034008
2025-05-14,0.002791849326412787,0.0028535105612248674
2025-05-15,0.0057098794970106325,0.005903612714046891
2025-05-16,-0.0034633432868544914,-0.0033936355298949525
2025-05-19,0.00209648845084494,0.002376985389671517
2025-05-20,-0.005807379080996209,-0.005991956151186148
2025-05-21,0.006275979014644156,0.0062371317288289815
2025-05-22,-0.0010603474675206703,-0.0009091397601649142
2025-05-23,-0.0028579569114880144,-0.0029982100052509627
2025-05-26,0.003687644363738789,0.0037480635952617364
2025-05-27,-0.0038301869291436164,-0.0037435265316847002
2025-05-28,-0.003932957889327516,-0.004222201869119159
2025-05-29,0.003295983342477651,0.0032791367608573357
2025-05-30,0.010079938340584425,0.009716834206346735
2025-06-02,-0.002953756875875819,-0.0028878965179871844
2025-06-03,-0.0019045121309374318,-0.0019113985623467158
2025-06-04,0.006818947185497281,0.006702101990194113
2025-06-05,-0.0011243019854081909,-0.0008232624806702818
2025-06-06,-7.48008175081743e-05,0.00034847974488661827
2025-06-09,0.007601246133806588,0.007122596566662667
2025-06-10,0.0031561553166956783,0.003044024678066446
2025-06-11,0.0015862954862993436,0.001742411520997877
2025-06-12,-0.009069320097219875,-0.00930604162475225
2025-06-13,-0.004177392282965402,-0.004187303465033505
2025-06-16,0.004225540055449649,0.00440954952874972
2025-06-17,3.349816814379407e-05,-8.72721316199691e-06
2025-06-18,-0.006372331000748685,-0.0063547621240362725
2025-06-19,0.002116877797731937,0.0018396690099899437
2025-06-20,0.004686972739404453,0.0045410002648319115
2025-06-23,0.00048087856963927673,0.0005132253825413253
2025-06-24,0.010882848504895876,0.010855094866386878
2025-06-25,-0.0002350916530362777,0.00047304602749647024
2025-06-26,0.009552643321921194,0.009471989157614557
2025-06-27,0.01301223024943253,0.01246472972844195
2025-06-30,0.0016082648109989916,0.0017631021715318494
2025-07-01,0.0071439866090856514,0.007076846840344289
2025-07-02,0.006839204276016753,0.0070368154434733545
2025-07-03,0.006586460869539178,0.006639548958923737
2025-07-04,-0.004761750433333495,-0.004308272662223792
2025-07-07,0.0016333908431466334,0.001649250879769333
2025-07-08,0.0006781202874729268,0.000388095235105129
2025-07-09,0.0032605303836673234,0.003411961211778969
2025-07-10,-0.006387270856568408,-0.006387877480743133
2025-07-11,-0.006119284773801042,-0.006208294146780982
2025-07-14,-0.00029012048854861833,0.00022998536197205377
2025-07-15,0.008345661586447306,0.008359929070184745
2025-07-16,-0.004706175551551771,-0.004705250682609855
2025-07-17,0.003084606442324016,0.003213122080333827
2025-07-18,-0.011259261458680381,-0.011390728564174016
2025-07-21,-0.0012552441755682953,-0.0013058151502277197
2025-07-22,-0.005843888408612192,-0.006205339906084285
2025-07-23,0.009852506712407024,0.009616643105736775
2025-07-24,-0.002579699195572539,-0.002656537939192271
2025-07-25,-0.005446002568991443,-0.005502925572670567
2025-07-28,-0.018467842421306637,-0.017875831218159496
2025-07-29,0.005596628914819625,0.005624548621148684
2025-07-30,0.00043854171889832734,0.000592112158775663
2025-07-31,0.00011575137805201935,0.00010372773538182267
2025-08-01,-0.00908059246836962,-0.009012545263876104
2025-08-04,0.009906726854412538,0.009803442286377978
2025-08-05,0.004271199171816612,0.004127473172268585
2025-08-06,-0.005290243751074149,-0.005411637509931936
2025-08-07,0.0017087265057657574,0.0017127135324932206
2025-08-08,-0.0010406420939571674,-0.001209669268890344
2025-08-11,0.00944135424231653,0.009133047180637248
2025-08-12,-0.004798616507496684,-0.004998890449153172
2025-08-13,0.009243621401900234,0.009325846033857065
2025-08-14,0.010514606325653486,0.01035886222620497
2025-08-18,0.0025148261355428417,0.003591371843802709
2025-08-19,0.0059503668288594345,0.005997720876944483
2025-08-20,-0.0032735759394224174,-0.0031493251860355105
2025-08-21,-0.0011200364909809497,-0.001168873143436896
2025-08-22,-0.005680192102153548,-0.005577615152455449
2025-08-25,-0.004222526503693855,-0.004351345774594504
2025-08-26,-0.01362368503196949,-0.013713533729800453
2025-08-28,-0.012012187355710104,-0.011715847875675185
2025-08-29,0.004008781495323165,0.003848956882700577
2025-09-01,0.011349996850752088,0.011466690724414603
2025-09-02,-0.004464702463416073,-0.004373794054894281
2025-09-03,0.002697714317319063,0.0029055309681719718
2025-09-04,0.0002263833379624538,0.00027467622706862514
2025-09-05,-0.005132066958002382,-0.0052772403815185935
2025-09-08,-0.001955988308579303,-0.0016912158418158582
2025-09-09,-0.0001637049633732477,-7.347373317986549e-05
2025-09-10,0.005214472825140967,0.0053624561324814995
2025-09-11,-0.0004137762714284737,-0.0003106239850195526
2025-09-12,-0.003870451636344614,-0.0040173969202976605
2025-09-15,-0.001244116706277909,-0.0010357630289668327
2025-09-16,0.010283436650392783,0.01037567405243679
2025-09-17,0.0017853288841933345,0.001835284569285538
2025-09-18,-0.0011087910463309927,-0.0011029009175586057
2025-09-19,-0.010241069347594875,-0.010334905585823721
2025-09-22,-0.000545643989370303,-0.0005250945831002691
2025-09-23,-0.009309193455608065,-0.00915380871818385
2025-09-24,0.004994547629063278,0.0046024897269399
2025-09-25,-0.004651652122113285,-0.004646105677869501
2025-09-26,-0.015603655250170467,-0.015458807208021046
2025-09-29,-0.008673916016639287,-0.008579684590214291
2025-09-30,-0.0013359240567516538,-0.0014185377299114356
2025-10-01,0.008798885458278225,0.008405763959147284
2025-10-03,0.01184600140667574,0.011890850423786662
2025-10-06,0.008513173313315109,0.008302020488016981
2025-10-07,-0.0007293137574087758,-0.00048697473615065
2025-10-08,-0.0034335368771330737,-0.003973302992265636
2025-10-09,0.0035056777240339634,0.0033328853904209792
2025-10-10,0.00230948794438309,0.0024481947344864117
2025-10-13,-0.0010781093072626197,-0.0011377959587390103
2025-10-14,-0.004355552295208821,-0.00437637006400203
2025-10-15,0.0030369031874595276,0.0032016268668097576
2025-10-16,0.005743389886098464,0.0057660033850434975
2025-10-17,0.007585033018436843,0.007479539892796908
2025-10-20,0.0012103303868505045,0.0013747489914226975
2025-10-21,-6.135830355692306e-05,2.2674787481645573e-05
2025-10-23,-0.0034269709901918657,-0.0034621261649444264
2025-10-24,-0.004325536969298557,-0.004375127658987923
2025-10-27,0.0013915832309582127,0.001674130567767803
2025-10-28,0.001394667423591839,0.0015467118273857158
2025-10-29,0.016649561497550744,0.016327437440402524
2025-10-30,-0.005508791253121672,-0.005389018211192467
2025-10-31,-0.01495716614662436,-0.014371979149960466
2025-11-03,0.005417873884661779,0.005378184239144675
2025-11-04,0.00012537602701970837,0.00035237795122868536
2025-11-06,-0.001493560808255048,-0.0018647669891220244
2025-11-07,-0.008835985235945898,-0.00894252216048697
2025-11-10,0.005445452071613873,0.005764684747975743
2025-11-11,0.0036152855928245123,0.003539933490022044
2025-11-12,0.002375262879492156,0.002436326206527267
2025-11-13,0.00017324632766517836,0.00024950774397158187
2025-11-14,0.004925452799021713,0.00488695530401422
2025-11-17,0.009374849119485289,0.00940788327293522
2025-11-18,-0.0011949989255942916,-0.001411061608339326
2025-11-19,0.0018320290777761998,0.0019093789411146523
2025-11-20,0.0008046306548200781,0.0006529807575614676
2025-11-21,-0.00836521633862796,-0.00852246524601846
2025-11-24,-0.003125215569783454,-0.0033797276345570054
2025-11-25,-0.0005928837804288483,-0.0005649006048826779
2025-11-26,0.008889261050046792,0.008958914585152019
2025-11-27,-0.0038074626695115852,-0.003820283002285918
2025-11-28,0.0026346689104946794,0.002596447554077566
2025-12-01,0.0036225543588379676,0.0038178885563373557
2025-12-02,-0.004550557264349875,-0.004743857142850568
2025-12-03,-0.0003379771011102785,-0.000425679351091328
2025-12-04,-0.0021106300166817056,-0.002157144955496793
2025-12-05,0.0006247379604333715,0.0009126126565131346
2025-12-08,-0.007837818487854437,-0.008227523211197392
2025-12-09,-0.00417472563788256,-0.0039018030738303664
2025-12-10,-0.0005740890646162729,-0.0006126056106068476
2025-12-11,0.005745145830324975,0.005437275025716998
2025-12-12,0.007350047971812041,0.007733981778810797
2025-12-15,0.0026258076434890407,0.002428513390588311
2025-12-16,-0.0005707004227150851,-0.0008314848966947659
2025-12-17,-0.005391032765091149,-0.005189929495708424
2025-12-18,-0.00886359115176126,-0.008634350055108235
2025-12-19,0.002388978673139926,0.00279166379076328
2025-12-22,0.004405906944596934,0.00440289270565673
