Date,sample_return,lw_return
2017-01-19,0.004234075711895283,0.003938247456885561
2017-01-20,-0.008668202834838878,-0.007949296003104445
2017-01-23,0.002495075432397888,0.002306867061735316
2017-01-24,0.012316660703841275,0.012229020521082344
2017-01-25,0.006853901560852736,0.005881224924368985
2017-01-27,0.01229544211759887,0.010845560790554497
2017-01-30,-0.002216655091427055,-0.002000241199420196
2017-01-31,0.0013118674429116251,0.0005373758991248585
2017-02-01,0.0033537306702352988,0.0034754460740218478
2017-02-02,0.007261031563160225,0.007982551919970996
2017-02-03,0.0091500973108926,0.009522981813659726
2017-02-06,0.012012930910620483,0.011917104394217512
2017-02-07,-0.002271476618043396,-0.002525404290864461
2017-02-08,-0.009643829700985495,-0.009816251569590633
2017-02-09,-0.004628749191724492,-0.00325054617240166
2017-02-10,0.012019088311620156,0.01111548179595509
2017-02-13,-0.000996509183108998,-0.0010907205807129308
2017-02-14,-0.0016469518242063935,-0.0009413844777611058
2017-02-15,0.0054419558303306775,0.004808137065436575
2017-02-16,0.003842182076202999,0.0038793048630838345
2017-02-17,0.0015322901994624626,0.0015973999560285387
2017-02-20,0.0011007481632731091,0.0015439134093525584
2017-02-21,0.011029648510443952,0.010194364335936802
2017-02-22,-0.012168237166912815,-0.011079061290019518
2017-02-23,-0.0020788865651764563,-0.0023382602259095667
2017-02-27,-0.010066116910852714,-0.009567324377924744
2017-02-28,-0.0021663458427470055,-0.0018068598959876958
2017-03-01,0.005873233196458508,0.005201980966837314
2017-03-02,-0.006085293248251782,-0.005460027477810963
2017-03-03,0.0038809489591965073,0.0037007316323445674
2017-03-06,0.00124871854691085,0.0009286852025024652
2017-03-07,-0.004667670479414035,-0.004115169061975449
2017-03-08,0.0017634699258038046,0.0016797996103850026
2017-03-09,-0.0030178510836960347,-0.003199575168603625
2017-03-10,0.0017158006079034658,0.0015550736641160333
2017-03-14,0.004860660581856595,0.005523299848093879
2017-03-15,0.005598934460715834,0.00576848101686612
2017-03-16,0.004248036186257863,0.0045956613599058204
2017-03-17,-0.004103397764351936,-0.003534245380088337
2017-03-20,0.0005421301158775923,0.0003407454217147995
2017-03-21,0.010841780658651472,0.00967386234556551
2017-03-22,-0.0049607784576807005,-0.004478024420960846
2017-03-23,0.009017662830691874,0.008367671443074522
2017-03-24,-0.003789734570849112,-0.0030753913835492334
2017-03-27,-0.0042483187268696765,-0.004251725353903488
2017-03-28,0.003541916234713124,0.0030936633535012885
2017-03-29,0.0010843362225368691,0.0015962455793411643
2017-03-30,0.003343776766050502,0.0035668738395750917
2017-03-31,0.014599111892002931,0.014056536826739262
2017-04-03,0.003832985602800751,0.003885906755536913
2017-04-05,0.0068941199455781164,0.006829337566334919
2017-04-06,-0.0020742057176516985,-0.0024677353567232967
2017-04-07,-0.0028966557370249182,-0.0025954170493410486
2017-04-10,0.0063883651448890365,0.005991712924879893
2017-04-11,0.007537857838741755,0.007793080820930551
2017-04-12,-0.003860681457731091,-0.0036228321548905243
2017-04-13,0.002136029737848946,0.0021200047650937947
2017-04-17,-0.007498756617691248,-0.007679842611501146
2017-04-18,-0.002227641596238587,-0.0021282891285968565
2017-04-19,-0.00023517083228138158,-0.00035554372365825804
2017-04-20,-0.0021477425316938433,-0.0013656929967323485
2017-04-21,0.0018545754766572317,0.0015726936368080729
2017-04-24,0.005323654735018491,0.005220723070166917
2017-04-25,0.003155564121841901,0.003457258217093936
2017-04-26,0.006884266898456386,0.006349093556388087
2017-04-27,-0.0017517806881870465,-0.001587015858225271
2017-04-28,0.002986693286709104,0.003012910019807336
2017-05-02,-0.005579715720130748,-0.0053524433360129815
2017-05-03,-0.00888753057674988,-0.008135455784356854
2017-05-04,0.004955940713039338,0.0054958071753506265
2017-05-05,-0.005605636528090547,-0.005623945788760741
2017-05-08,-0.00021485528044284355,0.0005173055738992341
2017-05-09,0.00022925562760303013,0.0007071725757417472
2017-05-10,0.010489935434195572,0.010111342807319377
2017-05-11,-0.0008669497405210103,-0.0009457965844081851
2017-05-12,0.002452247771541951,0.0015497668149876825
2017-05-15,0.0019033476506957958,0.002042000645298977
2017-05-16,-0.0014101625827368442,-0.0008612475110426289
2017-05-17,-0.007088996994311787,-0.007100152841666237
2017-05-18,-0.0011044581526003664,-0.0012929333175328687
2017-05-19,-0.0020737390388574344,-0.0026704450219723593
2017-05-22,-0.007636095563348782,-0.007795423544499396
2017-05-23,-0.0013307551492607282,-0.001934003505068296
2017-05-24,-0.004009426158093109,-0.004035215540121753
2017-05-25,-0.0006500084137511901,-4.4774637375205866e-05
2017-05-26,0.0025035652579541395,0.0030045685697649206
2017-05-29,0.0016140334393929144,0.00020401584176030414
2017-05-30,-0.01055003361323933,-0.00906042760069276
2017-05-31,0.011449716668263901,0.011234979346941832
2017-06-01,0.008083511854705978,0.007582494342463584
2017-06-02,0.004621511213636436,0.005029597387380116
2017-06-05,0.0003128881360073217,0.00016506222710673175
2017-06-06,0.0037697644322093153,0.0028584802269895045
2017-06-07,0.005704112834817747,0.005320391184270184
2017-06-08,0.0023229135788825584,0.0018824808752831244
2017-06-09,-0.003224246661596067,-0.00315857024130373
2017-06-12,0.00010632406224683451,6.761261970257798e-05
2017-06-13,0.002040575363381017,0.002453593469114372
2017-06-14,-9.861687885819189e-05,0.0005089988899391771
2017-06-15,-0.013244039827436873,-0.013760214746150117
2017-06-16,0.0035497039863034694,0.003565583981431272
2017-06-19,0.0036988942662123294,0.003399733407095498
2017-06-20,-0.0028363952901649275,-0.0025458416394621417
2017-06-21,0.001930119291228841,0.0013532519723483563
2017-06-22,-0.0011163862661613879,-0.0008970411580387497
2017-06-23,-0.0021778772981187887,-0.002882684552922102
2017-06-27,-0.006766386661887896,-0.006447748180597775
2017-06-28,-0.0023056527949326085,-0.00269360476077743
2017-06-29,-0.0020873800434009415,-0.0013194947681525293
2017-06-30,0.007590008612728755,0.007267256452436702
2017-07-03,0.007864101760238097,0.00789794624064668
2017-07-04,0.003335127241011665,0.0030124932562444287
2017-07-05,-0.0005800720084260526,-0.0001610050554149803
2017-07-06,0.0029918027784093734,0.0034525047818445937
2017-07-07,-0.002919304942404534,-0.0030263003404981574
2017-07-10,0.009034177157434658,0.008649243844485255
2017-07-11,-0.006535395954343118,-0.005752110636209729
2017-07-12,0.0027590598457355904,0.0022076381362070778
2017-07-13,0.0016980512475879663,0.002004686723367503
2017-07-14,0.0007380678214470154,0.0004275125658351324
2017-07-17,0.00040737168187928146,0.00032675395025647414
2017-07-18,-0.00019613353643349498,-0.0004895768966428515
2017-07-19,0.0048725505420573354,0.004654898592794971
2017-07-20,-0.005544125419229271,-0.005476883824479268
2017-07-21,0.007453386114340755,0.006330701017125499
2017-07-24,0.001989532084659639,0.0014926107213746468
2017-07-25,-0.004081084691741229,-0.004132069956297602
2017-07-26,0.00203546203223521,0.002613423683754905
2017-07-27,0.0007276923251932722,0.0005660247972259486
2017-07-28,-0.006044135366530866,-0.005418002566356493
2017-07-31,0.007610866808854704,0.007519532382176933
2017-08-01,-0.0014122801091459257,-0.0018269170342979809
2017-08-02,0.000899513476656604,0.0009417403219524637
2017-08-03,0.004628483165895394,0.004473014518572069
2017-08-04,-0.003097467923583355,-0.0024944415296337973
2017-08-07,0.0014189764675125393,0.0017086353119707839
2017-08-08,-0.007323003578596328,-0.006962103570841474
2017-08-09,-0.003015953090001339,-0.003946217320968782
2017-08-10,-0.00566461738805262,-0.005442389981614506
2017-08-11,-0.008787546257541088,-0.007915641335074164
2017-08-14,0.000976532497933291,0.0006680791048315705
2017-08-16,0.011557644093353196,0.010847473241549766
2017-08-17,-0.0019320670788253401,-0.001713880485999477
2017-08-18,-0.005126155253567671,-0.00547412332007091
2017-08-21,-0.000759467212434718,-0.0020058697356811965
2017-08-22,0.01019916640583098,0.009993314272564384
2017-08-23,-0.0030909334680952155,-0.002914064291039658
2017-08-24,0.003289945787651662,0.0036793976837649085
2017-08-28,-0.003328155998683923,-0.0014083456618465856
2017-08-29,-0.005221254565713347,-0.005559461763456722
2017-08-30,0.0017376464411761297,0.0026235486532474608
2017-08-31,0.0007858900526091264,0.0004473916311260311
2017-09-01,0.00023817074644108205,0.0003085826399203283
2017-09-04,-0.003994337822472927,-0.004210419036730539
2017-09-05,-0.003541433873208478,-0.002865168964494511
2017-09-06,0.002179471333742157,0.0015025674113873704
2017-09-07,-0.000594219402522414,-0.0003994953196721129
2017-09-08,0.006447975659204094,0.005443746731927155
2017-09-11,-0.0048650620468607296,-0.003912803689071221
2017-09-12,0.0068271865045712015,0.006743016807578573
2017-09-13,-0.007277863633676416,-0.006831832761953509
2017-09-14,-0.00428596219482632,-0.0033604496566710784
2017-09-15,0.012056512612315596,0.012174310576009083
2017-09-18,0.0007782145900298539,0.0007481314226581722
2017-09-19,0.0017708791515806026,0.0018604717296799862
2017-09-20,-0.009459272222939729,-0.009354485768939226
2017-09-21,-0.00027200170317826005,-0.00038180067923566756
2017-09-22,-0.007519983787926719,-0.008185753257033584
2017-09-25,-0.005363174702479005,-0.005770648182559361
2017-09-26,-0.004357278439538303,-0.0037002692351393697
2017-09-27,-0.006669131883533723,-0.0067075681060142075
2017-09-28,0.00786901525166147,0.00807405595396912
2017-09-29,0.0012820844213771113,0.0021688265790197917
2017-10-03,0.004504125000502759,0.004596181329981203
2017-10-04,0.004363945246262139,0.004259480527083026
2017-10-05,-0.0007360853485646299,-0.0008551505867647247
2017-10-06,0.004277346942139454,0.0040948752095121286
2017-10-09,0.005210153193521883,0.0051727044964069435
2017-10-10,-0.00040654224329699315,-0.0001855973862447776
2017-10-11,0.007795417201851056,0.00715542863932995
2017-10-12,0.002659986065238786,0.002546977501580232
2017-10-13,0.009360271697216259,0.009278193125972865
2017-10-16,0.007137144705895811,0.007347052500103255
2017-10-17,-0.005870180456937919,-0.005485596650385592
2017-10-18,0.0010979240840230191,-3.548896698645594e-05
2017-10-19,0.005189523059872981,0.004921700540412457
2017-10-23,-0.0017179411100089843,-0.002077696187914888
2017-10-24,0.0029270517777254894,0.0030306791743250376
2017-10-25,0.007553411800595137,0.0077520656271919935
2017-10-26,0.0009039936318011651,0.0008374113292450313
2017-10-27,-0.0036944352217530407,-0.003752881517662418
2017-10-30,0.006684242484854508,0.007101402350639413
2017-10-31,-0.005268844950837248,-0.005232558172907697
2017-11-01,0.003754623132412061,0.004300150016782696
2017-11-02,0.00015357248598374894,-0.00015769523540495075
2017-11-03,-0.0013985587493547602,-0.0014058768945999231
2017-11-06,0.00204856633727219,0.0018523179480891443
2017-11-07,0.0011818951605350428,0.0002606147177555602
2017-11-08,-0.002865653465390124,-0.0021807961216950104
2017-11-09,-0.0032926973523728143,-0.0030110417906112704
2017-11-10,0.0047224997670089084,0.004369677772883102
2017-11-13,0.008150060293220426,0.007051047454654597
2017-11-14,-0.0001509811894945614,-0.001101621591197469
2017-11-15,0.0024428329830521152,0.0021672914708082817
2017-11-16,-0.0003430380687811757,0.0004817551514288231
2017-11-17,-0.002481073750979171,-0.0024860678668223194
2017-11-20,0.002165307122413305,0.0012291676850339373
2017-11-21,0.005447592617997722,0.006426546774511223
2017-11-22,0.0016191201655445654,0.001674941090924208
2017-11-23,0.0044352447612695635,0.0042779006501978255
2017-11-24,-0.000854954500161636,-0.0007899153357640672
2017-11-27,0.0027907015679402365,0.002771265614289243
2017-11-28,0.0026048966262853792,0.0023974722548259046
2017-11-29,-0.0017174710201479444,-0.001828240143572793
2017-11-30,0.0018013197637767827,0.001637743652671504
2017-12-01,-0.006735967420016491,-0.006805159517544684
2017-12-04,0.0037303818593786755,0.0035369739119876648
2017-12-05,-0.002455296445754495,-0.00215872084551304
2017-12-06,-0.002276687795163245,-0.002475847932765134
2017-12-07,0.006565529521983778,0.0071008561377405195
2017-12-08,0.006552356742200861,0.006544027876815026
2017-12-11,0.0007894485536287748,0.0006126838689817316
2017-12-12,-0.007409219780885376,-0.007015189473998874
2017-12-13,0.004256905798648482,0.004045186228011611
2017-12-14,-0.0005003636970341527,-0.00023201098606814364
2017-12-15,-0.003365841561329557,-0.0029062175075470747
2017-12-18,0.0023633112326987946,0.0021781897089869686
2017-12-19,-0.001226803552388189,-0.00018865167766505305
2017-12-20,-0.004861529426467516,-0.005104267831468336
2017-12-21,-0.005097728040392401,-0.0047329291862138224
2017-12-22,0.0024617465031349043,0.0020660668258329147
2017-12-26,0.0029082224769401725,0.0030282837959033177
2017-12-27,-0.003043121118994349,-0.002935733791518499
2017-12-28,0.00030091649891243006,0.00011347510286827574
2017-12-29,0.006727332173709457,0.0067072586060642125
2018-01-01,0.002579038911457265,0.0021101268175114565
2018-01-02,-0.0013767147498877958,-0.0012298385496291313
2018-01-03,-0.0034756530490091713,-0.002296779488959816
2018-01-04,0.0014672457999423327,0.0016883598920888372
2018-01-05,0.011376687144191157,0.011200418023329738
2018-01-08,-0.003008733831640454,-0.0026269960918763493
2018-01-09,-0.002792228299453954,-0.0031710555354000688
2018-01-10,0.003507134508577456,0.002970885237245443
2018-01-11,-9.236804100705377e-06,-1.2978346222922615e-05
2018-01-12,-0.0024849601574464795,-0.002245007940604544
2018-01-15,-0.004018908840935457,-0.003566926026248922
2018-01-16,-0.00046540269756877115,-0.0011595648811110074
2018-01-17,-0.0012616692064119207,-0.0011162579283194635
2018-01-18,0.009268455607812042,0.008828460207355318
2018-01-19,0.007328704736348695,0.007590673357215392
2018-01-22,0.004512492267802767,0.004495801209583822
2018-01-23,-0.00963708217670098,-0.00792616523826221
2018-01-24,-0.004024392845314504,-0.004226740498504133
2018-01-25,-0.0059329318002843264,-0.006316893066246712
2018-01-29,-0.0014013396805422143,-0.0011595562398283037
2018-01-30,-0.012100387883730905,-0.011633281882761175
2018-01-31,-0.004400225182028318,-0.004164990978746764
2018-02-01,-0.0026108493658347945,-0.0021648542305489227
2018-02-02,-0.008410742385683368,-0.00907937415265618
2018-02-05,-0.0020483499171330957,-0.0023722786597271312
2018-02-06,-0.012642569054034967,-0.012857061903467592
2018-02-07,0.005037746252150327,0.005179648928960601
2018-02-08,0.008881325547968395,0.009320502242017002
2018-02-09,-0.0028665473364181573,-0.00339986579464972
2018-02-12,0.005993218726943659,0.005613063797082401
2018-02-14,0.0008391470169771747,0.000798790618003879
2018-02-15,0.002125369224863704,0.0017620074582506793
2018-02-16,-0.002172015599761673,-0.0020137282178565243
2018-02-19,0.0037750446688097857,0.0032817921734574346
2018-02-20,-0.005006171477182272,-0.004937287887506503
2018-02-21,-0.0013093616178643968,-0.001061952150507385
2018-02-22,-0.005671501826930313,-0.005899182637569264
2018-02-23,0.003264399785897934,0.003679294083366569
2018-02-26,0.0005074914750596985,0.001065488736349282
2018-02-27,0.0023439580472944944,0.0022092059398426188
2018-02-28,0.0027313835243757347,0.002278783035202959
2018-03-01,-0.0013915547126448834,-0.0014210983303347838
2018-03-05,-0.002669253821479046,-0.0028827098011262628
2018-03-06,-0.00638473031061253,-0.0062365901003169485
2018-03-07,-0.0016333127957928334,-0.0022223862470637174
2018-03-08,-0.0002864412014536718,-0.00017642011497182118
2018-03-09,0.0024595880125422784,0.002563787442896451
2018-03-12,0.0022458964276250853,0.0024627922219294606
2018-03-13,-0.003996642526960112,-0.003983296281036506
2018-03-14,-0.0053143634844307775,-0.004299636682025769
2018-03-15,0.0001029333827762027,-0.0001077403420348638
2018-03-16,-0.009017263521944003,-0.009113642544727333
2018-03-19,0.001338095851384736,0.0009064045148228355
2018-03-20,0.003799700616974059,0.003344591437490651
2018-03-21,0.0023042523288446916,0.002609662238372913
2018-03-22,-0.006258768973412748,-0.005992305071066468
2018-03-23,-0.0009048314991366869,-0.0008618730355234792
2018-03-26,-0.007888933858724594,-0.007082994387586121
2018-03-27,-0.002546440598071213,-0.001606605091937708
2018-03-28,0.0017997547946664474,0.0016320104535584112
2018-04-02,0.016206963905480244,0.0152867380996079
2018-04-03,0.0018164205217129001,0.0016227057755857884
2018-04-04,-0.005897110435602409,-0.006199212732207967
2018-04-05,0.007617979378477961,0.007032564434039396
2018-04-06,-0.0021974048601780564,-0.001385377391143318
2018-04-09,-0.0013491662886494736,-0.0016382611879305904
2018-04-10,-0.004111809404752341,-0.0036547331475177925
2018-04-11,0.002138225157454092,0.0016605810003841419
2018-04-12,0.010078425862672533,0.009831712531945504
2018-04-13,0.007810214472415117,0.007374859149000599
2018-04-16,0.00027217147754140744,0.0003633926680153711
2018-04-17,-0.0024612336997659042,-0.0017554566171789831
2018-04-18,0.004089171557711623,0.003462634667376022
2018-04-19,0.006102652125274244,0.005879580603078138
2018-04-20,0.0032643617867211235,0.0042501231969505286
2018-04-23,0.008418237498812091,0.008168989167220492
2018-04-24,-0.0064958576398064065,-0.006167549338845057
2018-04-25,0.0041448842032846996,0.004053840132251941
2018-04-26,-0.00384989451421149,-0.0035432061603862352
2018-04-27,0.002219574018609496,0.002547984413501997
2018-04-30,0.0035863425742539666,0.0033210388117802542
2018-05-02,0.008603886940396677,0.007871170086870122
2018-05-03,-0.004821223320466833,-0.004651529376449219
2018-05-04,-0.012646740726015382,-0.01257391304390909
2018-05-07,0.0007410335491420186,0.0006342103276122508
2018-05-08,0.0018050622536139773,0.001994454685483949
2018-05-09,-0.002124509986998845,-0.0018674821440671742
2018-05-10,-0.0007643266324194365,-0.0007089680246008946
2018-05-11,0.0025339150505564218,0.002135030638905886
2018-05-14,0.004407596731656228,0.002586967358039308
2018-05-15,0.0015407917883607583,0.0009734444358150244
2018-05-16,0.001804314416049108,0.0015635503801626866
2018-05-17,-0.006703771939568151,-0.0063785881688924575
2018-05-18,0.0007722455774765917,0.00026103119400537915
2018-05-21,-0.010332338314745214,-0.010327681008473507
2018-05-22,0.0012325299362414062,0.001391051952049718
2018-05-23,0.00866793794143212,0.00783475366791387
2018-05-24,0.0012654848769925757,0.001422984362292473
2018-05-25,0.0037394156745110263,0.0034441146867887546
2018-05-28,0.006073813667519328,0.005726249929636155
2018-05-29,-0.0009112572472458266,-0.0008084715063271438
2018-05-30,0.010031126419219882,0.008436001202644108
2018-05-31,-0.0012793521442483902,-0.0009117151026528232
2018-06-01,0.00559505512072692,0.00459655391463127
2018-06-04,0.0003732604367087107,-0.000653770915686185
2018-06-05,-0.010125029018556749,-0.010422486625566172
2018-06-06,0.00574287203214326,0.005722638376927081
2018-06-07,0.0037274756505735803,0.004279678393602035
2018-06-08,0.006654206327041867,0.006832790510160101
2018-06-11,-0.0004816587595165055,-0.00010677943252777576
2018-06-12,0.001177667551103908,0.0011043603111850786
2018-06-13,-5.944562358156159e-06,-0.00017392619949539362
2018-06-14,-0.002706979633120335,-0.002845042344374411
2018-06-15,0.003820972183518084,0.004211403252105159
2018-06-18,-0.00023936388651992673,0.00030307991240451754
2018-06-19,-0.0032299355168177745,-0.003512364395964327
2018-06-20,-0.0033371284139623566,-0.0036919747909563427
2018-06-21,-0.0035278317258802963,-0.0035233360844604605
2018-06-22,0.002012200442961805,0.0018084677850056733
2018-06-25,0.0018429335485498585,0.0019551007235887193
2018-06-26,-0.003207431002100488,-0.0028621881573389274
2018-06-27,-0.0023002596610229237,-0.0025927867852431168
2018-06-28,-0.0048133146640265394,-0.005379679511889775
2018-06-29,0.013950191796720628,0.0136306756836099
2018-07-02,-0.008720278150822663,-0.008339415842750926
2018-07-03,-0.003454082257985453,-0.0031195167632519605
2018-07-04,0.006089402615474817,0.005725435357164918
2018-07-05,-0.005877098928714077,-0.006108054310800233
2018-07-06,-0.0022710128538809852,-0.002335096873092253
2018-07-09,0.007930337569671063,0.00821605272861453
2018-07-10,0.001071796782215613,0.000992548180850962
2018-07-11,0.00023565629253328524,-0.00018929058190874856
2018-07-12,-0.002349311931550052,-0.0026784278666368653
2018-07-13,0.001560077150721461,0.0009021313015938467
2018-07-16,-0.004557025247850787,-0.005399202385207656
2018-07-17,-0.0026500995242039575,-0.0019398605991031235
2018-07-18,-0.0026437215680435912,-0.0021929838490084928
2018-07-19,-0.005308507836634261,-0.005690438525411889
2018-07-20,-0.0024301701800525225,-0.0024560090147770137
2018-07-23,0.00036611092258062995,0.0007803549144599819
2018-07-24,-0.011224922209846873,-0.008535000774645708
2018-07-25,0.002000582613069739,0.0018798967436758974
2018-07-26,0.0009670762861001604,0.0013426709081731316
2018-07-27,0.011194955332243628,0.011924863698690735
2018-07-30,0.004965203626466164,0.00468803421602237
2018-07-31,0.004790217512920478,0.004679042095607798
2018-08-01,0.0021518713980305643,0.0028228621060951567
2018-08-02,-0.008984179301113455,-0.008510045455597774
2018-08-03,0.008847512431502499,0.008375516175009213
2018-08-06,-0.0036721025306812177,-0.003350658797898591
2018-08-07,-0.0015039026808785388,-0.0014130402795931596
2018-08-08,0.00155063833139381,0.0011949603950278825
2018-08-09,-0.007830625042534562,-0.007350126641090868
2018-08-10,0.0027226450184796476,0.0030067913230878898
2018-08-13,0.004506680026899246,0.004041637373166756
2018-08-14,0.0009257339118733732,0.0014333251290919796
2018-08-16,-8.29983374421115e-05,-0.0003100899942793775
2018-08-17,0.004204918018029916,0.004752831207314948
2018-08-20,-0.004172172033305494,-0.004798549792087679
2018-08-21,0.007653718830949945,0.007241632736435466
2018-08-23,0.007963767523900416,0.0075474649777785814
2018-08-24,-0.005035471827607572,-0.004434088895771928
2018-08-27,0.0068321298345256866,0.007397879909335704
2018-08-28,0.00889299282563258,0.00828128759275294
2018-08-29,-0.009801190809645728,-0.009109700113110545
2018-08-30,0.008505998367615055,0.007985591665574766
2018-08-31,0.009000909394672709,0.009128774903864994
2018-09-03,0.003473219794399204,0.0024430663018461174
2018-09-04,-0.003801323899621969,-0.004714860242923726
2018-09-05,-0.005248877045930754,-0.004684554361415966
2018-09-06,0.002364736413167611,0.0025835715972470407
2018-09-07,0.0034511893614144426,0.003935772071995061
2018-09-10,-0.006959200210072212,-0.007176039074021104
2018-09-11,-0.004896026191706422,-0.005395762255428893
2018-09-12,0.006471949602504898,0.005629582850970895
2018-09-14,0.00524430833455215,0.005457145696217665
2018-09-17,-0.00555992375544259,-0.005641237022047366
2018-09-18,0.0011672520719880745,0.000774289922414328
2018-09-19,-0.009395209550211567,-0.009285558544308964
2018-09-21,-0.0036638733185125833,-0.0047382040743403735
2018-09-24,-0.007650092499828621,-0.007592577650984825
2018-09-25,0.0010746350015147937,0.0015158520971043485
2018-09-26,-0.0034940790548856995,-0.002710432221105039
2018-09-27,-0.0033415206031170036,-0.003695985277007233
2018-09-28,0.0014842820193227428,0.0005658864644002526
2018-10-01,-0.003429618406425153,-0.0032538981769172593
2018-10-03,-0.012459940161973623,-0.01216191222670425
2018-10-04,-0.011990678493479446,-0.012609581636938327
2018-10-05,-0.00630932644552315,-0.007208078560395829
2018-10-08,-0.0010061461317017908,-0.0016315619744598
2018-10-09,-0.00499573911448703,-0.006336614790148597
2018-10-10,-0.0030806452811533154,-0.0014725907232412067
2018-10-11,-0.006060616229704451,-0.007475574832429724
2018-10-12,0.005953585529737301,0.006467025911503464
2018-10-15,0.002633008683314499,0.002792031065257713
2018-10-16,-0.00019429232178114696,0.0004956594162446498
2018-10-17,0.003405952702361435,0.0026595452137974894
2018-10-19,-0.007252956656387876,-0.008157270169797025
2018-10-22,-0.011973634142465224,-0.011944946613477857
2018-10-23,-0.015898544233414223,-0.015483822519633646
2018-10-24,-0.0021366936094845573,-0.001112147897812642
2018-10-25,0.0018306948234498859,0.000818241477384873
2018-10-26,-0.0015869757653108707,-0.0013519260074621629
2018-10-29,0.00682680191985911,0.0072535679419504714
2018-10-30,0.007413423191935942,0.007246055257034026
2018-10-31,0.015941704083134264,0.015276777248479003
2018-11-01,-0.011036446648562997,-0.011130546883014705
2018-11-02,0.009590152970289924,0.01035583596533114
2018-11-05,0.0028428408108706264,0.003095684547077399
2018-11-06,0.0011297070160673946,0.0001947631983803545
2018-11-07,0.006360670843552218,0.006595830366738447
2018-11-09,0.002642942002034119,0.002840618447846691
2018-11-12,-0.004065972196206509,-0.0041356362895120366
2018-11-13,0.00816018425814529,0.007753920675709926
2018-11-14,-0.0033109081072617637,-0.0025936866440523006
2018-11-15,0.007284243029270726,0.007527668375471761
2018-11-16,0.007345828487189219,0.007550550586452777
2018-11-19,0.009925417679599972,0.009108110838993266
2018-11-20,-0.006139979978757396,-0.006409481452294444
2018-11-21,-0.005900401991715528,-0.005488720069257862
2018-11-22,-0.006779540928539341,-0.006369958939269999
2018-11-26,0.009382349174927673,0.008272248348742066
2018-11-27,0.004313697301203671,0.0040660424539145715
2018-11-28,-0.0036393164740835867,-0.0035137158316373334
2018-11-29,0.0038739472666659506,0.003823243648449535
2018-11-30,-0.002135501595423697,-0.002686964020635795
2018-12-03,0.005985755777478479,0.004880493807967931
2018-12-04,0.0007571966902410531,0.0018401197268372057
2018-12-05,-0.0027040220865623514,-0.002972311040649771
2018-12-06,-0.010271562226547081,-0.010271704108812289
2018-12-07,0.005480676599737649,0.004691918348218101
2018-12-10,-0.017798667113156322,-0.017024040492280793
2018-12-11,0.011998582620469374,0.011703073055398505
2018-12-12,0.009608977552585343,0.010343592624818019
2018-12-13,0.013566714697925517,0.013157451260065864
2018-12-14,0.002086387646768368,0.0023297539364853536
2018-12-17,0.0018006492535722648,0.0014961419396959529
2018-12-18,-0.0013760656735723143,-0.0017400819699249256
2018-12-19,0.01753533287998938,0.01669441646713204
2018-12-20,-0.0003780387547811688,-0.0005846381776417667
2018-12-21,-0.010752983104066138,-0.011029669579516654
2018-12-24,-0.0016258729417767618,-0.0023370987575409095
2018-12-26,-0.002460410418948085,-0.001978559932663359
2018-12-27,0.005091081800222749,0.00554223540562966
2018-12-28,0.005275668663149984,0.004947169604508819
2018-12-31,0.004935965169351171,0.005296952681585511
2019-01-01,-0.0014957669096545235,-0.0010659549071124676
2019-01-02,-0.00352004922892576,-0.002776850829529314
2019-01-03,-0.003265175855226608,-0.0034519082222582978
2019-01-04,0.00046748772886657966,0.0005614696127587589
2019-01-07,0.001424279907277933,0.001237854837411824
2019-01-08,-0.006586292912721679,-0.005779363059089963
2019-01-09,0.0044509307499863236,0.004120220042195564
2019-01-10,0.007494050158098996,0.00712349037310025
2019-01-11,-0.006028677338467805,-0.005634777002832813
2019-01-14,-0.0028434735640747244,-0.001383341399178883
2019-01-15,0.007794904272516975,0.007790335627450561
2019-01-16,0.006004328797322371,0.0057497358437127374
2019-01-17,-6.480803640302856e-06,0.0005796030869545884
2019-01-18,0.004676558602691047,0.004000126667736574
2019-01-21,-0.0002660881284012541,0.00048568045302494704
2019-01-22,-0.0032953813892982525,-0.003124576843735659
2019-01-23,-0.0014374826143758192,-0.0020041283428301705
2019-01-24,0.001173765451911442,0.00014165428324721486
2019-01-25,-0.008615811935311335,-0.006931090478192781
2019-01-28,2.4153674266334454e-05,-0.0010393736134873604
2019-01-29,0.0031301214698805646,0.0027115220008275065
2019-01-30,-0.00047546528008895767,0.00028975110390647455
2019-01-31,0.00881540884852181,0.00901358189513431
2019-02-01,0.014883385919483379,0.013716912684737997
2019-02-04,-0.0029768240006879556,-0.0031327168446653505
2019-02-05,0.00011033785124458942,-0.0006527040093587926
2019-02-06,0.004575812819034475,0.004651057126587229
2019-02-07,-0.0032013004333473942,-0.002058647560087347
2019-02-08,-0.00725919438668643,-0.006942774917685437
2019-02-11,-0.018210824747311984,-0.017454039940490967
2019-02-12,0.008708549805670394,0.007553259904926319
2019-02-14,-0.00338810085669131,-0.004494818511840297
2019-02-15,-0.004977158945087478,-0.005597503850028685
2019-02-18,-0.0062996704464657214,-0.006067584956963966
2019-02-19,-0.007825730661713319,-0.00681010492540857
2019-02-20,0.001611727719486505,0.0019607940097395842
2019-02-21,0.003867293813279385,0.0048114506815647535
2019-02-22,0.008558231502951921,0.008187747297521307
2019-02-25,0.0051846986367094176,0.0052346814734531445
2019-02-26,-0.008777189268785086,-0.00839801686043218
2019-02-27,-0.002351595769607376,-0.002150614228404518
2019-02-28,-0.0014565856323432535,-0.001532641367455101
2019-03-01,0.0023588194668604933,0.002978256111837152
2019-03-05,0.005398982190700054,0.0053235556643413205
2019-03-06,0.009883149108663418,0.009426293475834386
2019-03-07,-0.00470049800401178,-0.004749076291633818
2019-03-08,-0.0020242908183955004,-0.0022056147074762016
2019-03-11,0.009166470809068865,0.009451189405328209
2019-03-12,0.0031070278876513943,0.003622322923391258
2019-03-13,-0.007374777440108487,-0.0068408194475408236
2019-03-14,0.001550619549202942,0.0008076775788144577
2019-03-15,0.008867480798599945,0.008155532902909149
2019-03-18,2.608888439743079e-07,-0.00019777034808801468
2019-03-19,0.004934059622711284,0.004666183600230247
2019-03-20,0.0008770332493505892,0.0005816171010626233
2019-03-22,0.00314461279093939,0.0026939382159941504
2019-03-25,-0.006562513471855271,-0.0068861225273243645
2019-03-26,0.003584970801916795,0.0031514174203828966
2019-03-27,0.0005069404662126711,0.0002964532785168331
2019-03-28,-0.0006014342690310805,0.00016122252190378607
2019-04-01,0.008572082285686778,0.009390046194857105
2019-04-02,-8.887001929156011e-05,0.00022406002908952294
2019-04-03,-0.0028624871850465154,-0.0033818296344548717
2019-04-04,-0.0018023367113807818,-0.0014028906447518673
2019-04-05,0.0002201188673345078,0.0007082617685919102
2019-04-08,0.0024023592401448707,0.002455833952532687
2019-04-09,-0.001113496714206454,-0.0010974625889894985
2019-04-10,0.003935239148081089,0.003981171502190327
2019-04-11,-0.0023960811716402554,-0.0028206079423984537
2019-04-12,-0.003429680252955252,-0.002443585192815561
2019-04-15,0.0013460092026515926,0.0013406966037636512
2019-04-16,0.0038172068512668023,0.0038205878565535424
2019-04-18,-0.0036853347727062243,-0.0041818015134563544
2019-04-22,-0.0058790899359302175,-0.005950538557867122
2019-04-23,-0.0005442220982047018,0.00013368086138767967
2019-04-24,-0.0014071735697932135,-0.0011749689898174916
2019-04-25,-0.010498293428347051,-0.01004441633507432
2019-04-26,0.003060943941961199,0.0031321172878161223
2019-04-30,0.005742734613296987,0.00576431572230468
2019-05-02,-0.004533791470215746,-0.0044592184285983175
2019-05-03,-0.00021787734667478686,-0.0007261456272551936
2019-05-06,-0.007444038818990605,-0.0075147816080410115
2019-05-07,0.003330908148269995,0.0029722375849687097
2019-05-08,-0.0020335567227937716,-0.0027729610599619074
2019-05-09,0.0011780910129880816,0.000575883624769315
2019-05-10,-0.009113086079642379,-0.007921627365711389
2019-05-13,-0.003229361600002678,-0.0027346681624360325
2019-05-14,-6.82565540456757e-05,-0.0005502861368905602
2019-05-15,0.002549219678866654,0.0023968262043960525
2019-05-16,0.0003350254150232901,-0.0002714587291861362
2019-05-17,0.00849326360004477,0.007130592336638979
2019-05-20,0.016908747800523698,0.016631262009114346
2019-05-21,-0.0020475905021066342,-0.002361199494082078
2019-05-22,-0.0079446960293647,-0.0079177090472572
2019-05-23,-0.0017283057980640268,-0.0018307623209762817
2019-05-24,0.005701233517840518,0.005894472307242871
2019-05-27,0.017879726389804763,0.016825062288329543
2019-05-28,-0.002772222687799015,-0.002913187607764802
2019-05-29,0.0024512196198160857,0.0028601367854497947
2019-05-30,-0.0032027479749796818,-0.0034794708623005783
2019-05-31,0.005257060566351687,0.005438463697293649
2019-06-03,0.004172055649209754,0.004866615897086694
2019-06-04,0.002096299331940026,0.0015178293336288735
2019-06-06,0.004095053751523813,0.003343973056063856
2019-06-07,0.002101965744607497,0.002003128396122736
2019-06-10,0.006368245320115277,0.006771149690117425
2019-06-11,0.007071762620149274,0.0063995508984153685
2019-06-12,-0.0029122005913542644,-0.0032033708259486954
2019-06-13,-0.004322152219050495,-0.0043406361808325175
2019-06-14,1.444303974440438e-05,-0.0005633509390282293
2019-06-17,-0.001382346714558165,-0.0015239868645927075
2019-06-18,-5.542153000891647e-05,1.035335504786169e-05
2019-06-19,0.0022913627423904693,0.0017893092220847744
2019-06-20,-0.003084058314053003,-0.001857777562308385
2019-06-21,-0.0057179827428161705,-0.005792421046831845
2019-06-24,-0.007971318148114324,-0.008344106623665151
2019-06-25,0.00251341719038153,0.0031099636474870972
2019-06-26,-0.00624454307978259,-0.005601622759809726
2019-06-27,0.005919329209143133,0.005358524703222809
2019-06-28,0.007462152297097813,0.006660095308919175
2019-07-01,-0.007386587554504243,-0.007117104682995746
2019-07-02,0.0015579361740649638,0.0015573810966120261
2019-07-03,-0.0020923480773096122,-0.002250093073392901
2019-07-04,0.00021980833106034715,0.0006268326886706616
2019-07-05,-0.014107732255565397,-0.01360146143963066
2019-07-08,-0.016035201795749788,-0.015485252951345506
2019-07-09,-0.006532960405503028,-0.005769265195299548
2019-07-10,-0.0006715199470919298,-0.00013948083024792587
2019-07-11,0.0022508319713670693,0.002738686375547329
2019-07-12,-0.0007562097122185864,-0.0003540651637956653
2019-07-15,-0.0032711181316791497,-0.002189305949924664
2019-07-16,0.004021881834063203,0.003941814115834087
2019-07-17,3.40447834997127e-05,0.0006537877590047361
2019-07-18,-0.000487776077008483,-0.0016485379935659088
2019-07-19,-0.017454068740980894,-0.017120582689640597
2019-07-22,-0.0006001633076503324,-0.0009159464674140819
2019-07-23,0.004809160033964139,0.004387469967902596
2019-07-24,0.0014515572502051646,0.0005597301004156476
2019-07-25,-0.005487657593359154,-0.00516142374805914
2019-07-26,-0.0011968988178776476,-0.0012583758261125145
2019-07-29,-0.005750990424902521,-0.005407642198962276
2019-07-30,0.0012860930425182809,0.0005572129536321586
2019-07-31,0.006752056003699903,0.007021030946739149
2019-08-01,-0.008491598359344134,-0.009244315019245627
2019-08-02,0.00013751186759094667,-0.0009656195416569194
2019-08-05,-0.003972227892923373,-0.004204339915697866
2019-08-06,0.0072982376881567165,0.007518845065738335
2019-08-07,0.0022565760523896253,0.0024203558008562606
2019-08-08,0.017538316336198605,0.016132311981398983
2019-08-09,0.0028978443860832206,0.002324069478358342
2019-08-13,-0.012755002075972114,-0.013375657970874737
2019-08-14,0.0037973855489295003,0.00454072666550203
2019-08-16,-0.0021369035865851007,-0.0021337904605206646
2019-08-19,0.0032767311612514017,0.0036779667539153303
2019-08-20,0.008584050471855944,0.00819218705344256
2019-08-21,-5.798107353235525e-05,3.178457409651401e-05
2019-08-22,-0.002257159747631455,-0.0019192168095497038
2019-08-23,0.0038108787338335106,0.0039004376420815725
2019-08-26,0.006589437489856272,0.00710138429309833
2019-08-27,-0.002345127709707769,-0.0018290356890065201
2019-08-28,-0.0013288115424346441,-0.0017398949102629406
2019-08-29,0.001116501443845807,0.0002168428312740424
2019-08-30,0.009140944583342784,0.008732639955206074
2019-09-03,-0.013617773927941883,-0.01300565051879334
2019-09-04,0.0014672979440983585,0.0017880865693928115
2019-09-05,-8.815060757529422e-05,-1.436904902697524e-05
2019-09-06,0.00502153690116484,0.00542136845289616
2019-09-09,-0.0011512217155398524,-0.00040332062001602494
2019-09-11,-0.007705292396831277,-0.007141133734177097
2019-09-12,-0.005552233920365287,-0.005063432801706707
2019-09-13,0.003398169606785282,0.004232537807220847
2019-09-16,0.0007181269502993849,3.0849161480000164e-05
2019-09-17,-0.007166760265460377,-0.007366626936621366
2019-09-18,0.004480674340010176,0.00455523463779965
2019-09-19,0.0030161951923803835,0.0021191938850220944
2019-09-20,0.021739589744525997,0.022284011537717446
2019-09-23,0.032737587925756574,0.03202240307744432
2019-09-24,0.0033658075225335192,0.002410219058549316
2019-09-25,-0.004205937628542851,-0.004461269354101294
2019-09-26,0.002944100366174885,0.0036856309906370573
2019-09-27,-0.0027532408090558307,-0.0031896040193717676
2019-09-30,0.01123140583333802,0.01181543981739241
2019-10-01,-0.00928493648053922,-0.009060070117457238
2019-10-03,-0.005512602064221764,-0.006095138208167954
2019-10-04,-0.0038701081659499544,-0.003725986652077731
2019-10-07,-0.004047342644132863,-0.004705570616130515
2019-10-09,-0.00013944722594112172,0.0006051768198810674
2019-10-10,0.006375020722655454,0.00576058315539952
2019-10-11,0.03883626763393666,0.03355867958310451
2019-10-14,0.0010410789956938834,0.0008231758887770453
2019-10-15,0.0012537679624011388,0.0017219928574608294
2019-10-16,-0.005859777083312231,-0.0053761930464186185
2019-10-17,0.006499534682225372,0.0058653514182158105
2019-10-18,0.0006945333880754747,0.0014006841953284814
2019-10-22,-0.010155308104352036,-0.009595023590271546
2019-10-23,0.0008614301213795998,0.0003064231965421594
2019-10-24,-0.011717857896941589,-0.010760123734840168
2019-10-25,-0.005301964768069567,-0.004579485503894264
2019-10-27,0.006244976291571402,0.006139712239292837
2019-10-29,-0.008226625716583657,-0.008354922891080955
2019-10-30,0.0010041025482014636,0.001437684788710581
2019-10-31,0.008574253559443521,0.009014237139736436
2019-11-01,-0.0017602586077043734,-0.0012185326248905551
2019-11-04,0.007687716179969575,0.006688227604962689
2019-11-05,-0.007270826361219314,-0.006746858638629818
2019-11-06,-0.004652930662378353,-0.004609202886723183
2019-11-07,0.010187146694100967,0.009376848739119656
2019-11-08,-0.014186079934127991,-0.013783695088269389
2019-11-11,0.0020911188920792424,0.002573868716598996
2019-11-13,-0.003638511295068584,-0.0035057476023826906
2019-11-14,0.0020338812155176952,0.0020997187709469265
2019-11-15,0.005511233584401612,0.0053816544749090214
2019-11-18,-0.001995906818697531,-0.0017945049874854807
2019-11-19,0.003427372546297506,0.004276025934057711
2019-11-20,0.0035058503573332242,0.004285398978664007
2019-11-21,0.0012792082291924513,0.0010190649871480075
2019-11-22,-0.004248854822088672,-0.004611189241477928
2019-11-25,-0.00026638020358297544,0.0006747773453102453
2019-11-26,-0.012356500660010388,-0.011538180605545555
2019-11-27,-0.003957305039346009,-0.0030111151616938983
2019-11-28,0.005662237249632455,0.005375765116345756
2019-11-29,-0.001383163411092217,-0.0010467943384828576
2019-12-02,-0.004008253091997065,-0.0036720044675276732
2019-12-03,-0.005826416366089948,-0.0052468833464118635
2019-12-04,0.009192593882814085,0.009152635022279705
2019-12-05,0.0024117711838991117,0.0025590617953024316
2019-12-06,0.0018600590530193385,0.0016224846278353046
2019-12-09,-0.00356746696016333,-0.0037813604429465936
2019-12-10,-0.009230072607256532,-0.009034414247649319
2019-12-11,-0.0002952214442153594,-0.0006366085704284409
2019-12-12,-0.0012962248860136734,-0.000906488678580363
2019-12-13,0.004170509905297007,0.004019267333625415
2019-12-16,-0.0006234969232349882,-0.00109390950787693
2019-12-17,0.004343115813861657,0.004686495222038912
2019-12-18,0.00449278000133434,0.004416705842312204
2019-12-19,-2.0220230122829476e-05,-0.0003062874880116446
2019-12-20,0.002390167488007739,0.0018240642802764035
2019-12-23,0.004171610568256482,0.0047562347953166075
2019-12-24,0.001601113916231403,0.0013398232276120312
2019-12-26,0.005653385557299021,0.004781840873723397
2019-12-27,0.005821719779176305,0.005469834933523336
2019-12-30,0.0006568219160462156,0.0010881966148519313
2019-12-31,0.0020931970956426776,0.001519319096850217
2020-01-01,0.0003956266542969992,-3.0504690518966867e-05
2020-01-02,-0.001511652291922168,-0.0013766786955716204
2020-01-03,-0.002534021628522858,-0.002123129350758664
2020-01-06,-0.0017039426772937564,-0.0028110771041632613
2020-01-07,-0.00360102034452493,-0.002796575610870874
2020-01-08,-0.006284764232247893,-0.0060354316241050835
2020-01-09,0.006270629954360902,0.005483174150570115
2020-01-10,0.00446995058493714,0.0048360192604994506
2020-01-13,0.010040467373930868,0.009939458839956597
2020-01-14,0.00824697926465836,0.008253395498290154
2020-01-15,-0.007391266196057999,-0.006656551821132432
2020-01-16,-0.0031961306357089054,-0.0018082083602150758
2020-01-17,0.000789715581969985,0.001125494298306542
2020-01-20,0.004792519453042858,0.004337075281678598
2020-01-21,0.002905039738921493,0.0024866819425444597
2020-01-22,-0.0075802523131523435,-0.006705724608109289
2020-01-23,0.001640097004992958,0.0014321356611499227
2020-01-24,0.011642225255700843,0.01124382601725039
2020-01-27,0.005332118981943786,0.004124821088683705
2020-01-28,0.0033055621481271687,0.0030212715534516806
2020-01-29,0.004468372426333542,0.004938698211876371
2020-01-30,-0.0005351792459915454,-0.0016512316698929499
2020-01-31,-0.0031028425538011557,-0.0028059874509936554
2020-02-03,-0.0033927253279588177,-0.0036786638667327203
2020-02-04,0.010733387941742716,0.010911311752346584
2020-02-05,0.007971301670135735,0.007625453993321351
2020-02-06,-0.0032008127563239166,-0.0030244571947631795
2020-02-07,0.00551546575212369,0.005157273761650603
2020-02-10,-0.0018173747813513145,-0.00259498677808581
2020-02-11,0.011386751541279213,0.010860268201621988
2020-02-12,-0.004293288355519164,-0.0035665935343732486
2020-02-13,-0.007464825909005158,-0.008080143790767007
2020-02-14,-0.0022254664726558764,-0.002374001570551047
2020-02-17,0.002096281546744015,0.001949990233507629
2020-02-18,-0.004448632529268145,-0.004084089116487487
2020-02-19,0.007825546958558785,0.008845623989892247
2020-02-20,0.01145044569713433,0.010692829671350513
2020-02-24,-0.007088570413552461,-0.007473423057345668
2020-02-25,0.004568492087451132,0.0044058386162116004
2020-02-26,-0.008082593599436087,-0.007644131823030774
2020-02-27,0.0008329877185139429,0.0012493592875478438
2020-02-28,-0.007605574676620699,-0.009540185247451718
2020-03-02,-0.0025125371210607352,-0.0023019117053245425
2020-03-03,0.01030472979996198,0.010077349904752094
2020-03-04,-0.0068211133216563805,-0.00682427832690207
2020-03-05,0.0014878708627240936,0.0013378595334978525
2020-03-06,-0.01055354031023873,-0.01047374232506042
2020-03-09,-0.011091839567854657,-0.012707600938414085
2020-03-11,-0.003876209756300185,-0.0037658836617561376
2020-03-12,-0.03844886430713322,-0.03976164829602173
2020-03-13,0.008378247024175884,0.008663438111017252
2020-03-16,-0.06090031662296363,-0.05979220629999724
2020-03-17,-0.007984752675886084,-0.009037724371752043
2020-03-18,-0.05136272182041247,-0.05201801676953442
2020-03-19,-0.031389853872380746,-0.031048797423097407
2020-03-20,0.050005336100732385,0.050460719306546484
2020-03-23,-0.0791929372499084,-0.08244733479226896
2020-03-24,-0.012496107498175826,-0.009626605338217123
2020-03-25,0.016776222590378635,0.017589025505783323
2020-03-26,0.018397094731202854,0.020475446485482787
2020-03-27,0.002626598846366695,0.001980910171951542
2020-03-30,-0.010134321346202752,-0.010291040103424569
2020-03-31,0.037168390607128204,0.037261126135120816
2020-04-01,-0.01853580880008117,-0.021498696123148538
2020-04-03,0.009665029772059488,0.00733553369079927
2020-04-07,0.026623106313996687,0.029709293922611065
2020-04-08,0.01744671324634115,0.018714012211277435
2020-04-09,0.023124939887584274,0.023867011637985377
2020-04-13,0.004917243979360059,0.005900241469197186
2020-04-15,9.388266235423525e-05,0.001153574744274242
2020-04-16,-0.0002578068980594784,-0.001033180406671537
2020-04-17,0.0031728071303963766,0.003747395911718701
2020-04-20,0.0062732676038764895,0.007273891472887917
2020-04-21,-0.015451512913833947,-0.013654375296833096
2020-04-22,0.017149651632334745,0.014816281000488906
2020-04-23,-0.006408841741120577,-0.0033607737472087086
2020-04-24,0.005389756752073713,0.0034497474700119117
2020-04-27,0.00856233373264248,0.007820268077788713
2020-04-28,-0.010488784504294357,-0.009520806870105503
2020-04-29,0.004940980680877199,0.005377898456193979
2020-04-30,0.0048609245837023295,0.0062475034177431185
2020-05-04,-0.0038957133580804692,-0.006235379975145247
2020-05-05,0.0016710443846191803,-4.366095614066843e-05
2020-05-06,-0.002227469650899847,-0.0043367440075458286
2020-05-07,-0.01911042454441792,-0.01659493324702874
2020-05-08,-0.013161604176103264,-0.010099822439745472
2020-05-11,-0.000755747839766394,-0.0017284821651626595
2020-05-12,-0.005169597353652531,-0.007927950790589498
2020-05-13,0.009010565748513753,0.00876457872731995
2020-05-14,-0.00896012788542938,-0.007842980290814844
2020-05-15,-0.008506455442176675,-0.008502329113114049
2020-05-18,0.029565964093160528,0.021584898110316098
2020-05-19,-0.008628100824542437,-0.006241129491245431
2020-05-20,0.0021424801242022023,0.002952009739450695
2020-05-21,0.0057574644366999534,0.006489382018352928
2020-05-22,0.0024314195204307664,0.0023272725919338518
2020-05-26,0.0082426393260909,0.006679575588170668
2020-05-27,0.0036494462254044982,0.0010908071588363055
2020-05-28,0.009480365437395211,0.010637194631180551
2020-05-29,0.0184031586548865,0.01876193404734347
2020-06-01,0.00017110487426824032,1.7456133227647342e-05
2020-06-02,0.011797833888589793,0.011685645467770676
2020-06-03,-0.0029404864633871125,-0.0013353841579517392
2020-06-04,0.01378140668015215,0.013452456214621577
2020-06-05,0.01205204337097232,0.012233643890995433
2020-06-08,-0.00015933728456046098,0.0018213598392709052
2020-06-09,-0.005415106315543075,-0.005333290109971325
2020-06-10,0.0017807052054501897,0.0012711164448717355
2020-06-11,-0.0117905301863053,-0.01265118660662936
2020-06-12,-0.012342207696685401,-0.011737668690062864
2020-06-15,-0.008310286168396032,-0.0075936685497975005
2020-06-16,-0.0028148074171702657,-0.0015173379367262663
2020-06-17,0.0008421487832216555,9.181792598694457e-05
2020-06-18,-0.017251265571706607,-0.015516007844861063
2020-06-19,0.012312411648676108,0.00906884470798154
2020-06-22,0.018757330717245214,0.020414028458616125
2020-06-23,0.014806990425493308,0.015152988653915213
2020-06-24,-0.0063362138199551665,-0.00502747862706869
2020-06-25,0.006211290825916785,0.004729900587479683
2020-06-26,0.010630002986714364,0.0113322317653023
2020-06-29,-0.0006105064536571286,-0.0017183227755271943
2020-06-30,0.002655908361720889,0.0034447323046523717
2020-07-01,-0.006183842395398637,-0.005326718304031957
2020-07-02,0.00012410768990388666,0.0014835745551004358
2020-07-03,0.0031578210175906736,0.0035954808018865557
2020-07-06,0.005156153771649665,0.0051146430899174046
2020-07-07,-0.0067946865387649245,-0.006814042770575747
2020-07-08,-0.011492203349212202,-0.011480769383389046
2020-07-09,-0.007271385155213345,-0.007308765494769237
2020-07-10,-0.0038725061080353744,-0.004213371774826843
2020-07-13,0.006171973005889615,0.0057943088997212955
2020-07-14,-0.008708881905700596,-0.008108521495593674
2020-07-15,0.010525320895248517,0.009227789760938222
2020-07-16,0.005856874942805052,0.004981982140293091
2020-07-17,0.0009746480805632011,0.0018771014968949945
2020-07-20,0.0033020046113568595,0.004295415909370631
2020-07-21,-0.0010549042351873433,0.0012135808627013454
2020-07-22,-0.001979173656421654,-0.002711095843199257
2020-07-23,0.015741350877888055,0.01572512558607175
2020-07-24,0.0007078903249866144,0.0014342975042321011
2020-07-27,-0.005567461199499585,-0.0045374031857332384
2020-07-28,-0.01101447173157235,-0.008337172221266573
2020-07-29,0.0032466538717453165,0.0028112116867462845
2020-07-30,0.005217711070291824,0.0058313042118493435
2020-07-31,0.004327335072524979,0.004503475656636159
2020-08-03,0.0038433514057919,0.00382539200665046
2020-08-04,0.0022243522265795812,0.001571322151154376
2020-08-05,-0.007222375991700512,-0.006015551853490417
2020-08-06,-0.0027828851034780314,-0.0018528593719209048
2020-08-07,-0.0019304955834724689,-0.0021744252380053227
2020-08-10,0.030513819756708964,0.029995058258723263
2020-08-11,0.0017080550514575648,0.00040251302393233394
2020-08-12,-7.341736207021679e-05,-0.0018825972928286777
2020-08-13,0.00302090790298633,0.0031878527538731355
2020-08-14,0.0012877291693330882,0.0024408413346140444
2020-08-17,0.0013636972056894291,0.0031503077070805874
2020-08-18,0.006230064945882838,0.00554421483048567
2020-08-19,0.007487376730950502,0.007773081328257967
2020-08-20,0.012795234024953252,0.010878922508336636
2020-08-21,0.019490683419106206,0.020314152617161862
2020-08-24,0.009578083480777188,0.009727888250782196
2020-08-25,-0.012243441469397336,-0.011146828849730981
2020-08-26,0.016686036039623223,0.015004659759398882
2020-08-27,-0.0048561649790573435,-0.00398421356689265
2020-08-28,0.017697935931420664,0.016027025382525935
2020-08-31,-0.02655783005026639,-0.028139488613076066
2020-09-01,-0.007582484369270013,-0.007356122968499598
2020-09-02,0.016153917076680662,0.015851310466622123
2020-09-03,-0.006952727801404095,-0.004699211564643139
2020-09-04,-0.0060014939927006085,-0.006384805630796842
2020-09-07,0.025519835899869333,0.02230086156543937
2020-09-08,-0.011096221762806242,-0.010152390509310922
2020-09-09,-0.00942212231297243,-0.008010792521100351
2020-09-10,0.012435402514903415,0.012723829336011041
2020-09-11,-0.0033882258790231177,-0.0021136243293853186
2020-09-14,0.009997661475094368,0.011729322493149084
2020-09-15,0.00570120367913711,0.008334369917215178
2020-09-16,-0.021900566163076597,-0.020229248911486496
2020-09-17,-0.0087297679173474,-0.009080003147624902
2020-09-18,-0.0014956302042350982,-0.0006958522665835918
2020-09-21,-0.03314382272793537,-0.03066471052480926
2020-09-22,-0.03013817464572016,-0.026435174822616037
2020-09-23,0.0001912899485214017,-0.0013017005728896986
2020-09-24,-0.008173351641699503,-0.008438571134846853
2020-09-25,0.022471029653636933,0.021946072000776543
2020-09-28,0.0074356749879174976,0.007233139210499012
2020-09-29,-0.012009104962019193,-0.009063695173310909
2020-09-30,0.002821607940086778,0.0016522444717886131
2020-10-01,-0.006278717981654551,-0.004864116832471776
2020-10-05,0.0113558580560183,0.009452624335139189
2020-10-06,-0.0007527821462167671,-0.0007093553856790677
2020-10-07,0.006592371891279892,0.006556983556386034
2020-10-08,0.010642023985446442,0.009503153818885833
2020-10-09,-0.005178813734260096,-0.005936436742280925
2020-10-12,0.010005750960011701,0.009398849872191993
2020-10-13,-0.0005228327172216356,-0.00016225995497156753
2020-10-14,-0.01884399322982291,-0.016427989858480867
2020-10-15,-0.01016032553477159,-0.010014519405704218
2020-10-16,-0.0004751748327380005,0.0017095381452511304
2020-10-19,-0.0019382985212243083,-0.00018473378724627565
2020-10-20,-0.002654588642702351,-0.0014220531515413593
2020-10-21,-0.00027232612987508587,-0.00026333639556975303
2020-10-22,0.0072325048090567095,0.007755124541848932
2020-10-23,0.004337734746564908,0.003639237392129329
2020-10-26,-0.005732310481124426,-0.005383662117361814
2020-10-27,0.01159514790320412,0.011401053494475665
2020-10-28,-0.001969692084303338,-0.002491281559953459
2020-10-29,0.0041891514781769385,0.004352633490951369
2020-10-30,-0.0008034734843699024,-0.0007045896350226549
2020-11-02,-0.0041947927462500385,-0.005604783812449658
2020-11-03,0.0009318004219286953,0.001699732953212902
2020-11-04,0.004762194026225408,0.0046953622568493125
2020-11-05,0.008941325220440196,0.009883516069632725
2020-11-06,0.0010540551378381445,0.0005976090532092771
2020-11-09,0.004932846880847609,0.00557038629105541
2020-11-10,-0.014690945547768602,-0.013418913759288123
2020-11-11,0.004910679284583889,0.00599682720032271
2020-11-12,0.0029012483185209765,0.003282784573303256
2020-11-13,0.0024714718130499688,0.0029579736541554837
2020-11-14,0.0013329003345342262,0.0022542088555823577
2020-11-17,0.022518648702860113,0.019359052716265646
2020-11-18,0.006219259776497759,0.004082694682438249
2020-11-19,0.007474036264305358,0.00704725667763695
2020-11-20,0.00841657150145743,0.009343609365530336
2020-11-23,0.002563696996908996,0.00366290406905791
2020-11-24,0.006700332230231995,0.006012642172898917
2020-11-25,-0.011556102687274389,-0.012468735474673472
2020-11-26,-0.006370750770651145,-0.0065261524788805154
2020-11-27,-0.010199012699255425,-0.008508847050319141
2020-12-01,0.015051842846664535,0.013518355830437038
2020-12-02,-0.00977634469548364,-0.00874295074225851
2020-12-03,0.008516420852538658,0.008422306126713765
2020-12-04,0.004618362639929145,0.005398296238627579
2020-12-07,0.005428314137343174,0.006783544625208194
2020-12-08,-0.0009798488993338881,-0.0002352506142303339
2020-12-09,0.003118240368291991,0.0036743927300197004
2020-12-10,-0.000384277483814061,-0.0006804305889449155
2020-12-11,0.011567146758496046,0.009516963070731431
2020-12-14,0.001252544324601703,0.0019226429565663082
2020-12-15,-0.010272080720373365,-0.009852033431502587
2020-12-16,0.009627665785349014,0.008731075670047416
2020-12-17,-0.0069776010295416625,-0.006219796531153635
2020-12-18,0.0033709827300445845,0.0029761007738407725
2020-12-21,-0.02076251399895933,-0.021047872762880438
2020-12-22,0.005569825446093971,0.006709683056299647
2020-12-23,0.006312259869116053,0.0063009171800891325
2020-12-24,-0.002461012316807727,-0.001244329130126164
2020-12-28,0.0035441760162156087,0.002892827690204767
2020-12-29,-3.4480543075137956e-05,0.0016313432356656566
2020-12-30,0.00010301669041986737,0.0008125271649186679
2020-12-31,-0.001340174234024097,-0.001989751645690355
2021-01-01,-0.0004195773810361222,-0.0006360471672538318
2021-01-04,-0.00029633166541614465,0.00034208167843740786
2021-01-05,0.003679345807089127,0.0035013270745597853
2021-01-06,-0.013745491558638518,-0.012028026803834965
2021-01-07,0.004614929668408326,0.0035395320912222665
2021-01-08,0.009479630498987927,0.010890656161554317
2021-01-11,-0.0006097982734204264,-0.00027125257822205426
2021-01-12,0.003122655789142524,0.003726688949229656
2021-01-13,1.952502362676401e-05,-0.0006292187363807771
2021-01-14,0.0031427905630479363,0.0020059925543042716
2021-01-15,-0.008383864268780766,-0.009312631021412214
2021-01-18,-0.011747030758928684,-0.010638091599063029
2021-01-19,-0.0033147090908552264,-0.0026355157031600143
2021-01-20,-0.006275382146751232,-0.003579349938815735
2021-01-21,-0.004906244613543398,-0.004439449460281407
2021-01-22,-0.0005927492289331164,0.0008962830671195518
2021-01-25,-0.001125289919486608,-0.0015624452927377542
2021-01-27,0.00304705037687135,0.0033421203808141333
2021-01-28,-7.203645374252048e-05,-0.0007120113364066753
2021-01-29,-0.008403840254629204,-0.008618493719013371
2021-02-01,0.005217521811734389,0.005200200904986266
2021-02-02,0.02151935521134092,0.021079904906709804
2021-02-03,0.005396837016967381,0.006522078193896417
2021-02-04,0.01357222326925124,0.013585131638572232
2021-02-05,-0.002546973548399842,-0.002293550410370455
2021-02-08,-0.001057413809259903,0.0005122809194673608
2021-02-09,0.0043915184578903746,0.0046126943360599495
2021-02-10,-0.0027239228828717654,-0.0032402984631472315
2021-02-11,0.00929540799718246,0.008288384778261361
2021-02-12,0.005615639716819412,0.0041478629980456275
2021-02-15,-0.005073076703793471,-0.006429055305477424
2021-02-16,0.011837160476517086,0.011218740222044636
2021-02-17,0.006258365450846303,0.006021077339954763
2021-02-18,0.021781286454123264,0.019916463713767544
2021-02-19,-0.01337260452887174,-0.013507991564072622
2021-02-22,-0.011374536890532035,-0.01111647569408177
2021-02-23,-0.001000114524072093,-0.0007786674861431596
2021-02-24,-0.0031331223960691006,-0.0012264697975323815
2021-02-25,0.018464655272960484,0.016041983908831714
2021-02-26,0.002871952258906635,0.00046850669993735335
2021-03-01,0.008147016541875166,0.008945057372663214
2021-03-02,0.021963536384663404,0.021329287899590127
2021-03-03,0.0042869522056818,0.003712008449221746
2021-03-04,0.00797415808329279,0.007950626764092701
2021-03-05,-0.010803066868604872,-0.010281446211341024
2021-03-08,0.014702506703042751,0.014243216313814545
2021-03-09,0.007074837774847194,0.00645668613047005
2021-03-10,-0.004530093142147397,-0.003376763612222061
2021-03-12,-4.005888423810845e-05,0.00016223512281909186
2021-03-15,0.0010228369621565264,-0.0004993138474669856
2021-03-16,0.012465507754697461,0.011908589583894442
2021-03-17,-0.025225923916693475,-0.024393349282908598
2021-03-18,-0.007599819902375721,-0.008585720321458821
2021-03-19,0.018169349060280657,0.016018384259868353
2021-03-22,-0.004386884365914868,-0.0030437352691771247
2021-03-23,-0.0036521796411143914,-0.0023750688220399736
2021-03-24,-0.008895060213575274,-0.009271471436564118
2021-03-25,-0.025902090710896983,-0.02389817172468464
2021-03-26,0.029345926578122274,0.027245190115192816
2021-03-30,0.03177566030341241,0.03000865277394658
2021-03-31,0.002716215313778295,0.001555122764562032
2021-04-01,-0.018526323692844796,-0.015468915503464478
2021-04-05,-0.013573346003734443,-0.013217261405131055
2021-04-06,-0.0013643033255197378,-0.0006977611045748003
2021-04-07,0.006022943537222535,0.006147696484738473
2021-04-08,-0.005226807830868387,-0.0040590862776152085
2021-04-09,0.009744038534571876,0.011211575129062302
2021-04-12,-0.0161437302895112,-0.017169512701351614
2021-04-13,0.0022799116414403326,0.0015259214382046659
2021-04-15,0.003341436144055652,0.002894693357884127
2021-04-16,0.008065014395078516,0.009648999437823134
2021-04-19,-0.003018869542003624,-0.004850632898387838
2021-04-20,-0.0005105037270670674,-0.001545061066205429
2021-04-22,0.0011157306271914079,0.0009161271596496595
2021-04-23,-0.004671352220294109,-0.003794332995484314
2021-04-26,0.012494240243290013,0.01410839609394523
2021-04-27,-0.009786831633457248,-0.008327228712048877
2021-04-28,-0.0018192442432032354,-0.0008400886503401873
2021-04-29,-0.008460236253205251,-0.008641750452768672
2021-04-30,-0.0036963466843278176,-0.0030162067475998995
2021-05-03,0.0051472069142895665,0.006430292324147256
2021-05-04,0.004757979376442144,0.005126564477721028
2021-05-05,0.019984776920015098,0.019508688211502184
2021-05-06,0.0014891549960194196,0.002305219077946189
2021-05-07,0.0005968277404795253,0.000829263358293299
2021-05-10,0.004381954952622414,0.005211921652279244
2021-05-11,0.005423589891812987,0.006879691859753777
2021-05-12,0.009980192769620007,0.007704842980388317
2021-05-14,-0.00011934223507548917,-0.00015487122601975933
2021-05-17,0.0005382175378511208,0.0011667963382709116
2021-05-18,0.005430802365024866,0.006309846986470854
2021-05-19,0.0030286337511954294,0.0031941053354221276
2021-05-20,-0.00272360703067498,-0.003992381454893595
2021-05-21,-0.00010658487669196578,0.00039002682750175914
2021-05-24,0.006647754506641736,0.008396301329222533
2021-05-25,-0.012701919629360917,-0.009995822151944734
2021-05-26,-0.0007232322035773186,0.0006272766326349222
2021-05-27,0.007358819157413977,0.007864724657437332
2021-05-28,-0.0007535533575586148,-0.002134639663650905
2021-05-31,-0.00560461687877079,-0.005363995276610235
2021-06-01,0.001182863281066668,0.001664431122349399
2021-06-02,0.006506441210577919,0.00657426055967247
2021-06-03,0.011607403487531653,0.011298850357718321
2021-06-04,0.008016437562489272,0.0069905513156459514
2021-06-07,0.007737361939510437,0.007675875076899716
2021-06-08,0.003580770663248598,0.002466252579924727
2021-06-09,0.011297725733516775,0.0099261827799168
2021-06-10,0.0003118167469382717,0.00022020462081018364
2021-06-11,0.0018760176917513199,0.0011088172726608568
2021-06-14,0.002029849727500692,0.0014339237626235803
2021-06-15,0.004465162257881238,0.004371876705813587
2021-06-16,0.012089283039803464,0.011479731799447414
2021-06-17,-0.004084438437344592,-0.0034131767749533714
2021-06-18,-0.004206164389997643,-0.002854468515414276
2021-06-21,0.01128988167481495,0.011200045844605957
2021-06-22,0.006108386397360376,0.005923045540681248
2021-06-23,-0.015249092369237863,-0.013817209040590044
2021-06-24,0.0008596381469015892,0.000495099883553725
2021-06-25,-0.005434999005657075,-0.00435749460050572
2021-06-28,-0.001748226918038046,-0.0015490848295798957
2021-06-29,-0.004009769092431361,-0.0033504158156508
2021-06-30,0.012658372385025237,0.012254011551146148
2021-07-01,0.006482601672962282,0.0060687825740299035
2021-07-02,0.0014612652287956536,0.0019930478346575475
2021-07-05,-0.0008760264370841256,-0.0004896466950733622
2021-07-06,-0.00046610227410236107,-0.002237229762719716
2021-07-07,-0.0038217125867194834,-0.0035279436231658075
2021-07-08,0.007714873475229826,0.0066068565795193305
2021-07-09,0.001768138125799199,0.0006187006263342328
2021-07-12,0.005931632135469574,0.005188900498721729
2021-07-13,0.006980863243071955,0.006044397072535959
2021-07-14,0.002729993964048503,0.0030624161711308127
2021-07-15,0.006052217921468042,0.006553070667447908
2021-07-16,0.01198289036954062,0.011297602333928892
2021-07-19,0.017402771759757754,0.015614957015321809
2021-07-20,-0.014466327285744443,-0.012614714643723466
2021-07-22,0.016101680220718905,0.016822452982766002
2021-07-23,-0.001387470400144859,-0.00046319653385427614
2021-07-26,-0.0020794967168578505,-0.002852492911590867
2021-07-27,-0.005679731296301236,-0.0045261487917479595
2021-07-28,-0.0029617766425012217,-0.003944295106920143
2021-07-29,-0.017252038685741725,-0.015725899736355502
2021-07-30,0.005125723962578529,0.005848912536396656
2021-08-02,0.008053526078730017,0.006810381609571152
2021-08-03,0.01170877039907429,0.012183313905035997
2021-08-04,-0.0062406988946752595,-0.004441994129020902
2021-08-05,-0.007799581929571087,-0.007337324733684442
2021-08-06,-0.01000402982638015,-0.00845085518769683
2021-08-09,-0.004973072040480901,-0.004742504747021033
2021-08-10,-0.001814901797386226,-0.002404689053529712
2021-08-11,-0.012576492927846464,-0.012219956181695621
2021-08-12,0.0031961509499829435,0.004928594800547672
2021-08-13,0.015828604014138825,0.013598370460507577
2021-08-16,0.005274439310230988,0.004660674017372685
2021-08-17,0.019815571823175313,0.018808655561541834
2021-08-18,0.0023204137000279617,0.0016018527800934774
2021-08-20,-0.004781041077977602,-0.005431994522832478
2021-08-23,-0.012351997699133196,-0.012643263258482751
2021-08-24,-0.003742058417196363,-0.00175983249064097
2021-08-25,0.004296619872349142,0.005381870440809088
2021-08-26,-0.0063549480123585795,-0.006520544465989402
2021-08-27,-0.004225046077752822,-0.0022802573907169457
2021-08-30,0.00606910380648407,0.006079267353477498
2021-08-31,0.005807972843278994,0.006855810069726664
2021-09-01,0.0009846467187605336,0.00011503788425248906
2021-09-02,0.012367391853976747,0.012655450952018808
2021-09-03,0.0062235993954240214,0.006269792050092038
2021-09-06,0.0036465613267211857,0.004288587648913169
2021-09-07,0.01268991232061234,0.011649953047879559
2021-09-08,0.0008868689612142851,0.0009217503963495822
2021-09-09,0.008416820573446848,0.008093003121869145
2021-09-13,-0.001856831159332258,-0.0011774962279056706
2021-09-14,-0.0039373885882703664,-0.0028284398870808115
2021-09-15,0.008083379520579874,0.007811995286809752
2021-09-16,0.0009658731176368728,0.0013412049370993837
2021-09-17,0.0023725481477588585,0.0019451724059149494
2021-09-20,-0.007472486204359299,-0.0065133865714064685
2021-09-21,-0.0032558646541676443,-0.0030074376302570496
2021-09-22,0.0024924662869609225,0.0026122001080957982
2021-09-23,-0.009526578654292463,-0.008547808473918712
2021-09-24,0.006142170937622427,0.00619651607237106
2021-09-27,-0.008851060850813011,-0.008838098303974366
2021-09-28,0.0034963778279363607,0.002952176013935246
2021-09-29,-0.004559660826578258,-0.0029435952290078993
2021-09-30,0.017325012223613257,0.014798867992342719
2021-10-01,0.011107227227416767,0.010213522018992923
2021-10-04,0.0030892678801892354,0.0021806275626109536
2021-10-05,-8.957600269725741e-05,0.0008468101749450485
2021-10-06,-0.009944520630034292,-0.009240379659512203
2021-10-07,0.013294601760906938,0.01288916313101152
2021-10-08,0.005663893709492068,0.00589691615562061
2021-10-11,0.015432725685503825,0.014110188643194646
2021-10-12,0.0023419152086861404,0.0024527741959601045
2021-10-13,-0.005869807280626949,-0.005108167933195651
2021-10-14,0.005642331867597272,0.004474573679021345
2021-10-18,-0.005503848300599242,-0.005516617312512035
2021-10-19,-0.01295885543957057,-0.011979098263809966
2021-10-20,-0.0009414385248803405,-0.0027901497051069897
2021-10-21,-0.010934342436140202,-0.010188001048252536
2021-10-22,-0.004831428285492999,-0.00416505976221966
2021-10-25,0.0010218271034621378,0.0009737673622232249
2021-10-26,-0.004456575512779372,-0.004013430364477421
2021-10-27,0.020003906706278385,0.020168861914168217
2021-10-28,-0.007977713038085157,-0.006918685040828231
2021-10-29,0.007024900690995154,0.005516940154377757
2021-11-01,0.009514121379205306,0.01143457388036369
2021-11-02,0.005498660061264223,0.004748109827022518
2021-11-03,0.0028703650689416976,0.0024750607314310983
2021-11-04,0.002546114331338645,0.003502667928466933
2021-11-08,0.009407671086466793,0.009537560618517337
2021-11-09,0.005874237787108176,0.00576502428298743
2021-11-10,-0.002366501431364383,-0.002576342712636858
2021-11-11,0.004267884159532165,0.0050768306208094005
2021-11-12,-0.0035795739659602466,-0.003248797669882537
2021-11-15,0.0018150573143643663,0.00195977186749129
2021-11-16,-0.0027907765655694108,-0.002990249542403518
2021-11-17,-0.006034306692064551,-0.0044463125380355345
2021-11-18,-0.002801231456166504,-0.004169555786057837
2021-11-22,-0.009785829601088538,-0.011396588756900406
2021-11-23,0.0087449683448894,0.008659369837634165
2021-11-24,-0.005536911222916572,-0.005832571928959617
2021-11-25,-0.007602649523321498,-0.0055912461656590084
2021-11-26,-0.0008567793404047139,-0.0022399485347248363
2021-11-29,-0.0013051923599855342,-0.0016058689550530188
2021-11-30,-0.002962980442412719,-0.001856109691141528
2021-12-01,-0.01626605054265983,-0.014733380432877748
2021-12-02,0.0021689714481041597,0.003873784072426268
2021-12-03,-0.006377969215231553,-0.006878404106072441
2021-12-06,-0.012335738847808777,-0.013158870004392115
2021-12-07,0.008906026984243727,0.009299911067980298
2021-12-08,0.003951883217094164,0.004233711922680989
2021-12-09,-0.001174686747484189,1.6420440261194534e-05
2021-12-10,-0.0016346121500892517,0.00025669897898846845
2021-12-13,0.00522380401298529,0.0056916296931633975
2021-12-14,0.014704247342657373,0.013364187985089515
2021-12-15,0.0026027538112089544,0.0031828107136257157
2021-12-16,-0.0012231769657153205,-0.0015088429810807406
2021-12-17,-0.0056391765788831524,-0.00575815116485933
2021-12-20,-0.013356607480266682,-0.013001235836310014
2021-12-21,0.011758346762187394,0.01216339482772842
2021-12-22,0.004639263398781512,0.005206230625465678
2021-12-23,0.009399535584693166,0.007732075272441643
2021-12-24,-0.004054966586976388,-0.0036116680849646427
2021-12-27,0.006042273968620861,0.006935639043034318
2021-12-28,0.004366595118831439,0.005985675044073336
2021-12-29,0.005531518817775639,0.0050894013888569305
2021-12-30,0.00553002649247129,0.004980609698218038
2021-12-31,0.00423193456287751,0.004613584157638763
2022-01-03,-0.0005077542834994929,0.0006186932745828584
2022-01-04,0.009257851517428011,0.009396870690658475
2022-01-05,-0.0034003356178161836,-0.0039377545968376166
2022-01-06,-0.005625039862693814,-0.0047971261617815895
2022-01-07,-8.212329436962671e-05,-3.5692214137724354e-05
2022-01-10,-0.003131272872240975,-0.0017816277825935178
2022-01-11,-0.00392951064920028,-0.0018598130032966467
2022-01-12,0.0026361471691156565,0.003068453057939979
2022-01-13,-0.0028976930684673457,-0.003057375751974295
2022-01-14,-0.0014150369198532306,-0.00026138637077289736
2022-01-17,0.008444039548046518,0.007835942749388078
2022-01-18,-0.0020005785822607663,-0.00350078169684638
2022-01-19,-0.005781188593075868,-0.005902716205513678
2022-01-20,-0.010366269100167838,-0.009282782568609411
2022-01-21,-0.0094355621168027,-0.010070571459809443
2022-01-24,-0.01765500949630651,-0.01801047837604919
2022-01-25,0.01105613365737866,0.010038779143320792
2022-01-27,-0.014919740655695658,-0.01377869675552295
2022-01-28,-0.0024399092560320867,-0.001418122191693262
2022-01-31,0.0001702656538385,0.001433925081427024
2022-02-01,-0.011127376670042268,-0.008930219835789156
2022-02-02,0.007733087974216998,0.008230295021262327
2022-02-03,0.003694522523726687,0.00301039415179184
2022-02-04,-0.005317700032486274,-0.0056792256147041795
2022-02-07,-0.012213248205048675,-0.011707367135019908
2022-02-08,-0.008202157522877581,-0.008254815004590403
2022-02-09,0.018188965102889323,0.016399749137693723
2022-02-10,-0.007220168085049961,-0.006095765547359204
2022-02-11,0.0034060224975702587,0.0029038874660973135
2022-02-14,-0.009953117555554685,-0.011307244190856195
2022-02-15,0.004364562373251017,0.005245687337117557
2022-02-16,0.01248374271421435,0.011253117734256171
2022-02-17,0.0012509074666743603,0.0013226782630135958
2022-02-18,-0.0036825633057779045,-0.0029591450003918327
2022-02-21,-0.004470062831331822,-0.005133238057229918
2022-02-22,0.0021479082499906055,1.5341467789536586e-05
2022-02-23,0.00019870524041814614,0.000451454886406104
2022-02-24,-0.023742397327680582,-0.026320508648842167
2022-02-25,0.00423985513926501,0.006610068861021374
2022-02-28,0.018805788816179867,0.01803146983531096
2022-03-02,-0.00395700512552948,-0.0054358731273535495
2022-03-03,0.002077559747697965,0.001130285974147594
2022-03-04,-0.009261858981411195,-0.010195403374870597
2022-03-07,-0.020414161620852495,-0.020275790465969095
2022-03-08,0.009205863798457356,0.008653633494938084
2022-03-09,0.0047549683552151655,0.006722987753067721
2022-03-10,0.01216961622478614,0.011601182840268197
2022-03-11,0.0010013414659400437,0.0011662712079765622
2022-03-14,0.004049156751367201,0.004014275019417758
2022-03-15,0.0027511068242478407,0.0017881233201003377
2022-03-16,0.00030774053331550973,0.002282719677871212
2022-03-17,-0.007911203835195954,-0.007000698605885763
2022-03-21,-0.0015805392151822298,-0.0009442175079277349
2022-03-22,-0.011290357121207802,-0.00898551514361425
2022-03-23,-0.014412682933956669,-0.013844553412471474
2022-03-24,-0.0059628616052199,-0.00494622094188212
2022-03-25,-0.012266094656388274,-0.01066072390597969
2022-03-28,0.006081724712709361,0.005611309279068456
2022-03-29,0.008995150447126316,0.007778940577688141
2022-03-30,0.012309349434207448,0.011669112255496602
2022-03-31,0.0020030995291819903,0.0014247711020793368
2022-04-01,0.005174975012343408,0.005750425690044563
2022-04-04,0.007321691608213069,0.008065769588082649
2022-04-05,0.014093695694531515,0.012752367454755342
2022-04-06,-0.0044605193721289505,-0.0035952242911800407
2022-04-07,0.007726548032861542,0.00666228022720908
2022-04-08,-0.005649213607637685,-0.0037299105153272842
2022-04-11,-0.006642544171913051,-0.005689084926860585
2022-04-12,-0.007035185180178923,-0.008071233036874487
2022-04-13,-0.0002538263831021743,-0.0009220733115102644
2022-04-18,-0.0030338407724162693,-0.003046364831837793
2022-04-19,-0.01566749936618643,-0.01366384554522888
2022-04-20,0.0043837754511856794,0.004909377320486305
2022-04-21,0.015274539659993622,0.014445398476854136
2022-04-22,0.00788592853978981,0.007689288959047303
2022-04-25,-0.005258432752683513,-0.0071763995799474884
2022-04-26,0.007978320626450059,0.007819037077026532
2022-04-27,-0.0010461116188565534,-0.0030044085579565578
2022-04-28,0.011480359186957686,0.01127818705018398
2022-04-29,-0.002670212715322281,-0.0029640964293563454
2022-05-02,0.005522522965846608,0.005502195684175419
2022-05-04,-0.013239680254808277,-0.013792640355269536
2022-05-05,-0.0011680087652323344,-0.0010189266156123383
2022-05-06,-0.009692674844353214,-0.009841922074604003
2022-05-09,-0.004794721339303391,-0.005379480563337542
2022-05-10,-0.003600808712789362,-0.0043491831085857476
2022-05-11,-0.004965152780493107,-0.005439610686103309
2022-05-12,-0.012372763259943222,-0.012022144295375908
2022-05-13,0.012110478000162269,0.010971334505309557
2022-05-16,-0.0003065035899608091,0.0011588274770978821
2022-05-17,0.016044304277429387,0.016022726985518543
2022-05-18,0.009163429341830452,0.009397002280691211
2022-05-19,-0.01466474692064193,-0.015109144407954394
2022-05-20,0.006061354067305769,0.006356092942483795
2022-05-23,-0.005296746520052101,-0.004327302949328555
2022-05-24,0.003212588233239918,0.002481333020593108
2022-05-25,-0.005696647834682856,-0.0065670764072773965
2022-05-26,0.0022346320004084964,0.0021324443831960875
2022-05-27,0.011535435897847356,0.011935198946197672
2022-05-30,0.002289385498709029,0.0022957954418143366
2022-05-31,0.007554802529360805,0.006061539591066625
2022-06-01,-0.00022225226165097046,-0.00021927143952975812
2022-06-02,1.9083242854419768e-05,0.00014063357610447785
2022-06-03,-0.014319322911806263,-0.01337867025793813
2022-06-06,-0.0027209389740008747,-0.0029338055280965997
2022-06-07,-0.014032252326242044,-0.012748370446566262
2022-06-08,-0.008431304334108523,-0.008094817017160088
2022-06-09,0.0043818119045421315,0.004173314118745273
2022-06-10,-0.002540435750046222,-0.003038055150662171
2022-06-13,-0.0065560313711506375,-0.006786695306060713
2022-06-14,0.004981892311615686,0.003978223135874369
2022-06-15,-0.002218040043854217,-0.0020827265558139747
2022-06-16,-0.006937456098758126,-0.008083207644286598
2022-06-17,-0.014109724011875166,-0.014999107223732076
2022-06-20,0.018352245148991905,0.017444390774494223
2022-06-21,-0.0004403109504366159,0.0001538853827715667
2022-06-22,-0.004665547704841507,-0.004672825929926397
2022-06-23,0.008336866451936747,0.008849464468645872
2022-06-24,0.0016172880223988837,0.0016184971419938867
2022-06-27,0.0058013945445096375,0.0058008888639909766
2022-06-28,-0.002900313415221814,-0.0022065022509983887
2022-06-29,0.0060749577664811595,0.005481977392251061
2022-06-30,0.010197530407887156,0.009520608798969021
2022-07-01,0.013835452718080734,0.01327350761854184
2022-07-04,0.01015088734143522,0.01020800823961066
2022-07-05,0.0006172855588218892,0.0010965021193230968
2022-07-06,0.008963796355724668,0.00905772950577527
2022-07-07,-0.004482169607868562,-0.0037330243814175804
2022-07-08,0.008608709969814323,0.007962803674573773
2022-07-11,-0.009355639309068374,-0.008392004277595712
2022-07-12,-0.00679499813650114,-0.006795258258253579
2022-07-13,0.010993300546445617,0.009983808872308786
2022-07-14,0.006218382086213345,0.0061821083467390155
2022-07-15,0.010734647790876548,0.010169385206926847
2022-07-18,0.0023029605956113313,0.0026707706454988218
2022-07-19,-0.0014952413815069246,-0.001472614951444311
2022-07-20,0.003800620897474555,0.003980404041122302
2022-07-21,0.010276041142097616,0.010220422522568658
2022-07-22,0.0012277126362446463,0.0014785073328428893
2022-07-25,-0.010543746379210536,-0.00960610602262969
2022-07-26,-0.009566269887297403,-0.009168338231648565
2022-07-27,0.0044624179023007105,0.003907506608618305
2022-07-28,0.0035825661793856206,0.0033117258267176914
2022-07-29,0.015659588816806007,0.01585131542610878
2022-08-01,0.01173539142533671,0.012328440867202917
2022-08-02,0.010837858668159955,0.011210643165434898
2022-08-03,0.006221165019801985,0.005080504291775489
2022-08-04,0.00731784884277448,0.0067838705676993025
2022-08-05,0.0053968721026922805,0.005633885844894186
2022-08-08,0.0031985247778834403,0.003510850955420243
2022-08-10,-0.009015031372931082,-0.008259330053072072
2022-08-11,-0.008230639498202607,-0.007547764247162523
2022-08-12,0.001725119918742773,0.001620869391582432
2022-08-16,0.004658966548355301,0.0038626057751458124
2022-08-17,0.0007291063352050254,0.001050389229582719
2022-08-18,-0.00011176098536537992,0.00011597095467043024
2022-08-19,-0.0030208775533465816,-0.003408372395441914
2022-08-22,-0.004158567527973585,-0.004608897831963515
2022-08-23,-0.0007884161289470129,0.0006948946981548756
2022-08-24,0.005150843933709963,0.005336748875300728
2022-08-25,-0.006424925510565792,-0.006201165194933232
2022-08-26,-0.004321962768038745,-0.003458238916684943
2022-08-29,-0.005389777636156727,-0.005867114494677425
2022-08-30,0.0037121321917962854,0.00389560047350169
2022-09-01,-0.009190468551350231,-0.008540716876476723
2022-09-02,-0.004634012722150217,-0.004240626848111867
2022-09-05,0.002157917930238064,0.0020147063202450785
2022-09-06,0.003146911093733744,0.003067665777722858
2022-09-07,-0.0005698965552668584,1.4588323603714412e-05
2022-09-08,-0.0032194646594657936,-0.0023680856522666003
2022-09-09,0.0026629248272610267,0.0023101309641721996
2022-09-12,-0.000741868506243649,-0.00036235154393920007
2022-09-13,0.004491548068300607,0.004395647753293738
2022-09-14,-0.006823587988538235,-0.005677880151292545
2022-09-15,0.000546352559340798,0.0008360992624126934
2022-09-16,-0.030228754461124774,-0.029252716115722735
2022-09-19,0.00583034503944345,0.0050799691378569135
2022-09-20,0.017874070145140912,0.017946688206573337
2022-09-21,0.006639594316625871,0.00560419083110453
2022-09-22,-0.0002074343848351692,-0.000169555673888959
2022-09-23,-0.00462717460899397,-0.004530091052778716
2022-09-26,-0.0020205046943817103,-0.0028191280733752965
2022-09-27,0.0015831134050785993,0.0013118999410176935
2022-09-28,-0.0020762270286299985,-0.0015118526001640913
2022-09-29,0.013729662007498367,0.01254529620001892
2022-09-30,0.014058568292890112,0.013448893345239164
2022-10-03,-0.00884565014698687,-0.0073089908065841775
2022-10-04,0.005686696540254867,0.005591280203035599
2022-10-06,-0.006776685597078684,-0.0073735556870135055
2022-10-07,-0.0006083297032496458,-0.0013459886326773677
2022-10-10,0.0003305775335107245,-0.0005672455380950523
2022-10-11,-0.008190780453993178,-0.008144201804805816
2022-10-12,0.00684652008241145,0.006402778063822571
2022-10-13,0.0019059603616904555,0.0007139497302875919
2022-10-14,0.0057261843453067385,0.004868970399603374
2022-10-17,0.005697224757499231,0.005606880653141506
2022-10-18,0.006730287245778068,0.006371429730538568
2022-10-19,-0.0036322067104441413,-0.00307574099289199
2022-10-20,0.0016987196187958837,0.0012996654062949753
2022-10-21,-0.004401122309622623,-0.003947737612330537
2022-10-24,0.0012131562544447252,0.001517786297218955
2022-10-25,0.0053799716047544105,0.005423733788144666
2022-10-27,0.008899048443476915,0.00799785148505267
2022-10-28,-0.00036188380940528614,-0.0007197538612547819
2022-10-31,0.007030350644317059,0.007245545212535575
2022-11-01,0.0074898432485950425,0.007609509619686847
2022-11-02,-0.006125962984542332,-0.005529363236161008
2022-11-03,0.005271939884602743,0.004256574256567489
2022-11-04,-0.007059012788309905,-0.0056488978107040915
2022-11-07,-0.008691967199527046,-0.007291040101553467
2022-11-09,-0.004416442249184385,-0.004515188326408679
2022-11-10,0.007114672242365084,0.005453795026873714
2022-11-11,-0.0023007060331020034,-0.0028297891624822808
2022-11-14,-0.00023864185337194228,-0.0007449191644365724
2022-11-15,0.007666915747921076,0.007683862877476476
2022-11-16,0.005227638576325365,0.004513830614997405
2022-11-17,0.00023924247242571267,6.782283434569728e-05
2022-11-18,0.0008622194732206935,0.0006104352876351791
2022-11-21,0.00937131214289105,0.009281060770664287
2022-11-22,0.011969019256591234,0.011410615722213874
2022-11-23,-0.0029197368176876147,-0.0028326202495367707
2022-11-24,0.008826409732932583,0.00873759049684409
2022-11-25,-0.002548026570524378,-0.002687405906329443
2022-11-28,0.01265521775364149,0.012559194830243219
2022-11-29,-0.001198024252383721,-0.00035430677713687577
2022-11-30,0.00422528164345779,0.004058340152928466
2022-12-01,0.0033647591779483914,0.003497006207001582
2022-12-02,-0.0015117391170900315,-0.0011369468655095328
2022-12-05,-0.008190395021831972,-0.008523251063802827
2022-12-06,-0.00712748384929267,-0.006469445316616157
2022-12-07,0.008662655648419624,0.008319332072983077
2022-12-08,0.004647835980610572,0.004352881769286991
2022-12-09,0.0017422591728025237,0.0009110724866865118
2022-12-12,-0.0010944139753232044,-0.0007035516723458576
2022-12-13,0.008001794172126792,0.008085915584098175
2022-12-14,-0.0023792407669915687,-0.001473791142599079
2022-12-15,-0.005698291274661904,-0.00508060569808903
2022-12-16,0.004360812241042128,0.003736946670482872
2022-12-19,0.00452456237074819,0.004270669812832095
2022-12-20,-0.003962229591093306,-0.004147051845628363
2022-12-21,-0.001632381549918717,-0.0009035823938887857
2022-12-22,0.002672895986197657,0.002372556239541491
2022-12-23,-0.0034966404937181368,-0.004680550700749635
2022-12-26,-0.005103922919988737,-0.004047527644220872
2022-12-27,0.00010168437592441096,0.0004785377275033975
2022-12-28,0.004591499418752317,0.003994553192634974
2022-12-29,0.0009249028091819328,0.0004431734176540314
2022-12-30,-0.0018779079277966382,-0.0012601735972532259
2023-01-02,-0.0028769415990383355,-0.002963113240311405
2023-01-03,0.0026309908761918918,0.0029749034004044436
2023-01-04,0.004599159833433391,0.0040744172274432815
2023-01-05,0.011905277126070458,0.011552181627436823
2023-01-06,-0.0022173436562929814,-0.002394753858220332
2023-01-09,-0.0031050670037788873,-0.002476462992746031
2023-01-10,-0.0031219136893871433,-0.002802963292508254
2023-01-11,-0.005316901304261098,-0.004534288640552498
2023-01-12,-0.004744222226736687,-0.004185753044253737
2023-01-13,-0.0028277594377072645,-0.003303961769859104
2023-01-16,0.0012714963840219323,0.001300705150313378
2023-01-17,0.0012902684646572075,0.0011850321474136734
2023-01-18,-0.0011783332520799489,-0.00043328399229220307
2023-01-19,-0.005908161650316908,-0.00571617764090597
2023-01-20,-0.00476246046134478,-0.00453513530069682
2023-01-23,-0.00400765639953133,-0.004010659797667856
2023-01-24,-0.00037918479182139325,-0.0007756271161690844
2023-01-25,0.0058668776603213995,0.00500780151667443
2023-01-27,0.005698850964545259,0.006151262962890277
2023-01-30,-0.0014909794854094437,-0.0015503182517141905
2023-01-31,0.00304645995981781,0.0036073327390633322
2023-02-01,0.016655156647551638,0.015375136189733853
2023-02-02,0.010975477670071655,0.010094590162042158
2023-02-03,0.0012527818113409436,0.0014352699629391905
2023-02-06,-0.005082463171829524,-0.0045888419777662896
2023-02-07,0.0008239992074670953,0.00043673889137227405
2023-02-08,-0.0053999432872161674,-0.004152724292793598
2023-02-09,-0.0010028386464865937,-0.0016877727568800729
2023-02-10,0.000518968330308005,0.000794251637367703
2023-02-13,-0.0132565278995853,-0.012414629253698139
2023-02-14,-0.001375211428551455,-0.0010122509567981719
2023-02-15,-0.0005203987294211481,-0.00013394344567372587
2023-02-16,0.0034594223688157386,0.003169425424810488
2023-02-17,-0.00019690055830922553,-0.0002351000673130885
2023-02-20,-0.004691548213774486,-0.0037847084325006546
2023-02-21,0.0003251412991097818,0.00019414828865322708
2023-02-22,-0.00047581474094668505,-0.0009184019623953796
2023-02-23,0.0011030923052207935,0.0013008050668816547
2023-02-24,0.00038517093801149617,7.553138373377587e-05
2023-02-27,0.003916950050122414,0.0037076787573221965
2023-02-28,-0.006514763102095743,-0.006239170842347579
2023-03-01,-0.0002795101692367114,-3.331862108187371e-05
2023-03-02,-0.0063771117319874,-0.006230562133427365
2023-03-03,0.0001029353080653191,0.00028204282042862904
2023-03-06,0.007644770936483396,0.006986891274364106
2023-03-08,-0.010941285537000049,-0.009862927821327246
2023-03-09,-0.001750573471790025,-0.0020748643046902635
2023-03-10,-0.0019548066102251793,-0.001708825989857242
2023-03-13,-0.009194326558245803,-0.009198351617751668
2023-03-14,-0.005368541286126698,-0.0052035173243856194
2023-03-15,0.0007235779247488332,0.0005261121038318265
2023-03-16,-0.0047352113218742855,-0.00478648498790521
2023-03-17,-0.004626255378475728,-0.00405011197949678
2023-03-20,0.003216575656623079,0.002994270228443053
2023-03-21,0.004153446640068012,0.004484940849957294
2023-03-22,0.005250940891693573,0.004912711527196332
2023-03-23,-0.003635222567365481,-0.003258756833181909
2023-03-24,0.0026418890274457546,0.002599616920075134
2023-03-27,-0.00017087671870851212,0.0003192415162251161
2023-03-28,0.00412654955003112,0.003872009580193125
2023-03-29,-0.0019440945763532474,-0.001190546330054425
2023-03-31,0.008432818400569805,0.00831522411117672
2023-04-03,0.001826977072198418,0.0018950425625110484
2023-04-05,0.005260062394630486,0.00467059495890441
2023-04-06,-0.005306629905908407,-0.005333100463827453
2023-04-10,-0.0027930978994762812,-0.001788219460406586
2023-04-11,-5.557795409171754e-05,-0.0002024977386502506
2023-04-12,0.005873229658971226,0.005477405656591204
2023-04-13,-0.00581044930671455,-0.005549983123475808
2023-04-17,-0.004207848553786669,-0.003458136838374983
2023-04-18,0.0015092956746610938,0.0017110003468258387
2023-04-19,2.6561578934636726e-05,-0.0004263196778421174
2023-04-20,0.0040376327637760695,0.003501877686022403
2023-04-21,0.0040751910856849675,0.003982248030566755
2023-04-24,-0.0003897649828881558,2.3551162504820708e-05
2023-04-25,-0.0029884526151513955,-0.0027422870496045166
2023-04-26,0.009998957881444953,0.009815675376354291
2023-04-27,0.004989677858345949,0.005060544917337532
2023-04-28,0.008632321727442747,0.008430653074437869
2023-05-02,-0.0011850936717178815,-0.0015574245453532896
2023-05-03,0.0011514403551705897,0.0008280548723530773
2023-05-04,0.00376663919496578,0.0032349515318623096
2023-05-05,0.00020676835554967268,0.000713836241346524
2023-05-08,0.001290036698027297,0.002069552388103496
2023-05-09,-0.0048164132292546815,-0.004415412105033005
2023-05-10,0.005345698863834772,0.005452071510187356
2023-05-11,0.009377022449086643,0.00953978490605286
2023-05-12,-0.006125002325351821,-0.005956239101062957
2023-05-15,0.0035179371283388617,0.0034725274320871373
2023-05-16,-0.0025933859653421683,-0.0027729755412350793
2023-05-17,-0.003463509441884607,-0.003296023227657034
2023-05-18,0.0018319592799288158,0.0016213387207459687
2023-05-19,-0.0030769896056853747,-0.0031831118926121046
2023-05-22,0.010149073266846897,0.009026753860725665
2023-05-23,0.0014715168458292204,0.001603258999060094
2023-05-24,-0.002078209632126359,-0.002026822572296573
2023-05-25,0.003607450262227582,0.0035766935681951053
2023-05-26,0.011973782400124647,0.012278355123761756
2023-05-29,0.003136370529672567,0.0034304532290649536
2023-05-30,0.004440786341110867,0.004122126574023025
2023-05-31,0.001087353055876968,0.0008613002660677646
2023-06-01,-0.0037893866201829944,-0.003341090011028272
2023-06-02,0.0013160243746538106,0.0012557388593064946
2023-06-05,-0.0030855539696570573,-0.0022352144505921987
2023-06-06,0.002332971893268411,0.0019091519133736159
2023-06-07,0.007901351934679947,0.007932554196259583
2023-06-08,-0.007264268430478487,-0.006674119062900329
2023-06-09,-0.0026835213986861513,-0.002249875172452561
2023-06-12,0.0069486843057260635,0.006588118277886468
2023-06-13,0.014022026178230767,0.0129721804767095
2023-06-14,0.001834767539300745,0.0016126711012170798
2023-06-15,-0.002772749173743401,-0.0024462889113762674
2023-06-16,0.012442451806715358,0.011815285315991445
2023-06-19,0.003994221806838156,0.004031148803152942
2023-06-20,0.0037261688949207414,0.003929195722391243
2023-06-21,0.0011118591894725535,0.0020846392175443242
2023-06-22,-0.0011463554008879862,-0.0014316703204305845
2023-06-23,0.0001208874536877141,0.0003444232909572288
2023-06-26,0.005292362231727204,0.00591650630267528
2023-06-27,-0.0009405315643605365,-0.0007518387166305636
2023-06-28,0.006814500194439212,0.006472776790700379
2023-06-30,-0.002791370827376285,-0.001527879021236475
2023-07-03,-0.005733289983239549,-0.005849836158317898
2023-07-04,0.005660490300088939,0.005103143807930446
2023-07-05,0.007716777880329043,0.006901896853789758
2023-07-06,0.006398794134007205,0.006820441955095261
2023-07-07,-0.0034975755810829918,-0.004297903068427471
2023-07-10,-0.0040384122390721595,-0.004020368909256554
2023-07-11,0.013501482558581052,0.01307271209919769
2023-07-12,0.0062926751568555,0.006263045742268237
2023-07-13,-0.0037091499944564114,-0.0034681110453481474
2023-07-14,0.00811282712184011,0.008175203303151937
2023-07-17,0.0025505199659640984,0.0022950943158484885
2023-07-18,0.0028508404407887817,0.002980201573706993
2023-07-19,0.006292450678693866,0.005928397567233817
2023-07-20,0.0034545350646214773,0.002771168607307758
2023-07-21,0.008331426352500839,0.007123167408156286
2023-07-24,-0.0037165705398931595,-0.003615919271697347
2023-07-25,-0.0004370460006339888,-0.0002946684709775456
2023-07-26,0.0022020885889126735,0.0019029664238758561
2023-07-27,0.008569055112098628,0.008040504532135194
2023-07-28,0.005838403626101789,0.004718182607526018
2023-07-31,0.0014275547647986033,0.0019119288149895548
2023-08-01,0.010889742750855486,0.010167063046767094
2023-08-02,-0.014479145338452274,-0.013883312058225235
2023-08-03,0.0015983273039067328,0.0008825086384223265
2023-08-04,0.00565150129605868,0.005180642168630557
2023-08-07,-0.0008398916737040616,-0.0006335832016722174
2023-08-08,0.0005361073229901007,0.0007655954862760812
2023-08-09,0.010550420794420054,0.00964057036526
2023-08-10,-0.004694486719001495,-0.005181761444907017
2023-08-11,-0.0021701812579957335,-0.0018151004963273473
2023-08-14,-0.0015983262624023268,-0.001826043421401502
2023-08-16,0.0031727898383494746,0.0034635828603954326
2023-08-17,-0.004892095164846909,-0.0035842708808686416
2023-08-18,0.006501554027776623,0.0064164133070714925
2023-08-21,0.0023163174871770296,0.002351403433659328
2023-08-22,-0.0029997768770343757,-0.002795069646732361
2023-08-23,0.002835212188581842,0.003057968722892969
2023-08-24,-0.011240954410979893,-0.010736600523020435
2023-08-25,-0.0004010230929440586,-0.0010593968083929188
2023-08-28,-0.00011049294480915172,-0.00013209914412575332
2023-08-29,-0.00098167257332872,-0.0006531377286045587
2023-08-30,-0.00309330011078256,-0.002646831465157053
2023-08-31,-0.004014733760262607,-0.003614204126773683
2023-09-01,0.009820575588122424,0.009153440023046515
2023-09-04,-0.0002421642782674495,-0.00018242712443934168
2023-09-05,0.012477680917516318,0.012065416409843356
2023-09-06,0.01186081603871357,0.010969749313992016
2023-09-07,0.010215654608489144,0.010156313625629227
2023-09-08,0.0009463068378209518,0.000827289559249811
2023-09-11,0.008347189542747203,0.007658151183263984
2023-09-12,-0.009076080211877991,-0.008503048093133615
2023-09-13,0.0064467559737845,0.006136873812890283
2023-09-14,0.0027968858274630176,0.002701435961688193
2023-09-15,0.0019637839823999814,0.002412932094043607
2023-09-18,0.0030916582763319857,0.0029826786974028333
2023-09-20,-0.00886567742728286,-0.00824211856578711
2023-09-21,-0.008687098955982353,-0.008393597148080578
2023-09-22,-0.006061051203376822,-0.005852164184743245
2023-09-25,-0.00318102377017211,-0.0025622901737748366
2023-09-26,0.0008959775395727989,0.0007938436924917001
2023-09-27,-0.0038629277623505476,-0.003292314410675445
2023-09-28,-0.010076090563787016,-0.00953775833245322
2023-09-29,0.01024290368226802,0.0097882207449123
2023-10-03,-0.002991633078255662,-0.0025821523291669514
2023-10-04,-0.005362584301015291,-0.00512566137585599
2023-10-05,-0.0012872508406707806,-0.0015163935884127057
2023-10-06,-0.012681962740658874,-0.011815530559301294
2023-10-09,-0.0020976886877026634,-0.00223646051274057
2023-10-10,0.004038795461091663,0.0038745050747464697
2023-10-11,0.0057545541510211785,0.005694016517458568
2023-10-12,0.007089463896444321,0.0069418617440533195
2023-10-13,0.00011049310649499221,-0.00038830825995421427
2023-10-16,-0.0010232482858726127,-0.001519157568496613
2023-10-17,0.0035901827994524148,0.003339879561539833
2023-10-18,0.0006020879982238023,0.0003736253835354682
2023-10-19,0.0046225748218890195,0.0036963936084764733
2023-10-20,0.0002489775516180034,-0.00020907899573288944
2023-10-23,-0.012966261531218257,-0.012385096179430757
2023-10-25,-0.005749271643829558,-0.00633222011928428
2023-10-26,-0.015839429835673907,-0.015554498932705614
2023-10-27,0.010432701714665414,0.01128418157270199
2023-10-30,-0.0038550352794304212,-0.003777321275793325
2023-10-31,-0.002667045540349496,-0.002172623090346467
2023-11-01,-0.0020481812666160856,-0.002393891330457846
2023-11-02,0.007885446866775109,0.007563165537699124
2023-11-03,0.0022024321362236494,0.0029258955731968654
2023-11-06,0.012396391463878121,0.011678827048068469
2023-11-07,0.009469604081648738,0.008932867616350147
2023-11-08,0.004988160363162024,0.004745195357645622
2023-11-09,-0.0027930851984996766,-0.0028263072375541757
2023-11-10,0.001099864212732464,0.0011983117890906005
2023-11-13,-0.0007752740578994674,-0.0005938944995252571
2023-11-15,0.005660659537121522,0.005482121695447123
2023-11-16,0.005054510505798928,0.005039939574052167
2023-11-17,0.004647707345742725,0.005097948717568716
2023-11-20,0.009479276733532676,0.008694173828549106
2023-11-21,0.0011480307541996406,0.001507560408640583
2023-11-22,0.00032139013749082543,0.0007845993366353129
2023-11-23,0.0065604817430225245,0.0065949814971243996
2023-11-24,0.008496092123245808,0.007793528943102819
2023-11-28,-0.004742997603657197,-0.004580398857004862
2023-11-29,0.0026773646132445543,0.003026146531818629
2023-11-30,0.011750679370094122,0.011617940548874736
2023-12-01,0.007120049984443241,0.0072687596029379345
2023-12-04,0.00712765145277629,0.006981235086003726
2023-12-05,-0.0006552867067544047,-0.0005865167815978763
2023-12-06,-0.004894689976228878,-0.0048802187520753946
2023-12-07,-0.00486148137510629,-0.004337668879908873
2023-12-08,-0.004085528661763012,-0.004190972789096191
2023-12-11,0.0030811742143233016,0.0030694816151655914
2023-12-12,-0.007617176444333507,-0.007525077879312173
2023-12-13,-0.0002493801247311688,0.0001893820180893279
2023-12-14,0.002192459699551192,0.0030277690694937185
2023-12-15,0.0010362419933212588,0.0009265935807459011
2023-12-18,0.0001204956641723724,0.0003781769019334554
2023-12-19,0.009901560064929222,0.009422088707116747
2023-12-20,-0.012251849853306112,-0.012684241020637496
2023-12-21,0.004400465250428029,0.004477397063962857
2023-12-22,0.01004961469217389,0.010514717881161276
2023-12-26,0.009856457726236617,0.009591342430129476
2023-12-27,-0.0007650521271239905,-0.00024691982795273335
2023-12-28,0.01353075749833822,0.012826316803568796
2023-12-29,0.0019466728624574201,0.002548293146196686
2024-01-01,0.01217825404364293,0.01109178372701825
2024-01-02,0.005860181844613736,0.005735881575967708
2024-01-03,-0.0016001207649145876,-0.0021234229517284116
2024-01-04,-0.00936298006635507,-0.008297900507348056
2024-01-05,-0.0008266177887891711,-0.0005083781473705806
2024-01-08,-0.010169849537423356,-0.010232730093418348
2024-01-09,0.0006392769192061902,0.00038202107970262945
2024-01-10,-0.010907710601022268,-0.010230253287557202
2024-01-11,0.0028082928561548133,0.003404663614105906
2024-01-12,0.010772938019418855,0.010500956469096925
2024-01-15,0.011173818837138777,0.01086667751923738
2024-01-16,-0.00041256664980194495,-0.0007956278609245341
2024-01-17,-0.008832551058598325,-0.009127871381363003
2024-01-18,-0.0017200456905372618,-0.0017737236777882008
2024-01-19,0.010395973716549524,0.00967909312662952
2024-01-23,-0.015037558397956955,-0.016007749021211232
2024-01-24,0.0024639523682883128,0.0029785156500667853
2024-01-25,-0.025241473690481245,-0.023992927741786345
2024-01-29,0.012844892017137956,0.012420208943076804
2024-01-30,-0.010724158564637558,-0.009865140283458872
2024-01-31,0.010130416564734498,0.010356274235216307
2024-02-01,-0.005034344259685267,-0.0055536193387339
2024-02-02,0.02207779920772891,0.01981041926773449
2024-02-05,0.0009229648137278642,4.036649632227886e-05
2024-02-06,0.004380535650212922,0.005516094823297137
2024-02-07,0.011782699468866936,0.011026598168908655
2024-02-08,-0.009042514412725829,-0.009211875226078706
2024-02-09,0.00014137459355444961,-0.00017305971725366
2024-02-12,0.0005829071402895023,0.000325178946482455
2024-02-13,0.0015031929587490723,0.001776343820050009
2024-02-14,-0.0003996569426879768,0.0004708211365649765
2024-02-15,0.010927569823795636,0.011056002680101444
2024-02-16,0.00990485261930913,0.011639515272668625
2024-02-19,0.010549838064952051,0.009732701903814043
2024-02-20,-0.006496727116192782,-0.0061941262081448055
2024-02-21,-0.009412837567331975,-0.009406107099181764
2024-02-22,0.0003378375453327404,0.0003690039159221746
2024-02-23,-0.008877001405711214,-0.007940645713131314
2024-02-26,-0.010788313635531665,-0.010254319102604475
2024-02-27,0.008281945826331157,0.007503063181303739
2024-02-28,-0.0031881703389231315,-0.0035135502225747653
2024-02-29,0.00022935551444822267,0.0010356140671885373
2024-03-01,0.007703841509193411,0.0075714342879755064
2024-03-04,-0.0011104887415262121,-0.001161803191525051
2024-03-05,0.00048725902730943616,9.203461749714733e-05
2024-03-06,0.009546354552462442,0.008166941942925759
2024-03-07,-0.002614109789210104,-0.001962622520001617
2024-03-11,-0.003788007280962764,-0.004051126843322155
2024-03-12,-0.002327748229514106,-0.003009959321718728
2024-03-13,-0.016149631820616826,-0.01683159316372657
2024-03-14,0.01662962684883528,0.016564471392043752
2024-03-15,0.002081392162878128,0.0024019011259291054
2024-03-18,0.004322838407436645,0.005190192021998937
2024-03-19,-0.009873376793562056,-0.009869730476672122
2024-03-20,0.0013634807402204995,0.0011644908377689478
2024-03-21,0.010317183218391222,0.009733369564469675
2024-03-22,-0.0005959763524236925,-0.00018715900815163833
2024-03-26,0.0011478424961588797,0.001043155632717268
2024-03-27,-0.001227439133141151,-0.0013363349264170128
2024-03-28,0.012276739553156682,0.01132691449962413
2024-04-01,0.0058722614814530295,0.006708517165145262
2024-04-02,0.0033876497847438723,0.0032590625368723557
2024-04-03,0.009488328330155294,0.008961545482925149
2024-04-04,-0.00023537313856810142,-0.0005613250626499105
2024-04-05,-0.007470075584243996,-0.006567077065106097
2024-04-08,-0.0020013635438069196,-0.0009158130002704122
2024-04-09,-0.007061719569857716,-0.006080221397677055
2024-04-10,0.006186050471484375,0.005978367715561112
2024-04-12,-0.008967600055883694,-0.008804241597395734
2024-04-15,-0.0031158906077390783,-0.004008683026653213
2024-04-16,0.0054025429620553405,0.0049616220902023375
2024-04-18,0.0033325189605138386,0.003029680029082088
2024-04-19,0.0005200725602809765,0.0010466613536069945
2024-04-22,0.007005005205704484,0.007602602097154016
2024-04-23,-0.002123372226363396,-0.0021372053832281013
2024-04-24,0.0026074439904701725,0.0031444181408347704
2024-04-25,0.00024231243926496658,0.001771232401397739
2024-04-26,-0.0035769520604563418,-0.002572099860729104
2024-04-29,0.010180556217218568,0.009365481588124879
2024-04-30,0.00027063237282457084,0.0007023088313050875
2024-05-02,-0.001219493194941654,-0.0016528467799460822
2024-05-03,0.0038710008905227466,0.0030434206792284988
2024-05-06,0.0036643838959619242,0.002363659899267742
2024-05-07,0.000859445145206162,0.0005717432443818588
2024-05-08,0.0036592895657853305,0.002670271841474939
2024-05-09,-0.012279291841487691,-0.011972099988216524
2024-05-10,0.00886782640232945,0.009278946393687043
2024-05-13,0.003005534257381013,0.003002767163010059
2024-05-14,0.003321032221119108,0.004027267627723066
2024-05-15,0.003720895113386142,0.0035045191454265807
2024-05-16,0.010865248747261965,0.011296356642537878
2024-05-17,0.004211921348484423,0.004627918194721714
2024-05-21,0.00551973239625727,0.004329983427954349
2024-05-22,0.003968695143505554,0.0031290451474474145
2024-05-23,0.0015796663478310675,0.002005117880461167
2024-05-24,0.009232084735763427,0.008912989715404539
2024-05-27,0.007797288651531031,0.007204860674035749
2024-05-28,0.0026822901927210574,0.002870385755450867
2024-05-29,-0.0042307688517628055,-0.004125708734289383
2024-05-30,0.000998267879713918,3.717688342515539e-05
2024-05-31,-0.0025793616022014043,-0.00241069872800129
2024-06-03,0.011715405375667759,0.012152706702518258
2024-06-04,-0.015911091879995596,-0.015539218501664558
2024-06-05,0.03574974749067134,0.03556441672090358
2024-06-06,-0.0010454365843179001,-0.0008305772957279732
2024-06-07,0.022876638235389348,0.023468549795195935
2024-06-10,0.013385000462753389,0.01266238418888167
2024-06-11,-0.0001914735817894451,0.0002651919497095726
2024-06-12,0.0028701532164209158,0.002567902706598498
2024-06-13,-0.0013166972066706664,-0.0004141903428896228
2024-06-14,9.87030306431806e-05,0.0007087684466976002
2024-06-18,-0.005668111241081534,-0.00417794984438654
2024-06-19,-0.009168991147852894,-0.009657073021655086
2024-06-20,-0.005652838138102847,-0.004962427943286231
2024-06-21,0.0023176109372863006,0.0023163233210250263
2024-06-24,0.012182975096229051,0.011308206660725637
2024-06-25,-0.004729492582458466,-0.0032782000692651095
2024-06-26,-0.00016328945402793884,-0.0003626063641086265
2024-06-27,0.0033509418676116376,0.0023432952956858235
2024-06-28,0.005798582913440551,0.005757570499675789
2024-07-01,0.011519601352009592,0.011893560001681621
2024-07-02,-0.009393758513123232,-0.008967262253852377
2024-07-03,0.0007008212141176303,0.000951954648389053
2024-07-04,0.01142535420557711,0.009871963505538059
2024-07-05,0.008522943786463925,0.008734701618539906
2024-07-08,-0.002342918710984217,-0.002408352026174232
2024-07-09,0.016225802108986092,0.01628755549945589
2024-07-10,-0.005128509392718818,-0.005301036146627036
2024-07-11,-0.0013706305240222699,-0.0019860922231528222
2024-07-12,-0.005214972575870553,-0.003920337874287112
2024-07-15,0.005281091316736101,0.005939872146336096
2024-07-16,0.009708077201344284,0.008921314755669736
2024-07-18,-0.008938317976107368,-0.00801162733290244
2024-07-19,-0.01232400753804399,-0.013983131619400761
2024-07-22,0.0010323466157017304,0.002658961864362591
2024-07-23,0.010311647262918833,0.009526260892646287
2024-07-24,0.0021489658894937513,0.0029031970550183806
2024-07-25,0.011363133851825481,0.011503509611455912
2024-07-26,0.010135036797523575,0.010903338092101839
2024-07-29,-0.002762939039667007,-0.0015662353532089326
2024-07-30,0.0014312241493275066,0.0010039271925641104
2024-07-31,0.01540104657283644,0.014593569629422685
2024-08-01,0.0008646353385453971,0.0006576987150859505
2024-08-02,-0.003870680226492688,-0.00444597024128289
2024-08-05,-0.014425252836644387,-0.01582302228992747
2024-08-06,-0.0019219240240167434,-0.0012322779670965595
2024-08-07,0.012962869713357902,0.01390859036883429
2024-08-08,-0.004926305702335394,-0.004614735747294024
2024-08-09,-0.0010245142607356722,0.00020202352689415625
2024-08-12,0.0002594852994734562,8.768401120011455e-05
2024-08-13,0.00623678816724452,0.005848803169752268
2024-08-14,-0.0031111231564951965,-0.0021708998361466376
2024-08-16,0.018612634605683163,0.01959720760247582
2024-08-19,0.0071162614069362855,0.005583085677222727
2024-08-20,0.0035354162479191557,0.0028676883429578272
2024-08-21,0.004962236232165686,0.005354398168980779
2024-08-22,0.007548451958654531,0.00767135615722216
2024-08-23,-0.0020212167295775457,-0.0016274548782354795
2024-08-26,0.002725177701684799,0.003195093741555077
2024-08-27,0.0028568043195247297,0.0030433431461426184
2024-08-28,0.0021835163772177626,0.002120257149151574
2024-08-29,-0.0047519669404345105,-0.004697063732391413
2024-08-30,0.0037098139702176573,0.004519544824083868
2024-09-02,0.00045249488161390027,-9.222028820773645e-05
2024-09-03,0.003384951457964885,0.0033226472277831545
2024-09-04,0.01411514031535922,0.012996883257543605
2024-09-05,-0.0026913355260549097,-0.0031338284399651238
2024-09-06,0.0032428250615650794,0.002547730142433647
2024-09-09,0.0038415399379049093,0.003500149569202811
2024-09-10,0.007173292340181492,0.007169511846446453
2024-09-11,0.005015611800950143,0.004473815880952913
2024-09-12,0.009167322194670355,0.009528797910213053
2024-09-13,-0.0059864050456370195,-0.0047579315761135865
2024-09-16,0.005286212389587796,0.004530294499232167
2024-09-17,0.008349256600305272,0.007051893580556845
2024-09-18,-0.015574719364539918,-0.014927436456212499
2024-09-19,0.0074966022403793065,0.005945140641918293
2024-09-20,-0.0078246876961483,-0.0063949713748277645
2024-09-23,0.0013772142193913082,0.0016378118490853772
2024-09-24,-0.0007384227224349506,-0.0003142707483345916
2024-09-25,-0.0026244206089978423,-0.0023628497066150193
2024-09-26,0.007200439860209051,0.00698868721700392
2024-09-27,0.008049599061388364,0.007235671610472039
2024-09-30,-0.0008025938346323169,-0.0010068746610022354
2024-10-01,0.0017877648001031897,0.0025634496763688886
2024-10-03,-0.026140640708476694,-0.02395369872433529
2024-10-04,-0.013696752695051415,-0.01403800723710843
2024-10-07,-0.0031585143462689105,-0.0034311891164978867
2024-10-08,0.005013802958933578,0.006408000787421739
2024-10-09,0.007295065126786609,0.008462873496528198
2024-10-10,-0.0029615402998915087,-0.0030721307210375857
2024-10-11,0.008110864086192512,0.00823839657463323
2024-10-14,0.0012908769785371207,0.001016899384962389
2024-10-15,0.004818485938061541,0.0043901213526747395
2024-10-16,-0.002062139905947668,-0.0027594904738714125
2024-10-17,-0.011084503529947467,-0.011099049530112747
2024-10-18,-0.004056259866919775,-0.0030994443858334804
2024-10-21,-0.0058112966806939045,-0.007097243912983923
2024-10-22,-0.011127402659601417,-0.011684584525255155
2024-10-23,-0.010603145745267072,-0.010008571600604234
2024-10-24,-0.0021002140968145117,-0.0017866737095107192
2024-10-25,-0.007652489617435483,-0.007152138165982766
2024-10-28,0.0003987644253647045,0.0003571459844642228
2024-10-29,-0.0031204967070470485,-0.002899237273199522
2024-10-30,0.003428011083470943,0.0041199944758722185
2024-10-31,0.00594812843701007,0.006958190227247637
2024-11-01,0.005265779759275858,0.0055409348043446585
2024-11-04,-0.007617054115038911,-0.007836760430616135
2024-11-05,-0.005988375972775209,-0.0045283300608314194
2024-11-06,0.010071216798395096,0.01022233423242617
2024-11-07,-0.004141296327539186,-0.005096124436970721
2024-11-08,-0.007551424605849714,-0.006427110572680859
2024-11-11,-0.009225900423187178,-0.008010160901668137
2024-11-12,-0.012562066067467145,-0.012222688150161793
2024-11-13,-0.0144753917202252,-0.015239421342202054
2024-11-14,-0.00010321798214475677,0.0005295067138398737
2024-11-18,-0.010841050456662935,-0.010093527775384975
2024-11-19,0.0014557438320045575,0.0018856779122199499
2024-11-21,-0.0008923967412860811,-0.0015950225436137718
2024-11-22,0.01165224338747813,0.012485709054542521
2024-11-25,0.01087762098979316,0.011349369601643094
2024-11-26,-0.0007132859196002498,-0.0007414433038730673
2024-11-27,-0.004107096937204131,-0.003450457952636529
2024-11-28,-0.006360877674958995,-0.006945696240615546
2024-11-29,0.009587813754111621,0.009499591703962265
2024-12-02,-0.0018235073830079331,-0.0005070250007335906
2024-12-03,0.004749128932247527,0.005405891987619904
2024-12-04,0.007637620264198832,0.007365025931034935
2024-12-05,0.003657176842841297,0.003789710208680565
2024-12-06,0.001725280237461528,0.0015174010272685683
2024-12-09,-0.00516508370105501,-0.004719918588165567
2024-12-10,0.009689124365355755,0.00970856762068075
2024-12-11,0.004617995427343413,0.0038687754627073764
2024-12-12,-0.004798613331224876,-0.004989341657953852
2024-12-13,0.010323869559143821,0.008997639527736584
2024-12-16,-0.004133234292876725,-0.00382916612273709
2024-12-17,-0.010263540149315954,-0.010536099713985586
2024-12-18,0.001630381188913622,0.002117280455444297
2024-12-19,-0.0025443472243760652,-0.0024289899242385333
2024-12-20,-0.01022427345992621,-0.010679716914597985
2024-12-23,-0.0007408445943785899,-0.0016858022552515757
2024-12-24,-0.002998011367296133,-0.002111815942322946
2024-12-26,-0.00034893677193537933,-0.0008273566122725157
2024-12-27,0.0018440912694670981,0.002471832501199405
2024-12-30,0.007091589243780826,0.00742720355529721
2024-12-31,0.010780154921161926,0.009697180342365355
2025-01-01,0.012661043401584467,0.01015608011547952
2025-01-02,0.005144334644240821,0.006214779814552686
2025-01-03,-0.0006992438277883895,-0.001492473357975254
2025-01-06,-0.017579843386280436,-0.01655191976107199
2025-01-07,-0.000157838237796678,-2.5350356386204666e-05
2025-01-08,-0.012463451508839079,-0.01221401904872427
2025-01-09,-0.0021049009406494223,-0.0017257136590216834
2025-01-10,-0.009413163866397355,-0.009467924221931184
2025-01-13,-0.015963180895383924,-0.017278836366810952
2025-01-14,0.0007354813819951816,0.0011645664013674793
2025-01-15,-0.0017498079838032244,-0.002650697233574267
2025-01-16,0.005259347804272084,0.004367700767196755
2025-01-17,-0.004106656697999412,-0.0035298417441039613
2025-01-20,0.00915404940545848,0.009215079921587533
2025-01-21,-0.005592543674909903,-0.006302053552879945
2025-01-22,0.0093147109873158,0.008810929118097182
2025-01-23,0.00333367106328903,0.004745343202852367
2025-01-24,-0.00912148988042209,-0.010267597889513699
2025-01-27,-0.019808613517960365,-0.019758715749299067
2025-01-28,-0.011650486256615845,-0.010087037110578066
2025-01-29,0.01614877898940669,0.01736877444648697
2025-01-30,0.005555435573707773,0.005178936975435725
2025-01-31,0.005981651293184384,0.006379492598861683
2025-02-01,-0.0003645080707218699,0.0015407297943625024
2025-02-03,-0.005459114327893755,-0.003886060100100918
2025-02-04,0.005293734877890499,0.004376008503959917
2025-02-05,0.0016463266678735857,0.0023785845308585893
2025-02-06,-0.006145821486826002,-0.0060823087029348915
2025-02-07,0.009343029153128308,0.009929558350702075
2025-02-10,-0.009328343425893278,-0.009159980027833747
2025-02-11,-0.016427936290976896,-0.017109898742439934
2025-02-12,0.00042797443500719077,-0.00045751500221583323
2025-02-13,0.0009322958022532346,-0.000731953304398967
2025-02-14,-0.009268439543756442,-0.009994581668540265
2025-02-17,-0.008236781109702388,-0.00697769382716982
2025-02-18,-0.004258489048491467,-0.004032292284102603
2025-02-19,-0.005700127660275245,-0.005395085337648687
2025-02-20,-0.00028022082456333945,-0.00020608818971044155
2025-02-21,-0.0010880555048275484,-0.0022811988492442725
2025-02-24,-0.004941570717488828,-0.0054333165645404375
2025-02-25,-0.0023995172340925248,-0.001436280073242775
2025-02-27,-0.0013315930368721434,-0.002515721619627933
2025-02-28,-0.02238903927721389,-0.02303326648148226
2025-03-03,0.0032943089404303865,0.004503286726924028
2025-03-04,-0.009468512017102762,-0.008131669675699437
2025-03-05,0.010702323453955094,0.011263452681227443
2025-03-06,0.014451202102293049,0.012858801092785413
2025-03-07,-0.0007416740247410306,0.00020324169303445892
2025-03-10,-0.0026838295104856737,-0.0037829974636289544
2025-03-11,-0.0007163625412518207,-0.0023382863529438002
2025-03-12,0.0017469614759525,0.0009796182805925197
2025-03-13,0.0003320356776119923,-0.00025646361886496265
2025-03-17,0.007189266518715294,0.006417812951401936
2025-03-18,-0.00010506808681529458,9.313537479564596e-05
2025-03-19,0.015803871964018175,0.01758731119071306
2025-03-20,0.010288625766369316,0.01052189916485097
2025-03-21,0.008836969320854773,0.008143154152304774
2025-03-24,0.006674001439529821,0.006835366065023414
2025-03-25,0.013821274456843448,0.012668399024844857
2025-03-26,-0.004073069716913633,-0.004769891016441314
2025-03-27,0.0005403414411272122,0.0010043710332132668
2025-03-28,0.005011150113395542,0.003807237613619798
2025-04-01,-0.009126311083095274,-0.008534154371026456
2025-04-02,0.005289840550085586,0.004508958957802324
2025-04-03,0.0010856687834216922,0.0006359037425758024
2025-04-04,-0.007864298430878408,-0.009259688438564503
2025-04-07,-0.014837546684762778,-0.01540089413595053
2025-04-08,0.019415389564772026,0.0186578184985393
2025-04-09,-0.0032080794963323237,-0.004067024442928136
2025-04-11,0.015323900238963642,0.01539108167654955
2025-04-15,0.018826446765048,0.0195332975028489
2025-04-16,0.008000518885389102,0.007602628749266739
2025-04-17,0.012247506431781732,0.010419034957354223
2025-04-21,0.008560034924110059,0.00894942208349049
2025-04-22,-0.0006151610598145803,0.00012912676118062233
2025-04-23,0.00020200279958574062,0.0014766593238655797
2025-04-24,0.0027397795077065026,0.002199193939815859
2025-04-25,-0.015384861474026495,-0.0156951868311263
2025-04-28,0.011036692300659772,0.010572063664305914
2025-04-29,-0.0029823041372654337,-0.0034183873259537863
2025-04-30,-0.002009462261377728,-0.002407659212828717
2025-05-02,-0.007843166945919999,-0.007068815426127813
2025-05-05,0.0016112740805159047,0.003702729906208465
2025-05-06,0.004763587769672914,0.004728312447402594
2025-05-07,0.0036773431662318243,0.004196237646006139
2025-05-08,-0.0019526161136525061,-0.0023202156721541115
2025-05-09,0.001213451953764899,0.0004770778989815045
2025-05-12,-0.0003247171767967816,0.0017837162682174555
2025-05-13,0.0004814095675663837,-0.00020879790066891688
2025-05-14,0.0014637647501211423,0.0019942505516464953
2025-05-15,0.009136479040465542,0.009646040333744062
2025-05-16,0.0034099386197356833,0.0028426061126907032
2025-05-19,-0.0023988019818601785,-0.001960576136372166
2025-05-20,-0.00590085147059132,-0.007534853088346647
2025-05-21,0.0036685423402283202,0.0044794191889290106
2025-05-22,-0.001620899125128538,-0.002563183368072668
2025-05-23,0.001130160157124985,0.0014011979193820898
2025-05-26,0.005782310695167169,0.006560079694610222
2025-05-27,-0.003849482255555942,-0.004205584789362193
2025-05-28,-0.0034865031200553807,-0.003469037403591312
2025-05-29,-0.0044373498941151675,-0.003674078226879365
2025-05-30,0.005164091437432058,0.003761108613835092
2025-06-02,-0.0034081144508902963,-0.003267355379660693
2025-06-03,-0.0016550449361921325,-0.0023158256113506915
2025-06-04,0.0020551784444589258,0.0026035881462862704
2025-06-05,0.0010404278131415751,0.0011881048060029197
2025-06-06,-0.0021174900069484068,-0.001232359490888796
2025-06-09,0.012070819594388512,0.01073407440863821
2025-06-10,0.005640885098845317,0.005241318774070828
2025-06-11,0.004492241196334162,0.004775270696764086
2025-06-12,-0.005729559146995955,-0.0053808542624183935
2025-06-13,0.0009446445172305506,-0.0006463181928439091
2025-06-16,0.0046305259341728085,0.0052149315939097485
2025-06-17,0.004327917151875758,0.003634044115295745
2025-06-18,-0.0027680554730984738,-0.0033042334854410656
2025-06-19,-0.0013899647767209998,-0.0014958472442312518
2025-06-20,-0.0049505915909759685,-0.003459056955439403
2025-06-23,-0.000627392963965294,0.0002828816639295303
2025-06-24,0.008117349911003676,0.007845312793452642
2025-06-25,0.0039236632734922505,0.0041105931985119925
2025-06-26,0.01181106429985598,0.010720720314228629
2025-06-27,0.016640175079775665,0.014482147407470964
2025-06-30,0.001592105563932639,0.0017164009181237728
2025-07-01,0.006161621491010876,0.007366899447317083
2025-07-02,0.006807447968581465,0.007174450372140164
2025-07-03,0.007113805477050443,0.006988718833912283
2025-07-04,-0.004162325431157666,-0.0029906606333646927
2025-07-07,0.0026949594412012433,0.0026101642122160953
2025-07-08,0.0060784280580197785,0.005187902952459839
2025-07-09,0.007465640323538173,0.006306527246923847
2025-07-10,-0.004384182871933662,-0.004200981808127253
2025-07-11,-0.0026506636202108785,-0.0033272149495944545
2025-07-14,-0.002942318974081188,-0.0027359177779428183
2025-07-15,0.0072855122667810695,0.00713532401356729
2025-07-16,0.00025891705893352115,0.00020353419795807916
2025-07-17,-0.003913884369767274,-0.0023666978798120722
2025-07-18,-0.008350578581166179,-0.00809481712143846
2025-07-21,-0.00017973627141966986,-0.0006781882880394641
2025-07-22,-0.0011606815313838633,-0.00167070566954258
2025-07-23,0.006927283260800435,0.006213612605232782
2025-07-24,-0.005420632367706241,-0.005356177216789052
2025-07-25,-0.015047166637534661,-0.013388938702478252
2025-07-28,-0.010322215280773858,-0.009498642936720893
2025-07-29,0.0038231936089714786,0.0033111374642677068
2025-07-30,0.004277943253333624,0.003706940514693284
2025-07-31,-0.0025058320118344015,-0.001994937141239429
2025-08-01,-0.0062755473965282705,-0.005679971816543281
2025-08-04,0.003998417057260042,0.004946346284049944
2025-08-05,0.0035779682939330996,0.003184719670190098
2025-08-06,-0.0045380488906418565,-0.004081448080066615
2025-08-07,0.001669551236054279,0.002785731734415517
2025-08-08,0.0017645059565205379,0.001512133098443722
2025-08-11,0.0069326467768793445,0.007520486400309995
2025-08-12,-0.006742007983076444,-0.00597317839175392
2025-08-13,0.004081815453055447,0.0048539896438666375
2025-08-14,0.011556146997826512,0.010513211058476505
2025-08-18,0.009365151837407649,0.009595819153878221
2025-08-19,0.004038977148067762,0.004699531899741728
2025-08-20,0.0028313645548544795,0.0029288254954078843
2025-08-21,-0.004103265167002947,-0.004489832786345243
2025-08-22,-0.006250341955827899,-0.006650164760618387
2025-08-25,-9.348071746258338e-05,-0.00167810898331426
2025-08-26,-0.012881870381280927,-0.012384085246618057
2025-08-28,-0.0099874951259123,-0.009556516960174536
2025-08-29,0.003805973485388141,0.004170591082259219
2025-09-01,0.007892689381068305,0.007969201191964684
2025-09-02,0.007154110185128179,0.006041205640862583
2025-09-03,-0.0014873831117713638,-0.0009325395793508379
2025-09-04,-6.483452222634371e-05,0.0007944644144261636
2025-09-05,-0.010511496837717961,-0.00986059577618607
2025-09-08,-0.006943930973976701,-0.006421752868945248
2025-09-09,0.0084479663675097,0.007487801975886717
2025-09-10,0.004921111245798933,0.005230906501879541
2025-09-11,-0.004042403538252385,-0.003610860104515425
2025-09-12,-0.0005595274455799147,-0.0016194581151260227
2025-09-15,-0.0023301773480969477,-0.0020084989556121155
2025-09-16,0.004027144220970784,0.0048449411144425875
2025-09-17,0.0037031037768519627,0.00340673377538238
2025-09-18,0.003194858213545003,0.0026056910742468537
2025-09-19,-0.0006593354988324312,-0.0016698107501830438
2025-09-22,-3.067638930572946e-05,-0.0007780137796803703
2025-09-23,-0.0050869312671699375,-0.006142471784637239
2025-09-24,0.0015541266955712532,0.0016879513094751695
2025-09-25,-0.008923011100278821,-0.00902085717905769
2025-09-26,-0.015350989437533057,-0.015342024254689859
2025-09-29,-0.010722131833293768,-0.00946161261771385
2025-09-30,0.0017257768693858607,0.0014126788930191076
2025-10-01,0.007780503111825692,0.006684097828856458
2025-10-03,0.010709316663562401,0.009935856364924616
2025-10-06,0.009103099419225793,0.007887386063345516
2025-10-07,0.0017811474404499455,0.002580185316595086
2025-10-08,-0.002952677146550587,-0.004324454780822145
2025-10-09,0.001745840743879195,0.0014139402599283347
2025-10-10,0.0013146485913340363,0.0019370104436490115
2025-10-13,-0.0004424676578880605,-0.00013729512239207624
2025-10-14,-0.0030953266481280346,-0.0027508242630628985
2025-10-15,0.0004524607410184502,0.0012336346676510143
2025-10-16,0.002569820617359109,0.004277896286661068
2025-10-17,0.006550429987707369,0.006139177019061942
2025-10-20,0.005349075184817396,0.004520914315968381
2025-10-21,0.0010716689491078023,0.0009468424590067994
2025-10-23,0.0035444290074460273,0.0020823521599584102
2025-10-24,-0.006963666555253321,-0.007329549049865158
2025-10-27,-0.0010888012762904765,9.331733158897762e-05
2025-10-28,0.0013218823749713657,0.00207163352016707
2025-10-29,0.014119854755503333,0.013813279011788115
2025-10-30,-0.009392181879050318,-0.008496409665834167
2025-10-31,-0.010507212912992187,-0.009447566414988031
2025-11-03,0.00019561964057306308,0.0003298877771885941
2025-11-04,-0.0023180097236303646,-0.0008685253315479441
2025-11-06,0.005477134849740048,0.004751390196766381
2025-11-07,-0.004081200244118247,-0.0049652254243386495
2025-11-10,0.005682322678543489,0.005525631706779855
2025-11-11,-0.0006440187530397626,-0.0004952550068800133
2025-11-12,0.006275737059272568,0.007893295652817088
2025-11-13,0.0045559371926993065,0.00423460012299119
2025-11-14,0.001971522306494478,0.0019345654444729763
2025-11-17,0.006884100742646779,0.006426402182917609
2025-11-18,-0.0018994186279194377,-0.0024309369343644646
2025-11-19,0.004049711099356001,0.002943620956001237
2025-11-20,-0.0034973839737670186,-0.002423365270430782
2025-11-21,-0.006841552073902975,-0.006750433319985667
2025-11-24,-0.0022083592834030536,-0.0031794632405317785
2025-11-25,0.0008273380982173937,0.000995557126229408
2025-11-26,0.006975117878579121,0.007171099617546152
2025-11-27,-3.860444381235213e-05,-0.0006242709952582518
2025-11-28,0.001446327172205317,0.0015833728545068563
2025-12-01,0.0006589136371845006,0.0011066303296465836
2025-12-02,-0.002488439633897256,-0.0020503314407872004
2025-12-03,0.0004955067185524563,0.0005662801196533993
2025-12-04,-0.0030159692618446894,-0.00284007934095997
2025-12-05,0.0022836793939455986,0.0029336399113370918
2025-12-08,-0.006689140786521262,-0.006571241928964152
2025-12-09,-0.005995452034460401,-0.006210833811800287
2025-12-10,-0.0007621075674170149,-0.0002682797283434773
2025-12-11,0.0027279294477646305,0.002427219750100569
2025-12-12,1.343156481397234e-05,0.0017492959635230752
2025-12-15,0.0039796377783459696,0.00335798716867752
2025-12-16,-0.00046632479448485074,-0.0008055120833680919
2025-12-17,-0.0046854950087498225,-0.004711297137563634
2025-12-18,-0.010419044366226888,-0.00960931093531479
2025-12-19,0.0049766998369268674,0.005010400463548594
2025-12-22,0.01113671752234945,0.010190248821565964
