Date,sample_return,lw_return
2016-01-12,-0.018982263008913022,-0.01723260655666511
2016-01-13,-0.012673651696668582,-0.011413535035550008
2016-01-14,0.0024003014915087825,-0.0008667106801407889
2016-01-15,-0.007039653981697842,-0.009809559876603435
2016-01-18,-0.019422121724778516,-0.018369587417571914
2016-01-19,0.0071629167643638535,0.008664961561907067
2016-01-20,0.00027385448159768667,-0.002566801711006707
2016-01-21,0.0002240027228697641,0.0009214931901581282
2016-01-22,0.006143676088346308,0.0076276023759274565
2016-01-25,0.009353586048295195,0.008452137440723364
2016-01-27,0.001186891168217004,-0.00023077656933179983
2016-01-28,0.00040305080058661963,-0.0007479685959220802
2016-01-29,-0.0002933122096735747,0.0014707978463195629
2016-02-01,0.013039602701780768,0.011597561458662647
2016-02-02,-0.004606038850978194,-0.00614528166868159
2016-02-03,0.001446329607879702,-0.004210958391384394
2016-02-04,-0.008974197226538413,-0.007787729852681336
2016-02-05,0.012002047776325561,0.010158055598802113
2016-02-08,0.015046126759938253,0.012637654119186076
2016-02-09,-0.006759971034336652,-0.0072878946378940905
2016-02-10,0.002843313317536268,-0.0016715432916604126
2016-02-11,-0.0161367812820756,-0.01813413549695425
2016-02-12,-0.0037298216975914216,-0.005461563808329435
2016-02-15,0.01327573987658813,0.016798281935387276
2016-02-16,-0.00283856475316785,-0.0027780095816577204
2016-02-17,-0.001270999425755747,-7.268708206949786e-05
2016-02-18,-0.013167534287935108,-0.012531268417366312
2016-02-19,-0.0031494330836951048,-0.004323243499657325
2016-02-22,0.013071338989920429,0.012180709415132194
2016-02-23,-0.005596653028160517,-0.005123649934452849
2016-02-24,-0.0021516600362308375,-0.0036894305535727675
2016-02-25,-0.0026380683273114847,-0.003013630665614876
2016-02-26,0.001803260175607774,0.0013438432572359556
2016-02-29,0.012294592669836672,0.010646497221402698
2016-03-01,0.018454619037207905,0.019488485111578017
2016-03-02,0.01497734965717406,0.01657662709068878
2016-03-03,0.000319413107397934,0.0017723811809497766
2016-03-04,0.00032260211933609793,0.0012895434881215443
2016-03-08,-0.008112479714431839,-0.006542133665906813
2016-03-09,0.00023272355974380014,-0.0003333517787805001
2016-03-10,-0.005063220532265846,-0.00497966892370456
2016-03-11,-0.008113038241535395,-0.007540203874648868
2016-03-14,0.013500333859679043,0.013845423711599487
2016-03-15,0.006773596595700028,0.003732003370821317
2016-03-16,-0.001443851343173281,0.0007277603428597298
2016-03-17,0.009503124242937916,0.008208514389806954
2016-03-18,-0.00334915698418281,-0.002889239240971183
2016-03-21,0.019866766051532373,0.019763677157845855
2016-03-22,-0.00381999357668569,-0.00366719632596385
2016-03-23,0.005754600194609017,0.005032018197321128
2016-03-28,-0.004061508305975466,-0.004083627598227557
2016-03-29,0.0021748337360060106,0.0007148699169563779
2016-03-30,0.01524841490458529,0.014763339544423867
2016-03-31,0.01110027740866725,0.01100512284648916
2016-04-01,0.01532786921147641,0.014265893621517707
2016-04-04,0.003935493398751164,0.00440143997723668
2016-04-05,-0.004073144102892135,-0.005389976075757115
2016-04-06,-0.0006663176893841715,-0.001033194862361161
2016-04-07,0.0012845226259315511,0.0016187692582208162
2016-04-08,0.0008306825664197498,0.0016157903238241253
2016-04-11,-0.018462470889341324,-0.015917353094840804
2016-04-12,0.012784866395274017,0.012162692800630787
2016-04-13,0.007470751764183424,0.007235927181574953
2016-04-18,0.018246191068012042,0.018057365861263806
2016-04-20,-0.002791908788204221,-0.0003177309591403132
2016-04-21,-0.006523573511443255,-0.005703137021803154
2016-04-22,0.003104787053525147,0.0037635287356509958
2016-04-25,0.009336960751774188,0.008011525164460609
2016-04-26,0.003290447869381345,0.00312651421395731
2016-04-27,-0.0023795557073238685,-0.001709976510371668
2016-04-28,-0.0073296755403104655,-0.007792670760876252
2016-04-29,-0.003172614861882282,-0.0022763644324797208
2016-05-02,0.003488117236333816,0.002203185498264531
2016-05-03,0.01650856506278655,0.01494170744540567
2016-05-04,-0.0022700787972792067,-0.003237209119932358
2016-05-05,-0.01566551025760157,-0.014990990979509865
2016-05-06,-5.454539123716769e-05,0.0013179837182695844
2016-05-09,0.004337937661051943,0.006201191916200622
2016-05-10,0.001076416344914262,0.001996535686360984
2016-05-11,0.0037316190649692247,0.0025791921418985243
2016-05-12,0.0023254541584758963,0.0021046314400144273
2016-05-13,0.004529344158043784,0.004614850347190725
2016-05-16,-0.00440288482064429,-0.004260501360756464
2016-05-17,0.008622973528262138,0.007282275272119717
2016-05-18,0.002606976912285299,0.0020521504489657985
2016-05-19,0.0025879561072664837,0.00044260880584147356
2016-05-20,-0.0023758768393875047,-0.0023283385788644526
2016-05-23,0.010232800360779308,0.007387706588050783
2016-05-24,0.012264281705346325,0.009777222023215279
2016-05-25,-0.006524179324639061,-0.005024309529561944
2016-05-26,-0.0015951463549384835,-0.0010097491489887067
2016-05-27,0.012028424998969178,0.01102119035623399
2016-05-30,0.00022153115621239856,0.00025304673759709835
2016-05-31,0.0017485420871704723,0.0012602129739460463
2016-06-01,0.002559962906479391,0.004165502617525637
2016-06-02,0.0051930688282780454,0.0050961879538804775
2016-06-03,-0.0022767815924022035,-0.002287967988949134
2016-06-06,0.005833614271260858,0.0051404270576508445
2016-06-07,-0.0021716455607230572,-0.0006088916538592518
2016-06-08,-0.0032461829189482927,-0.0023234987938153817
2016-06-09,0.008915730266800039,0.007704651368516167
2016-06-10,-0.0012010126141025269,-0.0016929006869859443
2016-06-13,-0.0013829369107001192,-0.001812095201546872
2016-06-14,-0.012369999350276963,-0.011703229506887793
2016-06-15,0.0029844171169385513,0.0027680952260019857
2016-06-16,-0.0026774723703796403,-0.0015067537488194648
2016-06-17,0.01586626198580123,0.013739069203217104
2016-06-20,0.00464316968234095,0.004855449778783982
2016-06-21,-0.009902474458640067,-0.008197026256279143
2016-06-22,0.008125973620598307,0.007204222425161317
2016-06-23,-0.0077784300416810495,-0.007605425759736899
2016-06-24,-0.004227770759874717,-0.0030408984034816173
2016-06-27,0.0068088146161301415,0.006699490482868062
2016-06-28,0.0005133110568622224,0.001016154666713604
2016-06-29,0.0025916917597338497,0.004260945537243292
2016-06-30,0.00972637352152716,0.008898459331938923
2016-07-01,0.014676858946248109,0.014470562956864226
2016-07-04,-0.0013844265361765457,-0.0013596488622140284
2016-07-05,0.012716892989359066,0.01137844226153847
2016-07-07,-0.011596559528971553,-0.011516988033262763
2016-07-08,-0.00720750947504464,-0.006453322418821772
2016-07-11,0.0067373338450439696,0.007316412336089975
2016-07-12,0.0008108197277498625,0.00027790268612514326
2016-07-13,0.0017692301753455184,0.0007351383853243293
2016-07-14,0.011911597730855036,0.01140942089645254
2016-07-15,0.0028421537190029826,0.001538016019472763
2016-07-18,-0.010475170940179164,-0.010494006411362696
2016-07-19,-0.002690895800630019,-0.0030847138192382707
2016-07-20,0.010880347024272593,0.011161709021355201
2016-07-21,0.015522650956530614,0.014704886945298309
2016-07-22,-0.00897685123405527,-0.0070887573818233076
2016-07-25,0.008686793772382673,0.008954854523290062
2016-07-26,-2.5782472238763818e-05,-0.0005445107349533065
2016-07-27,0.012084237383632582,0.01141668969588805
2016-07-28,0.0007453942918631065,0.0017483536679700083
2016-07-29,0.002690488888418171,0.004033264572485959
2016-08-01,0.012919531549382204,0.01193855714017811
2016-08-02,-0.008923624271058238,-0.009256505816785332
2016-08-03,-0.008960781056528776,-0.00877525044880969
2016-08-04,5.085546654151922e-05,0.0006356512855836035
2016-08-05,0.013284855615246342,0.012961129356666174
2016-08-08,0.0011181018907401976,0.0011924811221841435
2016-08-09,0.0017515342457788098,0.00124090098013388
2016-08-10,0.0011138510646787243,0.0005314501921259195
2016-08-11,-0.0016489550305537092,-0.0012218251111952194
2016-08-12,0.0027503793984375922,0.002431411357608412
2016-08-16,0.008603151812208878,0.008344263643823912
2016-08-17,0.0016997377277131421,0.002498470149667825
2016-08-18,0.013815579755546193,0.0117308506456297
2016-08-19,0.0014178120621843955,0.0013078307925540864
2016-08-22,-0.00897648937250298,-0.008473621987187973
2016-08-23,-0.008844512414541997,-0.008348992462705712
2016-08-24,-0.0036497978734729465,-0.0028534927334268514
2016-08-25,0.002127753628380461,0.0020493251028895435
2016-08-26,-0.005020356904484261,-0.0042960668643535205
2016-08-29,0.006908671533667308,0.006364501194208428
2016-08-30,0.012874501688752848,0.012578123196132109
2016-08-31,0.009327347329643382,0.00895957159027791
2016-09-01,0.0030325699802445046,0.002701027814639152
2016-09-02,-0.0024872564390405324,-0.0023895400206273864
2016-09-06,0.00631600813912964,0.007269644738655064
2016-09-07,0.006121484729302126,0.005749099706968879
2016-09-08,0.009366553998145998,0.009623826872238518
2016-09-09,-0.01214352822516571,-0.01152584633714667
2016-09-12,-0.018248481611887798,-0.01858101483822066
2016-09-14,-0.007931934870135458,-0.0068648300657857195
2016-09-15,-0.0008604900617930845,-0.00031100296180276666
2016-09-16,0.0013600143688882313,0.0015254323942768234
2016-09-19,0.007079757388639097,0.007064443958921173
2016-09-20,-0.00029637889993819073,-0.0003319289325671677
2016-09-21,0.0012694269288180435,0.0013118766861166368
2016-09-22,0.006826676192705036,0.007456188359889849
2016-09-23,-0.009145957922624195,-0.008931062933566112
2016-09-26,-0.0008958169136845853,-0.0013555760060938097
2016-09-27,0.0005640499555602777,0.0009715966293198349
2016-09-28,0.008353945515179071,0.008346369244760761
2016-09-29,-0.010562842721075348,-0.012188206601571576
2016-09-30,0.00464186460149415,0.005407737470064121
2016-10-03,0.02640217962232632,0.025763958974883514
2016-10-04,0.00744007768234666,0.005630982574345172
2016-10-05,-0.0013009026551201058,-0.0010882524418452473
2016-10-06,-0.006476211535672797,-0.0066948143723838454
2016-10-07,-0.001916236055472254,-0.001499628246552001
2016-10-10,0.005640407238011972,0.004904503958883313
2016-10-13,-0.008225170774007258,-0.008910111028217888
2016-10-14,0.005598483845902122,0.005402457235972526
2016-10-17,-0.006299277029631279,-0.006451850720752849
2016-10-18,0.006829354000478497,0.007149473633181259
2016-10-19,-0.006239325470644345,-0.0059398107571151946
2016-10-20,-0.014942616897237616,-0.013847936002007684
2016-10-21,-0.012926954096307279,-0.011946361861852708
2016-10-24,-0.002358833565669247,-0.002673097167146578
2016-10-25,-0.0036919239884939336,-0.0031252602312914256
2016-10-26,-0.003787462760272765,-0.004271840087371012
2016-10-27,-0.003866098436798767,-0.0036610392410200286
2016-10-28,0.020275894890822176,0.019669516783473243
2016-11-01,-0.00034471775702782733,0.00032565803791879803
2016-11-02,-0.010448088750168626,-0.010532096970811422
2016-11-03,-0.0021815027946962538,-0.0022814260109332834
2016-11-04,-0.010594826086768386,-0.010482204878866848
2016-11-07,-0.00020277678610516946,-0.0002174704673715156
2016-11-08,0.004215930895262162,0.004060691574235101
2016-11-09,-0.0170284972198307,-0.016785436962920636
2016-11-10,0.00715112886692844,0.007800626512687112
2016-11-11,-0.029395919255376463,-0.02969919209154303
2016-11-15,-0.028322177557792278,-0.029094954614565106
2016-11-16,-0.009066796039104671,-0.008449470543446903
2016-11-17,-0.004071165223018465,-0.004426967754374567
2016-11-18,0.015917078852806257,0.014484520851780973
2016-11-21,-0.016443251539189983,-0.01715008150748187
2016-11-22,0.01536355805810096,0.014924289865486672
2016-11-23,-0.00491792739446436,-0.004571737593265272
2016-11-24,-0.011714303098956647,-0.010591845369837689
2016-11-25,0.014639346833619924,0.013869627722659076
2016-11-28,0.004736952462434952,0.004721681074337921
2016-11-29,-0.0010936907944065462,-0.00032257401901007927
2016-11-30,0.0031036834927201215,0.0034544809614197973
2016-12-01,-0.008966949542779688,-0.008562197121373611
2016-12-02,-0.004230680216242674,-0.004329354475407635
2016-12-05,-0.0004987949374519291,-0.0007661744014199083
2016-12-06,0.004333337719279225,0.004205024613382453
2016-12-07,-0.007370540483612551,-0.007394883100038605
2016-12-08,0.0051015141359001545,0.004829855611352398
2016-12-09,-0.009687851020514763,-0.008631465681017287
2016-12-12,-0.008828531786587802,-0.008949430616767963
2016-12-13,-0.008812677175373092,-0.00887327305709325
2016-12-14,-0.005567697189541974,-0.005647451241897906
2016-12-15,-0.003095973661103195,-0.0030381570646160335
2016-12-16,0.001525378983365677,0.0012508871324088552
2016-12-19,-0.004300285588484998,-0.005141551702673201
2016-12-20,-0.004880396176508929,-0.004554286090424504
2016-12-21,-0.01194069824695494,-0.011198983307899549
2016-12-22,-0.0027048535311585114,-0.002972328127736884
2016-12-23,-0.001257640136191271,-0.0014456685581014507
2016-12-26,9.326503557749696e-05,-0.0003115750780996224
2016-12-27,0.003303199172164401,0.0036742009841543586
2016-12-28,0.0003428525061809672,0.0007882084549264844
2016-12-29,0.011923267849580643,0.01217955978076238
2016-12-30,0.005428376630133989,0.005603583783353376
2017-01-02,0.0104096251402607,0.01067524385994515
2017-01-03,0.02199258971654589,0.021017313320619048
2017-01-04,-0.005291650618962648,-0.005234210104329375
2017-01-05,0.01476297823832325,0.014552334734009013
2017-01-06,-0.0038500148544464018,-0.003942566833614103
2017-01-09,0.005516554819692206,0.005145429121988975
2017-01-10,0.0034200467867441936,0.0032915747607843993
2017-01-11,0.006930959610846081,0.00699271919983602
2017-01-12,-0.0025808384340621033,-0.002384691591994925
2017-01-13,0.0029202219804876166,0.0026874453204566964
2017-01-16,-3.804687465826999e-05,-0.00010753108551058484
2017-01-17,0.0013214086896979195,0.0015793815024451076
2017-01-18,-0.0008967049489052245,-0.00039026354846174506
2017-01-19,0.007068680219049845,0.006727563126345115
2017-01-20,-0.009838169834736439,-0.009449783620826168
2017-01-23,4.0937549651605485e-05,0.00035630006334746674
2017-01-24,0.005746744737598272,0.006311389649344282
2017-01-25,0.003337419546841717,0.0033125288830557764
2017-01-27,0.008876783437735502,0.008906321333231805
2017-01-30,0.001694886593645281,0.0005281274521759466
2017-01-31,0.010181969715165991,0.00948335373899102
2017-02-01,0.011813022838625734,0.012561148384494264
2017-02-02,0.0029629061316891153,0.003424369502916374
2017-02-03,0.015093395060715983,0.015177253964294687
2017-02-06,0.008957742553637172,0.00875921744444792
2017-02-07,-0.0063190085254799695,-0.006455736196555715
2017-02-08,-0.015198359019589644,-0.014036037088721306
2017-02-09,-0.0008326200869996775,6.0508027402621754e-05
2017-02-10,0.0024001756437572004,0.0020553395902807893
2017-02-13,-0.004872064191638193,-0.004972844112954165
2017-02-14,-0.011722784806333658,-0.011465302095803905
2017-02-15,-0.004834347501439324,-0.005518827794643683
2017-02-16,-0.0034111840685739766,-0.002708079609490617
2017-02-17,-0.005255956812235258,-0.005196027181873838
2017-02-20,0.0017278584772799453,0.002711271982002884
2017-02-21,0.019179234178486562,0.016014127963351745
2017-02-22,-0.011338995177019494,-0.009738244398543205
2017-02-23,-0.005636036097804557,-0.005261078061591736
2017-02-27,7.202979991747247e-06,0.00020574419419940862
2017-02-28,-0.0011937738475166686,-0.0007677709916975141
2017-03-01,0.00981485286975989,0.011023540770639524
2017-03-02,-0.004704512251208362,-0.004004645200825363
2017-03-03,-0.00047450612577454993,-1.823094797434314e-05
2017-03-06,-0.000660033547212802,-0.0005667204625570985
2017-03-07,-0.0016966426184032335,-0.0020109218711802253
2017-03-08,-0.006767221925303787,-0.006352967694869362
2017-03-09,-0.007529323924385436,-0.007520270566219197
2017-03-10,-0.0019063676333363523,-0.0012003678404699375
2017-03-14,0.0028695023838437627,0.003430901584585505
2017-03-15,0.007633954777605624,0.00865885578592807
2017-03-16,0.010724338873426952,0.010853624974910296
2017-03-17,-0.006637823959221989,-0.006024580226703166
2017-03-20,0.008836901058529956,0.008627106363876836
2017-03-21,0.004558438846026498,0.00412784038977071
2017-03-22,-0.004557005232327056,-0.005763051389962079
2017-03-23,-0.009397584520610375,-0.0081916554549523
2017-03-24,0.015948834475100385,0.01518993214118808
2017-03-27,0.0003363502827536354,0.00024721878726730365
2017-03-28,0.010560345425323206,0.010732096756928941
2017-03-29,0.011112517915503163,0.010717274416055148
2017-03-30,0.0034971732979772016,0.003723379174002276
2017-03-31,0.020991723168692952,0.020517558269169633
2017-04-03,0.005842973920611664,0.005737057141790768
2017-04-05,0.009574127199025076,0.00892860391106809
2017-04-06,0.0043617093043851985,0.003980336248309158
2017-04-07,0.0025840140954748697,0.0020601731127020957
2017-04-10,0.012474311264608226,0.011589704521692048
2017-04-11,0.01111979170171719,0.010334665622206819
2017-04-12,-0.008322309242026402,-0.008100500882351858
2017-04-13,0.003301726554111328,0.0032008249226354027
2017-04-17,0.00390893424552361,0.003454112051217983
2017-04-18,-0.004709477875457582,-0.004690967100000505
2017-04-19,0.0038277637191746414,0.00330479330955611
2017-04-20,-0.005663339594260175,-0.004961359390504867
2017-04-21,-0.0007447553271814069,-0.0002613632398154144
2017-04-24,0.005373293633820267,0.005499956920730388
2017-04-25,0.00045998189541647885,0.0008498417870670132
2017-04-26,0.0019789066201571807,0.0018555021362843893
2017-04-27,0.0034862687269694085,0.003148285291862133
2017-04-28,0.006451210240156796,0.00656738475929356
2017-05-02,-0.005815715112819859,-0.006375578042828944
2017-05-03,-0.0035807175288194676,-0.0028521887097571336
2017-05-04,0.012231966565504414,0.012108630814073927
2017-05-05,-0.0133437552768241,-0.012612516208831614
2017-05-08,0.00356737220890897,0.004394813017121541
2017-05-09,0.0008644207105574216,0.0022909346961596418
2017-05-10,0.002978941655587144,0.0033721652967135325
2017-05-11,-0.0077919068062869065,-0.006936495461231088
2017-05-12,-0.004771025939308611,-0.004676737194664758
2017-05-15,0.0009801731554010893,0.0017284892543861473
2017-05-16,-0.00016627572675987853,0.0003970220696581047
2017-05-17,-0.0037647321948427776,-0.0032856417378231044
2017-05-18,-0.0017110395308419348,-0.003760288228181746
2017-05-19,-0.0014091682984519291,-0.0020658985948551582
2017-05-22,-0.0060469623900138185,-0.006680893857477751
2017-05-23,-0.013345562979799105,-0.013639704541995987
2017-05-24,-0.014004773676986796,-0.015359855057566579
2017-05-25,0.0057685416356395855,0.0062605895507749565
2017-05-26,0.011184001660624238,0.011217569823361766
2017-05-29,-0.008903300744603207,-0.010621046348234542
2017-05-30,-0.005013438326132154,-0.002648846793354869
2017-05-31,0.004378133186341506,0.0041476310999031115
2017-06-01,0.0019015196571859812,0.0017316603122396143
2017-06-02,0.011237817026415098,0.010357246033216897
2017-06-05,0.0002226070723054141,0.0005663133742717917
2017-06-06,-0.0039831850327807,-0.0047111376342626595
2017-06-07,-0.002837886243802006,-0.0019394640231393111
2017-06-08,-0.00840787030066644,-0.007318272177364096
2017-06-09,3.62507294264017e-05,0.0005510043536940139
2017-06-12,-0.002188611658829102,-0.0028149349015628594
2017-06-13,0.005467362184703919,0.005150516680913668
2017-06-14,0.007398927241441811,0.007905139880894033
2017-06-15,-0.012297548486349787,-0.011477084080349587
2017-06-16,0.00816823299373089,0.007956471387222133
2017-06-19,0.0005135729374892177,0.0011580576643161137
2017-06-20,0.0027136605396639,0.0016735674896639187
2017-06-21,0.00030612013915210553,-6.320124999445508e-05
2017-06-22,-0.003322921218213255,-0.0035271009746867484
2017-06-23,-0.007820572358341034,-0.008208157029644442
2017-06-27,-0.010758538449851737,-0.010720939678551951
2017-06-28,-0.0018685874366900614,-0.0016087397565580329
2017-06-29,0.0053911491407517735,0.005324438982062396
2017-06-30,0.005010970621899792,0.004782922233174648
2017-07-03,0.007378242787178383,0.007488146149180015
2017-07-04,0.014814361321407218,0.01423143103161779
2017-07-05,0.003979154789881413,0.004217332924285665
2017-07-06,-0.0012811517648576658,-0.00074473354005205
2017-07-07,-0.0037582644689190415,-0.003515212234994787
2017-07-10,-0.0014441725990905693,-0.0006695304038108005
2017-07-11,-0.004634182674723234,-0.005003094581753915
2017-07-12,-0.0008719521910964067,-0.0007882037252840397
2017-07-13,0.00021656544494929133,0.0008325937733786501
2017-07-14,0.0018092703105197971,0.0023203857696160396
2017-07-17,-0.004114586844210257,-0.0036787935141641206
2017-07-18,-0.008160903344385422,-0.008360107494213254
2017-07-19,0.002048995468953458,0.0027988495784793143
2017-07-20,-0.004034101700610513,-0.004229421813409061
2017-07-21,0.0009528989970131347,0.0019095198460990456
2017-07-24,-0.0006411420972302947,-0.0005478946527655188
2017-07-25,-0.004123148524939975,-0.003145460974660869
2017-07-26,-0.0028313177993732285,-0.0016479802230340034
2017-07-27,0.007586849620930717,0.006130442295829709
2017-07-28,-0.010025486760808932,-0.008796783752176875
2017-07-31,0.00511722169631201,0.005375888071974
2017-08-01,-0.003063546858769425,-0.0028327179925639943
2017-08-02,0.003628945064828698,0.0030137048233830465
2017-08-03,-0.000165391930039851,-0.0006423384439470984
2017-08-04,-0.0033795768666531256,-0.00296105204545966
2017-08-07,-0.0010538826655250336,-0.00042687984503156915
2017-08-08,-0.007345805288815127,-0.007346576564516442
2017-08-09,-0.010001061253718652,-0.010347540008209945
2017-08-10,-0.017315900377975812,-0.019938507310170023
2017-08-11,0.001811120505690822,0.001677112234794646
2017-08-14,0.014540895909645806,0.016122858515170833
2017-08-16,0.00674685583079052,0.0063250642188698095
2017-08-17,0.00020497704607275348,0.0007505244193993809
2017-08-18,-0.001201340274464726,-0.0019366062768250616
2017-08-21,-0.0007570289414244666,-0.0008570458762701984
2017-08-22,0.008633713911007965,0.0072453851465457825
2017-08-23,-0.0030592474341729708,-0.002276799534142159
2017-08-24,0.006625496964547524,0.0069428381657541515
2017-08-28,0.008840363419802466,0.008890258427487335
2017-08-29,-0.005676593557044848,-0.006460537619803673
2017-08-30,0.008917911425697934,0.010254526949262268
2017-08-31,0.006349090093781803,0.0062634010366836735
2017-09-01,0.0038550241737497805,0.00417409385727286
2017-09-04,-0.005574029091231967,-0.005634881498824117
2017-09-05,0.00021678367252944328,0.0012652811042574376
2017-09-06,0.00451039863725416,0.004846223548637745
2017-09-07,-4.0196837503453896e-05,0.0004882848782297121
2017-09-08,0.019240940652810148,0.018358573818185838
2017-09-11,0.003708643878651172,0.003850825084148955
2017-09-12,0.005120248642859541,0.005048301578006408
2017-09-13,-0.0006985331657981729,-0.00018215641395672856
2017-09-14,-0.0012106043462900245,-0.0015719195214028833
2017-09-15,0.0040051344267470835,0.0030679613149994776
2017-09-18,-0.005520973229952933,-0.005040144353833728
2017-09-19,0.006467237961986089,0.005880453243775544
2017-09-20,-0.0023062664810705007,-0.0026758152697132923
2017-09-21,-0.006528253464054984,-0.006328003535630723
2017-09-22,-0.01781935089987294,-0.0194225570424774
2017-09-25,-0.018491645703914743,-0.018695968636523914
2017-09-26,0.0031500048544364665,0.003814868077607496
2017-09-27,-0.011890743192622077,-0.013077727146320798
2017-09-28,0.007219274946582937,0.007271164392560194
2017-09-29,0.01009069412843318,0.010942717421694118
2017-10-03,-0.004013840741611325,-0.003030854928523629
2017-10-04,0.005252969926417758,0.005727928747547869
2017-10-05,-0.007883774441098074,-0.0064042541177060305
2017-10-06,0.00578070521042675,0.006135618207444747
2017-10-09,0.004690947321876993,0.004876320070079669
2017-10-10,0.004661755181717403,0.0051114523882150684
2017-10-11,0.0003423863980528984,-0.0006654833952143601
2017-10-12,0.005428644691438126,0.004623643396812254
2017-10-13,0.006134378757722228,0.005946385530037674
2017-10-16,0.006357028696699031,0.00538028189324286
2017-10-17,-0.002416164378067231,-0.0018639174432137954
2017-10-18,-0.016420020479341258,-0.013400239156695106
2017-10-19,0.0037073026262711513,0.0022951725964360115
2017-10-23,-0.0066421698563021245,-0.005139723440630252
2017-10-24,0.002618677789371279,0.002752690505184735
2017-10-25,0.030800251523522858,0.030366726631574192
2017-10-26,0.0012493193974940759,-0.0003484264112444333
2017-10-27,-4.856409477872517e-05,0.00035878388798358076
2017-10-30,0.009396768163087798,0.00913748527228329
2017-10-31,-0.0009228415521117467,-0.00030912428965860133
2017-11-01,0.0037624805946107833,0.004275467107462767
2017-11-02,0.003658790742054777,0.004842966338901224
2017-11-03,-0.008128586245279608,-0.006081112084046245
2017-11-06,0.009891331366327225,0.009177970915279486
2017-11-07,-0.007580016436429967,-0.008884983991463527
2017-11-08,-0.0034641317141219023,-0.004287204359342742
2017-11-09,-0.001644406663749472,-0.0011534517322271183
2017-11-10,0.0036164962092809956,0.0036612229136273
2017-11-13,-0.004811763785102909,-0.006509649318383446
2017-11-14,-0.00021467500584278773,-0.0010021846672739051
2017-11-15,-0.003370221774767601,-0.00488540631525049
2017-11-16,0.002866354273307292,0.002882161015309741
2017-11-17,0.003553615351761565,0.0033499288219181163
2017-11-20,0.005551175745216355,0.005592914255464442
2017-11-21,0.002262274099095542,0.0036327038096648978
2017-11-22,-0.0058842144219947235,-0.00479683468274409
2017-11-23,0.0015772310953746575,-0.0003867947696808592
2017-11-24,0.007651415951536915,0.007196717812654145
2017-11-27,0.0065122762936130115,0.006389664756517142
2017-11-28,0.002331668330939369,0.0014842867980889136
2017-11-29,-0.0022653254895757427,-0.0018483009394604972
2017-11-30,0.0015216915694991338,0.0002580212904599577
2017-12-01,-0.011319116292988396,-0.01099880111925173
2017-12-04,-0.004987927716271948,-0.003824538482090756
2017-12-05,-0.004354714479585688,-0.004321586431129667
2017-12-06,-0.006829818527739589,-0.00660626481318193
2017-12-07,0.004827671028541888,0.005394388972095288
2017-12-08,0.0002045530035321838,0.0011037555087096084
2017-12-11,0.0019818862674314155,0.0021214601064475265
2017-12-12,-0.006147814361230923,-0.005738828628349616
2017-12-13,0.005597109720528779,0.00288210593654292
2017-12-14,-0.004027412206711107,-0.004842325194120205
2017-12-15,0.004811537415190243,0.005406642795001608
2017-12-18,0.004314149136126874,0.0033166892669422264
2017-12-19,0.007133652217331449,0.006905110608337781
2017-12-20,-0.0027311363284509,-0.0018778138617093682
2017-12-21,-0.006893827841679125,-0.004778710321568612
2017-12-22,0.0019485259464688983,0.0019554134056232794
2017-12-26,0.005435636731123651,0.007851918867223725
2017-12-27,-0.004006611359689136,-0.004735171059141619
2017-12-28,-0.0014053541224746447,-0.0005324946788190478
2017-12-29,0.005527866972496587,0.005890961267597458
2018-01-01,0.0008276415181840893,-0.0009101881924031261
2018-01-02,-0.003770433456028362,-0.004851151934738005
2018-01-03,0.0031551492404785757,0.005767904842044487
2018-01-04,0.011597630594134175,0.01037693457420832
2018-01-05,0.004707617885417675,0.004578117125420964
2018-01-08,-0.00030292694886777636,-0.00029589793397920316
2018-01-09,0.0015853346754753895,0.00028431431646580194
2018-01-10,0.004163672554160893,0.007808446485353343
2018-01-11,-0.01136062390562418,-0.011304739485741806
2018-01-12,0.002002273717501442,0.001888262016284446
2018-01-15,0.0038064219685761905,0.001970507576234906
2018-01-16,-0.005154030559271531,-0.007372285307502141
2018-01-17,-0.005064963395898741,-0.004201546435459786
2018-01-18,0.004093318190793384,0.0033970676383267076
2018-01-19,0.0030046098366667915,0.004706865614542458
2018-01-22,0.00598188683448147,0.003983434475005022
2018-01-23,-0.0004446718183969693,0.0009538160583705915
2018-01-24,-0.005885651504297298,-0.006163408255837645
2018-01-25,-0.0029851582684813846,-0.005654433239152606
2018-01-29,0.0001400619832312537,-0.0031528434807843388
2018-01-30,-0.02316104798333946,-0.021694776286911834
2018-01-31,-0.008915613000413521,-0.008157417979773852
2018-02-01,0.004690642089666994,0.0023841698016876236
2018-02-02,-0.02371266683626784,-0.026193223008848462
2018-02-05,0.002683806896509137,0.0015160640743769214
2018-02-06,-0.0034689841477222065,-0.005388493711194504
2018-02-07,0.011492780711498026,0.012552027106846893
2018-02-08,0.0062823342687968,0.005429396983790536
2018-02-09,-0.011903942277649598,-0.010294181249129921
2018-02-12,0.0057383314841154,0.005030695298033447
2018-02-14,0.0029714750453264625,0.0010794552770647093
2018-02-15,-0.0012578531357231703,-0.0019403316181127392
2018-02-16,-0.0021807596806654615,-0.0037718957630819595
2018-02-19,-0.008293219978383844,-0.00946226788961303
2018-02-20,-0.0029263264304239386,-0.0026758519097019725
2018-02-21,-0.00924852880902125,-0.006923709222187117
2018-02-22,-0.0021426194359641677,-0.0023718783787709343
2018-02-23,0.003745899469637605,0.005913125900230229
2018-02-26,0.010587846821576133,0.012496671328215551
2018-02-27,0.0029163050650332324,0.002452267071412426
2018-02-28,0.003833415250039066,0.003138475464204434
2018-03-01,0.004242447568804658,0.002477900928339301
2018-03-05,0.0005046128741210308,-0.002596802342291788
2018-03-06,0.0016132272429466574,-0.0002550370733298348
2018-03-07,-0.007726552149590222,-0.009224950181614093
2018-03-08,-0.004895238789945689,-0.0029884843859740514
2018-03-09,0.00244873095888593,0.0009227203945643687
2018-03-12,-0.0005125779382672258,-0.0010991255052275062
2018-03-13,-0.0022525310054102967,-0.0002590077582828069
2018-03-14,0.001510939797850011,0.0005512245914295384
2018-03-15,-0.0024494330051222876,-0.003053455836727399
2018-03-16,-0.015307545957146913,-0.01639093862952787
2018-03-19,0.00033966259246069066,-0.0007836810642120992
2018-03-20,-0.002862080850034254,-0.0036409835065406722
2018-03-21,0.0032367906473674897,0.0037755597298338543
2018-03-22,-0.011447141890233504,-0.012405733604908698
2018-03-23,-0.005965794102846357,-0.00612995568452453
2018-03-26,-0.0013330571892664071,0.00012439651362524708
2018-03-27,0.0009146611856614894,0.002587324111085369
2018-03-28,0.00117001364731176,0.0012954338254832559
2018-04-02,0.002696271645123889,0.007636015321796566
2018-04-03,-0.004697446280229874,-0.0015248948594206745
2018-04-04,-0.0006108864904112849,-0.00342132728357026
2018-04-05,0.015108627875886413,0.01468359128477195
2018-04-06,-0.0008224072396399225,0.0012391661395888094
2018-04-09,-0.0025891469736214322,-0.0021878048519036308
2018-04-10,0.00593107057714111,0.005198258255678773
2018-04-11,0.0013817627863737985,0.001185675712265626
2018-04-12,-0.0011398683815609899,-0.0017737074504574687
2018-04-13,0.004805301367320112,0.00373252364049137
2018-04-16,0.008171403336840069,0.0054093119979757584
2018-04-17,0.0026452382287537623,0.0020552655661570628
2018-04-18,-0.005108292094998818,-0.004386536745024532
2018-04-19,0.01167089385685652,0.01137998179018148
2018-04-20,-0.006027944758013527,-0.004294016325509355
2018-04-23,0.007615435594780973,0.007795957492104583
2018-04-24,-0.0052539971074546735,-0.003970501755124379
2018-04-25,0.0024236190874131042,0.000539108628134618
2018-04-26,-0.012042801848836117,-0.008826454764353779
2018-04-27,0.0035724245067072437,0.003471754849418657
2018-04-30,0.0012508381626685173,0.0028072943025435598
2018-05-02,0.0001957017921926955,-0.0003568168478238133
2018-05-03,-0.00911998233202843,-0.008792551741258937
2018-05-04,0.0012331631306083878,0.00015374788313018858
2018-05-07,0.0030324746800490313,0.0019030645034759266
2018-05-08,0.0016315982603936283,0.003081457156626898
2018-05-09,-0.0022707440542565063,-0.0027371252255540134
2018-05-10,-0.0015281866113859965,-0.0017038384573041224
2018-05-11,0.00825507128489556,0.009047990195342094
2018-05-14,-0.004519416756781605,-0.004974911976428608
2018-05-15,-0.006119471579005004,-0.004791946950098771
2018-05-16,-0.010609263510525185,-0.008978737506121956
2018-05-17,-0.0002138703829482199,-0.001016936743457122
2018-05-18,-0.011863581536521211,-0.011093302522622006
2018-05-21,-0.01750834843356383,-0.01801992798145522
2018-05-22,-0.004965805502882487,-0.003083809179392301
2018-05-23,0.005156042005081804,0.004745264409792369
2018-05-24,0.0009785539810333848,0.0017176139924674795
2018-05-25,-0.007802581850363466,-0.0058758607324656785
2018-05-28,0.018235459343640924,0.015485326789383864
2018-05-29,-0.0029240364778211026,-0.0008925932281562276
2018-05-30,0.02736639191335245,0.019041501479202885
2018-05-31,-0.014463295063808094,-0.008744136377719456
2018-06-01,0.0031973395369277687,-0.001643296919443941
2018-06-04,-0.006085340370827986,-0.006820038067588634
2018-06-05,0.0033166625240547533,0.0005577176713336606
2018-06-06,0.0031192656473200534,0.0024514425155934146
2018-06-07,-8.495913007671612e-05,0.0020162931421895767
2018-06-08,0.0023773265921034933,0.005363397760196137
2018-06-11,-0.007441187823448728,-0.003892139541083797
2018-06-12,0.006108238671788415,0.006713398664746514
2018-06-13,-0.002909569701545509,-0.00259436230602635
2018-06-14,-0.007571968818754469,-0.00736385011808333
2018-06-15,-0.003950117189724728,-0.00474976520705032
2018-06-18,-0.008899705861603043,-0.00808554454805977
2018-06-19,-0.004182284413024135,-0.004035677041354853
2018-06-20,-0.0008587941025715673,0.0003049208891452623
2018-06-21,0.0017460790600844851,-0.00044432317560488745
2018-06-22,-0.001983329423173502,-0.0021126679659535575
2018-06-25,0.0030104471881377552,-0.00052546060044297
2018-06-26,0.0006237124379356409,0.0008471166232142473
2018-06-27,-0.0006985711629310336,-0.0027317748793669184
2018-06-28,-0.006924016665293469,-0.006618008438955764
2018-06-29,0.01568732008918667,0.01471036738304937
2018-07-02,-0.00431166234454289,-0.006182146818852166
2018-07-03,-0.01227208056575439,-0.010360550342802961
2018-07-04,0.004115010133950284,0.004191742610875613
2018-07-05,-0.001204292201421527,-0.0019093345820870105
2018-07-06,0.004332369483699388,0.005868264778266305
2018-07-09,0.007354336017509407,0.0069062418832158325
2018-07-10,0.0025377821737677803,0.0031791470735610798
2018-07-11,0.0045889158722733836,0.004572730924133932
2018-07-12,-0.009621883187703205,-0.008732816416555647
2018-07-13,0.004381341111846718,0.002455592644452105
2018-07-16,-0.018353665253248497,-0.018625099108866616
2018-07-17,0.009342567830000656,0.009379664539352586
2018-07-18,-0.0041124993425261745,-0.004242730360501726
2018-07-19,-0.0038161906321452768,-0.0031201120137432283
2018-07-20,-0.00425204512680104,-0.003774118382949742
2018-07-23,0.010054419490667012,0.009576493699954025
2018-07-24,0.003065325623164014,0.005204000858780814
2018-07-25,0.005077591567393092,0.0036827743623027115
2018-07-26,0.0018802080152650537,0.002318927259481358
2018-07-27,0.00030572896792506124,0.002812627993912448
2018-07-30,0.006538107935601358,0.006525959224951761
2018-07-31,7.607182442348611e-05,0.0009449002879798505
2018-08-01,0.008216964823400843,0.00723922674959172
2018-08-02,-0.00788020762932589,-0.006819247271842902
2018-08-03,0.001663962425572436,0.003380107129527989
2018-08-06,-0.005025697908214523,-0.005304332238952551
2018-08-07,0.002420892595792017,0.0016659995879859766
2018-08-08,0.007074785010425809,0.00737985496088547
2018-08-09,0.011527295480501144,0.011870190182100893
2018-08-10,-0.006405764164076866,-0.005960931200719719
2018-08-13,-0.008695238550198724,-0.008797723442637167
2018-08-14,0.00913483118910474,0.008151367674712057
2018-08-16,-0.002654324102958662,-0.004228385212920634
2018-08-17,0.0028311028031013322,0.0038205867583010183
2018-08-20,-0.008137424527942258,-0.008661844880853434
2018-08-21,0.01760076593128023,0.01632420757740775
2018-08-23,0.006388970450381109,0.006601548671362377
2018-08-24,0.0015213404617182634,0.0025776097304362915
2018-08-27,0.0031950941520668876,0.003453715499460491
2018-08-28,0.00783708294327009,0.00710587616129278
2018-08-29,-0.0007336835895801431,0.0010188345365485605
2018-08-30,0.0028871707520004195,0.003951098994341895
2018-08-31,0.012156105750438883,0.011256899211594576
2018-09-03,-0.004636980540569979,-0.004841566640557057
2018-09-04,-0.01265556035182272,-0.013065292812373711
2018-09-05,-0.0005599627807583965,-0.000626152899936006
2018-09-06,-0.003566738980241413,-0.0023690955902758775
2018-09-07,0.004364982829456647,0.004516494062615921
2018-09-10,-0.005982028988379946,-0.0064183458644982505
2018-09-11,-0.0005321668682416519,-0.001767082342654492
2018-09-12,-0.005764446851937046,-0.0055959395773440635
2018-09-14,0.0013786817072065046,0.0028951761071237597
2018-09-17,-0.007392366708009953,-0.007282389252600611
2018-09-18,-0.003269005913853048,-0.0037319668322268137
2018-09-19,-0.002709244427893471,-0.0035140101196233326
2018-09-21,-0.016844673081231075,-0.018326745108037282
2018-09-24,-0.006010968996020223,-0.007285653976447149
2018-09-25,-0.011050772585445014,-0.010628477497334733
2018-09-26,0.01956318012015234,0.018022267165371884
2018-09-27,-0.016493532838519294,-0.017323437542145187
2018-09-28,-0.006338684351093589,-0.007425411622800076
2018-10-01,-0.013898873621384644,-0.012039956405617069
2018-10-03,-0.0015718070303720692,-0.0021193864548116957
2018-10-04,-0.01998127363737687,-0.01968218262449625
2018-10-05,-0.008776219796324876,-0.011592512657269377
2018-10-08,-0.01186365535541992,-0.012582215943169876
2018-10-09,0.0026330805910507677,0.0014290109547203402
2018-10-10,0.01702484019265509,0.018891473239856946
2018-10-11,-0.01597554425530209,-0.01646243418608748
2018-10-12,0.0010548375916447025,0.0030733130891691393
2018-10-15,-0.011157201351123391,-0.010149923836786647
2018-10-16,0.00017990487133962485,0.0014038288404074584
2018-10-17,-0.007070470779963589,-0.008831695596393432
2018-10-19,-0.011614050650566858,-0.01030861637918674
2018-10-22,-0.02269576425590698,-0.022153778378082148
2018-10-23,-0.012321154705786689,-0.010853080815224583
2018-10-24,-0.0025664147967306367,-0.0020373774749343175
2018-10-25,-0.008310316827523118,-0.008334993789249583
2018-10-26,0.011828323624404304,0.010913063005238428
2018-10-29,0.02061577651035913,0.020961486582093982
2018-10-30,0.019756174934025532,0.01818028799392895
2018-10-31,0.008304228266505582,0.007582608239169088
2018-11-01,0.009417962674047504,0.009738732134574504
2018-11-02,0.022547062838933377,0.022236650292570513
2018-11-05,-0.0005333967648411722,0.0012302596597037801
2018-11-06,0.001143855827185982,0.0009851040783405269
2018-11-07,0.009389924900715097,0.008970994684420619
2018-11-09,-0.004075379706224715,-0.002774661489234868
2018-11-12,-0.007645963448678969,-0.008016970178049665
2018-11-13,0.007871504002738098,0.008072725270697943
2018-11-14,-0.001807586759600873,-0.001775894831727097
2018-11-15,0.010186185755755254,0.010763370044186139
2018-11-16,-0.00114793550673358,-0.0012798072388663221
2018-11-19,0.019215320295248816,0.018868563004052544
2018-11-20,-0.0048279635719314954,-0.005672227362954007
2018-11-21,-0.0013243203762173938,-0.0010625661478510205
2018-11-22,-0.010174036712239194,-0.010690998348130316
2018-11-26,0.0038273474718364025,0.003156516519906052
2018-11-27,0.001434478210523956,0.0017758136688491573
2018-11-28,0.005120619355759263,0.0040986813884199905
2018-11-29,0.005836632192262264,0.006025849650887656
2018-11-30,-0.005986685737766756,-0.00566781375970454
2018-12-03,-0.003558902944663771,-0.0035113064198994673
2018-12-04,0.010572351166318095,0.009796922664692528
2018-12-05,-0.0021251965236852477,-0.0027175738815907635
2018-12-06,-0.0019982026437402635,-0.004009046238604876
2018-12-07,0.0007360100812526271,0.000748090588567619
2018-12-10,-0.02235295915857562,-0.021693139053072064
2018-12-11,0.016206743519396632,0.016891937458167507
2018-12-12,0.01422759182742994,0.015206886873180845
2018-12-13,0.007294212465525815,0.0073408428230635194
2018-12-14,-0.002518823978109064,-0.0020112410162778124
2018-12-17,0.007214700281240473,0.007389202631690916
2018-12-18,-0.002645537693517491,-0.0026663487007879717
2018-12-19,0.01551530153657474,0.015290458013741863
2018-12-20,0.001028713884476155,0.0005013081597107373
2018-12-21,-0.0038955381759592945,-0.004534382965657036
2018-12-24,-0.01282000448898652,-0.013525617786185202
2018-12-26,-0.0006695864114987682,-0.0006318660644270961
2018-12-27,-0.0028179318808794454,-0.0027268501454522534
2018-12-28,0.0032113233110711782,0.004083174972593405
2018-12-31,0.008861499314541974,0.008512709506377787
2019-01-01,0.0026574627484190847,0.0030110047559405457
2019-01-02,0.006120495144011999,0.00624769633862325
2019-01-03,-0.004801536312147126,-0.005432536742672848
2019-01-04,0.0011897470524508025,0.000812182405870248
2019-01-07,-0.0061550594617726054,-0.005745692827018395
2019-01-08,0.005064257800437566,0.004657230537332809
2019-01-09,0.002998372312557655,0.0028310796108326447
2019-01-10,0.010398314564243944,0.010306417731351847
2019-01-11,-0.002683983894335087,-0.0024615180425994615
2019-01-14,-0.008238885904028026,-0.008024465147132818
2019-01-15,0.006181530587861809,0.006220892412953212
2019-01-16,-0.0039765195256812776,-0.0032589608538092577
2019-01-17,0.0054186881718190525,0.004492203791437265
2019-01-18,0.010158949647787217,0.008701427130111697
2019-01-21,-0.0011688123560498478,-0.0014929662899982638
2019-01-22,0.0006958103774465734,0.0006669994024761591
2019-01-23,-0.011905396243572355,-0.01195325107437421
2019-01-24,0.005414704239516654,0.004531592965864686
2019-01-25,-0.009332024596432552,-0.010519323243604481
2019-01-28,-0.01899408109960083,-0.01959344020252287
2019-01-29,0.008494426369288847,0.007370404553685658
2019-01-30,0.003823337223002916,0.005560782913487065
2019-01-31,0.0007557994772277479,0.0010709660951209073
2019-02-01,-0.0014758062852871174,-0.0013577596842489208
2019-02-04,-0.008673619698024628,-0.009130796044207436
2019-02-05,0.003910828300318202,0.0027574308180483985
2019-02-06,-0.0017006873161077487,-0.001766289978856039
2019-02-07,0.0008880594091605055,0.0011224050005698028
2019-02-08,-0.010310160929302021,-0.010582849160637484
2019-02-11,-0.01101425743028546,-0.011695040155623115
2019-02-12,0.011719813427785143,0.010061005681942738
2019-02-14,0.01268582107811087,0.011980669846658886
2019-02-15,-0.016769512167387778,-0.01573528731337696
2019-02-18,-0.017240419376530078,-0.016315075857055165
2019-02-19,0.0007853147908963927,0.003056563244956843
2019-02-20,0.004620505609802174,0.004637358096492585
2019-02-21,0.021078328876533128,0.02172932457701634
2019-02-22,0.0014266513955621765,0.0017103656461566709
2019-02-25,0.004578157531808841,0.005876440348194787
2019-02-26,-0.004043751806673953,-0.0025083176217145535
2019-02-27,0.001885795351975745,0.0018867148193909117
2019-02-28,0.001662193296156067,0.0016392624999305649
2019-03-01,-0.0007216535332130103,4.2814605511925716e-05
2019-03-05,0.011329804704547954,0.012486605702843058
2019-03-06,0.004993851423818308,0.004348456879464003
2019-03-07,-0.0005140250767803312,-0.0008778994684067588
2019-03-08,-0.012741174743162059,-0.011593218631138219
2019-03-11,0.010038042138562185,0.01003268713957668
2019-03-12,0.016193082205432984,0.01640021059653287
2019-03-13,0.001738984259605252,0.0017221228439813002
2019-03-14,-0.010775978192390357,-0.011029386787677009
2019-03-15,0.0006601689735745732,-8.266144488429383e-05
2019-03-18,0.006132390287569985,0.005919658118728755
2019-03-19,-0.004186682062070679,-0.0038602082368923876
2019-03-20,-0.0032423244143939454,-0.003838419242566422
2019-03-22,0.008431724610427438,0.00702553419275176
2019-03-25,-0.001557602814235513,-0.0031817820206621623
2019-03-26,0.0015101197328433696,0.0018231362027500795
2019-03-27,0.006325162794982271,0.006128727831441051
2019-03-28,-0.0035680601461314312,-0.0022565945319776917
2019-04-01,0.027330136740766477,0.02822320323493361
2019-04-02,-0.001816808848353012,-0.0016753364777112962
2019-04-03,-0.007572732882324194,-0.007552553111469193
2019-04-04,0.008570952044060939,0.008396888432772528
2019-04-05,0.0015968055777916706,0.0021193947888477832
2019-04-08,-0.0060806299986554384,-0.0062331998734376885
2019-04-09,-0.0002676688464251888,-0.0002333415774943235
2019-04-10,0.002367223923359348,0.002223367598995661
2019-04-11,-0.004522781238231121,-0.004372556882839341
2019-04-12,0.0027561972951022167,0.0030562358929815997
2019-04-15,-0.0024196830238866645,-0.002240625626482846
2019-04-16,0.00671293642686631,0.006515535009147783
2019-04-18,-0.0118692449968762,-0.011082179994380855
2019-04-22,-0.012055633439841526,-0.012218937106095305
2019-04-23,0.008463462112533831,0.008409611336030555
2019-04-24,-0.0004006317903809309,0.0008166736688264649
2019-04-25,-0.008897625495248238,-0.008069322307201175
2019-04-26,0.006067414743933561,0.00531674223987634
2019-04-30,0.006902303425421846,0.006166438369963628
2019-05-02,7.695535354911107e-05,0.00018378222461773496
2019-05-03,-0.004078685094076436,-0.004449028367925419
2019-05-06,-0.0061994354494838725,-0.006837766269060151
2019-05-07,0.00408292602032864,0.002952463038963992
2019-05-08,-0.0024971742809391548,-0.0033557126441041557
2019-05-09,-0.004393249695324753,-0.0038373241961451874
2019-05-10,0.002721315133775674,0.0021261716424173702
2019-05-13,-0.009382886846264763,-0.009687319785585582
2019-05-14,-0.0042472900084951455,-0.003413064251509736
2019-05-15,-0.0011771139490635758,-0.0006358221561784299
2019-05-16,-0.005838675164584059,-0.005210009449299238
2019-05-17,-2.5166706646176547e-05,-0.000966065434013218
2019-05-20,0.01688838025843405,0.019422881978360243
2019-05-21,0.005615512992795065,0.0024968333373432193
2019-05-22,-0.006363678733870259,-0.005854113149255864
2019-05-23,0.012346128331590829,0.011425314306025459
2019-05-24,0.001920790855529103,0.0036848724470760342
2019-05-27,0.011097973245990914,0.01113269990062505
2019-05-28,-0.006809053309761499,-0.005601161343077606
2019-05-29,0.0074896032566679005,0.006774277001801256
2019-05-30,-0.00865862801059,-0.008374087294741862
2019-05-31,-0.003041178310132146,-0.002675184104997618
2019-06-03,0.0038317768851537934,0.0036296203997743626
2019-06-04,0.006662506802294764,0.005677190773902129
2019-06-06,-0.003880990683008232,-0.004245225378510813
2019-06-07,-0.0026137904857650566,-0.003399210991451572
2019-06-10,0.006663446910225595,0.006261718635374837
2019-06-11,-0.0008615888328085635,-0.0004995450286848339
2019-06-12,0.0017796888559259056,0.0012484495322807848
2019-06-13,-0.005561109610551583,-0.005459019948858782
2019-06-14,-0.0013645124124958303,-0.001628786658594091
2019-06-17,-0.0018287601558758047,-0.002719949840465154
2019-06-18,-0.007644764878105181,-0.007210864130716164
2019-06-19,-0.0011168679673697617,-0.0015128999480163805
2019-06-20,0.0022592738883119943,0.002201596675694167
2019-06-21,-0.017385223920893967,-0.016755076678133918
2019-06-24,-0.016469578757582905,-0.01567644173569442
2019-06-25,0.011533648748893188,0.010828673150581069
2019-06-26,0.01484893381865478,0.014681182295719448
2019-06-27,0.0008773478726472357,0.0006607568220504459
2019-06-28,0.007250995889830396,0.006628166726913753
2019-07-01,-0.0015565316354931864,-0.0012246180146677447
2019-07-02,0.004102115710955641,0.005454218288476136
2019-07-03,-0.01174602659337375,-0.010419507936154945
2019-07-04,0.0015457923352883711,0.0014303284027342078
2019-07-05,-0.009342869224410156,-0.010513464270782737
2019-07-08,-0.00919492208502615,-0.010257637257919325
2019-07-09,-0.008094507342718816,-0.007083171428614409
2019-07-10,0.0006184907840142633,-0.0005345314356032752
2019-07-11,0.007752388816756595,0.008196453308074734
2019-07-12,-0.00048151525986626855,0.0003180913334769954
2019-07-15,-0.011010631219799961,-0.01010794570480092
2019-07-16,0.003045945226782104,0.003322694883057218
2019-07-17,0.00238701038372628,0.002944636653785711
2019-07-18,-0.00745407756600465,-0.007872863643414689
2019-07-19,-0.010350409678305684,-0.009866558875609117
2019-07-22,0.005469430470060749,0.004867617461619036
2019-07-23,-0.0030514403899359888,-0.003127099652568618
2019-07-24,-0.015611407885486253,-0.015978701695628896
2019-07-25,-0.007539424326481209,-0.0067758481570900225
2019-07-26,-0.0030624546783646917,-0.002408737518456805
2019-07-29,-0.007846177104098408,-0.008065380349163936
2019-07-30,-0.00503931023755223,-0.005399858836621015
2019-07-31,0.018846138147642893,0.018190809178717324
2019-08-01,-0.012914771345458237,-0.012928487610568199
2019-08-02,-0.00827674533838178,-0.008137780427852286
2019-08-05,-0.019414089033334803,-0.018873055492735206
2019-08-06,0.00674916753348305,0.007246321668394703
2019-08-07,0.007348204789137705,0.007151398545344709
2019-08-08,0.008130200558690685,0.0074329650970709725
2019-08-09,-0.0026957362434797713,-0.0021728625194363535
2019-08-13,-0.007456975193953346,-0.0077079744122054055
2019-08-14,0.01598236996985213,0.014298258609625516
2019-08-16,0.005553753697176307,0.0043293232366706895
2019-08-19,0.007566990847321651,0.007075510070093574
2019-08-20,0.006383292121402097,0.005489758631085214
2019-08-21,-0.0034416222575126944,-0.00460484007760735
2019-08-22,-0.007449001200198549,-0.008670530436967874
2019-08-23,-0.0053729720425799085,-0.004568709640763069
2019-08-26,0.005988242590897904,0.006685407596391024
2019-08-27,0.012822435980100081,0.013340223755148789
2019-08-28,-0.006778440907461251,-0.007318863395025943
2019-08-29,-0.004095088199168401,-0.004270634957742021
2019-08-30,0.01116865743644257,0.011060145957518735
2019-09-03,-0.013503693680568645,-0.013146091354824106
2019-09-04,0.0013872561102476386,0.0018919267463852318
2019-09-05,0.0035505580398805287,0.003666252040544905
2019-09-06,0.0053260465315799095,0.0051197230449347144
2019-09-09,0.0027279065818815963,0.00342396832870349
2019-09-11,-0.003661836958703264,-0.00307684527098258
2019-09-12,-0.003271581903355257,-0.002459063574122198
2019-09-13,0.004043515984108764,0.004619444397115542
2019-09-16,0.0013919345007892586,0.0020242631605143615
2019-09-17,-0.007357286308268544,-0.007773331544138033
2019-09-18,0.0014648263552671668,0.0015213356027168371
2019-09-19,0.002009461421447016,0.0008919368995439518
2019-09-20,0.02461594651493268,0.027345020730059153
2019-09-23,0.03125854103301852,0.03101249065528505
2019-09-24,-0.0027708354097503458,-0.0032156794417315723
2019-09-25,-0.0005730543184502154,-0.0013642545210917386
2019-09-26,0.012120156520237263,0.011948286216031143
2019-09-27,-0.009511273709040603,-0.009689016273810084
2019-09-30,0.006699198271279894,0.005778614531875416
2019-10-01,-0.015266720839853875,-0.014027574637631237
2019-10-03,-0.009509301721353348,-0.009474733936599799
2019-10-04,0.0011971768153440287,0.0001942593694197912
2019-10-07,-0.02223427193648065,-0.020799275877411285
2019-10-09,-0.0013506265208362584,0.00010783881919371836
2019-10-10,0.01011146328454875,0.008241979897477408
2019-10-11,0.04776105088300063,0.032022183614877506
2019-10-14,0.003249727496815604,0.0023672196623316416
2019-10-15,0.008564964650918053,0.008273757956648819
2019-10-16,-0.0010897924502452831,0.00043693798239732926
2019-10-17,0.0032709534251559665,0.00405978215059648
2019-10-18,0.007714982240427718,0.010149103400210184
2019-10-22,-0.010122917682647614,-0.007840924891321424
2019-10-23,-0.008954343304430082,-0.005356449697318334
2019-10-24,-0.028379776277204758,-0.02389875474048356
2019-10-25,0.00379078569730189,0.001225915534056649
2019-10-27,0.0025326418124433083,0.003865237659779386
2019-10-29,0.0007119846907911594,0.0011523012300657513
2019-10-30,0.0005794986943090225,0.0023932225606389077
2019-10-31,0.013433934430464919,0.012602975158725062
2019-11-01,0.009296814236478986,0.008900663173517284
2019-11-04,0.001288683637741153,0.002711186822139577
2019-11-05,-0.012894818545766198,-0.012476721174151453
2019-11-06,-0.004331689605983704,-0.003997538111894248
2019-11-07,0.011790270429448739,0.010705175890614982
2019-11-08,-0.008646621511970787,-0.008608956275824791
2019-11-11,-0.0017127690799872372,-0.0011762413804176169
2019-11-13,-0.011500474982382956,-0.00988606936845174
2019-11-14,0.001512850729255665,-0.0009491693425897576
2019-11-15,0.008831200552893409,0.00833563747367268
2019-11-18,0.003480989144571344,0.003307172045042051
2019-11-19,0.006733341632852259,0.006451106963687176
2019-11-20,0.007034705045737876,0.0069723713778127505
2019-11-21,0.007852554838330899,0.005074263222234831
2019-11-22,-0.006688263436246217,-0.004181253674394932
2019-11-25,0.002543875962185195,0.004002744136536264
2019-11-26,0.00016595702078755353,-0.0012307165601782256
2019-11-27,0.0017117274312079094,0.0020349249927094147
2019-11-28,0.0004195358437683927,0.0008964771061981189
2019-11-29,0.011318859963874295,0.010293769754447148
2019-12-02,-0.0006129266812210741,-0.0013707431589568722
2019-12-03,-0.003349280666044503,-0.004341946118393418
2019-12-04,0.003541956142592455,0.004442958438941387
2019-12-05,0.0037749676786492997,0.0027004755380171126
2019-12-06,-0.007140273647238851,-0.008371918763332294
2019-12-09,-0.0024247694354103478,-0.0021257428468766317
2019-12-10,-0.006471369010664931,-0.008175623663795479
2019-12-11,-0.001164846677318135,-0.002378925371965146
2019-12-12,-0.00022267109254981018,0.0016197424724507838
2019-12-13,0.005267642887668013,0.006713837514928215
2019-12-16,-0.00041630383122220546,-0.002639031399462709
2019-12-17,0.019155106560421065,0.016060445123329065
2019-12-18,4.4943719165541985e-05,-0.000988196645394976
2019-12-19,-0.004422707960135652,-0.0035400187609526687
2019-12-20,0.008560770575525551,0.008272854213967654
2019-12-23,0.012496945146710885,0.00914750803838695
2019-12-24,-0.012279110618576256,-0.009752141321879163
2019-12-26,-0.0014872321619277097,0.0001914671895540662
2019-12-27,0.0007546567087957746,0.001234497113671921
2019-12-30,0.013215848242366405,0.010850599181100186
2019-12-31,0.008955650091698778,0.008291132417604237
2020-01-01,-0.003898157942739526,-0.0023740326544573792
2020-01-02,-0.0005664731850364138,0.0006053418500531233
2020-01-03,-0.003678280111173869,-0.0027127875316564276
2020-01-06,-0.013388020253003787,-0.015117223256759555
2020-01-07,0.0015693670199957933,0.0027441279189009036
2020-01-08,-0.002244238831747741,-0.000804641527536286
2020-01-09,0.0025535669931972013,0.004542658543525145
2020-01-10,0.009206701834776312,0.009205617968120233
2020-01-13,6.27930700003458e-05,0.000732186372634551
2020-01-14,-0.0035291592451197774,-0.0006402106386221982
2020-01-15,-0.0010308828270387798,0.0011932321001014252
2020-01-16,0.0073337538945224285,0.0068023599581751755
2020-01-17,0.0017214529174415963,0.003625542645538923
2020-01-20,-0.002487330858863608,-0.003667047676828644
2020-01-21,-0.005260662364684561,-0.005945965799562435
2020-01-22,-0.004540036858755498,-0.00402919217600142
2020-01-23,0.0038094295405528378,0.0033245533981781346
2020-01-24,0.011493267872316864,0.009528071102639986
2020-01-27,-0.0027599979750460245,-0.002628997818587111
2020-01-28,0.006564727909266745,0.0034841604478634044
2020-01-29,0.0072086079891829176,0.005174842632576217
2020-01-30,-0.00118473533719232,-0.005555882014620029
2020-01-31,-0.00032747142427909165,-0.003529982998034983
2020-02-03,-0.011088795572683623,-0.013623840085380343
2020-02-04,0.013465448324284411,0.014563248830755422
2020-02-05,0.010277190246344626,0.011552462940709574
2020-02-06,0.002220356257045818,0.0027561783334153697
2020-02-07,0.0035073591304859318,0.00382707711122554
2020-02-10,-0.0069424583110662685,-0.008312252740252688
2020-02-11,0.009874715398939415,0.008112758418137796
2020-02-12,-0.001456728270868423,-0.0010454273120347323
2020-02-13,-0.014369420369098867,-0.016978463737730508
2020-02-14,-0.013777202499459889,-0.010999526041847426
2020-02-17,-0.0010368550106819245,-0.002633988976723704
2020-02-18,-0.00019903731199462265,-0.002439485207563998
2020-02-19,0.008853819180539612,0.012682076503636135
2020-02-20,0.00691150349347099,0.006011465306897641
2020-02-24,-0.008140099600950532,-0.013987887239619249
2020-02-25,-0.008638009967641308,-0.009027145723213673
2020-02-26,-0.008424644322644115,-0.00934319900847284
2020-02-27,-0.005186260246364093,-0.005590104165505068
2020-02-28,-0.010092601645470855,-0.015648127255619898
2020-03-02,-0.011416679274264577,-0.01066765954157024
2020-03-03,0.0063680821869358615,0.006635855599287298
2020-03-04,-0.01426949744255225,-0.015547035966650021
2020-03-05,-0.0011538073097714233,-0.0009481729314066026
2020-03-06,-0.012135077420083112,-0.015618559532729554
2020-03-09,-0.0313793851377709,-0.03687186993384989
2020-03-11,-0.006558465329833877,-0.009245679232088695
2020-03-12,-0.04704258650324598,-0.05424855459857279
2020-03-13,0.019553711938680225,0.022148418734751377
2020-03-16,-0.055226750118442365,-0.058360768509510476
2020-03-17,-0.005070471037042148,-0.010085065405758762
2020-03-18,-0.05817095295524756,-0.054045785272651546
2020-03-19,-0.04052251645702827,-0.04277215874971228
2020-03-20,0.03929158977094013,0.037288525532437916
2020-03-23,-0.08401298655683083,-0.08991618400262315
2020-03-24,-0.0203015711648792,-0.005569228741404805
2020-03-25,0.06638352455744716,0.046361570051874024
2020-03-26,0.02811149341750954,0.0308726949454988
2020-03-27,0.008762897573554439,-0.005431515850893801
2020-03-30,-0.024960156100705788,-0.02370013540323251
2020-03-31,0.01758436111028772,0.021671277460563482
2020-04-01,-0.0052037384123026385,-0.015099969680558805
2020-04-03,-0.005334009977258777,-0.005061525213465654
2020-04-07,0.021978073757708962,0.02779034063206041
2020-04-08,0.008987644930682107,0.015560075567769966
2020-04-09,0.019204183132650602,0.03334841517929138
2020-04-13,0.012011122073463155,0.012725347106532588
2020-04-15,0.007263077707410106,0.006548337993503138
2020-04-16,-0.008289846683813055,-0.00875674814227856
2020-04-17,0.005585830910277519,0.014150433960263453
2020-04-20,0.008725848711646018,0.016742655012267026
2020-04-21,-0.0007879519269545835,-0.007295048693575475
2020-04-22,0.0110357734646065,0.018291026203982732
2020-04-23,-0.0025456013904884382,-0.0007837073510784775
2020-04-24,0.00014899249959009426,-0.008428088527111669
2020-04-27,-0.008463040776539754,-0.005937265243803292
2020-04-28,0.00182965413923994,0.005875278244032287
2020-04-29,-0.004737596283953475,0.006852615069135213
2020-04-30,0.0029008425296246036,0.003094471262496827
2020-05-04,-0.012071387451910743,-0.02521345298362871
2020-05-05,-0.0067186219038949755,-0.006032592561729904
2020-05-06,-0.004771056627666024,-0.004413832916763103
2020-05-07,-0.004085056761358463,-0.002421306819883216
2020-05-08,-0.0028006329473517473,-0.0029718329931273527
2020-05-11,0.004758006247234576,0.001385294589367047
2020-05-12,-0.015732251380782623,-0.02102492100694716
2020-05-13,-0.018353869366499045,-0.0019837495419493417
2020-05-14,-0.005683382318654097,-0.005924035792251808
2020-05-15,-0.0043647345176118305,-0.004790463956401172
2020-05-18,0.06808308747413039,0.026965408526439277
2020-05-19,-0.008108913111752516,-0.0016437228899798602
2020-05-20,0.021071302004467607,0.019187988484503603
2020-05-21,-0.004956973818589718,-0.0038794495213168726
2020-05-22,0.0024039922308646787,-0.0020298486480147307
2020-05-26,-0.00035477405680059935,-0.002905294872375913
2020-05-27,-0.0002735535517496162,0.00369024613583539
2020-05-28,0.010979511504537052,0.012529489380794574
2020-05-29,2.3096735626570736e-05,0.0025754476421739883
2020-06-01,-6.811596320707388e-05,0.007655499146326745
2020-06-02,0.01225210098399643,0.015451133356306499
2020-06-03,0.0012105614558659292,0.005372826762099744
2020-06-04,0.005379838650593709,0.004488957180425731
2020-06-05,0.018016287053119785,0.021793959306444375
2020-06-08,0.005170008360697354,0.009496864285605245
2020-06-09,-6.510044545135328e-05,-0.0019202963116888825
2020-06-10,0.005429482509016563,0.007118011158972785
2020-06-11,0.001586714110544955,-0.002864622565383287
2020-06-12,0.006165498815428048,0.006415602435649135
2020-06-15,-0.002535682902264525,-0.005151687085109269
2020-06-16,0.0024454961575201737,0.0028926055297100995
2020-06-17,0.005671768383222892,0.00904906339230388
2020-06-18,-0.013111035620805392,-0.009077454774629328
2020-06-19,0.011754527767488797,0.010226833053553343
2020-06-22,0.019886912548369988,0.021126879003680595
2020-06-23,0.00924486146954934,0.012535633061310685
2020-06-24,-0.0032576535056982442,-0.004079185858414638
2020-06-25,0.009299913603384237,0.00918841664225889
2020-06-26,-0.0005532411456232729,0.005816434576532208
2020-06-29,-0.0020750915037171845,-0.006066652621253254
2020-06-30,0.00821926886867912,0.008319221725739265
2020-07-01,0.011878076492158548,0.011442823026173719
2020-07-02,0.004278511450562426,0.00554072229250079
2020-07-03,-0.000781785604882073,0.0012118597962480953
2020-07-06,0.004046710202850839,0.006524822855237541
2020-07-07,0.0050317187412305935,0.002596687653356984
2020-07-08,-0.0054027107654301505,-0.006695523987021779
2020-07-09,-0.0025376825701416803,-0.001458333701018188
2020-07-10,-0.00032579996823303085,-0.0034580209319401995
2020-07-13,-0.0007472316162003422,0.0006396207030914333
2020-07-14,-0.0046567642968083,-0.008413931517442623
2020-07-15,-0.0016091043474991786,-0.003197730680636068
2020-07-16,0.0027854895178115132,0.003986391416354377
2020-07-17,0.0024425467010232176,0.005403391772607388
2020-07-20,0.009238327809747161,0.011068235366175114
2020-07-21,0.0023151482248729882,0.004112061159991758
2020-07-22,-0.0059207590244572195,-0.008922028548273767
2020-07-23,0.00791466483557129,0.008014716568441915
2020-07-24,0.005212370429678223,0.003230428945617088
2020-07-27,0.0014059319100456927,-0.0019860493504643534
2020-07-28,-0.005885003194239785,-0.00400745033225308
2020-07-29,0.012022733565956425,0.012519704603610658
2020-07-30,-0.005982781441576923,-0.0037956753566442507
2020-07-31,0.0032406597633866286,0.0057805656439240925
2020-08-03,0.009504725067874536,0.013788009934900527
2020-08-04,0.0002953836277724358,0.0021083685484651776
2020-08-05,-0.006664048664836885,-0.004848099997274533
2020-08-06,0.003983790497473395,0.0035316931031540598
2020-08-07,0.0017494189658342836,0.0036361364554584963
2020-08-10,0.02760811151651263,0.03141484538710766
2020-08-11,0.003197176590192639,0.004795265949273117
2020-08-12,-0.0023351259543077556,-6.83838538196734e-05
2020-08-13,0.00879421411995956,0.009939006880005754
2020-08-14,0.007794401948443846,0.007364252983103137
2020-08-17,0.0020105435692142205,0.005629953508510732
2020-08-18,0.002961107563641428,0.004591752750081772
2020-08-19,0.006278262644336358,0.0077541786741956685
2020-08-20,0.00991873488789267,0.009274514885133547
2020-08-21,0.023797849227349902,0.028321269972913475
2020-08-24,0.015136677033417643,0.018656317458374514
2020-08-25,0.00269223977572287,0.0029672388490937372
2020-08-26,0.0003425405551410971,0.003348741110242601
2020-08-27,-0.009267666259065402,-0.0020688637759537325
2020-08-28,0.007818334181485446,0.007853020222498631
2020-08-31,-0.015431003665670918,-0.026616857414387404
2020-09-01,-0.016109961954513224,-0.00995518970879368
2020-09-02,0.013867921656450061,0.014598149420512744
2020-09-03,-2.0252292007787805e-06,0.00327059484026897
2020-09-04,0.005922940743872167,-0.0007685744161292083
2020-09-07,0.032221759246052015,0.01949238510856707
2020-09-08,-0.010880019396861774,-0.010220835873301585
2020-09-09,-0.03747351026780417,-0.03119843636328701
2020-09-10,0.024796435802785573,0.022246001438216804
2020-09-11,-0.010006171246930472,-0.005266762886318705
2020-09-14,0.0008490169147996694,0.01323088382942907
2020-09-15,0.003813038305791725,0.013434969753535895
2020-09-16,-0.047193998112636186,-0.033114934497660155
2020-09-17,-0.009429055276336966,-0.013827370324803197
2020-09-18,-0.0006955171000705297,-0.00013203540962664762
2020-09-21,-0.030963487231710086,-0.030656334659280162
2020-09-22,-0.01606023671321954,-0.011116000952324484
2020-09-23,0.016220566628471395,0.007812964619114562
2020-09-24,0.0014883625579335225,-0.006745257032290892
2020-09-25,0.0006361711199819124,0.006046415066377601
2020-09-28,0.012053270789976308,0.014095457909932435
2020-09-29,0.005420307265873909,0.004308780136559645
2020-09-30,-0.004224202284607306,-0.005109538989015085
2020-10-01,-0.013563579843377381,-0.007699417201398246
2020-10-05,-0.0036957989555272894,-0.003644333320081589
2020-10-06,-0.00042194216088903963,-0.00033469689725342905
2020-10-07,0.005256657853352355,0.0035882999847511128
2020-10-08,0.008255924787570812,0.006432719747799134
2020-10-09,-0.009973435275154123,-0.007318759417686455
2020-10-12,0.008846069874104131,0.004776920391630743
2020-10-13,-0.008625416910194948,-0.007853052252819098
2020-10-14,-0.0029856233488083964,-0.00021593558873755756
2020-10-15,-0.017700645834002156,-0.01796617122609346
2020-10-16,-0.003110719679525595,0.0022285908692673885
2020-10-19,0.01249333010097788,0.01463431668691859
2020-10-20,-0.003588019956149764,-0.003200634267999602
2020-10-21,0.003864532104584638,0.003469555723685143
2020-10-22,0.01388926358266083,0.015594863482311452
2020-10-23,-0.007690455457329034,-0.005246153101136403
2020-10-26,-0.0005503273557029575,-0.0008525313137848049
2020-10-27,0.009143887809976707,0.009093443589774954
2020-10-28,-0.005782616288032086,-0.0065589992966250685
2020-10-29,0.014269216407865597,0.013097916411878859
2020-10-30,-0.006322382628505061,-0.0036711749439928484
2020-11-02,-0.013377711659770362,-0.01286536964328424
2020-11-03,0.0031923424517204795,0.005461781145853469
2020-11-04,-0.0012364932274946626,-0.0011536773965421876
2020-11-05,0.01061380226673473,0.011746512350241232
2020-11-06,-0.006281202495607498,-0.004342767825078782
2020-11-09,-0.010696546567483249,-0.007757070160864078
2020-11-10,-0.0021206579955076145,-0.0023819410186128667
2020-11-11,0.003890515746487331,0.004944985599511469
2020-11-12,0.00948533220743162,0.010054869648763365
2020-11-13,0.005594472892777761,0.0062669126565117386
2020-11-14,0.007187209026483866,0.007980664135950895
2020-11-17,0.05936915121933118,0.04697117730345264
2020-11-18,0.031887919120892005,0.025930717125879334
2020-11-19,-0.01014888672476967,-0.009473579957513783
2020-11-20,0.0188901690396013,0.01578721750553457
2020-11-23,-0.005845147418143564,-0.0024611512458526386
2020-11-24,-0.0034795899691820223,2.7946765787842677e-05
2020-11-25,-0.009536659734155201,-0.007713977366508963
2020-11-26,-0.008503456356702535,-0.005340954117797916
2020-11-27,0.008983150218816991,0.010880143108468257
2020-12-01,0.0296557809997582,0.02669360645300562
2020-12-02,-0.006569628536827847,-0.003500917121034373
2020-12-03,0.009003967660623136,0.01195476788421422
2020-12-04,0.01654436763475171,0.01607440539072721
2020-12-07,0.001520155414320317,0.005428766514572103
2020-12-08,0.001225024004948987,-0.000759279319739789
2020-12-09,-0.013597873329052244,-0.011678620717568587
2020-12-10,-0.018098953690223882,-0.013764677392016915
2020-12-11,0.0033295156881551174,0.001118700810067637
2020-12-14,-0.004514088504592247,-0.005576259839133888
2020-12-15,-0.012324685110320118,-0.011721426884250858
2020-12-16,0.0019001701562517668,0.003336124676075993
2020-12-17,0.0007080909516846487,-0.0009431399121114617
2020-12-18,-0.0015601737003433317,-0.003840988036991426
2020-12-21,-0.01700099288325354,-0.020013434802459464
2020-12-22,0.005521716997337133,0.005399201886403643
2020-12-23,0.011724001814671087,0.0140173381373628
2020-12-24,-0.004084380401103345,-0.0022091027313180175
2020-12-28,-0.0005105766585389898,0.0026146967682122275
2020-12-29,0.005579549680308445,0.004513736972827687
2020-12-30,0.0033080460472061086,0.002239510264218366
2020-12-31,-0.010203202706433599,-0.007699139936615064
2021-01-01,0.010315762164432852,0.010409948203414688
2021-01-04,-0.003623281886448031,-0.0023206674334997125
2021-01-05,0.00020393383230264705,0.0007725706646222682
2021-01-06,-0.004922041406838391,-0.00466380765218256
2021-01-07,0.002486742952085306,0.0028110356790355404
2021-01-08,0.01248027825837793,0.011032054961616874
2021-01-11,-0.002608738766196759,-0.002266204905968061
2021-01-12,0.024830305551543655,0.0244213994831625
2021-01-13,0.0006656374613830021,0.0001703083427463103
2021-01-14,0.002861686376101159,0.002457120754697637
2021-01-15,-0.0014422231038495575,-0.002813326448132443
2021-01-18,-0.0049339885608446,-0.005420504891967437
2021-01-19,0.008000627870890311,0.009310058199416901
2021-01-20,0.008586615978353295,0.009750526889365573
2021-01-21,-0.008207303694405435,-0.009164908552256509
2021-01-22,0.00026915772893918973,-0.0010320055783094207
2021-01-25,-0.005141455167651486,-0.005691149376020418
2021-01-27,-0.0016143387423272833,-0.002849090189864378
2021-01-28,-0.0028095623889503084,-0.002130385690172037
2021-01-29,-0.007052782023236871,-0.005393607470992313
2021-02-01,0.013761947147600552,0.015100643525654775
2021-02-02,0.01579155713622519,0.015379676351677403
2021-02-03,0.013657228868509468,0.013321997828859667
2021-02-04,0.013236579975752685,0.012637123362476063
2021-02-05,-0.004108876348327019,-0.004263155435122515
2021-02-08,0.008910787261629173,0.011189036659893873
2021-02-09,0.005225746851529876,0.00428248147094366
2021-02-10,0.0023703269302044806,0.0007926494840646768
2021-02-11,0.03120715974601708,0.027282996797455765
2021-02-12,0.021237327861980442,0.01830171496934508
2021-02-15,0.0006010925025441592,0.0020879159099340522
2021-02-16,0.015317677069579962,0.017917513119536606
2021-02-17,-0.0008285320705192505,0.005847785366324332
2021-02-18,0.014865243159627504,0.01788600345117037
2021-02-19,-0.01464293080876045,-0.014908927766171896
2021-02-22,-0.02116511608589155,-0.019730494424010113
2021-02-23,0.004872374931835281,0.003902890345518958
2021-02-24,0.006659894386198948,0.007607070665673559
2021-02-25,0.0062374201039056155,0.008031182741376758
2021-02-26,-0.006018539300305328,-0.007021824159578552
2021-03-01,0.002569158727715973,0.003096908379106342
2021-03-02,0.02384978235855257,0.02524235876069275
2021-03-03,0.011936638317424576,0.012039074473144014
2021-03-04,0.02044396617911322,0.017960130990184398
2021-03-05,0.005113580901163917,0.0021994502917525504
2021-03-08,0.01998802165951272,0.021533425637841257
2021-03-09,0.0005207709222272221,-0.0011432228250707666
2021-03-10,-0.008436933709205573,-0.006840475125688165
2021-03-12,0.0055695528026936236,0.0060299739645998445
2021-03-15,-0.00494908883044041,-0.0041652498251863995
2021-03-16,-4.293260969473521e-05,0.0012884743836276652
2021-03-17,-0.022850044993479195,-0.023948478998137745
2021-03-18,-0.011080862253138262,-0.012515501661635795
2021-03-19,0.015200423291271145,0.012191654287981666
2021-03-22,0.002357560552115816,0.003970720063404685
2021-03-23,0.012911002490050824,0.01291095849637854
2021-03-24,-0.01277422988561144,-0.013043664307526346
2021-03-25,-0.03312059789728534,-0.028464383100813746
2021-03-26,0.04795701451555695,0.041171593347308154
2021-03-30,0.026566775554352065,0.024427146342660164
2021-03-31,-0.011174282362327112,-0.009494130517110984
2021-04-01,-0.0013613436406608973,0.003312384525356
2021-04-05,-0.0080188066199708,-0.008480676572787314
2021-04-06,0.0008976603814981854,0.0056666942393194236
2021-04-07,0.011359044998754089,0.012600651373084778
2021-04-08,-0.007658955822781901,-0.004433967462833091
2021-04-09,0.016725374176497568,0.01736282298418343
2021-04-12,-0.03649713460540716,-0.038915829688328574
2021-04-13,0.01091612924008503,0.011201862458283009
2021-04-15,0.003193046415476253,0.0033229697646664914
2021-04-16,0.019407157715288538,0.019148762128590752
2021-04-19,-0.0038386483827934264,-0.007499012798900279
2021-04-20,-0.007865511972416205,-0.005075365302646159
2021-04-22,-0.000989964415093388,-0.00014764896126721953
2021-04-23,0.0027187524726819626,0.00311445788822072
2021-04-26,-0.0023110107231418507,-0.0009078293301499116
2021-04-27,0.008395857147600605,0.008876145262035952
2021-04-28,0.004032000245812003,0.00401006214309727
2021-04-29,-0.004228399963679903,-0.002828805651047704
2021-04-30,-0.0021630726885502817,-0.0007869564656166998
2021-05-03,0.0038602061844793586,0.006194303988753191
2021-05-04,0.0032911036511503178,0.0038208566469156886
2021-05-05,0.01899719974336785,0.020299782663419492
2021-05-06,-0.0026636015979794826,-0.0021625299615016407
2021-05-07,-0.0009396593837601291,0.0009483867141287833
2021-05-10,0.007112469328338654,0.006546602555863756
2021-05-11,-0.0004802180276604006,-0.0007787338309956132
2021-05-12,-0.000884088242248521,-0.00397722899518883
2021-05-14,-0.01117538518035573,-0.010059310323057699
2021-05-17,0.006112629395823847,0.0070158481295876755
2021-05-18,0.023748171518663985,0.022885193926395837
2021-05-19,-0.006244877836558303,-0.004428845111083875
2021-05-20,-0.006272401839804934,-0.005632665113720339
2021-05-21,-0.0029288033249463895,-0.0023980645207819927
2021-05-24,0.008319879586749842,0.009872472257882741
2021-05-25,-0.006264608652417802,-0.004334821503217802
2021-05-26,0.0005128981508642313,0.0006202743279841026
2021-05-27,0.012848023593310939,0.011790620809505183
2021-05-28,-0.0034317201066710957,-0.002186665696817697
2021-05-31,-0.00020977237024897053,-0.0005740353930483901
2021-06-01,-0.001286631124389256,-0.000926256335790058
2021-06-02,0.01126681630086851,0.011846306124611242
2021-06-03,0.01445353790092865,0.014330166328921465
2021-06-04,-0.009654630783603546,-0.009206091938097242
2021-06-07,0.012464309558387008,0.01170404834315711
2021-06-08,0.016898140368582486,0.014739697812518448
2021-06-09,0.014072958511892521,0.008314380336147767
2021-06-10,-0.004959967382108893,-0.002832852166020949
2021-06-11,0.01917437719873717,0.015701700014007516
2021-06-14,-0.005212204300801818,-0.005587441353354824
2021-06-15,0.010735310973023493,0.008336159976581934
2021-06-16,0.0026942204428454263,0.0026037715310977057
2021-06-17,-0.006286712958485774,-0.008035689071426544
2021-06-18,0.006949355277400034,0.004587748480695691
2021-06-21,0.024414974015532782,0.02164536984800743
2021-06-22,0.01346418842073744,0.011638308802388572
2021-06-23,0.004097380232722606,0.002826941326775599
2021-06-24,-0.004866291323601215,-0.00418148742835568
2021-06-25,-0.010962324189089094,-0.007870147589999654
2021-06-28,-0.005263553968933507,-0.0023801792904643835
2021-06-29,-0.005086312513131595,-0.0033124928056405853
2021-06-30,-0.0006628720601264093,0.0008303509985757802
2021-07-01,-0.00039320482654707327,-0.000404606862416615
2021-07-02,0.014001956753561145,0.012648688267778973
2021-07-05,0.007059782508309364,0.008332186487835078
2021-07-06,-0.006319192753840833,-0.005370788975443637
2021-07-07,-0.0035203704247622966,-0.0018752897998058503
2021-07-08,-0.006898631683358598,-0.007249363384832255
2021-07-09,0.002643096914834489,0.002834152214686261
2021-07-12,0.005496343015202273,0.0053402346220802486
2021-07-13,0.006906710439254485,0.004925978659371559
2021-07-14,-0.004354444840951998,-0.003107991460460142
2021-07-15,0.004381056648901005,0.003955882280580645
2021-07-16,0.008720644205878408,0.007449396984123346
2021-07-19,0.02312774144319179,0.01679835902639175
2021-07-20,-0.013684963866118364,-0.013597174882073293
2021-07-22,0.016495698678774224,0.01758749564553594
2021-07-23,-0.00911980684161774,-0.00641366160326855
2021-07-26,-0.0005594806945721933,-0.0011353549590201804
2021-07-27,-0.013140781815938883,-0.010481329662176788
2021-07-28,-0.0133346701783093,-0.01079453468662597
2021-07-29,0.001744233826384733,0.0008277314630726964
2021-07-30,0.0015540114195562308,0.002999647825992034
2021-08-02,0.02268645703516107,0.020989401727334437
2021-08-03,0.008583050857235269,0.006805094554846824
2021-08-04,-0.007617442526616016,-0.007734744360198811
2021-08-05,-0.003587878314675659,-0.0037438129536024696
2021-08-06,-0.007843940782813657,-0.0059741479732705795
2021-08-09,-0.010079681089406095,-0.010060481491630423
2021-08-10,-0.016540618524204263,-0.017759286885701196
2021-08-11,-0.013482260718573757,-0.01143281884440051
2021-08-12,0.012281274352633648,0.012545355603338628
2021-08-13,-0.007329652263555644,-0.006768745611988894
2021-08-16,-0.005501918210802149,-0.004039405765299194
2021-08-17,0.00961005653635626,0.007415503414328685
2021-08-18,0.010212567173226848,0.008270222982416548
2021-08-20,-0.024635695230076762,-0.025758097781017134
2021-08-23,-0.007065845758966025,-0.0078141585547176
2021-08-24,0.004389995227998313,0.006394243562266718
2021-08-25,0.013349665667671573,0.013133525093254907
2021-08-26,0.003044897608963496,0.003752640491121704
2021-08-27,0.012789109617772515,0.01181795795081758
2021-08-30,0.011482246292084771,0.011915526731279704
2021-08-31,-0.001822725589093984,-0.0005100386950796188
2021-09-01,-0.003895741357291766,-0.002664063744135361
2021-09-02,0.016524486859910568,0.017408815816429626
2021-09-03,0.0016653745319269806,0.0016704560533212748
2021-09-06,-0.00049971937741109,0.00018150528719092527
2021-09-07,-0.0007320701188941023,-0.0005211237248498623
2021-09-08,0.004337547861416347,0.005601850894967321
2021-09-09,0.018899129468833778,0.01646955907540981
2021-09-13,-0.004928019724164772,-0.003753049018668519
2021-09-14,-0.0012076391510261726,-0.0007747598821426406
2021-09-15,-0.00022657884770995774,-4.292280283556331e-05
2021-09-16,0.0048655145237337695,0.00473987359496089
2021-09-17,-0.009472773812966592,-0.008868132176469364
2021-09-20,-0.018354076147040897,-0.019431557467349956
2021-09-21,0.00617794181416135,0.0058813327430272495
2021-09-22,0.0051446680375155695,0.006768839581394235
2021-09-23,0.0015738727804670155,0.0027786747411034287
2021-09-24,0.005162787412105694,0.0045296637670604635
2021-09-27,-0.002863632781312582,-0.003372016851432535
2021-09-28,-0.005704725244728481,-0.005116147329654614
2021-09-29,0.008154789052348156,0.008478433120943188
2021-09-30,0.0037515586111232196,0.004334063691968505
2021-10-01,0.005560142389967295,0.005278281885492907
2021-10-04,0.0028961726315001185,0.004190337310003315
2021-10-05,-0.0034621665242858765,-0.0029671719769833694
2021-10-06,-0.006915932683685813,-0.006409396040887063
2021-10-07,0.005326420993856986,0.005242987296981265
2021-10-08,0.009520031587067936,0.008362054120349703
2021-10-11,0.004805821019662373,0.006107119325789275
2021-10-12,-0.003168011755695842,-0.001988918158815284
2021-10-13,0.0030148511624085404,0.002807967736990314
2021-10-14,0.010084309923124736,0.010124904799057076
2021-10-18,0.0015178145212979457,0.0018651229995023005
2021-10-19,-0.01270055381524159,-0.013733832355443674
2021-10-20,-0.005986896828102601,-0.006188700174983081
2021-10-21,-0.005405247675382741,-0.006303950212345136
2021-10-22,0.006516890746628826,0.005977339707328254
2021-10-25,-0.0005781406209646876,-0.00154170413666949
2021-10-26,0.0032035386010283353,0.004587257812603928
2021-10-27,0.007155555071002941,0.005692144448543771
2021-10-28,-0.006792349522621612,-0.009236165899123348
2021-10-29,0.012943914740466765,0.011845001184497222
2021-11-01,0.016972376890317314,0.01630154208570963
2021-11-02,0.010948662380957885,0.01140731953336084
2021-11-03,0.0009773499660392752,0.0005737311553880572
2021-11-04,0.008088816670360481,0.008444083314071895
2021-11-08,0.00424899561991336,0.003893587006278971
2021-11-09,0.010694020260810028,0.009879365144444395
2021-11-10,-0.006644408295336173,-0.005359493574259338
2021-11-11,0.005525927472828215,0.0049657969814340935
2021-11-12,0.0023804276097466855,0.001670532769984006
2021-11-15,-0.013075837711963741,-0.012618717260849238
2021-11-16,-0.002225974876449063,-0.0020863723789678154
2021-11-17,-0.005701419495114147,-0.005712537241206446
2021-11-18,-0.01237374384492234,-0.013300515525320583
2021-11-22,-0.008566707752480992,-0.010256969151308647
2021-11-23,0.008784105348717238,0.01051559768578097
2021-11-24,-0.007562878334426047,-0.005869441894826812
2021-11-25,-0.0038251742769409556,-0.002262998956920169
2021-11-26,-0.013189608832278953,-0.015716619390597753
2021-11-29,-0.010327768803720142,-0.010276271808614453
2021-11-30,0.013771919901189556,0.012961187503749461
2021-12-01,-0.006408040999601486,-0.004301870953822455
2021-12-02,0.01284263596616312,0.013195185744917222
2021-12-03,-0.00038684991966328464,-0.0007400293421351262
2021-12-06,-0.014230310936027847,-0.013943708988432318
2021-12-07,0.013170156412407508,0.013804531477683494
2021-12-08,0.010879074851725276,0.01060212215264407
2021-12-09,-0.00237545865020353,-0.0015446885562006199
2021-12-10,0.009026755095798214,0.009503954422457954
2021-12-13,-0.001981667790530808,-0.0023308720653327053
2021-12-14,0.004020918832287198,0.003945830581732495
2021-12-15,0.0030990201838619474,0.002058500523270975
2021-12-16,-0.009809276412741316,-0.008696833618592404
2021-12-17,0.003176291124599194,0.0005607254214825242
2021-12-20,-0.020526944361815506,-0.021122628139194383
2021-12-21,0.006236214649490113,0.007056960111525866
2021-12-22,0.007762694225578222,0.008988798668366396
2021-12-23,-0.0004889755160217316,0.0005772933255148713
2021-12-24,-0.012743677065518667,-0.011994904833918131
2021-12-27,0.002901661502011407,0.0045485429622678245
2021-12-28,0.013121834374133024,0.012124227384829928
2021-12-29,0.002800274145214377,0.002312831402146519
2021-12-30,0.0010022192404746352,0.0008041771828093643
2021-12-31,0.005297983694727034,0.005560676712476435
2022-01-03,0.006227324169310264,0.006501930974382708
2022-01-04,-8.10557282020139e-05,0.00011177669048167537
2022-01-05,0.0017231862982002983,0.0015391795925452998
2022-01-06,-0.0064155132245768106,-0.005484186158703836
2022-01-07,-0.0031902222484855216,-0.0028224786616604125
2022-01-10,0.003181950804686837,0.003753419215993496
2022-01-11,-0.00958205521462167,-0.00895953602188993
2022-01-12,0.007388578726058057,0.0072990924345200684
2022-01-13,0.003701200861007622,0.004430927431814306
2022-01-14,0.0006579033728094728,0.0020702945136600714
2022-01-17,0.003501630665717554,0.003693052025278705
2022-01-18,-0.014449635166798269,-0.014138982424385585
2022-01-19,-0.005936238299332019,-0.006105188305168276
2022-01-20,-0.0047605933416381445,-0.004712995357144114
2022-01-21,-0.015890548698807266,-0.016441552168841845
2022-01-24,-0.026321118324957624,-0.0278480998454217
2022-01-25,0.012573592493189551,0.012645265658426044
2022-01-27,0.0002626543582330146,-0.0004650554243255002
2022-01-28,0.00380641982806233,0.003531918177740719
2022-01-31,0.010745109635019625,0.010826045369505632
2022-02-01,0.004365334853643647,0.004999611535202245
2022-02-02,0.015614160270707538,0.015856390760555793
2022-02-03,-0.000385124890538955,-0.00012525926761750537
2022-02-04,0.0006180108612993108,-0.00038499697999470114
2022-02-07,-0.009289227382456088,-0.009805608831252855
2022-02-08,-0.0007322526169539002,-0.0016305407687948442
2022-02-09,-0.0008143055822177273,-0.0004859449363351193
2022-02-10,0.005145892346250696,0.0057545117532448575
2022-02-11,-0.01140583481795239,-0.010804443925140897
2022-02-14,-0.014559324770340634,-0.017490075877832106
2022-02-15,0.008316872632297696,0.009263667764571186
2022-02-16,0.005885218348273621,0.007377904550616172
2022-02-17,-0.004579398352074779,-0.00443379322313523
2022-02-18,-0.006069860226998389,-0.006078046418963239
2022-02-21,-0.012559549484518803,-0.012899903687045085
2022-02-22,0.0018935224319139253,-0.00034588628728024235
2022-02-23,-0.007558269914325166,-0.005923964644418297
2022-02-24,-0.03968516551297489,-0.04200854587835968
2022-02-25,0.021517114152708395,0.023400358251233436
2022-02-28,0.0077495189827636425,0.009101323219867119
2022-03-02,-0.022486403420601164,-0.020266450846489283
2022-03-03,-0.01825263743439072,-0.016016261768260192
2022-03-04,-0.00892092441771828,-0.009706564414351027
2022-03-07,-0.04114398455225874,-0.037575635175154574
2022-03-08,0.017160147686941973,0.014874351361778332
2022-03-09,0.013793935257127413,0.013417826349714695
2022-03-10,0.017699776916824374,0.018810786258788667
2022-03-11,-0.00014928499587105003,0.00032898851340851205
2022-03-14,0.002126929792453529,0.002281304755939854
2022-03-15,-0.004390284801940773,-0.0051932378798718
2022-03-16,0.011420625535311991,0.01233956384939127
2022-03-17,0.00456115594994464,0.005222581285439807
2022-03-21,0.008012781159746534,0.00781230190596135
2022-03-22,-0.003650895747015322,-0.002240346252997471
2022-03-23,0.004231616031428696,0.003873005891957376
2022-03-24,-0.007612512136882557,-0.005760234219017279
2022-03-25,-0.0021755520111975644,0.00039693393879293524
2022-03-28,-0.001958358044027122,-0.003884784060572918
2022-03-29,0.003479475365062542,0.0044916386776152496
2022-03-30,0.017925441811862168,0.016647890760679743
2022-03-31,0.003886217192133874,0.004659737921910961
2022-04-01,0.014879916462303175,0.014480460303068706
2022-04-04,0.00931483852920862,0.009589467680139054
2022-04-05,0.017279128291872965,0.017602901925593505
2022-04-06,0.0016217109556746917,0.002400936388443146
2022-04-07,0.0050426641237052835,0.004445426187882846
2022-04-08,0.0015444094469760446,0.0024463739081647803
2022-04-11,0.014224133294726904,0.013835789699651995
2022-04-12,-0.009913308242234775,-0.010245292290978623
2022-04-13,-0.004075423372345717,-0.003996734081672415
2022-04-18,-0.01030968416805106,-0.009934138009505624
2022-04-19,-0.004111731853105979,-0.006154394212424909
2022-04-20,0.007362031967078443,0.006124223949529469
2022-04-21,0.01186912721334013,0.012611472191810271
2022-04-22,-0.0046719087312073505,-0.003782830235811065
2022-04-25,-0.0072785014742524105,-0.007702678596899393
2022-04-26,0.009439889176025321,0.0096490852455434
2022-04-27,-0.007976076150890608,-0.007581936886879036
2022-04-28,0.011284792580243648,0.010670381592106844
2022-04-29,-0.0015696082796666706,-0.002802964004220048
2022-05-02,0.005278457616368662,0.003308369159274676
2022-05-04,-0.017455886272554462,-0.018412821833473095
2022-05-05,-0.00994622619436081,-0.009667003696124384
2022-05-06,-0.015869410997282847,-0.0165203738294623
2022-05-09,-0.002056836492105824,-0.004587743424206042
2022-05-10,-0.007555487544241788,-0.01004858957141552
2022-05-11,-0.014729955452305321,-0.0148709454505936
2022-05-12,-0.017991724302011517,-0.018321161386694235
2022-05-13,0.003726838899535638,0.0039327112532509985
2022-05-16,0.005898215111569611,0.008415046880516175
2022-05-17,-0.002553230148848142,0.0015952256473653137
2022-05-18,0.01764249936547098,0.017318366797525332
2022-05-19,-0.022226510985841594,-0.02178394946092069
2022-05-20,0.018178392341467974,0.017674664061863868
2022-05-23,-0.004888844017310953,-0.0035898792971356228
2022-05-24,-0.008529713501691658,-0.008615882799054616
2022-05-25,-0.015384168733027004,-0.01587703019003385
2022-05-26,0.008567987370693864,0.009117978989994896
2022-05-27,0.008426315359753227,0.008867821833720564
2022-05-30,0.011739000897215605,0.013895082095751254
2022-05-31,-0.013133601973692371,-0.011607990556317508
2022-06-01,-0.008204200748615057,-0.00580519349365023
2022-06-02,0.0014101807168290386,0.0012324153019478323
2022-06-03,-0.010155511924673961,-0.008999749051632078
2022-06-06,0.0002475563389593785,-0.0003168910594179802
2022-06-07,-0.00988777485263092,-0.010113050375860872
2022-06-08,-0.0031043788554371487,-0.0032429409771198136
2022-06-09,-0.003809576031896706,-0.0029724444320232833
2022-06-10,0.0013505304608774334,0.00031111657394859217
2022-06-13,-0.014160501692022138,-0.015023153248232604
2022-06-14,-0.000189326238611106,0.00023188685416575337
2022-06-15,0.005609971744288762,0.0050826932011173625
2022-06-16,-0.020994111529631126,-0.02077118254854806
2022-06-17,-0.01413378700684723,-0.012677933762803097
2022-06-20,-0.0052738974028134706,-0.006072452030499851
2022-06-21,0.009528810762214639,0.010758131244764135
2022-06-22,-0.006113701524735941,-0.006340210188245639
2022-06-23,0.004884702852025824,0.005193299071951559
2022-06-24,-0.0014279645581143972,0.0001354749113267452
2022-06-27,0.009879645606702295,0.010184926748952714
2022-06-28,0.00689759545160378,0.006460171133917445
2022-06-29,0.004285850074432033,0.003722837189103857
2022-06-30,0.010974781527184365,0.00934928688974188
2022-07-01,0.004577438676786231,0.00440160578262962
2022-07-04,0.013595503304260861,0.013006648213222302
2022-07-05,0.011352195190352155,0.010685554446726774
2022-07-06,0.018132350348621717,0.01859287188139365
2022-07-07,0.004938924438562692,0.005572032134022704
2022-07-08,-0.00041983294230250965,0.00071619365021472
2022-07-11,0.00913538825401901,0.009448850061712262
2022-07-12,-0.011217077014066549,-0.010672682244823225
2022-07-13,0.008214787992640535,0.006814011857642197
2022-07-14,0.004707665117654039,0.004656851552780457
2022-07-15,0.005771518448353899,0.005864571247175223
2022-07-18,0.013586086415789334,0.012543390727139028
2022-07-19,0.0127614539273521,0.012692393119870003
2022-07-20,0.0013562785596738895,0.0011188779939590723
2022-07-21,0.011168880728189112,0.01217141800257418
2022-07-22,0.010166682101955694,0.009466024814283528
2022-07-25,0.004504840235267914,0.003717107480271386
2022-07-26,-0.007071955725030711,-0.0071971026934018155
2022-07-27,0.0004680514470919003,0.0006227157585275247
2022-07-28,-0.002744791767707793,-0.0021660638545003955
2022-07-29,0.011441706152862385,0.012196398742698495
2022-08-01,0.001176975094679846,0.0021946036709030808
2022-08-02,0.010359847595708254,0.010331171405421818
2022-08-03,-0.00926758122368835,-0.009167445646665693
2022-08-04,0.0051441748249923145,0.00391623795757399
2022-08-05,0.0013598252470280953,0.0010409922431934384
2022-08-08,0.01325913559192222,0.011774048193135656
2022-08-10,0.005188318192282418,0.0047621247803808185
2022-08-11,8.172548224226966e-05,0.000162526059386353
2022-08-12,0.003346962254921859,0.003396146681141919
2022-08-16,0.0016934234532400495,0.0028715016807791243
2022-08-17,0.014347343095155292,0.013465102141842678
2022-08-18,-0.004422318110278236,-0.0038899993613673123
2022-08-19,-0.003962936867051614,-0.0033347637150280955
2022-08-22,0.0015071420990561877,0.0005624561574701271
2022-08-23,0.0023960016623088805,0.0027626693171241665
2022-08-24,0.015010244261858223,0.014166631274144366
2022-08-25,0.008585989123665537,0.008025422735767453
2022-08-26,0.0018032659696384861,0.0023543741435212754
2022-08-29,-0.010270634618221823,-0.010158154269352196
2022-08-30,0.004149340161984226,0.004689205076220311
2022-09-01,-0.007463200725206707,-0.007084908094736544
2022-09-02,-0.00294995528840342,-0.0030448735742090727
2022-09-05,0.004531699105745504,0.003985767323792297
2022-09-06,-0.0031868386124375607,-0.003374696608547863
2022-09-07,0.01764107134206472,0.017783739426520295
2022-09-08,0.004166650861049451,0.004593290896746465
2022-09-09,0.005200478326647082,0.005628226973486795
2022-09-12,-0.006225050113998521,-0.004379242260766867
2022-09-13,0.016831789739907753,0.015679335243071742
2022-09-14,-0.0017956374217204234,-0.0006717649908929075
2022-09-15,0.003075659134266699,0.0037302356406144896
2022-09-16,-0.04183879678148352,-0.0393534071986233
2022-09-19,-0.0094594731029553,-0.008352451822618765
2022-09-20,0.01882183724025412,0.018155762033623034
2022-09-21,0.0050384752983211765,0.0030060311787331235
2022-09-22,-0.0009108584272393809,0.0006831697977259018
2022-09-23,-0.009167921068209408,-0.010174948872870591
2022-09-26,0.00857523805065703,0.004403611337867485
2022-09-27,-0.0023311818963759863,-0.0023118498731217714
2022-09-28,-0.0023757994764281184,-0.003358059870707063
2022-09-29,0.011623436514387773,0.01112133300857469
2022-09-30,0.011103398606309836,0.011238879554406157
2022-10-03,0.0048929805356167175,0.0034387654659867426
2022-10-04,0.0018939395218080532,0.0036993469145398788
2022-10-06,-0.001323662126098542,-0.001415848780020492
2022-10-07,-0.0031089805245031335,-0.0033244497963138774
2022-10-10,-0.0025860316323476893,-0.002761083312669905
2022-10-11,-0.0055115628169282805,-0.005454575315384047
2022-10-12,0.011138935633148259,0.010627801459198866
2022-10-13,-0.0045673639591025765,-0.0051950661989255765
2022-10-14,0.0005888703103247745,0.0008728207232709303
2022-10-17,-0.0016430460767190053,0.0006629146559294504
2022-10-18,0.0015889008057556548,0.0015404905810254325
2022-10-19,0.0022841423990623624,0.002384253098776908
2022-10-20,0.00438850744754996,0.0038307507120653593
2022-10-21,0.00010189321972877135,-0.0008024227657580789
2022-10-24,0.0004465745568006054,0.0009054995699615162
2022-10-25,0.010320294251831827,0.008834653000473543
2022-10-27,0.0074295717832969345,0.007603011460425425
2022-10-28,-0.010485052994276226,-0.0096956101596514
2022-10-31,0.0245658470686625,0.021917837290451235
2022-11-01,0.008162992714365177,0.008056311021345576
2022-11-02,-0.009587871131828494,-0.011438193033843145
2022-11-03,0.01092574917088162,0.008462900901629817
2022-11-04,0.007305470636600185,0.007968579712725472
2022-11-07,0.009073978287633174,0.00847507323855706
2022-11-09,-0.014185651592255908,-0.01344452339553162
2022-11-10,-0.011298067683709967,-0.00934689434659896
2022-11-11,0.008353012817167285,0.007257946953020359
2022-11-14,-0.007027623474282173,-0.005636484902203898
2022-11-15,-0.00925447139411042,-0.007006867698118078
2022-11-16,-0.005387423827961394,-0.007202529306426949
2022-11-17,-0.005709157114383633,-0.005781083322632244
2022-11-18,0.010771647228628271,0.009473704140826988
2022-11-21,0.03122546508070861,0.023060816309327322
2022-11-22,0.034693572808209915,0.025392940587402945
2022-11-23,-0.010823485548781236,-0.008589312663625328
2022-11-24,0.007511794081189055,0.006015049643486294
2022-11-25,0.013134581399274278,0.012705493459583697
2022-11-28,0.015618767497172193,0.015505542200882171
2022-11-29,0.006488095484287996,0.006434007194796487
2022-11-30,0.00374470882929249,0.004577249441773381
2022-12-01,-0.004065760698410456,-0.0030665904779530054
2022-12-02,-0.0028332849995493636,-0.0023480163475352762
2022-12-05,-0.0032035483835361612,-0.003676334027291707
2022-12-06,-0.0013098328679769426,-0.0011978744231404181
2022-12-07,0.009967758055359488,0.009221667021628289
2022-12-08,0.0036833448637000354,0.005232067562569242
2022-12-09,-0.011737339781416533,-0.011544052849866265
2022-12-12,0.0008353825332789999,0.0009450022276308878
2022-12-13,0.017014440731475945,0.01803438389316986
2022-12-14,0.014249623683878696,0.013813395131477278
2022-12-15,-0.006126722061590585,-0.0070046143730617344
2022-12-16,0.005947699739942496,0.0035963149675091134
2022-12-19,-0.01231846094495672,-0.010554794138860676
2022-12-20,-0.0055516423812851,-0.005667998442657192
2022-12-21,0.00422478164113212,0.0028423096282550026
2022-12-22,-0.0029002503957258497,-0.004054045053991033
2022-12-23,-0.02412914779776564,-0.02643267514074974
2022-12-26,0.013075428038367892,0.014223152433927662
2022-12-27,0.007349116535808674,0.009313956925023837
2022-12-28,-0.004202129061277105,-0.0041765223677998784
2022-12-29,-0.002744558267880615,-0.001897590663904391
2022-12-30,0.01297748983130367,0.012170728948534958
2023-01-02,-0.0010109576396591915,-0.001215774281615378
2023-01-03,0.002009367405421925,0.0018343851123964736
2023-01-04,-0.0004114169917937856,-0.0002195115759000727
2023-01-05,0.0014503169685579262,0.0013959663089582628
2023-01-06,-0.005743894213960883,-0.006554524664190502
2023-01-09,0.0055773613668260846,0.0054932345005155
2023-01-10,0.0010079224785738623,0.0005221552960727014
2023-01-11,0.004492652484272577,0.004167026561295816
2023-01-12,0.0006194652185184222,1.9355909418045447e-06
2023-01-13,-0.00030158237715741587,-0.00027986527017771057
2023-01-16,0.0004703355601323203,0.0008595012017815982
2023-01-17,-0.0030783032568252205,-0.003391722090671875
2023-01-18,0.0025653511140030175,0.0020851588176468597
2023-01-19,0.0011148865483705756,0.0006991908425778198
2023-01-20,-0.009745071594136354,-0.008748130633860778
2023-01-23,-0.00939693559670254,-0.008804950817949318
2023-01-24,-0.0037826621166492454,-0.004283415797541973
2023-01-25,0.008754338776429059,0.005459757784046227
2023-01-27,0.02554911692533401,0.01865915903330478
2023-01-30,-0.00471801647491588,-0.004977724214399674
2023-01-31,0.011677862229803455,0.012469825784687815
2023-02-01,0.014277996280943282,0.009978552993950673
2023-02-02,0.019521485197414132,0.01726020680744669
2023-02-03,0.004057131142763149,0.004497578464333766
2023-02-06,-0.006231213785731561,-0.00454736586872374
2023-02-07,0.004835020112863746,0.004501895869752183
2023-02-08,0.0006016271052663939,0.0032121760896869135
2023-02-09,-0.0073642533311029405,-0.007831332298005202
2023-02-10,0.011823715611163979,0.012564171186966596
2023-02-13,-0.011881717727678997,-0.01205954681081244
2023-02-14,0.003650219941362138,0.0034796140120022688
2023-02-15,0.0006235965619715432,0.0005623434607155567
2023-02-16,0.004557710187188702,0.0044327503240719135
2023-02-17,0.002157304066453422,0.0012167225776612781
2023-02-20,-0.0009379500105459945,-0.0006235705734251865
2023-02-21,-0.005285732835542727,-0.004892861475569529
2023-02-22,0.0052289598531283085,0.0038210523722798724
2023-02-23,-0.005119657621029493,-0.004748839155753878
2023-02-24,0.0055942521497345165,0.005348643412617383
2023-02-27,0.00030437571295307577,0.0006023704864031688
2023-02-28,-0.004004869988441231,-0.0016054846754401009
2023-03-01,0.000993125441196912,0.0024274176401992194
2023-03-02,-0.0035151848697138784,-0.0038998193442558826
2023-03-03,-0.005488682281577429,-0.004199689666871404
2023-03-06,0.0034523823979965107,0.0032483567004203727
2023-03-08,-0.0005118700894418202,0.0005598861591106926
2023-03-09,0.0017337540681863135,0.0011037961273311302
2023-03-10,-0.005671314983328563,-0.005128246481394025
2023-03-13,-0.010770233388578897,-0.012159026558809882
2023-03-14,-0.0062793947322657565,-0.006196792467807016
2023-03-15,0.0019382837576468834,0.0017454140337278474
2023-03-16,-0.012424432019782005,-0.011353237205860638
2023-03-17,0.0024648170569956324,0.00210596926072691
2023-03-20,-0.0029645606825688406,-0.003353317311935783
2023-03-21,0.011510947083465067,0.011487133635344813
2023-03-22,0.006211458191225148,0.005648711952283428
2023-03-23,-0.0010186799296312843,-0.0010211690422519397
2023-03-24,0.00015355690151800836,-0.0008541939790709086
2023-03-27,-0.006527620566966153,-0.00602339399827265
2023-03-28,0.006885131075414203,0.0065148924663251135
2023-03-29,0.010883670116076273,0.013069984148669417
2023-03-31,0.00607861758401898,0.005727106994678956
2023-04-03,-0.001958868254628966,-0.0009380593712190143
2023-04-05,0.0022659786458356576,0.002169772071453138
2023-04-06,-0.0002619122052945637,0.0003284588059262436
2023-04-10,0.0108430333860565,0.010930046815092482
2023-04-11,0.006416274475958408,0.006390196547301164
2023-04-12,0.0037084492429868303,0.004418504624673707
2023-04-13,0.004463099808152341,0.004255054317963757
2023-04-17,0.0029296431743930118,0.002638024481117772
2023-04-18,9.477009893069316e-05,0.0002354984822585313
2023-04-19,-0.0016271573273432113,-0.0010663552890072226
2023-04-20,-0.00732841506308545,-0.006903649643837205
2023-04-21,-0.0028979783956910423,-0.0030084620418948
2023-04-24,0.0024101185338312454,0.002858994590428813
2023-04-25,-0.0029266437687851497,-0.002407367938588447
2023-04-26,0.013009430728298032,0.013807743749030982
2023-04-27,0.007482977637615273,0.008219983644119008
2023-04-28,0.005740042533796231,0.005941396535002792
2023-05-02,-0.0012131119249868551,-0.0019492167305651246
2023-05-03,-0.007279324114634692,-0.006954620960650473
2023-05-04,0.011381134995895326,0.010987486715554419
2023-05-05,-0.0035293874014236076,-0.00418235592143006
2023-05-08,0.008788195162628066,0.010117202599996924
2023-05-09,-0.003658244629686817,-0.002765384483612148
2023-05-10,0.003160385373598699,0.003254460088330546
2023-05-11,0.011494204467286554,0.011785031625651027
2023-05-12,-0.0009695766685778607,-0.00039586701664204765
2023-05-15,0.009597863415339,0.010310242352678438
2023-05-16,-0.006698254847315565,-0.005937464304626028
2023-05-17,-0.001960581925536893,-0.0016631508667960132
2023-05-18,-0.00146113078702463,-0.0019942922049900535
2023-05-19,-0.0030418554755864335,-0.0034399545416522884
2023-05-22,0.010308193775296388,0.011090478425828675
2023-05-23,-0.001703841062162165,-0.0012292791099494697
2023-05-24,0.006464463537301306,0.005929144712549155
2023-05-25,0.0038014504755344665,0.0032749431202117206
2023-05-26,0.011024687913128526,0.011579630676244547
2023-05-29,0.003815733427815416,0.0023868826886828103
2023-05-30,0.0029056499296687254,0.004093763037816458
2023-05-31,-0.0010408679184956136,0.0009887200766939869
2023-06-01,-0.006066425319928698,-0.006022837357622365
2023-06-02,0.004449775728214255,0.003992834981311631
2023-06-05,0.010049629765237026,0.00876304081357702
2023-06-06,0.002379940921238096,0.0021554492494050307
2023-06-07,0.016577277349206474,0.015436842153128042
2023-06-08,-0.0028232091119481896,-0.002656030659321635
2023-06-09,0.0016970652437357722,0.0012582765578785533
2023-06-12,0.0034518274131327006,0.0025631786841649384
2023-06-13,0.0116304419197625,0.011065956030096512
2023-06-14,0.006301998042303439,0.005791754698541166
2023-06-15,-0.0012793205451124133,-0.000724909980293001
2023-06-16,0.010330513277184554,0.010279536754064464
2023-06-19,0.004825484000892823,0.004052775145442485
2023-06-20,0.008886172449362245,0.008368861348541323
2023-06-21,0.001294307182873842,0.002531756796917952
2023-06-22,-0.0014716537170186268,-0.00262540460289035
2023-06-23,-0.006933349263393714,-0.007169781711308236
2023-06-26,0.010388561478252132,0.011920120220587159
2023-06-27,-0.0026401348179153484,-0.002184495430740937
2023-06-28,0.0033694756490566815,0.0035500915412238388
2023-06-30,0.0041786569894662244,0.00451688516585285
2023-07-03,-0.0031752183779622236,-0.002819536450566525
2023-07-04,0.003022122454437682,0.0034334600894933265
2023-07-05,0.004526782969948378,0.005345116908538335
2023-07-06,0.0038475446164410567,0.004938638276601735
2023-07-07,-0.010375295040537746,-0.009983582286637713
2023-07-10,0.004690429979398095,0.004581098674115204
2023-07-11,-0.0015035490036662048,-0.0010019911392550166
2023-07-12,0.004485688895105664,0.005043470762907612
2023-07-13,0.005925362550404207,0.004071218157495651
2023-07-14,0.006161123129713491,0.007818131194943128
2023-07-17,0.0009467084815051401,0.0009124039068856486
2023-07-18,-0.0015017508294799325,-0.0007244683388418178
2023-07-19,0.005796135383623184,0.006466058000160897
2023-07-20,-0.0024247787130770838,-0.0015682443054570792
2023-07-21,-0.005477929543402891,-0.004797681870492877
2023-07-24,-0.004928015996621164,-0.004955214168303591
2023-07-25,0.00041193149658137247,0.0007856878928141141
2023-07-26,-0.0012639497288543106,-0.0007438403221085104
2023-07-27,6.91003178747125e-05,0.001163400118303545
2023-07-28,0.009658867388443279,0.0084828151701804
2023-07-31,0.018558244020571584,0.017270225031482244
2023-08-01,0.009838672639077698,0.009239595703823
2023-08-02,-0.012659672838417317,-0.013511318482597864
2023-08-03,-0.0022234566257649125,-0.0007799139770945305
2023-08-04,-0.003991716870976449,-0.0036661489260842246
2023-08-07,-0.0008373416712409336,-0.0006694851771695264
2023-08-08,0.0011912851411784563,0.0025762100923488423
2023-08-09,0.0027594089048672238,0.004302445973639326
2023-08-10,-0.002187899787200631,-0.0019524657488543182
2023-08-11,0.002581579663158636,0.0016939463780213163
2023-08-14,-0.00845517231252067,-0.008803139243815296
2023-08-16,0.00650865818043435,0.005600251942584744
2023-08-17,0.0036902902207848333,0.0034445235339034476
2023-08-18,0.0004114821642085918,0.0009324596233556503
2023-08-21,0.005872733856724269,0.005539531036483037
2023-08-22,-0.00032157524543292523,-0.00011087767952913042
2023-08-23,-0.0014608429452639086,-0.0011472383505473029
2023-08-24,-0.006930599619478906,-0.0073471255769175636
2023-08-25,-0.013708868443039274,-0.01258926107562167
2023-08-28,0.0010851536596195735,0.0007716364151843215
2023-08-29,0.00033584678872947816,0.0007531928021678264
2023-08-30,0.007988951520142033,0.0075768648458960286
2023-08-31,0.014694516447251742,0.013717961414624925
2023-09-01,0.008844554197842693,0.009278746679586041
2023-09-04,0.0025832903552557808,0.0012470708397584857
2023-09-05,0.00668043405270928,0.007769688827862782
2023-09-06,0.005171403289067115,0.004724876077673826
2023-09-07,0.015440009117122053,0.01548104991225722
2023-09-08,0.005829095985070979,0.0063663888790356365
2023-09-11,0.0026382375811472643,0.00438800251465512
2023-09-12,-0.012439515029053385,-0.01532004832810998
2023-09-13,0.010071802322508025,0.010091701885569
2023-09-14,0.006434727219449552,0.006109852761415329
2023-09-15,-0.005366536619519511,-0.003762710178166984
2023-09-18,0.003919246434518699,0.003303630857320707
2023-09-20,0.0045942098304925325,0.002116914741601902
2023-09-21,-0.009507827325215377,-0.010429413926299468
2023-09-22,-0.004629232158144881,-0.0035244071781721648
2023-09-25,0.007563779106016077,0.007045111130470898
2023-09-26,-0.00530595963558788,-0.004171908564920182
2023-09-27,-0.002389049460196156,-0.0023682257098633537
2023-09-28,-0.000981042874708003,-0.0012753296021665147
2023-09-29,0.00912150913635124,0.0102295342800802
2023-10-03,0.0028425541233975645,0.0029528187062358557
2023-10-04,-0.01290874730066473,-0.013189401599275945
2023-10-05,-0.003602747667967688,-0.004225609268655864
2023-10-06,-0.0011639485372244773,-0.0005424482438393458
2023-10-09,-0.007136759818222201,-0.007820411422301578
2023-10-10,0.00569676706682562,0.006625008041276285
2023-10-11,0.006865625323177156,0.005984574724871192
2023-10-12,0.005163466153929917,0.004630400905856791
2023-10-13,0.00011500375939516093,-0.0008078189553464012
2023-10-16,-0.0065384424543069985,-0.004977901580414723
2023-10-17,0.003985767344836215,0.0036788914533060738
2023-10-18,0.009730260797109177,0.008545572794715182
2023-10-19,0.004493300080398552,0.0028832543759189236
2023-10-20,-0.007512044415018318,-0.008303919970389345
2023-10-23,-0.019490840659198958,-0.02108258722287668
2023-10-25,-0.005914432427281289,-0.006552484915678526
2023-10-26,-0.015149106148910654,-0.014949848848964586
2023-10-27,0.012849368654424393,0.01498010070706298
2023-10-30,0.006663974036748756,0.005059361760477727
2023-10-31,-0.0010042306674363437,-0.0005761961940586265
2023-11-01,0.010208548868970088,0.009456627750000463
2023-11-02,0.0024932520908331306,0.004034277359072861
2023-11-03,0.013551277551837635,0.012318170420152513
2023-11-06,0.017912738029552202,0.016736934238140995
2023-11-07,0.00622589734595577,0.006730763639616901
2023-11-08,0.0013580498574252138,0.0016630804751726872
2023-11-09,-0.006462801397590421,-0.005086168013256707
2023-11-10,0.007578595103459158,0.007516996654573598
2023-11-13,0.0010373109998571047,0.0015171625562071548
2023-11-15,0.005520428198007092,0.005398046135950597
2023-11-16,0.0022374271025821036,0.0023274270908733925
2023-11-17,0.0022856105676562523,0.0029896362943733702
2023-11-20,-0.004077225792559181,-0.0031048598576930908
2023-11-21,0.005213725946318494,0.0058424392907989245
2023-11-22,0.012042716059432967,0.01267991913410901
2023-11-23,-0.0012742932061148937,-0.0003353489312387095
2023-11-24,-0.0008521746003671163,-0.001078882990209582
2023-11-28,0.0028157817792933393,0.0013797519609504432
2023-11-29,0.00023358473966911272,0.0009855889156704495
2023-11-30,0.020936255980863905,0.019519181788846384
2023-12-01,0.0023113880199954165,0.0031668356287313354
2023-12-04,0.014464313660715357,0.01278327815084839
2023-12-05,0.004119309294808229,0.004443721336452029
2023-12-06,-0.013198692820833415,-0.011204539540049546
2023-12-07,0.008553953010998707,0.0064855810664255775
2023-12-08,0.0014918818778675736,0.0008817428464039585
2023-12-11,0.0068380944157383425,0.005158192443220691
2023-12-12,-0.0006719806433634391,-0.002430590884989477
2023-12-13,0.0037544832478345488,0.004831203344604014
2023-12-14,0.007864153746959977,0.006296395365420022
2023-12-15,-0.003959213934419774,-0.0032988712169946194
2023-12-18,-0.0073382361834658195,-0.006627340777385042
2023-12-19,0.004288755979927721,0.005006684460743846
2023-12-20,-0.013686216133762493,-0.014572684977332662
2023-12-21,0.008644866714136567,0.009088934290410099
2023-12-22,0.0041303507943125225,0.004483575119176931
2023-12-26,0.002631960158615424,0.003057414904233283
2023-12-27,0.010874454497071544,0.007761114135329974
2023-12-28,0.004777206276653233,0.005134438712718492
2023-12-29,0.011041821990647887,0.010365282182853871
2024-01-01,-0.0009485422720453962,-0.0006230768853416731
2024-01-02,-0.007892246349801008,-0.005797429666412678
2024-01-03,-0.013724508015347943,-0.012610672854488796
2024-01-04,0.006161554419562697,0.007613857319717822
2024-01-05,0.005421130615940258,0.005033972478489673
2024-01-08,-0.005463960744952405,-0.005246015497699131
2024-01-09,0.0032803500497109715,0.00338686639473816
2024-01-10,-0.003439173006381315,-0.0018791166108019033
2024-01-11,0.0044034813330235305,0.003647817396324795
2024-01-12,-0.0011030916744214552,-0.0008154049479509627
2024-01-15,0.012957619565236377,0.012203470977303177
2024-01-16,-0.005628122878069951,-0.0057100309859081716
2024-01-17,-0.010126174123861676,-0.010629211408098315
2024-01-18,0.0007212525925405223,0.00010061989120268959
2024-01-19,0.009566901623106902,0.0088057941482625
2024-01-23,-0.02252932979233953,-0.022483309189002786
2024-01-24,0.005087655290365407,0.0057792315351523765
2024-01-25,-0.011523404154677161,-0.007820451924402023
2024-01-29,0.01804217061640727,0.016509403061243964
2024-01-30,-0.0018701516113053221,-0.0020188129585019584
2024-01-31,0.016407533960537592,0.01520458033799825
2024-02-01,-0.009559726307900597,-0.009189039010191562
2024-02-02,-0.0018983528577486092,-0.0028785903581953695
2024-02-05,-0.014891363344107759,-0.015505621397153039
2024-02-06,0.0027619640589428823,0.006235853455948152
2024-02-07,0.009234764140879006,0.008193912946593636
2024-02-08,-0.005535905030051501,-0.004779480035974397
2024-02-09,-0.0037007999831861053,-0.00392360815102074
2024-02-12,-0.0008976784676106824,-0.004271342100800701
2024-02-13,-0.0002337235225030147,0.001612837966479775
2024-02-14,-0.0006541018502212375,0.0008716906865037044
2024-02-15,0.015034897950493072,0.014493220769437666
2024-02-16,0.010371621888129606,0.009516433913379065
2024-02-19,0.01727684140067441,0.016403834839175062
2024-02-20,-6.133094143544881e-05,-0.0004687279336079638
2024-02-21,-0.005934094109536018,-0.006029226614293302
2024-02-22,-0.001541555634949995,-0.0013059362352924328
2024-02-23,-0.0009286478278516698,-0.0005177648738764288
2024-02-26,-0.003352982003654628,-0.0024939546687894098
2024-02-27,0.005927042891957634,0.006033609210501087
2024-02-28,-0.008287073486453798,-0.008612948571849991
2024-02-29,0.0046649798320043635,0.005391790168156303
2024-03-01,0.010762795910300991,0.010214385299134944
2024-03-04,0.004583764496586007,0.006014413248692536
2024-03-05,-0.01241669758474314,-0.01083993566983433
2024-03-06,-0.011215601641181431,-0.011534869970437471
2024-03-07,0.0036540470373771575,0.0042701005086986255
2024-03-11,-0.004007435666645067,-0.005450468749704746
2024-03-12,-0.010286664877968138,-0.010553021142087584
2024-03-13,-0.017350638416998184,-0.020872870562487086
2024-03-14,0.001914763810291096,0.004420303769538179
2024-03-15,0.00212636119565349,0.0032275061788129065
2024-03-18,0.011121506583264152,0.012365847673926303
2024-03-19,-0.014928442317087547,-0.013886941716952433
2024-03-20,0.003056703235574184,0.0026837217667462165
2024-03-21,0.013786204970229476,0.014811311520668967
2024-03-22,-0.0007727083744287019,-3.600563780211638e-05
2024-03-26,-0.0010696419350566143,-6.724033002483175e-05
2024-03-27,0.001966627398766824,0.002354924154671001
2024-03-28,0.006007864785490019,0.005779290666170274
2024-04-01,0.016182005598898597,0.016526915363720196
2024-04-02,0.008951134208063196,0.009422433081005151
2024-04-03,0.0015618293113054996,0.001943946896471131
2024-04-04,-0.001951647131766613,-0.0011416894548600047
2024-04-05,0.0008276093307551845,0.0017633529620959243
2024-04-08,0.0015019585698289085,0.0009980646963760485
2024-04-09,0.0008708144161477898,0.0017709367338310565
2024-04-10,0.004012414261768992,0.005196060537076513
2024-04-12,-0.016723628050255394,-0.01576098974263479
2024-04-15,-0.007858062419106422,-0.007285416504520519
2024-04-16,0.00027579881722486943,0.0012545992198616295
2024-04-18,-0.002436734637752474,-0.0011778598163616671
2024-04-19,-0.005121063451925069,-0.003626992453931829
2024-04-22,0.0055296453590757,0.004581610763032837
2024-04-23,-0.000413233467958441,-0.0004995222131208804
2024-04-24,0.004528222996758293,0.005102223142769031
2024-04-25,0.014043464461368522,0.013964601914497584
2024-04-26,0.008511183703200935,0.009147285896906577
2024-04-29,0.00617485156267681,0.00569285793095708
2024-04-30,-0.0017838893186754488,-0.002043800341760865
2024-05-02,-0.0033140059255674934,-0.002297898281919485
2024-05-03,-0.004182468843993074,-0.0037978418509298593
2024-05-06,-0.004002066844052823,-0.0045043827782009676
2024-05-07,-0.0002660928880251702,-0.001448750113678508
2024-05-08,-0.0012707570205663244,0.0010926642856435272
2024-05-09,-0.009084822362110652,-0.011187143695074665
2024-05-10,0.007980433870926182,0.008920544459141411
2024-05-13,0.0007888233719027977,0.00021479069752011786
2024-05-14,0.012365284160646521,0.013912853533817587
2024-05-15,0.0050239467595963915,0.005393829647125568
2024-05-16,0.014430262689329476,0.013797860266188742
2024-05-17,0.012441837032809705,0.012282054738160417
2024-05-21,-0.0022249541672846066,-0.00038202475619845977
2024-05-22,0.0035807280892256634,0.002019486014881002
2024-05-23,0.00283352289595009,0.003106090648162388
2024-05-24,0.0037420347858643267,0.0033091838672308638
2024-05-27,0.01829555334252313,0.016381364390073483
2024-05-28,0.0030543709003410424,0.0026471110980623405
2024-05-29,-0.010586975532853784,-0.008667396946222535
2024-05-30,0.003212824379564987,0.0036998310733274745
2024-05-31,0.00819096120634005,0.008741208490562258
2024-06-03,0.021627319422624934,0.02222006021467697
2024-06-04,-0.03396353657600306,-0.038810502827380584
2024-06-05,0.026962601097358218,0.028874581216860023
2024-06-06,0.0022765371774173993,0.004122943182297738
2024-06-07,0.023399886724748475,0.02264517713074748
2024-06-10,0.01118096410183553,0.009361605098321424
2024-06-11,0.013595102575490983,0.012313169770522167
2024-06-12,0.005531768733233543,0.005195516582852503
2024-06-13,-0.000284305291313773,-0.0003652751857797752
2024-06-14,0.005711660067159213,0.0062550776452482346
2024-06-18,0.009098685761690947,0.009376104997036382
2024-06-19,-0.015361210769277933,-0.015426465991093376
2024-06-20,0.002792729948074151,0.002912225718734021
2024-06-21,-0.004511536618544976,-0.0034275197630011475
2024-06-24,0.010054655356140578,0.008937466538286257
2024-06-25,0.0029339831399311234,0.0028674630392003016
2024-06-26,-0.003932189749115561,-0.0050503787956915885
2024-06-27,0.0036877106275578623,0.002438069730610387
2024-06-28,0.008967034975122926,0.008629978755694346
2024-07-01,0.024363055109107072,0.02274137076091368
2024-07-02,-0.00505633213598195,-0.004980764299971378
2024-07-03,0.0031103170305868096,0.003919624196895493
2024-07-04,0.003990477155282383,0.0039590217843342166
2024-07-05,0.006563815259417596,0.0075236697916977145
2024-07-08,-0.008360690246652728,-0.007550482153532699
2024-07-09,0.025642826520249296,0.025416577958592132
2024-07-10,-0.016949417002485995,-0.01688787814590851
2024-07-11,-0.0006055599578630711,0.0009124812571930264
2024-07-12,-0.0036262943774378687,-0.003417497789138803
2024-07-15,0.009889951503373004,0.008484580651475941
2024-07-16,0.0008695946595826988,0.0015024789758793103
2024-07-18,-0.010635350271485832,-0.011284759875854587
2024-07-19,-0.018635220154977417,-0.019374047175830956
2024-07-22,0.011619121814994393,0.010791991645693501
2024-07-23,0.0060208610904796565,0.005489363132707198
2024-07-24,0.004205559123367645,0.004575766225800501
2024-07-25,0.004175967334792254,0.003981639834763808
2024-07-26,0.007784596254842983,0.007961022853514299
2024-07-29,0.01372412078255193,0.012857988044601238
2024-07-30,0.004734496868926271,0.005436831847150468
2024-07-31,0.013363233918268921,0.012955019594509572
2024-08-01,-0.002667465767037017,-0.0020453641754174788
2024-08-02,-0.009678802727480512,-0.008764571690948417
2024-08-05,-0.030356448229022236,-0.03157097031738955
2024-08-06,-0.005213197887032689,-0.002623442533084076
2024-08-07,0.02491740621068933,0.023956916867087622
2024-08-08,0.005998609458892553,0.006611273774885547
2024-08-09,-0.0014545687268750001,-0.0009832634406370915
2024-08-12,0.004531960467065221,0.004830475443703413
2024-08-13,0.01600324133820587,0.015312430959872033
2024-08-14,-0.006169453110531938,-0.005347062386534816
2024-08-16,0.013453105529179778,0.013539803791155396
2024-08-19,0.005132653449595299,0.005753596464129977
2024-08-20,0.001325090894887,0.001065078301627474
2024-08-21,-0.0030377419902200232,-0.0018578368513056584
2024-08-22,0.001299109452388426,0.0014051274182180326
2024-08-23,-0.0007634018606419999,-0.0012246236465807987
2024-08-26,-0.005494321251458148,-0.004515581956934017
2024-08-27,0.007429679044109504,0.007243218865707553
2024-08-28,-0.00019678047462957,0.00016226100435796768
2024-08-29,-0.007391628199966409,-0.007467681802562909
2024-08-30,0.0018650995968985326,0.0017599028449407916
2024-09-02,0.001031083756954868,0.0002698988520789707
2024-09-03,0.006340451996487523,0.006066106952419171
2024-09-04,0.023217651898363192,0.02240182734556075
2024-09-05,-0.006238664702480426,-0.005587637235639992
2024-09-06,-0.0021254962652224726,-0.0025647588104494154
2024-09-09,-0.001770040779998336,-0.002057658429048548
2024-09-10,0.009936693050330025,0.009783500291814112
2024-09-11,-0.0027132241572798217,-0.002514740868186154
2024-09-12,0.014811198656367958,0.01446586230140016
2024-09-13,0.002289204768076713,0.002101520804373337
2024-09-16,-0.0037729655594505086,-0.00289120133776388
2024-09-17,-0.003700331377939417,-0.0035171223098848722
2024-09-18,-0.0032829195679661936,-0.0032349226789465863
2024-09-19,0.001090593338154071,0.0008563672044118742
2024-09-20,0.0036621211801420805,0.003737493757999148
2024-09-23,0.005300120115389955,0.005184524042543841
2024-09-24,0.0028687135424575677,0.003569601716236012
2024-09-25,-0.000214336382284764,-5.378435798963704e-05
2024-09-26,0.004032085494865156,0.0035538007900610628
2024-09-27,-0.005467512517090657,-0.005148352929416504
2024-09-30,0.0031624828626135174,0.0032223663350835884
2024-10-01,0.0037269395197449323,0.004070510008935732
2024-10-03,-0.010233303170162238,-0.01038127024483657
2024-10-04,-0.022506366868885887,-0.02130735915376133
2024-10-07,-0.018008262804339453,-0.018131181074873087
2024-10-08,0.015332344759141619,0.016088267689323334
2024-10-09,0.004963885735356661,0.006473120395495203
2024-10-10,-0.00019966385730354165,-0.0001876940987068377
2024-10-11,0.019657728440758408,0.019324884144628452
2024-10-14,-0.00720632988623572,-0.0069844173411871355
2024-10-15,0.00698284350636408,0.0068750106220588246
2024-10-16,-0.0002934191961937628,0.00013018393241582147
2024-10-17,-0.021173116410166455,-0.019196195883604595
2024-10-18,-0.006207253677720545,-0.007622876044766798
2024-10-21,-0.0032775473135742686,-0.007125453557061455
2024-10-22,-0.01067923433447103,-0.011835390983996722
2024-10-23,-0.004325133370919216,-0.004408487208955752
2024-10-24,0.007357307637902083,0.004387591158444902
2024-10-25,-0.00010753127236661587,-0.001402377553418709
2024-10-28,0.0050114557880261736,0.004943891981739634
2024-10-29,-0.00459659869724585,-0.0030130609507564455
2024-10-30,0.006546207983804944,0.0066226625300834325
2024-10-31,0.009510285084225783,0.013655448532166697
2024-11-01,0.008486424592976436,0.008334779576117864
2024-11-04,-0.004931020283485111,-0.006510197632721751
2024-11-05,0.0025504305037225097,0.002802248822328576
2024-11-06,0.006738069998627631,0.007783671525504814
2024-11-07,-0.011649198915228018,-0.011907953791093382
2024-11-08,-0.005156539165170843,-0.00650981911675056
2024-11-11,-0.007381037471458495,-0.005268591806048423
2024-11-12,-0.007996680834432272,-0.007733692268918321
2024-11-13,-0.01874383463390051,-0.018913843176476472
2024-11-14,0.001121968704149798,0.002331337045926352
2024-11-18,-0.007589747799788297,-0.007854508619642864
2024-11-19,0.015598718260858834,0.01448813438174077
2024-11-21,0.008571260638076087,0.007324421155452376
2024-11-22,0.011729100279066346,0.011306686536341468
2024-11-25,0.0022314567090815614,0.005975835767464177
2024-11-26,-1.63192521286425e-05,-0.0005207568532022773
2024-11-27,-0.0035888591196929645,-0.0032014713972071383
2024-11-28,-1.7552465825759148e-05,-0.0010663846531121942
2024-11-29,0.010328781776166585,0.009561918186342415
2024-12-02,0.0016674480564141314,0.0006031735364154737
2024-12-03,0.004981510160657451,0.005793741416347643
2024-12-04,0.00382611279738281,0.002829911919013944
2024-12-05,0.0014894655657445664,0.00170354267870738
2024-12-06,2.2907134168172275e-05,0.0012146354376650012
2024-12-09,-0.005954255607060551,-0.005559709224931968
2024-12-10,0.011145576526832462,0.010792930377811455
2024-12-11,-0.00584020189097228,-0.004928423932800535
2024-12-12,-0.010667327409115804,-0.011120073440692891
2024-12-13,0.005457453490534419,0.003920900709563814
2024-12-16,0.004994181799150294,0.004738863716924736
2024-12-17,-0.012215385340680993,-0.012159686051039661
2024-12-18,0.004358033927277523,0.003226098510466264
2024-12-19,-0.004674263842118784,-0.004727470289998221
2024-12-20,-0.017494853461154945,-0.01725011300518183
2024-12-23,-0.004635879095655877,-0.0052797327116127744
2024-12-24,0.0007374633130005169,0.0007901809707585677
2024-12-26,-0.0034044633813004807,-0.0032749801073640034
2024-12-27,0.003905969467607143,0.0038559755532727395
2024-12-30,0.014736757106770719,0.013677505707135662
2024-12-31,0.026911319646339096,0.024454529365507453
2025-01-01,0.019362579002496008,0.014853687095537646
2025-01-02,-0.002889503860919479,-0.0022729431441302766
2025-01-03,-0.0007369359764468936,-4.729546858544295e-05
2025-01-06,-0.022763238382522248,-0.02343051334184752
2025-01-07,0.0032166938494713974,0.0027209887631519593
2025-01-08,-0.01859571300235367,-0.017997658267300844
2025-01-09,-0.011327522404554218,-0.010850925579758646
2025-01-10,-0.018280077395864076,-0.018560942425893626
2025-01-13,-0.020351951226493994,-0.022072401656197074
2025-01-14,0.004176698325567249,0.005768694943337186
2025-01-15,-0.004478198559838495,-0.0038804283237920613
2025-01-16,0.003959132626567394,0.005440002232522526
2025-01-17,-0.0023816818727472647,-0.00232203470052939
2025-01-20,0.0045482791005868346,0.004670970994457679
2025-01-21,-0.005847333147430679,-0.0077915857257702895
2025-01-22,-0.005081405013992169,-0.0045057369297645256
2025-01-23,0.008821799157118324,0.008226729838278863
2025-01-24,-0.011804842220231999,-0.013299931945688074
2025-01-27,-0.02911347804220879,-0.02882436697433452
2025-01-28,0.00027918805140326455,-0.0004665618053734052
2025-01-29,0.04295706989127563,0.0418808368503365
2025-01-30,-0.004740196082283751,-0.00534891664609193
2025-01-31,0.008386636564076823,0.0100892903463085
2025-02-01,0.010449671934437773,0.010765087972614709
2025-02-03,9.394793684508994e-05,-0.0004559637921244963
2025-02-04,0.0019576195759033826,0.002461000038721617
2025-02-05,0.0017099397853669613,0.0019444905123400119
2025-02-06,-0.017108904931669024,-0.016668456096564904
2025-02-07,0.02380611797821736,0.022909697983171662
2025-02-10,-0.014636514026804956,-0.01466065753192341
2025-02-11,-0.015822147773929176,-0.018002773127834455
2025-02-12,-0.007033866414360026,-0.0057749867142928134
2025-02-13,-0.00075716737213083,-0.0015065694787135193
2025-02-14,-0.01729606637010018,-0.017815458162957012
2025-02-17,0.0038836378852282008,0.0027959619855186632
2025-02-18,-0.00914055078109434,-0.010402799830893808
2025-02-19,0.000391461893529746,0.0014360353170525103
2025-02-20,-0.0036576101570471365,-0.002203283833499054
2025-02-21,-0.006969963859246898,-0.006853513666111818
2025-02-24,-0.007710408402816886,-0.008325149464042841
2025-02-25,-0.004789640849526048,-0.004498047519755131
2025-02-27,-0.00815945081826584,-0.008510954265976142
2025-02-28,-0.02877885295752896,-0.027438353203813156
2025-03-03,0.014278993610695326,0.014014863442615553
2025-03-04,0.00561104919763866,0.006288213302609312
2025-03-05,0.014172493586673414,0.014885986799970245
2025-03-06,0.0098761869873327,0.011068167494157623
2025-03-07,0.008342224350861491,0.008241481327243916
2025-03-10,-0.0032380449957131094,-0.005037682177184245
2025-03-11,-0.01073617965589686,-0.011066718645023729
2025-03-12,0.0061279811579435135,0.005809466103512768
2025-03-13,-0.0033660699805922478,-0.002315648558877377
2025-03-17,0.00712381051103488,0.006548717402961651
2025-03-18,0.0,0.0
2025-03-19,0.024740329258157025,0.025398690790712684
2025-03-20,0.0024982055463078157,0.003522371353605896
2025-03-21,0.0034271549224133726,0.0022878369911028106
2025-03-24,-0.004760697596187499,-0.003194228394282637
2025-03-25,0.0069691726366297975,0.005710663905598608
2025-03-26,-0.00515175887638316,-0.005385648449751547
2025-03-27,0.0030663622674019595,0.0034938882504852494
2025-03-28,0.0032690209728511097,0.002232559854606182
2025-04-01,-0.009873378541242449,-0.008540235854955003
2025-04-02,0.01553599141449176,0.01316864236760579
2025-04-03,0.005726713895698095,0.004303533412807174
2025-04-04,-0.023714852306329172,-0.024531569805315234
2025-04-07,-0.02387352403180085,-0.02307250393298109
2025-04-08,0.014216925075565285,0.013473272492839986
2025-04-09,-0.009241916890247281,-0.009499842879029942
2025-04-11,0.03124171479874747,0.03025904798768067
2025-04-15,0.025191078645801116,0.025971839904121496
2025-04-16,0.009619381414544501,0.010113794899093673
2025-04-17,0.009915774252330489,0.00940575364604524
2025-04-21,0.01769537248140892,0.01625534055435827
2025-04-22,0.0036995643788501173,0.004687556717479912
2025-04-23,0.005230675016202255,0.0037043853274574745
2025-04-24,0.008642288718978278,0.007394282607315174
2025-04-25,-0.02174684865296979,-0.02349539592491874
2025-04-28,0.0072249220991927494,0.006681926544507765
2025-04-29,-0.01319703773288848,-0.011162753374560798
2025-04-30,-0.005573869313153748,-0.006850518997256841
2025-05-02,-0.014301163368368905,-0.010661947517909635
2025-05-05,0.011854954143416068,0.013306942067662766
2025-05-06,0.011921409049219216,0.011493814862853636
2025-05-07,0.01990280262824942,0.020401998524726916
2025-05-08,0.0014561315949038456,0.0007314023727751273
2025-05-09,0.0004229130654916628,-0.0005488225940164525
2025-05-12,0.018259658070564046,0.019045531585829455
2025-05-13,0.0036879847498815428,0.0038785672569800395
2025-05-14,0.0022071267707342774,0.003458259800020774
2025-05-15,0.020338060391023823,0.01770407343463145
2025-05-16,-0.008069780271623396,-0.006196652345396091
2025-05-19,0.008600362513589855,0.008495482174922298
2025-05-20,-0.004521278581751425,-0.0039048841640356687
2025-05-21,0.004254365204454645,0.004016202319918589
2025-05-22,-0.002009226747826395,-0.0021151124017319703
2025-05-23,-0.007488298900535547,-0.007057451355663205
2025-05-26,0.005054840392710973,0.005602857950019157
2025-05-27,-0.008040427395321313,-0.0063463820372940665
2025-05-28,-0.019189254399384105,-0.017659779676072986
2025-05-29,0.0033309885780584444,0.003402851640964443
2025-05-30,0.00917903259289503,0.008515991654124155
2025-06-02,-0.0008962699502138973,-0.00018279100103629482
2025-06-03,-0.0017621659919302044,-0.001360151279678226
2025-06-04,0.0008429438386012395,0.0017176882027007529
2025-06-05,0.00048461262811558416,0.0008935391950969714
2025-06-06,0.011277411067609013,0.011396730532062001
2025-06-09,-0.0005421319199109852,-0.00018645955162025787
2025-06-10,0.0027030645166426777,0.003143808151321224
2025-06-11,0.007356448119741831,0.007616453946997585
2025-06-12,-0.018974630074535866,-0.019029383723553738
2025-06-13,-0.005927914960825608,-0.005921560306375721
2025-06-16,0.005851235169687883,0.005093407797905334
2025-06-17,-0.0007484691370003827,-0.0008033242543560387
2025-06-18,-0.006317089803923733,-0.006670586447803906
2025-06-19,0.0009747022120974068,-0.0010677811575905138
2025-06-20,-0.000633970694941862,-0.0002027699813424511
2025-06-23,0.006061526079588954,0.006588224311720785
2025-06-24,0.01460994028580885,0.014757219119044089
2025-06-25,0.014653586206495779,0.012942079472622853
2025-06-26,0.009370750960470955,0.009746354700373739
2025-06-27,-0.0014044209761478704,-0.0009005843264073722
2025-06-30,0.0049454528087222146,0.0051875579347563025
2025-07-01,0.004720589665664917,0.0047293335237108824
2025-07-02,0.008685903829306502,0.007768573838643749
2025-07-03,0.0038143616127134586,0.003998984021006406
2025-07-04,0.004576297932085494,0.004218935559215734
2025-07-07,0.001558474646170658,0.0011547483571218257
2025-07-08,-0.00042979674618969605,-0.00015254715956574847
2025-07-09,0.014036824960942804,0.012586970608131597
2025-07-10,-0.003139327182779987,-0.0031819447609992392
2025-07-11,-0.008140878809629675,-0.007486493950754133
2025-07-14,-0.0003482926905822544,0.0006595729949246756
2025-07-15,0.0020991743825364254,0.002974507454397671
2025-07-16,-0.0005669007416581748,-0.001134582885059899
2025-07-17,0.008289663517172379,0.008104673866169894
2025-07-18,-0.003106128972225306,-0.0033339539365176206
2025-07-21,4.5537772388249125e-05,0.00069704502445339
2025-07-22,-0.00947310577468579,-0.009544807337593822
2025-07-23,0.004349582981394436,0.0037796993897659197
2025-07-24,-0.0072960775823061215,-0.0073322103132283205
2025-07-25,-0.006059677648413168,-0.0066994558198218
2025-07-28,-0.006941966631025335,-0.00784045105980992
2025-07-29,0.003982087154293193,0.003920928634481141
2025-07-30,0.003749131032021087,0.0030984857918336193
2025-07-31,0.0132189909165396,0.011936491553020841
2025-08-01,-0.009446208210860757,-0.008870398907867005
2025-08-04,0.015442003337978443,0.01572867101683218
2025-08-05,0.00474148520469754,0.004576644880283507
2025-08-06,-0.007959576767488147,-0.007918102791443732
2025-08-07,0.002218534047405703,0.002351119200799904
2025-08-08,-0.00343392296524673,-0.0031810810282885656
2025-08-11,0.014521575267898584,0.013056630720864925
2025-08-12,-0.005698477517391969,-0.0059103313699886105
2025-08-13,0.005341484106225636,0.005084854869524937
2025-08-14,0.0033856621402662606,0.0031477131667844577
2025-08-18,0.019154830294892285,0.01932647263388513
2025-08-19,0.004185474726799745,0.005358730545492436
2025-08-20,-0.00041868380943845945,-0.000582327772960858
2025-08-21,-0.003940187639150728,-0.0035326013064026465
2025-08-22,-0.012579078247577617,-0.011730336331631959
2025-08-25,-0.009214203240085473,-0.008901990723429579
2025-08-26,-0.012054498892538939,-0.012865014439295606
2025-08-28,-0.016837365346948685,-0.016275245021543823
2025-08-29,0.0020047596689424497,0.002046707565941074
2025-09-01,0.01248337574242095,0.013105844385149742
2025-09-02,0.0009446533843543415,0.0015372586199414407
2025-09-03,0.0031382926045965573,0.0029456683049113733
2025-09-04,0.003503158159854127,0.0028072809828701703
2025-09-05,-0.001017987855354968,-0.0006801082139877676
2025-09-08,0.005520686262158865,0.004081289279336332
2025-09-09,0.0005591160950492564,0.0007893145086142407
2025-09-10,0.005908230658558158,0.006523754016808702
2025-09-11,0.00044503128846833865,0.0007139464290621352
2025-09-12,-0.006028334513386713,-0.005195277215360877
2025-09-15,-0.0006381243241487627,-0.0001316752915253807
2025-09-16,0.009942269671907911,0.010110578509357388
2025-09-17,-0.0028668805294274303,-0.0031718800249598794
2025-09-18,0.00175959698227567,0.0013187198531600436
2025-09-19,-0.008134698889963926,-0.007685992814772113
2025-09-22,0.0005048853843349094,0.00042355310690118464
2025-09-23,-0.006585398924098439,-0.006752729836372955
2025-09-24,0.00013305989734480874,8.38817564679812e-06
2025-09-25,-0.0024697778346253986,-0.002809862423097268
2025-09-26,-0.011676047571879455,-0.012311605321272689
2025-09-29,-0.006156134866936967,-0.006137923048184416
2025-09-30,0.003873255650203989,0.0038075270741254135
2025-10-01,0.0025294500716511303,0.0027451701664710955
2025-10-03,0.01289120790597117,0.013097392462533932
2025-10-06,0.005115079356774064,0.0045534198600852265
2025-10-07,0.0020405166119634877,0.0023303158654593365
2025-10-08,-0.01958278175331327,-0.01913260562224546
2025-10-09,0.013547519191282798,0.012793880721879609
2025-10-10,0.004517376628559882,0.00490396744029805
2025-10-13,-0.0005980496634162033,-0.0006413780814561985
2025-10-14,-0.007238880382430693,-0.00717411684885259
2025-10-15,0.010315326693735492,0.010401925171831868
2025-10-16,0.005338971470128625,0.005346893404368931
2025-10-17,-0.0006275363416398418,-0.0008962874063516389
2025-10-20,-0.0003518754967142884,0.00014661266879683254
2025-10-21,0.0021450169145082825,0.00214365323424957
2025-10-23,-0.004150053946733944,-0.0035159946006550866
2025-10-24,-0.006944861016923522,-0.006222863694247486
2025-10-27,0.009679081402986671,0.009667606225055381
2025-10-28,0.00901040013634715,0.008216798434144357
2025-10-29,0.0017397251563868181,0.0027871028488926637
2025-10-30,-0.0031670533680122153,-0.003430515566079698
2025-10-31,-0.008665297612730034,-0.008675064315246814
2025-11-03,0.0027584068691384944,0.003635343636080435
2025-11-04,0.0016889984058183968,0.0021078116459235536
2025-11-06,0.0002872594207011024,-0.0010300148267264795
2025-11-07,-0.003559112278147974,-0.0030758590022881473
2025-11-10,0.005200232940955322,0.005437528221678701
2025-11-11,0.004601807604083413,0.004230428817354821
2025-11-12,-0.0008053792946055034,-0.00019793003931616949
2025-11-13,0.004296802306729457,0.003910982377085452
2025-11-14,0.0031755436248666474,0.0033134004967080924
2025-11-17,0.002449521679469949,0.0027879630499517585
2025-11-18,-0.005790623295607749,-0.005849430837165115
2025-11-19,-0.007429047266474233,-0.006776213410955705
2025-11-20,-0.0035948613275144465,-0.004132442743699014
2025-11-21,-0.013139992385066579,-0.013172883427467516
2025-11-24,-0.0032108735179576285,-0.0026991979207124685
2025-11-25,0.00019877103171998974,0.00010787318155541879
2025-11-26,0.018621430309079832,0.01824266925680676
2025-11-27,0.0032278957420514287,0.0028826909668833835
2025-11-28,-0.0012048372189176388,-0.0011066255699196514
2025-12-01,0.013699241268613048,0.013664328191842434
2025-12-02,-0.008629251672883306,-0.009227536148701438
2025-12-03,-0.00863320491543542,-0.007335905480734975
2025-12-04,-0.00267110891784019,-0.0026909082647006304
2025-12-05,0.0031074101278077376,0.0024285657878357334
2025-12-08,-0.0173337849028925,-0.017665695709135242
2025-12-09,-0.0032798820385240225,-0.0019316485261675208
2025-12-10,-7.168859263739144e-05,0.00022555481338358644
2025-12-11,0.005163480723676015,0.004550573406679509
2025-12-12,0.023690129958992855,0.022994249946385
2025-12-15,0.0033527188608392876,0.0040819514288340285
2025-12-16,-0.009899883505139324,-0.008780153987446469
2025-12-17,-0.004987205354465761,-0.004844132394368797
2025-12-18,-0.004339921944851259,-0.003888414385635508
2025-12-19,0.0009470439004759645,0.0008121965205016936
2025-12-22,0.0017986654884263103,0.0015537992708906361
