Date,sample_return,lw_return
2017-01-19,0.009402590813172212,0.009269312494527851
2017-01-20,-0.008974655454109148,-0.009004213945976423
2017-01-23,0.0038762586374235654,0.0036677486108032597
2017-01-24,0.004887420751163857,0.005326854972279668
2017-01-25,0.007794779354296446,0.007490922795812999
2017-01-27,0.012803232761415151,0.012505991166433708
2017-01-30,-0.0030794295010393505,-0.0033011924684522437
2017-01-31,0.011676920684263566,0.01094804123404931
2017-02-01,0.007376120806159713,0.008084414151181985
2017-02-02,0.006931664733861221,0.007034312581762775
2017-02-03,0.013929301294686395,0.013808904083577468
2017-02-06,0.01070009268015478,0.010470105479541072
2017-02-07,-0.006274221569731439,-0.00615253188889528
2017-02-08,-0.017870834815860187,-0.016771925355468065
2017-02-09,-0.009092924472342842,-0.007747764243303382
2017-02-10,0.007730805484659464,0.007141216114828685
2017-02-13,-0.007611319307361869,-0.0073607531991002634
2017-02-14,-0.013121420913567935,-0.012710062432234414
2017-02-15,0.002348655682325471,0.0012335453778706445
2017-02-16,-0.0062973247377026784,-0.005557301432063462
2017-02-17,-0.004608354305627922,-0.004646971571025831
2017-02-20,0.0011019665274737,0.0015714538581561449
2017-02-21,0.018447989154653326,0.01726732093484387
2017-02-22,-0.009745494407043281,-0.009229146646308037
2017-02-23,-0.008385483518578037,-0.008030342389954924
2017-02-27,-0.0031679446108129655,-0.0028176641025245584
2017-02-28,-0.0013940835465566371,-0.0010672274730626741
2017-03-01,0.006654271933982537,0.006874691999795485
2017-03-02,-0.006006457005638276,-0.005838811249581136
2017-03-03,0.00020982494034209743,0.0003507138276381542
2017-03-06,-0.0027175052721740214,-0.0024541915161636445
2017-03-07,-0.0033935124143100186,-0.0033782615343259798
2017-03-08,-0.004664677666114422,-0.0046803632872187435
2017-03-09,-0.008675316759174732,-0.008460007586493831
2017-03-10,0.0006311707842644366,0.0005344744502579668
2017-03-14,0.005182886821382255,0.005247776280637786
2017-03-15,0.011732762020895102,0.01172537867115296
2017-03-16,0.011810079918024192,0.011988562294161682
2017-03-17,-0.005728237604254609,-0.005324256605762221
2017-03-20,0.009180568881923128,0.009047469509545469
2017-03-21,0.0019519051524188873,0.001820130596875168
2017-03-22,-0.006975358313250311,-0.00716239390529109
2017-03-23,-0.008536411181139077,-0.008261729343053862
2017-03-24,0.011581346704118832,0.011739956509255352
2017-03-27,-0.0039501047117343185,-0.0035779744007114296
2017-03-28,0.005372839911457323,0.005366347089530304
2017-03-29,0.013477354276426974,0.013254678858029242
2017-03-30,0.005686874075848359,0.005817264752099397
2017-03-31,0.025980426649639086,0.025514827727525613
2017-04-03,0.008429122523083149,0.008237372849471687
2017-04-05,0.006960811347443579,0.006662418572562075
2017-04-06,0.00350655412710189,0.0034020394094535075
2017-04-07,-0.0005406533868318366,-0.0005722040097288752
2017-04-10,0.013259294810832468,0.012936298878520595
2017-04-11,0.006573886625169386,0.0065181163005771986
2017-04-12,-0.010303168167591158,-0.010129098307975783
2017-04-13,0.0034233680429436083,0.0034582711115248846
2017-04-17,0.00619518285665082,0.006041127563025453
2017-04-18,-0.006992314106704059,-0.006692692016484555
2017-04-19,0.0039853874930593815,0.0038684661131214203
2017-04-20,-0.003959588559936341,-0.003717348350538907
2017-04-21,0.00040145803837965714,0.0003194996989653419
2017-04-24,0.005974759003852588,0.006032404436053817
2017-04-25,0.0028028898292271416,0.00255106209418161
2017-04-26,0.008920166806803617,0.008278902641163259
2017-04-27,-0.0017953035434216669,-0.0016002964665232182
2017-04-28,0.010912506363622941,0.010616784399252179
2017-05-02,-0.003400589391460946,-0.0038104068769904387
2017-05-03,-0.0033987821220444357,-0.0031195326676352955
2017-05-04,0.00902560686753289,0.009356456620823399
2017-05-05,-0.00992092288953763,-0.00986735498746632
2017-05-08,0.0029667877766474415,0.0032485173077896915
2017-05-09,0.001112281679369982,0.0015724536827944724
2017-05-10,0.004003813686029438,0.0041273077502635026
2017-05-11,-0.004812121305454113,-0.004765325592641768
2017-05-12,-0.002432282827089824,-0.0027761278661671196
2017-05-15,0.010708879673518218,0.010087371349006478
2017-05-16,-0.00036494730673174484,-9.955116381426448e-05
2017-05-17,-0.005013987740852467,-0.004943376644856078
2017-05-18,-0.007083677511623294,-0.007260497635820252
2017-05-19,-0.0029221336903670326,-0.002931623723618584
2017-05-22,-0.011244234391082925,-0.01105674736882761
2017-05-23,-0.005085314852716325,-0.006020313011242454
2017-05-24,-0.011392744999676201,-0.011748596306506117
2017-05-25,0.007852609150788082,0.007825366160197961
2017-05-26,0.007880638084381225,0.008177603266509903
2017-05-29,-0.009768070446249572,-0.010456681018280262
2017-05-30,-0.0014638159372328114,-0.0005692366347200834
2017-05-31,0.007433108371773611,0.007090832646980906
2017-06-01,0.004870408622553217,0.004772679753202809
2017-06-02,0.014153108262099832,0.013589416504905817
2017-06-05,-0.005584367519602491,-0.004922374658017571
2017-06-06,-0.005631664220778265,-0.005758348117899914
2017-06-07,-0.0011933899684359703,-0.0009805487587387085
2017-06-08,-0.007387120892461537,-0.00700665324545018
2017-06-09,0.00011651706868692508,0.00027320668385647764
2017-06-12,-0.0009296129816112662,-0.0012860606611182822
2017-06-13,0.006957362626399292,0.006794699754823241
2017-06-14,0.013687249934532499,0.01317055924324153
2017-06-15,-0.015992279222538555,-0.015071402812943495
2017-06-16,0.010231414595684439,0.010138936387194455
2017-06-19,-0.0026806586313231646,-0.002038702321477763
2017-06-20,-0.003851752384004023,-0.0036546259010190128
2017-06-21,-0.0007332469381522958,-0.0008276684456811102
2017-06-22,-0.003864082041069703,-0.0039591905822088155
2017-06-23,-0.008730485763692843,-0.008758107997219471
2017-06-27,-0.012528660564945606,-0.012490630425695691
2017-06-28,-0.0033359641817910573,-0.0033262727442824173
2017-06-29,0.007490243126584998,0.007130019278190127
2017-06-30,0.0038116574375260956,0.0039004697057515633
2017-07-03,0.007460297651230475,0.0075881432444000405
2017-07-04,0.014318116954886675,0.014014713321884401
2017-07-05,0.000995254124292887,0.001219886089887725
2017-07-06,0.002007335823771957,0.002006738599316536
2017-07-07,-0.001220015408244344,-0.001390936068085276
2017-07-10,0.0011074092723117714,0.0012050549628510978
2017-07-11,-0.004041406077677449,-0.004270874417996964
2017-07-12,0.0010602694764160162,0.0009317954681277151
2017-07-13,0.0076527456569570424,0.007488923815175103
2017-07-14,0.003067273500497633,0.003260976385396301
2017-07-17,-0.0028833309866807826,-0.002714012312631203
2017-07-18,-0.009895926238970055,-0.009836494577820362
2017-07-19,-0.0028333834644408947,-0.0021161681099775387
2017-07-20,-0.00852374390627006,-0.00826179458173128
2017-07-21,-0.001928236951568272,-0.001469351898911138
2017-07-24,-0.0007678637364699364,-0.0008320898111653296
2017-07-25,-0.002417412304640896,-0.002020764597949955
2017-07-26,-0.0038677918708181526,-0.003340606964009488
2017-07-27,0.007265973611360385,0.0068484992260098385
2017-07-28,-0.010975729252222927,-0.010517686779399349
2017-07-31,0.012333705921619769,0.012002636000650936
2017-08-01,-0.0072580822945158665,-0.006829760329948098
2017-08-02,0.0007503505172009968,0.0006770439944964791
2017-08-03,0.0017625332892035695,0.0016426384520891921
2017-08-04,-0.006414889609121602,-0.005990395058737533
2017-08-07,0.0010394583069592066,0.0012368083787618342
2017-08-08,-0.011686467842576202,-0.011298730480765093
2017-08-09,-0.012798138985987136,-0.013075992313027598
2017-08-10,-0.01618756416872467,-0.017037105082976157
2017-08-11,0.006732631492057014,0.006502792840892473
2017-08-14,0.016730923459600942,0.01718989506918531
2017-08-16,0.004606498797907787,0.004671590367194518
2017-08-17,0.0008421024790775606,0.0008346338174986665
2017-08-18,-0.001435954481707023,-0.0016975061318626225
2017-08-21,0.0025171805757836464,0.0023799688768193807
2017-08-22,0.007039147561167981,0.006672038922998676
2017-08-23,2.795695647870287e-05,0.00015397827815680015
2017-08-24,0.008293444233158115,0.008502137106216681
2017-08-28,0.0016845764076326623,0.002063493723656137
2017-08-29,-0.0029517706864127624,-0.0033739289861045184
2017-08-30,0.010543297943743691,0.010763022829845757
2017-08-31,0.0002408863146751302,0.0006708904313477604
2017-09-01,0.004445537192149241,0.0046562290599717095
2017-09-04,-0.006595259782640456,-0.006701500866693219
2017-09-05,0.001028099442017219,0.0014734723006975764
2017-09-06,0.005989318490333715,0.005942854414048694
2017-09-07,-0.0031904855072128454,-0.0027317686128825666
2017-09-08,0.014035011471051398,0.013829320945559644
2017-09-11,0.0029468691746995334,0.00321687393945716
2017-09-12,0.009092532971815826,0.00905658465008838
2017-09-13,-0.002035751364244103,-0.0018972347248030039
2017-09-14,-0.001809491646921913,-0.0017803699152286628
2017-09-15,0.0031862425842508705,0.0029275405059005165
2017-09-18,-0.00590512519468877,-0.005583949594563275
2017-09-19,0.0021647481723365354,0.0022941227043294784
2017-09-20,-0.0034401824099357173,-0.0035320221179926206
2017-09-21,-0.004245671369409291,-0.0043490129442640595
2017-09-22,-0.020516992887096724,-0.02077052665998139
2017-09-25,-0.021527441151768877,-0.02141652221800905
2017-09-26,0.0022286564472399077,0.0022272853794069298
2017-09-27,-0.01364819567229962,-0.013843979429625381
2017-09-28,0.007148916461340683,0.007303254748771399
2017-09-29,0.012724487444409373,0.01295427654972937
2017-10-03,-0.0026933977004305475,-0.0024717498100197952
2017-10-04,0.0018329208262915031,0.0020944902948426833
2017-10-05,-0.00338900914864602,-0.0030265766598067166
2017-10-06,0.005672096924758281,0.005791316064237334
2017-10-09,0.0045203588290763244,0.0045187492416209046
2017-10-10,0.0023328373310216154,0.0025681724338098913
2017-10-11,0.0011645586747203501,0.0007733766823805166
2017-10-12,0.0011060908452236787,0.0012051316374863316
2017-10-13,0.004706047846615701,0.004691179190277175
2017-10-16,0.00567978470350185,0.005390347602420003
2017-10-17,-0.0011269485935481065,-0.0010983306724950497
2017-10-18,-0.011798732946907954,-0.01103478187038043
2017-10-19,0.0023524298636600897,0.0018959808997683625
2017-10-23,-0.004631019671172089,-0.004205388901056326
2017-10-24,-0.00041507591178308273,-0.00024993634379698077
2017-10-25,0.025863632780581947,0.025508305429827603
2017-10-26,-0.001338558585642732,-0.0014454136966286337
2017-10-27,0.0028920957304166143,0.0027893486423243366
2017-10-30,0.008231486700811074,0.008175597058217724
2017-10-31,0.0009613920595169104,0.0010013622365613354
2017-11-01,0.0011823453128582803,0.0013725468012460685
2017-11-02,-0.0006975435763062579,-0.00030969116532073
2017-11-03,-0.0029071385058214673,-0.0026268697677100435
2017-11-06,0.010438964806241508,0.010181040556791384
2017-11-07,-0.005343908432840299,-0.005903137464186365
2017-11-08,-0.002204177949798559,-0.0023597277662565893
2017-11-09,-0.0017614988630382268,-0.001616390291918467
2017-11-10,0.005127091309248367,0.004908006508898876
2017-11-13,-0.005565929184007187,-0.005842411556802271
2017-11-14,-0.00025423747287344335,-0.0006316006323217359
2017-11-15,-0.0024066761947939028,-0.002802057188405652
2017-11-16,0.002311311395797789,0.0023691518176820713
2017-11-17,0.004111287917456765,0.004100008983620693
2017-11-20,0.0020504652854041196,0.0022501432759852264
2017-11-21,0.0037273829960794234,0.003948751209020378
2017-11-22,-0.0031269261029163928,-0.0030681056889590554
2017-11-23,-0.001629918758742011,-0.0018958302009662179
2017-11-24,0.006649974423857044,0.006674160072978089
2017-11-27,0.004755190235617113,0.0048743081242882645
2017-11-28,0.0024565002414118665,0.00227323025122185
2017-11-29,-0.0016718750564886586,-0.0015797050856051693
2017-11-30,0.0031911750761970106,0.002767720938135509
2017-12-01,-0.00894415483877138,-0.008892900782115248
2017-12-04,-0.005322017065413902,-0.005053750770463403
2017-12-05,-0.0035970660932039783,-0.003652217406364522
2017-12-06,-0.00687354006068076,-0.0067219100310796556
2017-12-07,0.006881420847931728,0.006908398861391067
2017-12-08,-0.0016646728614979915,-0.0013148308297926342
2017-12-11,-0.00021952214690907105,3.6835883098778385e-05
2017-12-12,-0.006641344061445878,-0.006613594459149612
2017-12-13,0.005502683946665473,0.004928768647134015
2017-12-14,-0.005309966886594208,-0.0055163927714062064
2017-12-15,-0.0035888666201081784,-0.00259147324620967
2017-12-18,0.002381250525647512,0.002142959350922487
2017-12-19,0.005517035541492889,0.005526528563400391
2017-12-20,-0.002294934074795093,-0.0021332157251301546
2017-12-21,-0.00639721720694004,-0.005752500724580518
2017-12-22,0.0019944469119411072,0.0018015773182185068
2017-12-26,0.007324725434721638,0.007670215318970429
2017-12-27,-0.005376035506468361,-0.005476729270181903
2017-12-28,0.0014007588930236984,0.0014764088551961331
2017-12-29,0.007746092154824554,0.007620496249710506
2018-01-01,0.0003088544774088772,-7.929830082554611e-06
2018-01-02,-0.006873618087609027,-0.006908870383630061
2018-01-03,0.004805694173377123,0.005202133745243321
2018-01-04,0.00784938456291304,0.007710721446016897
2018-01-05,0.007224528440744671,0.007012003521079536
2018-01-08,-2.0426823989872818e-05,5.3436989257358154e-05
2018-01-09,5.559050747197639e-05,-0.00017628136893227734
2018-01-10,0.01288071844870502,0.013006811973071169
2018-01-11,-0.014453617450585952,-0.014095403282843087
2018-01-12,0.0017383759548062396,0.0017153743323555365
2018-01-15,3.113116226101994e-06,2.4534261464270258e-05
2018-01-16,-0.0059886127673524445,-0.006425761370795284
2018-01-17,-0.00624129209974032,-0.00597311917914983
2018-01-18,0.008927789204141823,0.008350315379944195
2018-01-19,0.002436680140703395,0.002688157938306201
2018-01-22,0.0035566318267037326,0.0033207351744976186
2018-01-23,-0.002143607068191791,-0.001808081359569422
2018-01-24,-0.007416067150785278,-0.007309785351667395
2018-01-25,-0.009439424763945374,-0.009681086871222157
2018-01-29,-0.00210979743929049,-0.0027957354795290117
2018-01-30,-0.02557137182126935,-0.02486448941103185
2018-01-31,-0.010534634146915363,-0.010234126698557389
2018-02-01,0.007632542814067753,0.006835343732728723
2018-02-02,-0.022387805033846565,-0.023329962321586194
2018-02-05,0.0023862224895997057,0.002021901500103991
2018-02-06,-0.007889562481114637,-0.008072670390634916
2018-02-07,0.01657993491817035,0.01651714741157775
2018-02-08,0.007090712806437496,0.006882328587416113
2018-02-09,-0.010381481723347864,-0.010057781267225025
2018-02-12,0.004132162870196486,0.004229568659374976
2018-02-14,0.0023945386070972534,0.0018725588283952403
2018-02-15,-0.002567241291833272,-0.0025968063707716297
2018-02-16,0.00026857018229822544,-0.0003519995885978514
2018-02-19,-0.014461889815104937,-0.014182587469745732
2018-02-20,-0.005120721670328912,-0.004904642378760849
2018-02-21,-0.007012212691499227,-0.006520607081892805
2018-02-22,-0.004234589085591253,-0.004253561734237366
2018-02-23,0.003485757807881669,0.00409473765038269
2018-02-26,0.012576683248603551,0.012717702073393348
2018-02-27,0.002261912074805542,0.0021781060343567036
2018-02-28,0.005402619104707178,0.004957826703454963
2018-03-01,0.0015900788961731966,0.001328402019934818
2018-03-05,-0.004839204327452815,-0.005331256795303533
2018-03-06,-0.0015581279670229902,-0.0019414057437817363
2018-03-07,-0.008280869679391841,-0.008312797846033561
2018-03-08,-0.0018577420477153147,-0.0014879448783657516
2018-03-09,0.0067397094212717935,0.006320676775173318
2018-03-12,-0.008918177576980369,-0.008327288692963253
2018-03-13,0.0014647315860348254,0.0016458906782142139
2018-03-14,0.0007965203362795944,0.0007907915345149964
2018-03-15,-0.0014619270214795287,-0.0012155445800587916
2018-03-16,-0.01438129203669198,-0.01492946567315686
2018-03-19,-0.0021000725837809495,-0.0025246080483728346
2018-03-20,-0.00429352230864357,-0.004604280178533187
2018-03-21,0.004785543939046873,0.004831597054640741
2018-03-22,-0.014115613259817302,-0.014152554847095725
2018-03-23,-0.003874774960756602,-0.0041473303435718275
2018-03-26,-0.0022076760910362623,-0.0015670362341695847
2018-03-27,0.00171968561199109,0.0020574916129086993
2018-03-28,0.0037784268863629246,0.0037640681120802493
2018-04-02,0.005519360280553646,0.006497886639302759
2018-04-03,0.0006650259116114995,0.0012977064654884002
2018-04-04,-0.0010870838247141663,-0.0020271371870327743
2018-04-05,0.012006012632317773,0.012139103596382773
2018-04-06,0.0032666432473160067,0.003504313148762483
2018-04-09,0.0008911842185753147,0.0007344844761368575
2018-04-10,0.0026876275508058954,0.0026454321112972102
2018-04-11,-0.0018501748552407404,-0.0015808659610963398
2018-04-12,0.0011210797813069567,0.0007720511821742364
2018-04-13,0.00170939167848502,0.0015347884451872586
2018-04-16,0.0038247623524994686,0.003405435255022843
2018-04-17,0.0043382995470775,0.004109888204046627
2018-04-18,-0.007024629453769992,-0.00662023016941666
2018-04-19,0.006990269756680957,0.00740779066535977
2018-04-20,-0.0025646603671642845,-0.0022465044447379213
2018-04-23,0.008641565491308078,0.008631596563689108
2018-04-24,-0.0014052570482314766,-0.001333506616171638
2018-04-25,-0.00011752346103334759,-0.0005493072601671016
2018-04-26,-0.007299835982323081,-0.00673262983506593
2018-04-27,0.0007329017667445563,0.0007291510828964879
2018-04-30,0.001435561633417333,0.0022641784978205412
2018-05-02,0.0044043388710434525,0.0036460151049254944
2018-05-03,-0.008587355622477404,-0.008321094920141117
2018-05-04,-0.0015176986034691952,-0.001790767108342588
2018-05-07,0.0002567677269815973,0.0003444682072893978
2018-05-08,0.0021754868277428863,0.0026956788952931187
2018-05-09,-0.00356402394112395,-0.0037566046619610166
2018-05-10,-0.001984550253569444,-0.0022167714390999133
2018-05-11,0.008182409706484421,0.008447295197201735
2018-05-14,-0.002866388639510707,-0.003142756972910966
2018-05-15,-0.005495108933298767,-0.005035155794607913
2018-05-16,-0.007899781353864523,-0.007660649801497446
2018-05-17,-0.0009994210710641289,-0.0011554723508481462
2018-05-18,-0.00877447301833422,-0.008886160064656638
2018-05-21,-0.01754692138438696,-0.017718476698074772
2018-05-22,-0.001640191700874629,-0.001189241113075007
2018-05-23,0.009704192625017979,0.008896068354540222
2018-05-24,0.003440515340738442,0.0034243541220078154
2018-05-25,-0.0032916014037304487,-0.0027718758683444797
2018-05-28,0.017238075915593353,0.016686267932879383
2018-05-29,-0.0013658277123901634,-0.0008899441386947318
2018-05-30,0.022874871783859222,0.019797489870822273
2018-05-31,-0.012724940332850628,-0.011237532905035534
2018-06-01,0.0002988900484626022,-0.001550085366335503
2018-06-04,-0.007776700010059162,-0.008066149281850586
2018-06-05,0.0010422011040738337,8.5246016363238e-05
2018-06-06,0.0034816069154880148,0.0033137400437981785
2018-06-07,0.0028036162429634507,0.003290166670197866
2018-06-08,0.006875735709910051,0.00764223556538945
2018-06-11,-0.007439378112470105,-0.006000594456596412
2018-06-12,0.007599636021908947,0.007536471073672303
2018-06-13,-0.0007846816760852257,-0.0009316444016968509
2018-06-14,-0.007006435764706931,-0.007019347576096001
2018-06-15,-0.005285028445589318,-0.005592516934925147
2018-06-18,-0.008729311708057188,-0.008605341215331016
2018-06-19,-0.0018290921673284216,-0.0021608461326678425
2018-06-20,0.00021323899457762618,0.000687741295784479
2018-06-21,-0.0016782478935827324,-0.0021914118568035013
2018-06-22,-0.002966028216847581,-0.0028978812658265237
2018-06-25,-0.0018743877097803585,-0.002655510695815564
2018-06-26,-0.003087612166523256,-0.002626835528312199
2018-06-27,-0.003356529364897639,-0.004256518344761676
2018-06-28,-0.009017370420187848,-0.008612238587456399
2018-06-29,0.018234321628253468,0.01787734340950376
2018-07-02,-0.008059089938646381,-0.008284987755789367
2018-07-03,-0.009544584065427384,-0.009108692525372927
2018-07-04,0.0057605646738646205,0.005611723010149301
2018-07-05,-0.0025595323740698213,-0.002659117950143607
2018-07-06,0.0038468096996602773,0.004393502030342936
2018-07-09,0.009469390382896617,0.00925609941727787
2018-07-10,0.0016641375929719033,0.0021168913114094313
2018-07-11,0.0036337419555484422,0.003595022611266395
2018-07-12,-0.007115656045328035,-0.006833557142026995
2018-07-13,0.0019010993517042827,0.0012562902642633894
2018-07-16,-0.015478878351334487,-0.0159298104183365
2018-07-17,0.0057716796362642965,0.006116134380392936
2018-07-18,-0.002262434144264668,-0.0024444043384576897
2018-07-19,-0.0026365941038827972,-0.0026159688873820673
2018-07-20,-0.0031660072702365725,-0.0031415815400017352
2018-07-23,0.007220458547861629,0.007313451242673212
2018-07-24,0.0051477855087101974,0.006078340012543371
2018-07-25,0.0021799649744274775,0.0017737173091561345
2018-07-26,0.0016603939861323273,0.0018657987583652028
2018-07-27,0.002408567862776018,0.0032218282967045745
2018-07-30,0.0050120099296498246,0.005343849437411168
2018-07-31,0.0036401879909883023,0.0034925561690599617
2018-08-01,0.005482571695857229,0.0053559494679201805
2018-08-02,-0.0065940560169899035,-0.006366372818312627
2018-08-03,0.002949359902848967,0.0036833794175992474
2018-08-06,-0.00665214670344838,-0.006677538083311114
2018-08-07,0.0014332960032356697,0.0011515523326467256
2018-08-08,0.00870968576046113,0.00851101882256238
2018-08-09,0.008982870265202574,0.009497958779901665
2018-08-10,-0.004381900005893859,-0.004469239018675062
2018-08-13,-0.007815519311013222,-0.008127069028617826
2018-08-14,0.006731615065838222,0.0065459381307228426
2018-08-16,-0.0047003876058134605,-0.005090921211829941
2018-08-17,0.002811481537854592,0.003178551184481575
2018-08-20,-0.010189543862260144,-0.01015033997069903
2018-08-21,0.0157332650946827,0.01537840906880893
2018-08-23,0.005583317157937738,0.005776296403987456
2018-08-24,-0.0005083671598027607,0.00011903535914885776
2018-08-27,0.007285364209259684,0.007372242867116272
2018-08-28,0.004336340211819965,0.004221805943755137
2018-08-29,-0.0035672915944130195,-0.0022681087417947324
2018-08-30,0.0019199583784138352,0.002596392223270398
2018-08-31,0.01265700006749566,0.012232655196155231
2018-09-03,-0.0035607190482506764,-0.0038710313420359443
2018-09-04,-0.009390091826827806,-0.010092169798021296
2018-09-05,-0.0019610397345818384,-0.0019754951855039983
2018-09-06,-0.0011059815273689248,-0.000730573791396784
2018-09-07,0.0029539866111941526,0.0032665052770157015
2018-09-10,-0.005650370488709708,-0.00577202728735736
2018-09-11,-0.0036697872552468695,-0.0038726534500825825
2018-09-12,-0.005298964935799715,-0.005278319593357257
2018-09-14,0.004889632988222472,0.005255908176106421
2018-09-17,-0.006719493077857064,-0.0067228278953699126
2018-09-18,-0.003350614845628796,-0.0034633398467844275
2018-09-19,-0.0017973799835058278,-0.0022698143885685387
2018-09-21,-0.018746137183050054,-0.01934995154783445
2018-09-24,-0.004761122461032956,-0.005971995867153714
2018-09-25,-0.00950452374034879,-0.009236344951662253
2018-09-26,0.016517200520762637,0.015962345359593566
2018-09-27,-0.015674562277709678,-0.016084412699299357
2018-09-28,-0.002448653813359708,-0.003553902449724762
2018-10-01,-0.011364399242890967,-0.010677241091068336
2018-10-03,-0.002168115186025649,-0.0022539164586375983
2018-10-04,-0.0226550640912252,-0.021976283406518984
2018-10-05,-0.0087494263044296,-0.01001781485432552
2018-10-08,-0.013766029818218724,-0.01407124265816322
2018-10-09,0.0005110882548705806,0.00032202913090602836
2018-10-10,0.016583922411786613,0.01773320178781487
2018-10-11,-0.011437671020372494,-0.012160566175103001
2018-10-12,-0.00018953864402361758,0.0007116428114701065
2018-10-15,-0.008735529659623873,-0.008314730505176848
2018-10-16,0.00036073855825290586,0.0011425293721115189
2018-10-17,-0.007887637363989907,-0.008704869025091525
2018-10-19,-0.014816120370776443,-0.01356207210748239
2018-10-22,-0.025492806120939335,-0.024745737241907685
2018-10-23,-0.011701972547327622,-0.010764527588864595
2018-10-24,-0.0051249225883860765,-0.0045983554825803664
2018-10-25,-0.007630277818286715,-0.007768128776543218
2018-10-26,0.01587573766021642,0.015045925401744343
2018-10-29,0.020556779176255,0.02061313390835114
2018-10-30,0.02428837512134584,0.023403519260615614
2018-10-31,0.009226444961995523,0.009158692107246099
2018-11-01,0.012340937806819427,0.012089327418811127
2018-11-02,0.024618663460399006,0.024140359396432935
2018-11-05,0.002367100999579474,0.0031403880546724662
2018-11-06,0.0030019355730670915,0.002768181251348278
2018-11-07,0.010394636380241441,0.010037390482956543
2018-11-09,-0.00454486572914668,-0.0039530005085862
2018-11-12,-0.00731977470666513,-0.00763554757177515
2018-11-13,0.008868322983380335,0.0086413983489747
2018-11-14,-0.001518431105711508,-0.0017618608822476066
2018-11-15,0.011365501917139982,0.011656803429062645
2018-11-16,-0.0026307178308486315,-0.002718828794873552
2018-11-19,0.016744527213106538,0.016873311574940007
2018-11-20,-0.006114967674285324,-0.006445060711776576
2018-11-21,-0.0031824779953374504,-0.0028608888208312886
2018-11-22,-0.008409576912582772,-0.008685165274843091
2018-11-26,0.00017292794744985188,0.00010751739800017764
2018-11-27,-0.0008008048528006554,-0.0003522037287401773
2018-11-28,0.005748955221784396,0.004962356606206569
2018-11-29,0.004804177620049837,0.004963581960353905
2018-11-30,-0.004840467073000868,-0.004769483905316785
2018-12-03,-0.0031202315461136857,-0.003057581011487606
2018-12-04,0.010201691006839986,0.009600505545371254
2018-12-05,-0.003057332217416469,-0.0034336515448709463
2018-12-06,-0.006583038810439548,-0.007230322202782818
2018-12-07,0.000708645730233648,0.0005653819133533677
2018-12-10,-0.021079522659649394,-0.020423599264886485
2018-12-11,0.017074965423682024,0.01768033647226516
2018-12-12,0.016404057950579153,0.016914332980031883
2018-12-13,0.006535090027010159,0.006466998483148661
2018-12-14,-0.0018823476428392757,-0.0018304900109198927
2018-12-17,0.010652291929149967,0.01037175300595909
2018-12-18,-0.0035835303351595227,-0.003368105431623978
2018-12-19,0.015602583028550233,0.0154064110822886
2018-12-20,-0.0014658678537412516,-0.0016429560995645184
2018-12-21,-0.009605290290737315,-0.009189154898504592
2018-12-24,-0.011489006824656827,-0.012147722343260876
2018-12-26,0.0013915010496277733,0.0011116188533838848
2018-12-27,-0.0016952762850816778,-0.0017437040359006791
2018-12-28,0.0034046100206805976,0.004063299476534398
2018-12-31,0.006557120508484852,0.0066299414278508445
2019-01-01,0.002364415838666895,0.002698987700977721
2019-01-02,0.007354174529109393,0.006960845420106103
2019-01-03,-0.005074854564454778,-0.005605960382175773
2019-01-04,-0.0006510343130510751,-0.0004408770864896736
2019-01-07,-0.004869426519185654,-0.005031251208368122
2019-01-08,0.0010996394501461499,0.0014071598287656185
2019-01-09,0.001473987088068721,0.0014084334825190598
2019-01-10,0.00995043269607519,0.009865929847276267
2019-01-11,-0.0029577519297966687,-0.002857807398115831
2019-01-14,-0.006680020657548573,-0.006687990202529413
2019-01-15,0.0064118048660463094,0.006326616635117846
2019-01-16,0.00014784578144424023,0.00011295613862467814
2019-01-17,0.003133472545803352,0.0028167068540255915
2019-01-18,0.006377948967813342,0.005660188708616208
2019-01-21,-0.0029940188471880304,-0.0029426888184524037
2019-01-22,0.0029503535231611014,0.0022730437998540604
2019-01-23,-0.009522936322570234,-0.00951662761564706
2019-01-24,0.001677650799300965,0.0013726027483652778
2019-01-25,-0.011385525883578138,-0.011757215940528216
2019-01-28,-0.01755932475097036,-0.01806486578050915
2019-01-29,0.007805340416824437,0.007161661175304876
2019-01-30,0.006034372950958907,0.006947492457868851
2019-01-31,0.0008237455692379765,0.000935119328544654
2019-02-01,-6.325436481927223e-05,-0.00010213437035468999
2019-02-04,-0.010212738045452419,-0.010465067751443652
2019-02-05,0.006670354548290703,0.005479118322820686
2019-02-06,-0.0024579832005772965,-0.0024189571355622353
2019-02-07,0.0011338799161774381,0.0013383204760408036
2019-02-08,-0.010079671805669545,-0.010387915175288167
2019-02-11,-0.018118362386135713,-0.017559232958461714
2019-02-12,0.011318229752373536,0.009911127041843064
2019-02-14,0.009473300663875327,0.008924228131700896
2019-02-15,-0.013390411340859356,-0.013447101549336106
2019-02-18,-0.017655750785590098,-0.016839182726626264
2019-02-19,0.0054308891188018255,0.006314255001578717
2019-02-20,0.004637262102905815,0.0049906023598172665
2019-02-21,0.014427407057794496,0.01538658506379556
2019-02-22,-0.0007346719274170238,-0.00010697197462306956
2019-02-25,0.005328068393443624,0.005819788219649452
2019-02-26,-0.003847181035100398,-0.0029966862148321305
2019-02-27,0.005065643832646179,0.004586003241936261
2019-02-28,-0.0011436382306598152,-0.0005319476771553523
2019-03-01,0.00018747217574562308,0.0009530771535897664
2019-03-05,0.012618588302346169,0.013411663893859685
2019-03-06,0.007068299942607856,0.006279771820848093
2019-03-07,-0.002158907201342113,-0.0020364130588253794
2019-03-08,-0.01354102335867271,-0.01267269938774134
2019-03-11,0.009406229212814426,0.009679162205134305
2019-03-12,0.01733476614576756,0.01735341057147917
2019-03-13,0.0020775478770474424,0.001973989915749758
2019-03-14,-0.011218114185003762,-0.011204318764751899
2019-03-15,-0.003944815697957186,-0.003861166564577881
2019-03-18,0.005841433328789131,0.005660581763926314
2019-03-19,-0.001974869737607221,-0.002051167930569523
2019-03-20,-0.0033265884209580554,-0.003664473556383708
2019-03-22,0.00575351200707247,0.005165307958597328
2019-03-25,-0.004961413297104574,-0.0055234649293161905
2019-03-26,0.0033892424691932283,0.0034477299252041477
2019-03-27,0.004621358637407464,0.004734891336622516
2019-03-28,-0.0036620718596413813,-0.002760929669445672
2019-04-01,0.02870287542043125,0.029100200061651354
2019-04-02,-0.002223954448960058,-0.001985713618495329
2019-04-03,-0.00693639426201326,-0.006940415852750122
2019-04-04,0.00865126232992642,0.008339827615588703
2019-04-05,0.003976666999464442,0.004026230137685738
2019-04-08,-0.004145215597538692,-0.004686929896378159
2019-04-09,-0.0030117270130428364,-0.00256401024277358
2019-04-10,0.004838224119904302,0.004364463314439194
2019-04-11,-0.0020678809829174738,-0.00240923191252234
2019-04-12,0.004059629169637465,0.004103078841630077
2019-04-15,0.0002999620518065963,6.36031497163054e-05
2019-04-16,0.010792034737477776,0.010036262006511738
2019-04-18,-0.016719296769346272,-0.01537073383480907
2019-04-22,-0.011607288870564957,-0.011814555342076474
2019-04-23,0.00860241216663689,0.008541656999324009
2019-04-24,0.002655689700343131,0.00301055682680186
2019-04-25,-0.0044939685497137,-0.004497078280003764
2019-04-26,0.003209929808820318,0.003117295719234551
2019-04-30,0.0048110199020824085,0.004659211939516784
2019-05-02,0.00060611668164442,0.0007787802447447043
2019-05-03,-0.004533555722985597,-0.004702996492757336
2019-05-06,-0.007109266869362131,-0.00748076709197836
2019-05-07,0.004775629716290175,0.0039158848379870536
2019-05-08,-0.00579031327016922,-0.0057503529071287795
2019-05-09,-0.0024208882703941415,-0.0024073852651832874
2019-05-10,0.0012346453806943566,0.0011249108771690002
2019-05-13,-0.007632847514881945,-0.008166055367657464
2019-05-14,-0.0015527440530504004,-0.001167431196806859
2019-05-15,0.0012596759943250084,0.001137468600420598
2019-05-16,-0.007168469470024571,-0.006581527855177116
2019-05-17,0.0015557303483290177,0.0007644721666595451
2019-05-20,0.020665202377003172,0.021899343497184583
2019-05-21,0.0014412431522120416,0.00010854444326392244
2019-05-22,-0.007171476476987447,-0.006844213495830003
2019-05-23,0.011150829698315386,0.01070928318580553
2019-05-24,0.0029681382299451722,0.003912630144821104
2019-05-27,0.011580097221962198,0.011653661587028784
2019-05-28,-0.0035848835813915678,-0.0031317262502611317
2019-05-29,0.007856557966083071,0.007297105347600781
2019-05-30,-0.007858415290412469,-0.007719422423202223
2019-05-31,-0.0017206442221949394,-0.001594580815033358
2019-06-03,0.0062942083850302324,0.005918006051850834
2019-06-04,0.005698572798793478,0.005102704280191613
2019-06-06,-0.0006813857889425537,-0.0012658687190451345
2019-06-07,-0.0036766582037438687,-0.00405270171250312
2019-06-10,0.006402646598599818,0.006190546944101641
2019-06-11,-0.0033914412384724382,-0.002857793481658881
2019-06-12,0.0005380440940320923,0.00044123416047920277
2019-06-13,-0.008163419359154548,-0.007738143449172993
2019-06-14,-0.0016307123892179318,-0.0016713622674085374
2019-06-17,-0.003096050104446038,-0.0036867989593320663
2019-06-18,-0.00624207958333196,-0.0062504567065033954
2019-06-19,-0.0009283004740312133,-0.0013776418455597147
2019-06-20,0.0012073858540152353,0.00137599440560749
2019-06-21,-0.01594990684870234,-0.015883927670757025
2019-06-24,-0.012991158313416712,-0.013021416294646666
2019-06-25,0.00899795128985298,0.009057380649031874
2019-06-26,0.013437514148861176,0.013463244058566486
2019-06-27,0.002248528847463246,0.0018883837564991467
2019-06-28,0.007445088184806412,0.007059419121242261
2019-07-01,-0.001329493814291608,-0.0011022836442591858
2019-07-02,0.006414583389961705,0.007157545476309039
2019-07-03,-0.010158109390436335,-0.009312552468146778
2019-07-04,0.0019173333374902682,0.0019601448508333318
2019-07-05,-0.011695900876579299,-0.012119021997288142
2019-07-08,-0.009738893775478905,-0.010391254351798525
2019-07-09,-0.005869554377089935,-0.005648291141971762
2019-07-10,0.00033289705753936316,-0.0004862085735854138
2019-07-11,0.008799180727940403,0.009076258222338086
2019-07-12,0.0013229053390127667,0.0016142729773798194
2019-07-15,-0.009556717435801724,-0.009219283478492747
2019-07-16,0.004801635834954158,0.004788999072525561
2019-07-17,0.0009027694810956497,0.0013987549094076636
2019-07-18,-0.009139145460076057,-0.009487234441040318
2019-07-19,-0.012841364375473834,-0.012241034092181744
2019-07-22,0.005821930340892099,0.005206956077492435
2019-07-23,-0.0027224645703346944,-0.002923362431124141
2019-07-24,-0.015086675582703987,-0.015619275894267258
2019-07-25,-0.00442659364771975,-0.004459227551548468
2019-07-26,-0.002221983874380535,-0.0018917111390524572
2019-07-29,-0.008869125355452076,-0.00900327636869027
2019-07-30,-0.008202664628866102,-0.008191228011226685
2019-07-31,0.014525088959016412,0.015043161396875298
2019-08-01,-0.015597051122259986,-0.015256247955829621
2019-08-02,-0.007819090317810203,-0.007684330242755097
2019-08-05,-0.021606046202606498,-0.021111760537196204
2019-08-06,0.006488897409422069,0.006874170554938414
2019-08-07,0.00795855414215637,0.007696719105274938
2019-08-08,0.0033116682563551145,0.0034499020597721537
2019-08-09,-0.002822737940389847,-0.002546955383193501
2019-08-13,-0.005451655327285837,-0.005963944557742273
2019-08-14,0.01838396709601858,0.0177485543666534
2019-08-16,0.001974785111693085,0.0017676134951353237
2019-08-19,0.006460780519217456,0.006321503939285749
2019-08-20,0.007404150092912016,0.006876032943434937
2019-08-21,-0.0035259764761241047,-0.003935495233104529
2019-08-22,-0.011143063936177984,-0.011661533060723095
2019-08-23,-0.003095017867468185,-0.0027822545180741683
2019-08-26,0.011669801379257692,0.011731947766335215
2019-08-27,0.013542530370040055,0.01365586629160409
2019-08-28,-0.0072351815772471835,-0.0075266279091687135
2019-08-29,-0.007328847099062423,-0.0071377349285719725
2019-08-30,0.011253142972295538,0.01127679874879568
2019-09-03,-0.014366412323367658,-0.014174201445279954
2019-09-04,0.0010017851628518907,0.001365798013124346
2019-09-05,0.0032118831083521836,0.003338969100878183
2019-09-06,0.005960626370323952,0.00562033891708593
2019-09-09,0.002461237885976614,0.0027169188258701583
2019-09-11,-0.005752496705311304,-0.005294112020897699
2019-09-12,-0.0023645500963679674,-0.001863352254923194
2019-09-13,0.0038588220128727975,0.004140671495005418
2019-09-16,0.0005669097240376223,0.0011443307928397902
2019-09-17,-0.006398528509584099,-0.006785203658863208
2019-09-18,0.003275455162064655,0.003068477553984726
2019-09-19,0.0022948451302801398,0.001511480838552044
2019-09-20,0.02918766369288022,0.030490254461763712
2019-09-23,0.03035618585593861,0.030630911158265987
2019-09-24,-0.0013145932422653278,-0.0020139981069688916
2019-09-25,-0.004012931526237224,-0.0042420613762390825
2019-09-26,0.015706890667949145,0.015208566360341928
2019-09-27,-0.013215560605401145,-0.01290239918787885
2019-09-30,0.005502959792454302,0.004895641679728428
2019-10-01,-0.012948983501796116,-0.012515952215042678
2019-10-03,-0.009659987084317971,-0.009583962047532731
2019-10-04,0.002217255641729006,0.001347181053104593
2019-10-07,-0.02008097710493775,-0.019606801595125154
2019-10-09,-0.002399935011848499,-0.001554929758149704
2019-10-10,0.007052319447171758,0.0061949471257511865
2019-10-11,0.026046575189851987,0.0212172298559932
2019-10-14,0.0007034037290582799,0.0006384200706692775
2019-10-15,0.006176068600176693,0.00616471574534295
2019-10-16,-0.00237604596640994,-0.0012151011821644629
2019-10-17,0.0017801968875160697,0.0023667631614953267
2019-10-18,0.00896007291404529,0.009762457102190383
2019-10-22,-0.00392891813716296,-0.0036507079707449397
2019-10-23,-0.006563261708063525,-0.005561067730665584
2019-10-24,-0.02498250750513943,-0.023122989362182128
2019-10-25,0.003234365886641863,0.0018957946314114816
2019-10-27,0.004727691795730039,0.005040778799633809
2019-10-29,0.001360717647415137,0.0012660031090471048
2019-10-30,0.0012863903413191185,0.001654643977301101
2019-10-31,0.015277502249268538,0.014500195233330983
2019-11-01,0.008976699859958881,0.008333484917107706
2019-11-04,0.0013078195905531053,0.0018886830103748155
2019-11-05,-0.014822526936021525,-0.014354253564201091
2019-11-06,-0.005021043446303193,-0.0048399753032427354
2019-11-07,0.009325909170089467,0.009241644912385598
2019-11-08,-0.010110781350770022,-0.0098744705207734
2019-11-11,-0.0005284622706476247,-0.0003960361350483072
2019-11-13,-0.010306088129951641,-0.00973664379736041
2019-11-14,-0.00030658014860011234,-0.0014011383723705002
2019-11-15,0.012045560692936556,0.010985335734401398
2019-11-18,0.006200989929670285,0.005748671680848454
2019-11-19,0.004634270292365251,0.005018823821301735
2019-11-20,0.003819352269678133,0.004899587393197431
2019-11-21,0.004774464376883655,0.004303377609152274
2019-11-22,0.0003850072937910589,5.942531967986612e-05
2019-11-25,0.0038209649241038174,0.004088634038137887
2019-11-26,-0.0022085098583353876,-0.002348308504790462
2019-11-27,0.004641139723620879,0.004487092517777408
2019-11-28,0.003265571160696895,0.003192410091732047
2019-11-29,0.006976771307958122,0.006923115932133642
2019-12-02,0.0021071723608893167,0.0011934475655221736
2019-12-03,-0.00405776410180505,-0.004343117238593304
2019-12-04,0.0068359005080507965,0.006596855314036858
2019-12-05,0.0030234298809420817,0.0026987974807284702
2019-12-06,-0.005620767741715829,-0.006268531494271467
2019-12-09,-0.0013112662412082796,-0.0013781100470354295
2019-12-10,-0.006061516254849545,-0.0068050490844140865
2019-12-11,-0.00031578791634192995,-0.0010567345267504316
2019-12-12,-0.0006352441234039013,0.0001264047443547292
2019-12-13,0.0015806851605813625,0.003049809169282699
2019-12-16,-0.0006515371278589996,-0.0016385263431061444
2019-12-17,0.01782433017183368,0.01659938426139001
2019-12-18,0.0012818299280513534,0.0007316096813248785
2019-12-19,-0.003681582310173959,-0.003361902453267858
2019-12-20,0.009109388572071548,0.00916045102936354
2019-12-23,0.014720535042927193,0.01298059186903408
2019-12-24,-0.011046054432304327,-0.010261151614492411
2019-12-26,0.0035887373696226544,0.00363479876420189
2019-12-27,0.000628951150827896,0.0008485215834150711
2019-12-30,0.01157480290795677,0.010863284062095083
2019-12-31,0.008710273355384247,0.007948611209177258
2020-01-01,-0.008817877266884764,-0.007939254618002468
2020-01-02,-0.00021692585064313002,0.0007753664122124046
2020-01-03,-0.006125036615785083,-0.005502686898448256
2020-01-06,-0.015144691429416338,-0.015367073741241357
2020-01-07,0.0027081820820578388,0.00297453394998986
2020-01-08,-0.0011916047484452118,-0.00077133183611458
2020-01-09,0.0018538245487848659,0.0027299703343146905
2020-01-10,0.0109794200520228,0.010953276843182752
2020-01-13,0.002421640992499835,0.002391290628967281
2020-01-14,0.0019238032180652882,0.0023672335519367947
2020-01-15,0.0013282435647092644,0.0015987989906627955
2020-01-16,0.006379708861397409,0.006205449354139358
2020-01-17,0.0045434105334212094,0.005013452006333332
2020-01-20,-0.0034685148502505534,-0.0035654417109516447
2020-01-21,-0.006347028927952638,-0.006344600031445176
2020-01-22,-0.006453630738566109,-0.0059896311024264124
2020-01-23,0.0010876541244460912,0.0013734131980850243
2020-01-24,0.0073625151885245,0.007735008506856948
2020-01-27,-0.0030163540476643956,-0.00295571809423048
2020-01-28,0.004692737981129779,0.0033767240064267855
2020-01-29,0.0037186156169872397,0.0033841093951655164
2020-01-30,-0.003872423291512879,-0.005371280293998927
2020-01-31,-0.003458815752885486,-0.004249312654966359
2020-02-03,-0.005103099126262885,-0.0067191732333264234
2020-02-04,0.011998856945031536,0.012650405607636632
2020-02-05,0.013734998602096782,0.013712536705204826
2020-02-06,0.00039427483818696733,0.000956453247735181
2020-02-07,0.006684407093002498,0.0061649127721203675
2020-02-10,-0.009536454338453335,-0.009441647600232288
2020-02-11,0.010604070988503982,0.010137480720772285
2020-02-12,-0.00027802353084045413,-0.0002501890934580428
2020-02-13,-0.023969027042832918,-0.023839874033488192
2020-02-14,-0.010506026496001613,-0.010208077869956124
2020-02-17,-0.005209440731425689,-0.005133414577314043
2020-02-18,-0.0020609727534623935,-0.0028996562075157906
2020-02-19,0.01644680506694449,0.0166435660309352
2020-02-20,0.010806673532523242,0.009891078341182875
2020-02-24,-0.016985038453593077,-0.017823311638165352
2020-02-25,-0.008609281831317603,-0.008488391236349153
2020-02-26,-0.009994397467682384,-0.009953044732513062
2020-02-27,-0.0034939649639696454,-0.003970032173536961
2020-02-28,-0.013889430849051025,-0.015173157160847807
2020-03-02,-0.012109588783902041,-0.011644920312458657
2020-03-03,0.005141176704204521,0.005691113463062295
2020-03-04,-0.01388257224152818,-0.014205389245376352
2020-03-05,0.00042817424555162626,-1.865710927712971e-05
2020-03-06,-0.014090983144534159,-0.015097543110943771
2020-03-09,-0.03541096524056692,-0.03625592320217122
2020-03-11,-0.01128916514996817,-0.011603321658153103
2020-03-12,-0.05014075481952364,-0.052619695325515116
2020-03-13,0.0229059508772192,0.023789974563938783
2020-03-16,-0.06090384533291241,-0.06111316013592902
2020-03-17,-0.01045852713773242,-0.011143738770912955
2020-03-18,-0.05328583653568644,-0.054112202094719654
2020-03-19,-0.05143054361089617,-0.049720746956784745
2020-03-20,0.03838093852656191,0.0387185458092881
2020-03-23,-0.09821279135488596,-0.09861048045636324
2020-03-24,0.004846464083498359,0.004647589473909794
2020-03-25,0.04129574863891457,0.03932748719381491
2020-03-26,0.04106278910287454,0.039747952972334855
2020-03-27,-0.010913453592159415,-0.0111204321924629
2020-03-30,-0.027485877664513894,-0.02655914614459717
2020-03-31,0.022846499350612486,0.024570273763635977
2020-04-01,-0.02734541477290778,-0.02677519623632735
2020-04-03,-0.00914044472760684,-0.008402097029315343
2020-04-07,0.02871190261703006,0.030710223364846193
2020-04-08,0.01635224273674487,0.017408330782753455
2020-04-09,0.044362540527174046,0.0448501677853332
2020-04-13,0.018083768021324137,0.016748973746356106
2020-04-15,0.002465285584249592,0.003628847637955692
2020-04-16,-0.011007382002858786,-0.010502949073623112
2020-04-17,0.017012092366557076,0.01728931784922177
2020-04-20,0.015087736574745632,0.01562603900876917
2020-04-21,-0.006079508733098428,-0.006168321268565364
2020-04-22,0.022552889267891355,0.022277761867395628
2020-04-23,0.00021783923540626357,0.00023082780898379244
2020-04-24,-0.010967288736549943,-0.012762536930262192
2020-04-27,-0.0041510200890249715,-0.0036244765862170833
2020-04-28,0.007386344678014057,0.007498726397558899
2020-04-29,0.0111758759768707,0.014299781516103897
2020-04-30,0.006260350608183618,0.007659755432034209
2020-05-04,-0.02724917811468379,-0.030485199380591375
2020-05-05,-0.001406191428883789,-0.0020144943907921126
2020-05-06,0.00012223206188176372,0.00014641504650738909
2020-05-07,-0.002133226135109366,-0.0024077227586267905
2020-05-08,-0.0027261712076725774,-0.003079731990699645
2020-05-11,0.001466009735515131,0.0009553785119331675
2020-05-12,-0.019622060116385735,-0.019536670535867096
2020-05-13,-0.001213728749659323,0.002192295817839041
2020-05-14,-0.004136760854283108,-0.004287719373551352
2020-05-15,-0.0024698979287884077,-0.0018266167074255438
2020-05-18,0.020557942553824027,0.011696554827934396
2020-05-19,0.0008612454411680787,0.0017859242309491816
2020-05-20,0.015254921806096625,0.015352961538471894
2020-05-21,-0.002246410450499977,-0.0013645575897911876
2020-05-22,-0.0037429848140185127,-0.004656024417268028
2020-05-26,-0.0029848260665068056,-0.0035032316660965433
2020-05-27,0.00659126118485469,0.0066650879970106425
2020-05-28,0.015463115948786996,0.015372713203125096
2020-05-29,0.005507955159662587,0.006817403411513553
2020-06-01,0.006769760582174328,0.009221495254136958
2020-06-02,0.005004476255107048,0.006554858977930171
2020-06-03,0.006182654091636131,0.007896274565602358
2020-06-04,0.001960429969236046,0.002229900961455814
2020-06-05,0.017435451551418187,0.01875563304649819
2020-06-08,0.010501447345778776,0.011047037964953892
2020-06-09,-0.0022092534338940834,-0.0028859117516677243
2020-06-10,0.006985429797545724,0.00709965527083979
2020-06-11,-0.0007911017895148644,-0.0028260883202789475
2020-06-12,0.0040984194098774036,0.004529127071115197
2020-06-15,-0.00974108640538433,-0.010174566240143158
2020-06-16,0.0026734237012631364,0.0022843506730850552
2020-06-17,0.013051377750634812,0.013559455339498573
2020-06-18,-0.009191718508681305,-0.0069349372811473905
2020-06-19,0.0067290289133782695,0.006046488892587453
2020-06-22,0.014190582606338955,0.015241902416912723
2020-06-23,0.009720071272550016,0.011096322084174262
2020-06-24,-0.0006401379851382596,-0.002178119581635942
2020-06-25,0.006578084790334373,0.00722970714130557
2020-06-26,0.005978435318195112,0.007460200202522955
2020-06-29,-0.005385594652852216,-0.007297450536934061
2020-06-30,0.007945332360393347,0.007892288299978302
2020-07-01,0.010874122565150723,0.010517721245283315
2020-07-02,0.005706379883244242,0.0058021861271399175
2020-07-03,0.0015893202100559687,0.0019856793604435016
2020-07-06,0.006663212854597733,0.007707273466771878
2020-07-07,0.0033028710376749575,0.0025790949544914725
2020-07-08,-0.003706929486503607,-0.003919244149791096
2020-07-09,-0.0001395041558419558,0.00023847413721174828
2020-07-10,-0.0050907657405192715,-0.005757963166821435
2020-07-13,0.001586887091455434,0.002007609436923015
2020-07-14,-0.00804784381563026,-0.008733036614559493
2020-07-15,-0.0027183162691480304,-0.003028956301778356
2020-07-16,0.004940768897498748,0.005087465510387353
2020-07-17,0.005620453256295348,0.006423723307702391
2020-07-20,0.009740336194390898,0.009923342347493043
2020-07-21,0.001985816730928314,0.0029809375206078627
2020-07-22,-0.007881255896711377,-0.008489498276962184
2020-07-23,0.007514494229619786,0.00732521573867331
2020-07-24,0.0002996787870366581,2.6964127578146785e-06
2020-07-27,-0.0034000653719015637,-0.003993438798803878
2020-07-28,-0.004372004473075718,-0.003159875052755839
2020-07-29,0.0077421925773298065,0.007957232326395572
2020-07-30,-0.0009247211427255177,-0.0005258362306347188
2020-07-31,0.0048375676994005835,0.005400127470232239
2020-08-03,0.014125380357584386,0.014696084200593965
2020-08-04,0.005345682994150136,0.005243873892675648
2020-08-05,-0.0037155958067300082,-0.003454285725648287
2020-08-06,0.004483337601296919,0.004845634170786506
2020-08-07,0.0008727096283284706,0.0016263713905808055
2020-08-10,0.029141539192050234,0.028991663976057482
2020-08-11,0.005714873957495032,0.005712224735245656
2020-08-12,-0.0020221770582434977,-0.0020830658036372026
2020-08-13,0.009446285834535847,0.009174996384849286
2020-08-14,0.008163571587703002,0.008140636671137878
2020-08-17,0.0032543137789498525,0.004831755143062846
2020-08-18,0.0050051139099275424,0.005506420726647888
2020-08-19,0.005832100973524838,0.006202961953643241
2020-08-20,0.008455371233784554,0.008414634472818159
2020-08-21,0.020500407090972797,0.022114461174991194
2020-08-24,0.017963446386164733,0.018526137171494025
2020-08-25,-0.0001392647147284065,0.00023286981005905485
2020-08-26,0.005833056652807631,0.00627126558358934
2020-08-27,-0.0008150792966163587,0.0013796055589594103
2020-08-28,0.009438162437392369,0.009570901013672094
2020-08-31,-0.027617568487876776,-0.03117516728132235
2020-09-01,-0.00568003101247797,-0.003775669345871897
2020-09-02,0.013136545205339809,0.013148711276842697
2020-09-03,0.0037227092589584175,0.0043435322308533406
2020-09-04,-0.0024206238546026744,-0.004389376274452039
2020-09-07,0.02138621437807733,0.01720625066817083
2020-09-08,-0.009143886796738434,-0.009096570434007625
2020-09-09,-0.03353247223380863,-0.03088750573330091
2020-09-10,0.021507729697094746,0.02085781010940164
2020-09-11,-0.006050290701198042,-0.003993740760082293
2020-09-14,0.014696174478889068,0.018458392550139622
2020-09-15,0.01174086090052052,0.014357225040674512
2020-09-16,-0.03825348421775068,-0.03304276741103707
2020-09-17,-0.015401254250547456,-0.016126609481998254
2020-09-18,0.0012980907432800126,0.0011855695214410672
2020-09-21,-0.029006823133069175,-0.028724849210541307
2020-09-22,-0.016147275274124392,-0.013601011890223386
2020-09-23,0.010304326416161537,0.007430357814945294
2020-09-24,-0.0016768973453478617,-0.005270259598853384
2020-09-25,0.0026097964982115065,0.0049220202442824025
2020-09-28,0.013861064304063133,0.014654452148572087
2020-09-29,0.0038271588659099516,0.0036794240775820833
2020-09-30,-0.00335475647271767,-0.0037095905738829676
2020-10-01,-0.008854916684176107,-0.006642013697087349
2020-10-05,-0.003559031727155901,-0.0035958969414883147
2020-10-06,0.00041484124551039933,0.00039286754362858993
2020-10-07,0.0036185361984486858,0.0032884982864890243
2020-10-08,0.00782585106859394,0.0073400888786095166
2020-10-09,-0.006682086904957656,-0.00565091498507084
2020-10-12,0.00493657699982856,0.0029625260741236287
2020-10-13,-0.00941121559178633,-0.008717461491542924
2020-10-14,-0.0024174868652613907,-0.0010934997688399652
2020-10-15,-0.01616964316963801,-0.016364783310505414
2020-10-16,0.0033471690487830623,0.0057487716585050514
2020-10-19,0.010440979922294294,0.011881781471852301
2020-10-20,-0.002506506048841957,-0.0022297223462195673
2020-10-21,0.0012708491258469883,0.001148253725424475
2020-10-22,0.016511914795036213,0.017003037311595148
2020-10-23,-0.004445577946986349,-0.003971228402161503
2020-10-26,-0.0027523773016013375,-0.002805221269546044
2020-10-27,0.009167704771138086,0.009382746306371247
2020-10-28,-0.005051296711059684,-0.005863964945565378
2020-10-29,0.012074242663639087,0.011174858468308931
2020-10-30,-0.006302231790225323,-0.005107091500807709
2020-11-02,-0.013011226764177368,-0.012382292333309628
2020-11-03,0.006353457783578673,0.007627059452894516
2020-11-04,-0.00012695911609071116,-0.00024649097265280897
2020-11-05,0.012987692726764954,0.013498695413415836
2020-11-06,-0.004054899881141664,-0.003518245139742364
2020-11-09,-0.007123431160436914,-0.004827598929823902
2020-11-10,-0.004260167803208582,-0.003947393153889637
2020-11-11,0.002710784834292478,0.003372695477759274
2020-11-12,0.009177730389542586,0.009403033270343001
2020-11-13,0.006312518200938522,0.00700205065622902
2020-11-14,0.0075549961068298544,0.007709050969304494
2020-11-17,0.05122930186425153,0.044247090028112834
2020-11-18,0.036253171265075754,0.031006115749951962
2020-11-19,-0.010209452561200882,-0.009279671700185507
2020-11-20,0.01493081686466837,0.013675790388052073
2020-11-23,-0.006117263501595002,-0.003731625154876784
2020-11-24,0.0029063872719814177,0.003968966540032562
2020-11-25,-0.013655075700877834,-0.01248335315300062
2020-11-26,-0.004600911587493955,-0.0032822938234603233
2020-11-27,0.007761728847808533,0.009577451576360788
2020-12-01,0.02562125486468252,0.023435021286415777
2020-12-02,-0.004533836354216134,-0.0034997539363548213
2020-12-03,0.008554151207216957,0.010079476229829382
2020-12-04,0.008244426791731811,0.009252078147523539
2020-12-07,0.0005860193944489488,0.0021133325339883755
2020-12-08,-0.0023327657478522507,-0.0025072495544780178
2020-12-09,-0.012748541400751814,-0.01179120209842767
2020-12-10,-0.011381536913801806,-0.009775790585025552
2020-12-11,-0.001782300391593575,-0.0019179742424180683
2020-12-14,-0.0040412559221180725,-0.004225063800387178
2020-12-15,-0.010837910707388805,-0.010226064050398076
2020-12-16,0.006519487138607455,0.0064498509651707454
2020-12-17,0.00024179717209932478,-0.0004743123512670163
2020-12-18,-0.0019564763143962716,-0.003033259436634141
2020-12-21,-0.017951041837376187,-0.019627638813405013
2020-12-22,0.0013814191740925796,0.0018971123954989438
2020-12-23,0.016518440597698428,0.01694940453169184
2020-12-24,-0.0027290304309912825,-0.0016979867373922714
2020-12-28,0.001598326377706328,0.002925008325352763
2020-12-29,0.00405359075124282,0.0037942131541393344
2020-12-30,0.0013429562658411522,0.0012601232302925317
2020-12-31,-0.005511300570435201,-0.004403044775852878
2021-01-01,0.00835890516829967,0.008359043517851895
2021-01-04,-0.0013755355605089138,-0.0004633092327556938
2021-01-05,0.001707425717016707,0.002057651905163942
2021-01-06,-0.0070779574042697385,-0.005931020710079329
2021-01-07,0.002472899616148578,0.0024720223334149445
2021-01-08,0.007467354969664684,0.007518628701218513
2021-01-11,-0.0007249563757120677,-0.00027750606856469457
2021-01-12,0.017789330226089937,0.018148786498588667
2021-01-13,0.0005459270830004088,-2.9926906029980605e-05
2021-01-14,0.0033466103105752472,0.002809480572206963
2021-01-15,-0.0033518555363083397,-0.00429626547779377
2021-01-18,-0.006403217773558084,-0.006468618810329296
2021-01-19,0.007101035980462485,0.008174419008219046
2021-01-20,0.006861129979587433,0.007603764556527415
2021-01-21,-0.00751337998448129,-0.007957076139250339
2021-01-22,-0.000769305788533681,-0.0009260291702928211
2021-01-25,-0.004425787988776978,-0.0046976436535484676
2021-01-27,-0.0020648645301835997,-0.00293009174351306
2021-01-28,0.00015778458879345402,-0.00028474693261938596
2021-01-29,-0.004454856575789123,-0.004227637212857294
2021-02-01,0.013264585963647092,0.014788537103563894
2021-02-02,0.02022631758184461,0.01976469442036848
2021-02-03,0.010877068070163361,0.010842892006083633
2021-02-04,0.007133188828022684,0.007602738715102409
2021-02-05,-0.00740478531772602,-0.006818316670649456
2021-02-08,0.012634514585858372,0.01351537386131304
2021-02-09,0.0007570476216750295,0.0007770258093240866
2021-02-10,0.0005473908256854527,0.00017153266334025586
2021-02-11,0.027698205542875574,0.024941396185629152
2021-02-12,0.026042205276249484,0.022740126397621466
2021-02-15,0.002471234842746063,0.003291831230051927
2021-02-16,0.007054823156856966,0.009063782698830918
2021-02-17,-0.0020644395175652584,0.0013128836284522758
2021-02-18,0.011833521037904882,0.013668690992414446
2021-02-19,-0.013284422049384698,-0.013851427852123609
2021-02-22,-0.018050375640171725,-0.017655576864001186
2021-02-23,0.006459868195041367,0.005778015473683881
2021-02-24,0.004284350645314711,0.005664584681093901
2021-02-25,0.006686539654474402,0.007507673652227157
2021-02-26,-0.0061692515156053325,-0.007139425556315476
2021-03-01,0.0015851712301576384,0.0028233114498516614
2021-03-02,0.02911322918252733,0.029389998013883017
2021-03-03,0.012217539574690149,0.01192097940974067
2021-03-04,0.018092949463814033,0.016418178504791745
2021-03-05,0.0024906274413590735,0.0009465501425285244
2021-03-08,0.016763817501270203,0.017977560627748596
2021-03-09,-0.0019397415593326987,-0.003042627410084828
2021-03-10,-0.009599078032656676,-0.008049238227081602
2021-03-12,0.0028787338334857727,0.0030457299349254136
2021-03-15,-0.0030633905716069246,-0.003071177230887228
2021-03-16,0.0016385030317630626,0.0022765614779101345
2021-03-17,-0.023405739338587698,-0.023672271705239414
2021-03-18,-0.009124759129040812,-0.01010976886511941
2021-03-19,0.013163473583263816,0.011795206316861314
2021-03-22,-0.001788832564938824,-0.0005033106995670584
2021-03-23,0.008862376122159864,0.009099299599640594
2021-03-24,-0.011967936574670124,-0.012763658369441128
2021-03-25,-0.03354137261821627,-0.03017896628095688
2021-03-26,0.055541391496053756,0.04899672522815558
2021-03-30,0.027683776241007593,0.02559096332229676
2021-03-31,-0.009904898743013492,-0.009171211542807641
2021-04-01,-0.00772354234902226,-0.004265513263413401
2021-04-05,-0.008872319207695066,-0.008990573227258231
2021-04-06,0.0007751138513241588,0.003780626874835223
2021-04-07,0.011351571348186824,0.012201687553145754
2021-04-08,-0.002705818647331902,-0.0022143490764553416
2021-04-09,0.015133302003109458,0.015737407748878104
2021-04-12,-0.03419312683776558,-0.036095530223852125
2021-04-13,0.01405893549592921,0.014149278274858724
2021-04-15,-0.0003891842830249994,0.0003684053616394415
2021-04-16,0.02282411267674451,0.02141482195828072
2021-04-19,-0.0027741970763351495,-0.00574180336514391
2021-04-20,-0.00418107696497586,-0.0031985579393455123
2021-04-22,0.0015146089938643881,0.0015060557382318201
2021-04-23,0.006425773571842712,0.006355858883234455
2021-04-26,0.00027805115758756786,0.0004600192295164724
2021-04-27,0.005260606387771618,0.00585310320230319
2021-04-28,0.008764702390900148,0.008156198191522253
2021-04-29,-0.004521845443700119,-0.005114244609454874
2021-04-30,-0.0057304164004089025,-0.004317122834059448
2021-05-03,0.01228907089018083,0.013018670038993423
2021-05-04,0.009418272389540834,0.0096618098529533
2021-05-05,0.023778909104743964,0.023566873433872374
2021-05-06,-0.0030308257233070176,-0.002761281815229446
2021-05-07,-0.003573419515799101,-0.002438523030645197
2021-05-10,0.0013419186374155616,0.0015762875158959195
2021-05-11,-0.000855939119170625,-1.4768889178355034e-05
2021-05-12,-0.005615106037513236,-0.0068314901676948606
2021-05-14,-0.006741185800875654,-0.006304172132026461
2021-05-17,0.005350054416955373,0.006337185855954565
2021-05-18,0.02871765374325948,0.026752153629982407
2021-05-19,-0.004773100798731332,-0.0029412685693761408
2021-05-20,-0.003639442705792403,-0.00355036078295354
2021-05-21,-0.004486172004850122,-0.003840203382078701
2021-05-24,0.007696628111244572,0.009337346405921959
2021-05-25,-0.008232526539920368,-0.0068791031684144925
2021-05-26,0.002594994077845216,0.0023358284128169294
2021-05-27,0.018366366803476364,0.0172804238763838
2021-05-28,-0.0007037026844607143,-5.600025969093603e-05
2021-05-31,-0.00818460145240497,-0.007962050374831152
2021-06-01,0.0069027406212972065,0.006799351681601802
2021-06-02,0.013447064764209172,0.014444750529976439
2021-06-03,0.013464994856599221,0.013950817970399378
2021-06-04,-0.008022175021062191,-0.007758425114778633
2021-06-07,0.008300706463826463,0.008886769288916898
2021-06-08,0.011303314436906856,0.010538354171114893
2021-06-09,0.01233653126528618,0.009807964858700871
2021-06-10,-0.0013043674465047443,-0.0007420662557323478
2021-06-11,0.010274554597646623,0.008959855253999657
2021-06-14,0.0010312577676986328,-0.00038837513177066496
2021-06-15,0.007781004115961676,0.007027826348664188
2021-06-16,0.026264517405399094,0.022370173935577196
2021-06-17,-0.009093209466863246,-0.009907860529488522
2021-06-18,0.0007972302634455763,0.001647422539970977
2021-06-21,0.014884354981207402,0.015681296902050213
2021-06-22,0.009412646429387246,0.009115839008313035
2021-06-23,-0.0016410086011182617,-0.0017203869569930995
2021-06-24,-0.007683436145084948,-0.007269878087027694
2021-06-25,-0.00996676885700754,-0.008918586475733297
2021-06-28,-0.006267621406494178,-0.004180008861007301
2021-06-29,0.0032441085395213494,0.00371814603863086
2021-06-30,0.005189898679377313,0.005527616645089618
2021-07-01,0.0016359009296280892,0.001465003762349874
2021-07-02,0.020389245698756914,0.018640141223880916
2021-07-05,0.011530224778427542,0.011173647172597185
2021-07-06,-0.007302411920795166,-0.007151412659100928
2021-07-07,0.00015672168076330035,0.0005448173397956472
2021-07-08,0.00024637439627135346,-0.0006909012514444927
2021-07-09,-0.0030054450318948316,-0.002744773111893469
2021-07-12,0.00427332281038886,0.0035732902498521475
2021-07-13,0.0027617778033941186,0.002036631911867107
2021-07-14,-0.00011589862684839857,-6.221887111091672e-05
2021-07-15,0.011115989880418752,0.010419246436312436
2021-07-16,0.00876167219896803,0.007570337874805045
2021-07-19,0.02331247443778387,0.019792274280378577
2021-07-20,-0.014795462284508672,-0.014210036603823464
2021-07-22,0.017814382550708587,0.018844083392256128
2021-07-23,-0.0022092968759071367,-0.0010214824758010147
2021-07-26,-0.0053746615234702,-0.005311251940070171
2021-07-27,0.004023641841092974,0.003969350773336784
2021-07-28,-0.01920096774577304,-0.018523225443714497
2021-07-29,-0.0052461082148518795,-0.005584292125560411
2021-07-30,0.0023381837667509338,0.002987827475848666
2021-08-02,0.010933656848498348,0.011037287930716769
2021-08-03,0.007906082289766922,0.006854968633536084
2021-08-04,-0.005013250160407349,-0.005854011820981514
2021-08-05,-0.01046046707533422,-0.009686003217886707
2021-08-06,-0.0048377129148992745,-0.0038690918412031374
2021-08-09,-0.008663062788931288,-0.008998192417458578
2021-08-10,-0.017074859705931117,-0.018128007328146966
2021-08-11,-0.020612096827197866,-0.01972178929638838
2021-08-12,0.022588660372293273,0.02219343888318956
2021-08-13,-0.0034156603033306003,-0.003071166372087688
2021-08-16,-0.009809726992608583,-0.008625988981284275
2021-08-17,0.014831471347066265,0.013216782742621827
2021-08-18,0.006552441263546404,0.005888294148500233
2021-08-20,-0.01521799697084656,-0.016794822023216215
2021-08-23,-0.018132206444127167,-0.017513658471637175
2021-08-24,0.010194443737044439,0.009870998480176758
2021-08-25,0.014754117889740272,0.01589870967099442
2021-08-26,0.005567758075509744,0.005523688426224828
2021-08-27,0.007855624057043395,0.008178301159008033
2021-08-30,0.005546660154594536,0.007314390579649851
2021-08-31,0.0008408746641767004,0.0015800416196192532
2021-09-01,-0.007603236393745962,-0.006343695587179583
2021-09-02,0.017746452197274044,0.017770538278190997
2021-09-03,-0.0012779058720216224,-0.0012076313320741059
2021-09-06,0.007473281657092399,0.006682237310356157
2021-09-07,0.00856582851347915,0.006848763539399524
2021-09-08,0.010391406566301293,0.010670018849553682
2021-09-09,0.010785151047366269,0.01138636313754345
2021-09-13,-0.00398733740974105,-0.003049002447030522
2021-09-14,0.000860016110575527,0.0014484389691987694
2021-09-15,0.0010532660414083377,0.0010551121725149992
2021-09-16,0.004955803905492111,0.005401315548713962
2021-09-17,-0.007818588476722592,-0.007341322312924013
2021-09-20,-0.012141593855652874,-0.01296135004173809
2021-09-21,0.0019173831564986191,0.001984007239637183
2021-09-22,0.007799455176164219,0.0075461887408129315
2021-09-23,0.002544900422501438,0.0035884525683593654
2021-09-24,0.010906986044076228,0.009199513844994046
2021-09-27,-0.0032327151159631203,-0.003469660211064741
2021-09-28,-0.004358341892426739,-0.003564607319443035
2021-09-29,0.0062244770016664265,0.007642451982025897
2021-09-30,0.014649095778052991,0.013704137351153592
2021-10-01,0.005976274855100964,0.005541748919737627
2021-10-04,-0.0014545753271133052,-6.343679698568094e-05
2021-10-05,0.00020960250845954186,9.656923142091913e-05
2021-10-06,-0.002036392803569345,-0.002785391147231634
2021-10-07,0.009703903278465187,0.008690739623916671
2021-10-08,0.0015144589081864273,0.0024288751151401865
2021-10-11,0.008979523348265362,0.0092414166444113
2021-10-12,-0.0024284006734478555,-0.0014288041061273574
2021-10-13,0.00588087848686379,0.005762142192777948
2021-10-14,0.010269095796815281,0.0097620469942524
2021-10-18,0.0034145368859783815,0.002696435085304842
2021-10-19,-0.010754096463114048,-0.011305749709294332
2021-10-20,0.004441240406622049,0.0030047262592199104
2021-10-21,-0.018796389368487078,-0.016860509740407936
2021-10-22,0.020366381639622528,0.018223725507303053
2021-10-25,-0.006217099029758274,-0.005994078136171674
2021-10-26,-0.005036673178431373,-0.0035541899730897704
2021-10-27,0.01608505177292381,0.0144888990844042
2021-10-28,-0.006414941428485454,-0.009021517684584323
2021-10-29,0.011061328844159968,0.010123747889382143
2021-11-01,0.010008437777567679,0.010620926910889719
2021-11-02,0.0113940943224735,0.011993286744303333
2021-11-03,0.002335033192341306,0.001845815759138572
2021-11-04,0.004277283661547651,0.005205279519286481
2021-11-08,0.00650067792562591,0.005205822006591764
2021-11-09,0.018692661591967027,0.0171779679753774
2021-11-10,-0.0018039855397828152,-0.002103983211372433
2021-11-11,0.016484870931731718,0.01495962521784597
2021-11-12,-0.0015373103345411754,-0.0012643263455108446
2021-11-15,-0.006779902803528291,-0.007345122007858215
2021-11-16,-0.001216385819509516,-0.0011212624118710824
2021-11-17,-0.0027448487053596173,-0.003337071349427025
2021-11-18,-0.007857299373479674,-0.008905440993848544
2021-11-22,-0.014712943711149845,-0.015064504985360634
2021-11-23,0.014756209313652425,0.014475096850131904
2021-11-24,-0.005164204995384515,-0.0035156317169588707
2021-11-25,-0.005344318208721844,-0.004733165959653854
2021-11-26,-0.013166469760614958,-0.01474134052818609
2021-11-29,-0.003955737410249868,-0.005337692219720157
2021-11-30,0.008905291727233262,0.009168942668493874
2021-12-01,-0.0041674184114903895,-0.00260204206154072
2021-12-02,0.005813601918218769,0.007856168006396408
2021-12-03,-0.0026254562526674768,-0.002284050313401228
2021-12-06,-0.010050626125498379,-0.010913493436685472
2021-12-07,0.01331454440263248,0.013679769852915935
2021-12-08,0.010527516830824106,0.010110234316583085
2021-12-09,-0.005151019553147424,-0.004157532382721844
2021-12-10,0.005213070524763145,0.006819509691578389
2021-12-13,0.003650287972851061,0.0026116620793906814
2021-12-14,0.005278615244212077,0.004746134668712451
2021-12-15,0.002251161950965281,0.0018007152621647485
2021-12-16,-0.0056858331309147594,-0.006043074735929577
2021-12-17,0.001416337628824109,-0.00034275473464904355
2021-12-20,-0.0215810159704122,-0.02175441655769788
2021-12-21,0.005812784891239031,0.0063353626007532915
2021-12-22,0.005879375383249217,0.006574245662146397
2021-12-23,0.0034341090631783344,0.0036467415306133933
2021-12-24,-0.009195946323312868,-0.008821015604500285
2021-12-27,0.008340543426388564,0.009051352243623188
2021-12-28,0.015741333143187448,0.014584890537602998
2021-12-29,0.0037640951484239366,0.0032749890905058483
2021-12-30,0.003706455387103329,0.0027936364695202265
2021-12-31,0.0014141241113739993,0.0016730647546296612
2022-01-03,0.0011659035665833046,0.0016996255450735854
2022-01-04,0.004341861340336731,0.00454075634154873
2022-01-05,0.0011802062440115183,0.0010525366996081173
2022-01-06,-0.009806049744964629,-0.008618834190480635
2022-01-07,-0.0007575534403296476,-0.0010724319472068856
2022-01-10,-0.0018952852075114484,-0.000313769127863905
2022-01-11,-0.0063468936878978656,-0.006251080340861001
2022-01-12,0.007838777888712612,0.00742951017074712
2022-01-13,-0.004063388792316716,-0.0027687123736502162
2022-01-14,0.009363461012398435,0.009284704643779174
2022-01-17,0.005970732003463747,0.005250239301365463
2022-01-18,-0.011399788029594678,-0.011459536821405379
2022-01-19,-0.0005976557151071228,-0.0009648998837537895
2022-01-20,-0.0016245279188495953,-0.002255336502956512
2022-01-21,-0.01792825770600636,-0.01776540422484028
2022-01-24,-0.024465109347199594,-0.02496870357104995
2022-01-25,0.0126309419661917,0.012966386166709146
2022-01-27,-0.004687670217532247,-0.004281357998220156
2022-01-28,-0.009055444587757012,-0.00799242603793464
2022-01-31,0.011109475871473316,0.01156348007512602
2022-02-01,0.000986548577421998,0.0010618350914016578
2022-02-02,0.011105358214558972,0.012199882042113752
2022-02-03,0.007921378665330367,0.006800356606324014
2022-02-04,-0.006204932150715693,-0.006481370429505332
2022-02-07,-0.00602146191658397,-0.007201077680567647
2022-02-08,-0.002216488796608799,-0.0026882859239200753
2022-02-09,-0.0028982324956403796,-0.0024533426065125245
2022-02-10,0.0023175940468070726,0.003192332787460873
2022-02-11,-0.00743794388034034,-0.007249510181458625
2022-02-14,-0.01118121597689261,-0.01326254409785498
2022-02-15,0.007304263071053179,0.007832887696213514
2022-02-16,0.011787911574869636,0.012346074683904449
2022-02-17,-0.0006362246056495342,-0.0005212801374567969
2022-02-18,-0.002839850204308387,-0.0028819109320975035
2022-02-21,-0.014617717135592108,-0.014470787696380188
2022-02-22,0.0026002648821736385,0.0009798669310658128
2022-02-23,-0.0029708900687597877,-0.0023834915344060808
2022-02-24,-0.04635929467632136,-0.0467705830698512
2022-02-25,0.018041810540207683,0.0198012796135274
2022-02-28,0.010535640921565588,0.011088278337639982
2022-03-02,-0.01863838582056723,-0.017624371341996518
2022-03-03,-0.014766859431053256,-0.01300285657928148
2022-03-04,-0.006487977251013024,-0.0072344480835536745
2022-03-07,-0.04335080451069078,-0.04138458114464995
2022-03-08,0.0038389318917150562,0.0042060733317548955
2022-03-09,0.014202232098607203,0.014715450862776177
2022-03-10,0.01914226664888994,0.01896041538838452
2022-03-11,-0.003309534017960656,-0.0025302201933396617
2022-03-14,0.005599202195996391,0.0052758611822728285
2022-03-15,-0.0040189180925773345,-0.004586221665401086
2022-03-16,0.0075732124185874,0.007375267118165504
2022-03-17,0.0016889645710430395,0.0016888098062882615
2022-03-21,0.011142514697706465,0.010582373003698726
2022-03-22,-0.00033636801619744196,-0.00013744455025779237
2022-03-23,-0.0010184861654739372,-0.0006834505491700085
2022-03-24,-0.011936457721259775,-0.010481783807394155
2022-03-25,-0.0010313607544511075,0.0005344556233436071
2022-03-28,0.004550438623867736,0.0025756338130711177
2022-03-29,0.003928808926379598,0.004105295715275732
2022-03-30,0.024812835209418602,0.023546080384271903
2022-03-31,0.0028694043622182813,0.00318112491135799
2022-04-01,0.009221428775014749,0.010034848965300427
2022-04-04,0.01103783850137102,0.011224600742977441
2022-04-05,0.024995606624434452,0.024366807343678975
2022-04-06,0.0005243659958005561,0.0013922497892798898
2022-04-07,-0.0011895623587931308,-0.001079310682816385
2022-04-08,0.00041057993769077003,0.001432018357757757
2022-04-11,0.013496680101324455,0.013516156682791932
2022-04-12,-0.009081132743245053,-0.00956813937058841
2022-04-13,-0.010715586825595595,-0.010225412090222364
2022-04-18,-0.008642168248232508,-0.00826550389040324
2022-04-19,-0.005189891168640528,-0.006415599676931843
2022-04-20,0.005051374817126166,0.004275734676484176
2022-04-21,0.02042708168792551,0.019444809218265698
2022-04-22,-1.8972897056388475e-05,0.000508915407779342
2022-04-25,-0.012148209399753406,-0.012014943607370892
2022-04-26,0.012857352825208328,0.012938280462870088
2022-04-27,-0.0069741516043051,-0.006960276650951012
2022-04-28,0.010763450449730871,0.0102763807915576
2022-04-29,-0.00018203957340384355,-0.0009655331524180377
2022-05-02,0.003980447301562668,0.003239144355539767
2022-05-04,-0.01976368879615106,-0.020144319011838736
2022-05-05,-0.009681127501870146,-0.009481354654793753
2022-05-06,-0.01865831268702789,-0.018725844850106532
2022-05-09,-0.003513609911709084,-0.004669781519811809
2022-05-10,-0.008046492996817475,-0.00933286433578094
2022-05-11,-0.014653188827287484,-0.014950741380201452
2022-05-12,-0.016704545121328934,-0.017134833443016646
2022-05-13,0.008434406344589866,0.007846859388912655
2022-05-16,0.01352632518100584,0.014044994017371965
2022-05-17,-0.004369887698143834,-0.0020442621012129016
2022-05-18,0.021414815709721195,0.021073882967945188
2022-05-19,-0.02100392107373436,-0.02127429696160913
2022-05-20,0.021715377214838374,0.02136356058994394
2022-05-23,-0.0033808906219981606,-0.003330534054549208
2022-05-24,-0.007968545117707558,-0.007991808933811545
2022-05-25,-0.015961655650311223,-0.016300146433346655
2022-05-26,0.009754530536770396,0.009816869427086613
2022-05-27,0.0055624557148169,0.005899840411130428
2022-05-30,0.009563806953995928,0.010433898327987353
2022-05-31,-0.01899439778393654,-0.01768573913549129
2022-06-01,-0.00047659958988280804,0.0002251045012768119
2022-06-02,-0.00026939117613350395,0.0001276897071027707
2022-06-03,-0.012288421123386016,-0.01149698056065759
2022-06-06,0.0003261476150726287,3.8647550044730735e-05
2022-06-07,-0.007498923649316716,-0.007797150840328739
2022-06-08,-0.0061388563894530105,-0.006009921485215027
2022-06-09,-0.002188510817493266,-0.00189166789644173
2022-06-10,0.0007508600748093828,0.0002182040796879334
2022-06-13,-0.01397926197957218,-0.014706416572600618
2022-06-14,-0.001962020399159049,-0.0017840888568909708
2022-06-15,-0.0005912616813322823,-0.00044372086889491016
2022-06-16,-0.020390995237643705,-0.020558769868516034
2022-06-17,-0.015954146547390847,-0.014929619046489762
2022-06-20,-0.0040392023641097185,-0.0050893428564057555
2022-06-21,0.011211056396834057,0.01178063068818567
2022-06-22,-0.0008028907061488468,-0.0016400625818063183
2022-06-23,0.00416948131110181,0.004500336733886653
2022-06-24,0.0011611056629449187,0.001808663496662247
2022-06-27,0.01076605910683901,0.011091010777948121
2022-06-28,0.00425960439583929,0.004240876497807983
2022-06-29,0.0017002801990571737,0.001608056316193819
2022-06-30,0.007686771534923701,0.006873849937545895
2022-07-01,0.0060904170499355564,0.005928874789223109
2022-07-04,0.01084082213826069,0.010696710012677968
2022-07-05,0.010568590675318543,0.010245419309450214
2022-07-06,0.015188747918537582,0.015668577380106515
2022-07-07,0.0080119857656228,0.008419389699429005
2022-07-08,-0.0016074512939394687,-0.0012267048139752935
2022-07-11,0.007380145194198871,0.007634353659447024
2022-07-12,-0.008157910318597278,-0.007953413322986913
2022-07-13,0.009108735231202434,0.008525663841270932
2022-07-14,0.003098745787739518,0.003153107787882545
2022-07-15,0.004261626259606506,0.004141178797089226
2022-07-18,0.010067177478142616,0.009717493940659969
2022-07-19,0.00868749000088213,0.00875072706019767
2022-07-20,0.0026017312627874254,0.0027386864928241024
2022-07-21,0.015139115257434643,0.015178473889106384
2022-07-22,0.009443031263981251,0.009018249212658775
2022-07-25,0.0014914212994775326,0.0012929932248359913
2022-07-26,-0.009209314697895321,-0.00906770687704888
2022-07-27,0.0019264442672171126,0.0017496069530564726
2022-07-28,-0.0018695643091246098,-0.0013880396882016807
2022-07-29,0.009115228991162695,0.009747563768304988
2022-08-01,0.00564924619335778,0.005819326928999495
2022-08-02,0.013263928511869966,0.013200102191093471
2022-08-03,-0.008526197707754294,-0.008592404559742046
2022-08-04,0.0038545814781469835,0.003429172875635277
2022-08-05,0.004052326215030582,0.0038798571416613506
2022-08-08,0.010293838450213626,0.010188711218068188
2022-08-10,0.0030915821955633744,0.0034488151174582532
2022-08-11,0.0009978270591172451,0.0009191431129752957
2022-08-12,0.0020075671558541512,0.0022117856857236406
2022-08-16,0.006859048028931876,0.00698537394994637
2022-08-17,0.008106582950505372,0.00812897937504105
2022-08-18,0.0008074005888068527,0.000894821889336996
2022-08-19,-0.0014595333312948675,-0.0016300854250727377
2022-08-22,-0.0037586427666668762,-0.003660679548745112
2022-08-23,0.005979321103244084,0.006418636633022784
2022-08-24,0.011323313314563292,0.011054353863966375
2022-08-25,0.0023950394902283395,0.0026716875905976067
2022-08-26,0.002689135256272377,0.0026132584395623286
2022-08-29,-0.011096042948710838,-0.01127134315864406
2022-08-30,0.006551223477985579,0.006888029327484198
2022-09-01,-0.002737183657551072,-0.0024386688961386986
2022-09-02,-0.0029712466784718424,-0.0031957860368266064
2022-09-05,0.004884446161733973,0.004807053467649213
2022-09-06,-0.00629726514252277,-0.006264644483445727
2022-09-07,0.015662919570727164,0.01558580763784765
2022-09-08,0.004919640172306898,0.00507138593271802
2022-09-09,0.0036817197123756697,0.003941978041275636
2022-09-12,-0.0023348882471709905,-0.0016984992095334028
2022-09-13,0.014218982106179999,0.013815058928576738
2022-09-14,-0.002192614242908542,-0.001693528472904784
2022-09-15,0.003589129959530332,0.0037790640865964925
2022-09-16,-0.036253975722598204,-0.03501887609326467
2022-09-19,-0.003404160770225346,-0.003209522183135356
2022-09-20,0.016391908303954747,0.01600305505006277
2022-09-21,0.0001369431247953964,-0.00024913719757855635
2022-09-22,0.0004020947484206592,0.0009810377690414895
2022-09-23,-0.009690383041578045,-0.010161675306148176
2022-09-26,0.003170446245386321,0.0010450801988184369
2022-09-27,-0.0066641935810722785,-0.006409673062388792
2022-09-28,-0.003888827017244264,-0.0043860421706348515
2022-09-29,0.008966234774966848,0.008924405450077446
2022-09-30,0.010892307035412423,0.010894413105270907
2022-10-03,0.0029410881157818625,0.002353601973489665
2022-10-04,0.0054561720170805015,0.00599844046016303
2022-10-06,-0.0022204481307737008,-0.0016561371787810063
2022-10-07,-0.0028505434314143783,-0.002596929209205166
2022-10-10,-0.0050833348995953445,-0.0048699495751415725
2022-10-11,-0.006853500472729509,-0.007068579758652029
2022-10-12,0.01016239459525937,0.009980787303564897
2022-10-13,-0.006601684618101836,-0.006763326239961873
2022-10-14,0.002009433944166377,0.002085519293965417
2022-10-17,0.0022468443223031456,0.00271754148215431
2022-10-18,0.0011431398557734602,0.001180798231056179
2022-10-19,0.0022605897608718954,0.0023905037146039003
2022-10-20,0.0005887387832564771,0.00045088034213877507
2022-10-21,0.0005597169995086227,2.5700544525668345e-05
2022-10-24,0.0017772295494934125,0.00195947595543767
2022-10-25,0.005164385100121133,0.004640638882911494
2022-10-27,0.00856880785556157,0.009016396497185962
2022-10-28,-0.009645896134449923,-0.009318825452928017
2022-10-31,0.020652737317742333,0.019749668374415923
2022-11-01,0.007352615281943964,0.007354191011311958
2022-11-02,-0.005059447706753063,-0.0051509231652669355
2022-11-03,0.0010484249940092623,0.0006662383849702273
2022-11-04,0.006189986406429416,0.006263619664564892
2022-11-07,0.007504664803253096,0.007402078930226577
2022-11-09,-0.01766329042600002,-0.016794601032210754
2022-11-10,-0.0049279944073560315,-0.004672295564364452
2022-11-11,0.006607186417992818,0.006160441029230368
2022-11-14,-0.004942738203289439,-0.004595576018275109
2022-11-15,-0.004145657924235447,-0.0034496773942591314
2022-11-16,-0.008879095472269996,-0.00895173819216552
2022-11-17,-0.008008174936266772,-0.00785811621969704
2022-11-18,0.006557556248512917,0.005957389208082707
2022-11-21,0.017120841856321928,0.01569778606277034
2022-11-22,0.01967793750753457,0.01802906472017547
2022-11-23,-0.006887902007313605,-0.006193178453761686
2022-11-24,0.004905430173632035,0.004741004794857132
2022-11-25,0.012078086230747156,0.011993866197163342
2022-11-28,0.016067546169652926,0.015815087607780706
2022-11-29,0.008786016357303054,0.008145940488096717
2022-11-30,0.004923305540335355,0.005035207069483111
2022-12-01,-0.0030031520398866147,-0.00268788729356165
2022-12-02,-0.0019142527973403296,-0.0015477277443195648
2022-12-05,-0.00391385368551568,-0.003974908818285765
2022-12-06,-0.003526024141318306,-0.0034240009849965604
2022-12-07,0.007588831745027028,0.00690261159818482
2022-12-08,0.004773038215916819,0.004986378209360368
2022-12-09,-0.01185007701581027,-0.011922987985301356
2022-12-12,0.0019681449782516978,0.002031907330023575
2022-12-13,0.013915286534854257,0.01417348886423443
2022-12-14,0.015926962656756836,0.01570263803006586
2022-12-15,-0.006605907775970476,-0.00680926513313501
2022-12-16,0.0021839753013918354,0.0014358306307784932
2022-12-19,-0.011039643699898466,-0.01023297798314298
2022-12-20,-0.007799549299715465,-0.007642970107487857
2022-12-21,0.0006530834450519905,-2.9718971088822394e-05
2022-12-22,-0.003355222431342637,-0.003639970213370088
2022-12-23,-0.02349997350527087,-0.024717144862118727
2022-12-26,0.015304919405160083,0.015978133111837187
2022-12-27,0.007261355151320291,0.008093692256286452
2022-12-28,-0.003691019442024368,-0.0033604081950709738
2022-12-29,0.0022778146189415204,0.002289386100068902
2022-12-30,0.010350842038572415,0.010200648268112995
2023-01-02,-0.004476887428627101,-0.004184826741141595
2023-01-03,0.0018847452576879716,0.001993488275638083
2023-01-04,0.0004267834463347959,0.00023941815905806655
2023-01-05,-3.941879884260621e-05,0.00013946000534334103
2023-01-06,-0.006455135224280162,-0.006863851303411706
2023-01-09,0.002423671449715098,0.0027283304500834954
2023-01-10,0.0028571910996016865,0.0023057397389034747
2023-01-11,0.0036594081812567616,0.003602152679636196
2023-01-12,-0.00030140729470278557,-0.00045136878782743264
2023-01-13,-0.0009915926152246589,-0.0009880016168512253
2023-01-16,0.005074559725139579,0.004919962448419985
2023-01-17,-0.00490419602234402,-0.0051689436256925
2023-01-18,-0.0014761127122455634,-0.0013177678416204349
2023-01-19,-0.001299052838666126,-0.0013277632077865606
2023-01-20,-0.009952186508480166,-0.00948401841473593
2023-01-23,-0.00715456124938505,-0.007039284743725864
2023-01-24,-0.0024312706247179125,-0.0029099090715550184
2023-01-25,0.0007191453347082429,-0.00011109070314812468
2023-01-27,0.016372869860001766,0.013971535243730947
2023-01-30,-0.00622094179035793,-0.006253090359337692
2023-01-31,0.015286095977470323,0.015494493987156499
2023-02-01,0.006188882254786906,0.004507767331732819
2023-02-02,0.011895253791557165,0.01141007993677668
2023-02-03,0.0030673151619735146,0.0033682625128250133
2023-02-06,-0.0036564384917537793,-0.0030677837003918714
2023-02-07,0.0020764038121558123,0.002195014914808184
2023-02-08,0.00491915830918807,0.005809468400846078
2023-02-09,-0.00765457388794399,-0.007806754512435942
2023-02-10,0.013230530762354772,0.013314671165378992
2023-02-13,-0.017519906189234404,-0.017274314361077868
2023-02-14,0.003700866506885998,0.003637513208820717
2023-02-15,-0.0019217471426544632,-0.0016234877937528391
2023-02-16,0.005255614734537767,0.00506176290706785
2023-02-17,0.001794187646670145,0.0012156436975538725
2023-02-20,-0.0010060037328330032,-0.0009901987124328914
2023-02-21,-0.005502144131869309,-0.005417872586357893
2023-02-22,0.0042629616496331684,0.0034910196598921606
2023-02-23,-0.0050100979246385504,-0.004804661553094804
2023-02-24,0.003138680702428431,0.003201847322576774
2023-02-27,0.004401763141008835,0.004114693566236474
2023-02-28,0.004123088284599133,0.004663062821070087
2023-03-01,0.0011644280126278097,0.0019442776673353201
2023-03-02,-0.0035844095644239787,-0.0036211135919335946
2023-03-03,-0.0054061594108619675,-0.004234659936403303
2023-03-06,0.0012945735988618894,0.0014994685953891294
2023-03-08,-0.001032486954659742,-0.00039475788599200906
2023-03-09,-0.0003662046917274033,-0.0005360956799395117
2023-03-10,-0.006902077339834912,-0.006706780109777778
2023-03-13,-0.011180341163099272,-0.011851404859292859
2023-03-14,-0.0071188002188330175,-0.006988560561743535
2023-03-15,0.002125341685639312,0.0022217139605556105
2023-03-16,-0.013134054136541534,-0.012570772498518469
2023-03-17,-6.734494416094418e-05,-0.00011074504751366912
2023-03-20,-0.005432082510749065,-0.005507538928371967
2023-03-21,0.010505422151388135,0.01042051805109064
2023-03-22,0.011860908424931857,0.010944417081315543
2023-03-23,-0.00022255353870980984,-0.0003725753705400141
2023-03-24,-4.8306808163146235e-05,-0.000731176108130482
2023-03-27,-0.005364042853888413,-0.005383147643589274
2023-03-28,0.007349712400093848,0.006714228703805247
2023-03-29,0.010685515658046296,0.011932156306979008
2023-03-31,0.0072885582265652575,0.007140743208831098
2023-04-03,0.0021992306631958697,0.0025932516958848168
2023-04-05,-0.0005653648123508785,-0.0005484426247957472
2023-04-06,0.002229673244512152,0.002317195938312033
2023-04-10,0.007888991736040862,0.008189037811797154
2023-04-11,0.0029946285408481363,0.003236308321627536
2023-04-12,0.004329925792107624,0.0045352942209882915
2023-04-13,0.005807916008006296,0.005708185914450108
2023-04-17,0.0061966849099925735,0.0059220082017346085
2023-04-18,0.0001355996120795148,0.00025046361796404683
2023-04-19,-0.0027883648257246403,-0.0025416404715129636
2023-04-20,-0.005298157251532751,-0.005076827770448489
2023-04-21,-0.004244642209785653,-0.004297890873796685
2023-04-24,0.006193179107231855,0.006335486971656764
2023-04-25,-0.0006772708819808517,-0.0007262047336004332
2023-04-26,0.012147547515666268,0.012341112668188343
2023-04-27,0.008793272032095,0.009050966665961148
2023-04-28,0.007839062265493673,0.007826701421218742
2023-05-02,-0.0026890347388672546,-0.0027811274241684556
2023-05-03,-0.005744433507449435,-0.005681768729130795
2023-05-04,0.0069548439026217174,0.007172380811239205
2023-05-05,-0.006155643756888256,-0.006239288915790255
2023-05-08,0.007452951137229317,0.007965076984819025
2023-05-09,-0.004843405074300909,-0.004220348491799033
2023-05-10,0.0041191460433407595,0.003984212662487047
2023-05-11,0.010886785244755167,0.010858756578933548
2023-05-12,-0.0007324285993033528,-0.0004321925400704397
2023-05-15,0.011104098800636557,0.011398927369081033
2023-05-16,-0.004843645668004362,-0.004652910532512331
2023-05-17,-0.0036903874175448015,-0.0033963710224802412
2023-05-18,-0.003601330175443944,-0.00377880796254897
2023-05-19,-0.0020754739062275743,-0.0022758377233367717
2023-05-22,0.005784350904691854,0.006539867689860233
2023-05-23,-0.001704149403099371,-0.0013322868096893794
2023-05-24,0.0023787448782119657,0.002366611318118741
2023-05-25,0.003632295629733488,0.00347047015762118
2023-05-26,0.014101604825131234,0.013922398166644659
2023-05-29,0.0006099795299940386,0.00010282522155821705
2023-05-30,0.007068452038564588,0.007109800590005618
2023-05-31,-0.004382082934833776,-0.003282277312019101
2023-06-01,-0.005675693248009116,-0.005557953303043948
2023-06-02,0.007352317207983516,0.006785556458865436
2023-06-05,0.008957784438070437,0.008377489656540815
2023-06-06,0.005965262542910275,0.005412255658965281
2023-06-07,0.009487528474575893,0.00959867146944953
2023-06-08,-0.001560451597827681,-0.0015076125176393272
2023-06-09,-0.004466193310228404,-0.0043396477052009014
2023-06-12,-0.0015071731917877384,-0.0013474929360572316
2023-06-13,0.016392653506520027,0.015436022647732632
2023-06-14,0.006268369750623606,0.0061011785107935425
2023-06-15,0.0010054518220101061,0.001052238297788123
2023-06-16,0.013625240236594133,0.013196617312770276
2023-06-19,0.004079993583464059,0.0037885574781511486
2023-06-20,0.0026070440868236,0.002917040587249288
2023-06-21,0.006685166800143418,0.006842116470684716
2023-06-22,0.0023139562388808828,0.001311674471141907
2023-06-23,-0.007226604908696707,-0.007505794112195765
2023-06-26,0.012212038960752396,0.012848325417319324
2023-06-27,-0.0024591491024557404,-0.002167816962672178
2023-06-28,0.001792663506341347,0.002110323814733502
2023-06-30,0.002278159335879565,0.002682974859233745
2023-07-03,-0.0008659145140683946,-0.0010739807314443372
2023-07-04,0.00047560017324894217,0.0011342893116197447
2023-07-05,0.0016170250435600577,0.0024202142770799
2023-07-06,0.006602166721480451,0.006912033012319504
2023-07-07,-0.009976221568354416,-0.010038103196396492
2023-07-10,0.0009592428394445764,0.0010011167877237753
2023-07-11,-0.0007613767050729244,-0.0004438102219352905
2023-07-12,0.0045612371595779334,0.004752643700926542
2023-07-13,0.0020348458186984528,0.0014572581024399698
2023-07-14,0.0089714564385392,0.009334139173393584
2023-07-17,0.0029273797511812877,0.002605397156591897
2023-07-18,0.0009989381797084582,0.0010466038381428447
2023-07-19,0.008898929956918749,0.009014618421251746
2023-07-20,-0.0055673387669464515,-0.004771593463823816
2023-07-21,-0.004651030552500666,-0.004356775793062657
2023-07-24,-0.003235068063264164,-0.003353927913866181
2023-07-25,-0.0004533563345492376,-0.0002887075172196842
2023-07-26,-0.00017406932347181786,-9.666534812424637e-05
2023-07-27,0.0015662065574580998,0.0017050850613489913
2023-07-28,0.01140921283144143,0.010867570103510676
2023-07-31,0.018469362468089095,0.01787970766538344
2023-08-01,0.01331502813745113,0.01245194072758253
2023-08-02,-0.01569236094395909,-0.015505513822412054
2023-08-03,-5.860716116927127e-05,0.00042737544418529577
2023-08-04,-0.005665771528047876,-0.005157709827380686
2023-08-07,-0.0030460932249266426,-0.002721763045332767
2023-08-08,0.008316157978649007,0.00830130959272215
2023-08-09,0.008572768206475874,0.008599739958322842
2023-08-10,-0.005378553450144633,-0.005187339125328374
2023-08-11,0.0057602399811180725,0.005386464278673776
2023-08-14,-0.005889238035486908,-0.006169455201451083
2023-08-16,0.006374975672094381,0.006164202027092519
2023-08-17,0.002995478391493084,0.003133389979416341
2023-08-18,0.003996268688767535,0.003701675721705779
2023-08-21,0.0038660832201649524,0.004084404486854735
2023-08-22,-0.003646921989518313,-0.0033876531894746127
2023-08-23,0.0030569102869503714,0.0029607183319780984
2023-08-24,-0.010227848129933223,-0.010072973612834143
2023-08-25,-0.014476969670935112,-0.014063445452365245
2023-08-28,0.0028139620295520337,0.0025372427889450958
2023-08-29,-0.0008425197232156993,-0.0005619731001810041
2023-08-30,0.007857726955668618,0.007573505393351529
2023-08-31,0.014150380089175163,0.013430555558814193
2023-09-01,0.013708704039703092,0.012951250256535094
2023-09-04,-0.0018012321611108391,-0.0017869146232150752
2023-09-05,0.005196811003514601,0.005679347349331564
2023-09-06,0.007692117295726955,0.00736833680955517
2023-09-07,0.019618557237710586,0.019208829555071475
2023-09-08,0.008555679284989008,0.008572234680974136
2023-09-11,0.006718612192752246,0.00714481083984745
2023-09-12,-0.011898414767131106,-0.012996648788493404
2023-09-13,0.012124350146419816,0.011984088096843768
2023-09-14,0.00760629954657521,0.007351408003566468
2023-09-15,-0.008836695233338469,-0.007739156093600008
2023-09-18,0.007007702084985325,0.006582854831592652
2023-09-20,-0.0034127613994686377,-0.004064994541883642
2023-09-21,-0.011923794137165841,-0.012056746955576037
2023-09-22,-0.009339629397813605,-0.008546716838409664
2023-09-25,0.006367994699846782,0.0064938478097397246
2023-09-26,-0.005571212863360049,-0.0054750875216945235
2023-09-27,-0.004174828253844399,-0.003744340690126511
2023-09-28,-0.0019010640428514453,-0.0019322132334026621
2023-09-29,0.012630604723840377,0.012452062958321384
2023-10-03,0.003308467584109829,0.00348990603209662
2023-10-04,-0.010188904862905707,-0.01044133936573326
2023-10-05,-0.0050875099531113846,-0.0050369688138887005
2023-10-06,-0.0036685513532539256,-0.003259203335367579
2023-10-09,-0.00654669375321761,-0.0070233786802620666
2023-10-10,0.005884540267342463,0.006501869584421638
2023-10-11,0.007046214388282278,0.00664805449886945
2023-10-12,0.0009392487899975716,0.000829502198615347
2023-10-13,0.0020811750281086354,0.0015585446652881248
2023-10-16,-0.005268455185438551,-0.004847810070787156
2023-10-17,0.003943104208885762,0.0038414033198482926
2023-10-18,0.009611739817933652,0.009079733485336064
2023-10-19,0.003681176679559511,0.0033421890410972534
2023-10-20,-0.00725007241853729,-0.007742989250818886
2023-10-23,-0.021340103974285474,-0.021767310187215762
2023-10-25,-0.0045941194446044884,-0.004779108163596922
2023-10-26,-0.017490983504178232,-0.017158009248586847
2023-10-27,0.018164571064161607,0.018559676504934345
2023-10-30,-0.0009541720014311579,-0.0009558292970007434
2023-10-31,1.3435572001824821e-05,9.91734754372103e-05
2023-11-01,0.009521524386425716,0.009177194510975973
2023-11-02,0.004336726715119325,0.004564470260929244
2023-11-03,0.008912794067568118,0.008594691357393125
2023-11-06,0.015406760663496149,0.015354125602617529
2023-11-07,0.007026833358314805,0.007211474361948814
2023-11-08,0.0016945728537714612,0.0018547050052309462
2023-11-09,-0.004746496961077872,-0.004229389813484411
2023-11-10,0.008100130807039222,0.007810729599956299
2023-11-13,0.0002871319191599924,0.0006118647856085358
2023-11-15,0.0036642594156946835,0.003931807148864905
2023-11-16,-0.0002451277752446737,4.947999553484836e-05
2023-11-17,0.004174580542521343,0.00409249878881139
2023-11-20,-0.0016821540638539707,-0.001598717361114769
2023-11-21,0.004648007110693493,0.0049036329686066825
2023-11-22,0.0032225338812530984,0.0040568656313209935
2023-11-23,0.004820607406205326,0.0045409743027081985
2023-11-24,0.001353547380671027,0.0010222421988787746
2023-11-28,-0.005384386279200052,-0.004871526955385273
2023-11-29,-0.0026293389444204847,-0.0021156462641729653
2023-11-30,0.02335766913681402,0.022797364046727293
2023-12-01,0.0046833374406733096,0.004692926977496745
2023-12-04,0.00542213644852958,0.005537323782509894
2023-12-05,0.001192218771275584,0.001694587095683823
2023-12-06,-0.013786211885927664,-0.013203703702885185
2023-12-07,0.0035696773869673412,0.0034238101710113034
2023-12-08,0.00220492537391611,0.0019234836496956024
2023-12-11,0.004344077472609177,0.003890882859097625
2023-12-12,-0.006250390753527156,-0.006375236283092727
2023-12-13,0.004047699498876972,0.0042844747196295494
2023-12-14,0.004118521918493051,0.003821142213600699
2023-12-15,0.0009118837256208556,0.0007947125835219189
2023-12-18,-0.004851827537063706,-0.00469339910102249
2023-12-19,0.01037191395156008,0.010082538744732037
2023-12-20,-0.013633856195556526,-0.014170131225534024
2023-12-21,0.00648043764058042,0.006768838787618292
2023-12-22,0.005147277903082626,0.004976657341897143
2023-12-26,0.0034902165599116036,0.003689312291365195
2023-12-27,0.005983922686885802,0.00516444973868312
2023-12-28,0.009012396826749005,0.008531641585519806
2023-12-29,0.013963944558687203,0.013326715627444556
2024-01-01,0.00040795819166765054,0.0005801866439049843
2024-01-02,-0.00427239753901504,-0.0037733183159185165
2024-01-03,-0.01124246879618747,-0.01067776160960687
2024-01-04,0.0012754657757415582,0.0022841977264374167
2024-01-05,0.004543671799534551,0.0044461048687483
2024-01-08,-0.010241157745708893,-0.009718624214888194
2024-01-09,2.3851767113297725e-05,0.00032916661601153555
2024-01-10,-0.005000986209604178,-0.004487780590536589
2024-01-11,0.004024230943516149,0.003711478530629104
2024-01-12,0.00016951801444733828,0.00011371344578851812
2024-01-15,0.011794800524738684,0.011520184439524557
2024-01-16,-0.0019659792820708056,-0.0023217151925019517
2024-01-17,-0.010685468544412628,-0.010867393743532634
2024-01-18,0.001158457894419859,0.0008863459017830365
2024-01-19,0.007980769579602157,0.007768282697613798
2024-01-23,-0.026822446581049802,-0.026724217298450554
2024-01-24,8.858476140710885e-05,9.703870548704395e-05
2024-01-25,-0.012105553491853629,-0.010904701192618415
2024-01-29,0.013489493616175734,0.01355057185543458
2024-01-30,-0.0028066826734865244,-0.0026257839444320578
2024-01-31,0.01271479649700339,0.012630549635683221
2024-02-01,-0.00794556236540207,-0.007522976344779742
2024-02-02,-0.003787613030896252,-0.004066009559786512
2024-02-05,-0.010888659254247238,-0.01100103896529177
2024-02-06,0.0023078951388704394,0.003329670610492728
2024-02-07,0.012583296514091019,0.012269036845979209
2024-02-08,-0.008607238496215341,-0.008112973185942195
2024-02-09,-0.0033654962828722494,-0.003431686294045471
2024-02-12,-0.004019591621536372,-0.005227373509972452
2024-02-13,0.006533913512972627,0.006629622785040944
2024-02-14,0.0010334687493943153,0.0016679099935125179
2024-02-15,0.01938578193062179,0.01926486397197686
2024-02-16,0.010980700123882,0.010553728983315712
2024-02-19,0.013810069827150112,0.013830347222434017
2024-02-20,-0.0014450471792175532,-0.0014848378658965174
2024-02-21,-0.006165779588489622,-0.006092342486280313
2024-02-22,-0.001416641887980799,-0.001342715307779678
2024-02-23,-0.0002887301490698319,-0.00019717593177488678
2024-02-26,-0.00400262593091675,-0.003595621696504706
2024-02-27,0.006884957059633212,0.006843883639587792
2024-02-28,-0.004782942912121658,-0.005167279684369242
2024-02-29,0.004619879583774164,0.0048562119649780845
2024-03-01,0.011332041846662465,0.010983195714614676
2024-03-04,0.002904922797991489,0.0034936792363331787
2024-03-05,-0.00743859112512637,-0.00734027025826672
2024-03-06,-0.014257800645235292,-0.01414874689177011
2024-03-07,0.0039021764778842524,0.003941192247575006
2024-03-11,-0.008402209085642228,-0.008721733062589776
2024-03-12,-0.011782342164686774,-0.011854967487163555
2024-03-13,-0.018651524778832234,-0.019706097087052447
2024-03-14,0.004240803938063049,0.0051811955703372214
2024-03-15,0.009159199051880814,0.008586151534489413
2024-03-18,0.01456288845602929,0.01433249353927065
2024-03-19,-0.011608769772925586,-0.011463482474900132
2024-03-20,-0.0029097012239836127,-0.002200614381292372
2024-03-21,0.009759526883174942,0.010508225935346692
2024-03-22,-0.0013421188129089897,-0.0009893776285348744
2024-03-26,-0.0001260569409075558,0.00013731838907588332
2024-03-27,-0.00020003521657974645,-6.096525436012996e-05
2024-03-28,0.005430337646744565,0.005597987546187419
2024-04-01,0.014078006591364281,0.014525980645773557
2024-04-02,0.006926247945197862,0.007106317440111605
2024-04-03,1.3546533727320392e-05,0.00045359398107975424
2024-04-04,-0.0005857375029146078,-0.00047279791494457806
2024-04-05,-0.0002794624611685801,1.687743792121277e-05
2024-04-08,-0.0012828142639431418,-0.0014547306774909668
2024-04-09,0.0017984377146847042,0.002066528465536044
2024-04-10,0.006778301880290058,0.006637678652633799
2024-04-12,-0.016949349434543196,-0.01659529555668911
2024-04-15,-0.00777224530514146,-0.007523035132094321
2024-04-16,0.0027301844547117024,0.003066980718595967
2024-04-18,-0.0022681713340210723,-0.0019478679834027978
2024-04-19,-0.002315238248441982,-0.0021349201284667912
2024-04-22,0.009734169389950849,0.009190052019332805
2024-04-23,-0.003515561186904396,-0.0032640953576869836
2024-04-24,0.005601068569608995,0.0055392264958594355
2024-04-25,0.01647351346332725,0.016350132011596637
2024-04-26,0.010586938908862009,0.010919888516213604
2024-04-29,0.004875485224888275,0.004743205642105837
2024-04-30,-0.0038775113994908095,-0.0038037026163071225
2024-05-02,-0.004605274179835526,-0.004377124814815281
2024-05-03,-0.004560584682222849,-0.0043697471402912354
2024-05-06,-0.004208881992280194,-0.004342537813989321
2024-05-07,0.0014337426127562297,0.0008953606066346217
2024-05-08,0.0033322718034103737,0.003864248515626672
2024-05-09,-0.0093316668554489,-0.009878998105545017
2024-05-10,0.004303770566296468,0.004741480526489508
2024-05-13,-0.004778920010669645,-0.004724444792935838
2024-05-14,0.01152634040690253,0.011858314588577142
2024-05-15,0.005920682306227665,0.006085731327078655
2024-05-16,0.017400886240050793,0.01682040308447415
2024-05-17,0.014990504813504559,0.014662435395713823
2024-05-21,-0.0011287975291212414,-0.0009305719865110207
2024-05-22,-0.00047120653394244045,-0.0006233298322500422
2024-05-23,0.002490148876170712,0.0027030305234465235
2024-05-24,0.004625338853320228,0.004586061387689221
2024-05-27,0.025489060502522604,0.024151537962439754
2024-05-28,0.005826016557055395,0.005366676443478263
2024-05-29,-0.011095715068649765,-0.010292584822144946
2024-05-30,0.002660305193924204,0.0032247427637503365
2024-05-31,0.01527792514038911,0.014631592412976239
2024-06-03,0.02276871850700594,0.022722136159419825
2024-06-04,-0.036805465268965755,-0.038313406343315724
2024-06-05,0.022245107127994546,0.023376536321637744
2024-06-06,0.005524950774113186,0.006371871530149121
2024-06-07,0.020929016229116505,0.020765071758100842
2024-06-10,0.011250345550350207,0.010481438450995632
2024-06-11,0.014296660607386413,0.013678472406442313
2024-06-12,0.00950283627655356,0.009037422418933997
2024-06-13,-0.00175549319124499,-0.0015819211361352862
2024-06-14,0.004261258392304222,0.0045178611741549255
2024-06-18,0.006418780005321354,0.0069741471084751845
2024-06-19,-0.016840317906259013,-0.016849043077418916
2024-06-20,-0.0011130628560077566,-0.0007087708279207743
2024-06-21,-0.003087131339216663,-0.002875138438353618
2024-06-24,0.007236566912210652,0.007052708345866745
2024-06-25,0.0012411162442733364,0.0012907003476802792
2024-06-26,-0.004898846342251933,-0.005232545870263703
2024-06-27,0.001585411235609375,0.001143937750075615
2024-06-28,0.008331404886741493,0.008162475009699393
2024-07-01,0.023552339726870184,0.022836622549031814
2024-07-02,-0.005274458163718499,-0.005174410098483897
2024-07-03,0.001792092414190814,0.0023150779398755364
2024-07-04,0.003179791148344472,0.0032841798965915544
2024-07-05,0.008311053235158683,0.008463733332574969
2024-07-08,-0.0082899638578801,-0.007854959178976571
2024-07-09,0.030238900246403452,0.02930523365225725
2024-07-10,-0.018136138007086473,-0.01783437160987238
2024-07-11,0.0014383684553667428,0.0018412356405121866
2024-07-12,-0.004399186808352186,-0.00437773948164016
2024-07-15,0.007864586735523874,0.007344511453314747
2024-07-16,0.0029501440945805643,0.0030308055295035488
2024-07-18,-0.011415187226068968,-0.01133765066145124
2024-07-19,-0.01992892467966835,-0.020080429397012916
2024-07-22,0.010693995792675931,0.010639781602919961
2024-07-23,0.00668321643689846,0.006061404087370582
2024-07-24,0.0009367436868384522,0.001531109351604399
2024-07-25,0.00348913416001323,0.003416601383862136
2024-07-26,0.009435285260851531,0.009547663587523863
2024-07-29,0.012709049943571096,0.012393494436387428
2024-07-30,0.004167876364281222,0.0045436535675228455
2024-07-31,0.011072787379165092,0.010842826086817976
2024-08-01,-0.0010062441342811926,-0.001092708662889446
2024-08-02,-0.009602475856977077,-0.009363139824262557
2024-08-05,-0.03216468352053233,-0.03276779831498442
2024-08-06,-0.0034342352810859894,-0.0025455145413658922
2024-08-07,0.022016759024765915,0.02200633231549592
2024-08-08,0.0042125828583103936,0.004415286186087026
2024-08-09,-0.0015314003523782343,-0.0012186801706693196
2024-08-12,0.00479337912172892,0.004800999421290303
2024-08-13,0.014891132066649958,0.0144930534287713
2024-08-14,-0.006467395473087571,-0.0059311222771671985
2024-08-16,0.013313353426311205,0.013346558718016183
2024-08-19,0.007163020445296482,0.007002735497581116
2024-08-20,-0.0010901598571277887,-0.0009010305790247032
2024-08-21,-0.003302916773416565,-0.0024570929337088933
2024-08-22,0.00237670712678577,0.002342754519394971
2024-08-23,-0.0005885452251470729,-0.000970164414347627
2024-08-26,-0.00340906550852663,-0.0032835814352081103
2024-08-27,0.003787980573226388,0.00419807062809639
2024-08-28,-0.0005517037049291331,-0.0005252624131347036
2024-08-29,-0.0066290089534912396,-0.00701056942221801
2024-08-30,0.0021934600471891453,0.0021565095964046414
2024-09-02,0.0006148959324104139,7.122210267267684e-05
2024-09-03,0.00765249851264805,0.0074363870797173725
2024-09-04,0.020205020198044935,0.019695079197745862
2024-09-05,-0.004889867775689556,-0.004643482951749084
2024-09-06,-0.0019551457030972334,-0.0022100990156248197
2024-09-09,-0.0003292014225646567,-0.0005834785834065116
2024-09-10,0.00935546097473157,0.0094248764753801
2024-09-11,-0.0018969135082983761,-0.0020413095120113043
2024-09-12,0.014530181427063592,0.0145520254342326
2024-09-13,0.002326720460528852,0.0023564268537299175
2024-09-16,-0.0019727582066179387,-0.001896084100152998
2024-09-17,-0.0030288672065184284,-0.0032626757360954915
2024-09-18,-0.002992576967352196,-0.003089935050869344
2024-09-19,0.0011644052919464597,0.0008195646693442935
2024-09-20,0.002696434807596499,0.0028540411486855355
2024-09-23,0.006470391824311215,0.006482477442764352
2024-09-24,0.0032770050517907973,0.003696514412650237
2024-09-25,-5.146822310235962e-05,-1.9285740403552127e-05
2024-09-26,0.006164312715846058,0.005578365706921214
2024-09-27,-0.004445272411819272,-0.004288243538365143
2024-09-30,-0.000251649086322566,0.00048507460240446144
2024-10-01,0.003963590851524921,0.004126190408025477
2024-10-03,-0.009009501103454528,-0.009126408470962959
2024-10-04,-0.021550453184338764,-0.0210229432601563
2024-10-07,-0.01819009092489543,-0.01820593385633972
2024-10-08,0.013241365748617166,0.014027583853475942
2024-10-09,0.009745821084977563,0.009799543465294755
2024-10-10,-0.0014923085601947239,-0.0014968529959929007
2024-10-11,0.01735667220100343,0.017149605907753267
2024-10-14,-0.006897861825756527,-0.006801654238451828
2024-10-15,0.00560598026785293,0.005621231209833575
2024-10-16,-0.002583519183731988,-0.002063336750511038
2024-10-17,-0.017723241892313467,-0.017314644874879045
2024-10-18,-0.006754142420603572,-0.007097257456148744
2024-10-21,-0.006880659641667361,-0.008020514695012596
2024-10-22,-0.01586237865294811,-0.016153958012310808
2024-10-23,-0.007264350492468921,-0.007115203721707237
2024-10-24,0.0055826834633829455,0.004229101538483697
2024-10-25,-0.002327188991057461,-0.0028486934006434366
2024-10-28,0.005140647929656163,0.004883994766907855
2024-10-29,-0.003444065238516049,-0.0028992972567404456
2024-10-30,0.006803956426017233,0.006853963307186986
2024-10-31,0.0133450304225487,0.014462984567075572
2024-11-01,0.008781327635544678,0.008683805492700699
2024-11-04,-0.007881316034155676,-0.008123063241195572
2024-11-05,0.00185431605858796,0.0021144637040567344
2024-11-06,0.009765250464169708,0.009543586315053676
2024-11-07,-0.014910741213867007,-0.014499631150505541
2024-11-08,-0.005556636999265656,-0.006368101102099778
2024-11-11,-0.004161479092712286,-0.004076715475767626
2024-11-12,-0.00937445098133952,-0.009332884340610513
2024-11-13,-0.017529791669557527,-0.017956417948736262
2024-11-14,0.0003913999349570911,0.001247546200910946
2024-11-18,-0.007468689487351576,-0.007488912190158661
2024-11-19,0.014920908996714057,0.014557797819869907
2024-11-21,0.008857353190425183,0.007328774121131738
2024-11-22,0.011752508988366574,0.01149866022266518
2024-11-25,0.008516193052250055,0.009368523351279155
2024-11-26,-0.008380516124920946,-0.00707603530062845
2024-11-27,-0.007902919262309778,-0.006632563704376493
2024-11-28,-0.0015836879471488239,-0.0016923712283144576
2024-11-29,0.01111848312794776,0.010409046429455535
2024-12-02,0.003217421312693136,0.0022926755030346553
2024-12-03,0.006059612970817989,0.006280990502985379
2024-12-04,0.004393088307963136,0.004072670420623512
2024-12-05,0.002985242823208735,0.0027678996269687927
2024-12-06,0.0015634793773425628,0.0022535250629117927
2024-12-09,-0.005164128948069031,-0.0048635369430070075
2024-12-10,0.009170236884878917,0.009149481141791125
2024-12-11,-0.00239051278466866,-0.002761729870142541
2024-12-12,-0.01186535399878844,-0.012047245132932382
2024-12-13,0.005623451147073295,0.004325237314395049
2024-12-16,0.003652630330875964,0.003811661569328736
2024-12-17,-0.01251166697990369,-0.012562741314399717
2024-12-18,0.004781300123922572,0.00397867220356379
2024-12-19,-0.003353506639026123,-0.003556881402528778
2024-12-20,-0.018050057124007708,-0.017859853365739795
2024-12-23,-0.002539043301955535,-0.003047594815248201
2024-12-24,0.0012263540129226517,0.0012204460811066388
2024-12-26,-0.0025327926196245095,-0.002575601985455553
2024-12-27,0.004053009303248594,0.00416336308755131
2024-12-30,0.01646039977017675,0.015536833566046767
2024-12-31,0.025708127941561368,0.024492499942429302
2025-01-01,0.004767747777589712,0.004260102734393854
2025-01-02,-0.0005586090403829234,-0.000806708373395771
2025-01-03,-0.0015102816745962283,-0.0008173569200050051
2025-01-06,-0.02341582838316299,-0.023641708151015434
2025-01-07,-0.0003779811274295554,-0.0002622225621191658
2025-01-08,-0.016864749831096947,-0.016736868560250435
2025-01-09,-0.010241852354133612,-0.01017661372210018
2025-01-10,-0.01886419542266113,-0.018501395315788538
2025-01-13,-0.022334911870235005,-0.023221603089555544
2025-01-14,0.0015912890899303402,0.003420466208160521
2025-01-15,-0.0011575576980143213,-0.0013115385588219884
2025-01-16,0.0035930624783690676,0.004365290989080766
2025-01-17,-0.0030001723886075755,-0.0028992378257377883
2025-01-20,0.003259083137776637,0.003656472534230991
2025-01-21,-0.007390539307869019,-0.008445236276378392
2025-01-22,-0.003637336983600643,-0.0036969091845947943
2025-01-23,0.015053349050027,0.013343787999435822
2025-01-24,-0.014695806601686807,-0.015150600685246023
2025-01-27,-0.027335003975387885,-0.02763852388201634
2025-01-28,-0.0017981697875250912,-0.002086944987308933
2025-01-29,0.03872775960051194,0.03857059833042666
2025-01-30,-0.005099395166141272,-0.005020383886715858
2025-01-31,0.00900609418839,0.010029307764054512
2025-02-01,0.011671863971980749,0.011896705532635105
2025-02-03,-0.003443313743286139,-0.0035407412763181164
2025-02-04,0.004476646049567479,0.004122195891894384
2025-02-05,0.0013270130610517053,0.001586434029604148
2025-02-06,-0.013620230425723797,-0.013610046032202542
2025-02-07,0.02149631977811405,0.0211537549563715
2025-02-10,-0.01500556805049781,-0.01510817216257496
2025-02-11,-0.018438152506879035,-0.019373325124852535
2025-02-12,-0.003953788182657782,-0.003543208857350728
2025-02-13,0.0010015389546518434,0.000490386172982071
2025-02-14,-0.018863977568275493,-0.018898817990510106
2025-02-17,0.0033542941681018036,0.0029848851132839092
2025-02-18,-0.013969336244780597,-0.013926951306614884
2025-02-19,0.004161270335282956,0.004546454881920673
2025-02-20,-0.0015529478322187941,-0.0008121683555499168
2025-02-21,-0.0059892000839367986,-0.00576684134030917
2025-02-24,-0.009551304568311018,-0.009843849011187625
2025-02-25,-0.004416803497505031,-0.004390354072854468
2025-02-27,-0.005592442846854782,-0.005947901993732606
2025-02-28,-0.02698983636151036,-0.026513006291456632
2025-03-03,0.015162472467801235,0.014769601052264913
2025-03-04,0.006347929855784839,0.006719360090426505
2025-03-05,0.014444013002443693,0.015067299652990076
2025-03-06,0.011687143728679987,0.012116185310004968
2025-03-07,0.0032647638858550277,0.0038778974560511725
2025-03-10,-0.004318083324366797,-0.005295298638100821
2025-03-11,-0.008315384537247826,-0.008699726742942511
2025-03-12,0.005888938614759284,0.005631450616028068
2025-03-13,-0.0028183501460265405,-0.0024130546194773665
2025-03-17,0.005899631230906267,0.005428869302339131
2025-03-18,0.0,0.0
2025-03-19,0.026831316277903725,0.027504414050993676
2025-03-20,0.0029205796222223895,0.0034199125942060648
2025-03-21,0.00017582121467744807,0.0003039878134656197
2025-03-24,-0.002222061162341992,-0.001416379255359916
2025-03-25,0.006434902910646114,0.005209425928975207
2025-03-26,-0.00445811178681716,-0.004833583601803035
2025-03-27,0.004088607306104557,0.004206029902703505
2025-03-28,-0.0006870857485454472,-0.0007439557856668154
2025-04-01,-0.012875489653145765,-0.011223012661346388
2025-04-02,0.01305354192935647,0.01206631047067065
2025-04-03,0.004637343668063923,0.003671812094234009
2025-04-04,-0.02373848492526064,-0.024493104703778076
2025-04-07,-0.024087772521498206,-0.024176471685400124
2025-04-08,0.014145092345385626,0.013792925237390207
2025-04-09,-0.0076912889689928045,-0.008225490829422512
2025-04-11,0.026663488282393087,0.026775565708758123
2025-04-15,0.024941678311067174,0.02541256663780638
2025-04-16,0.009223725779167809,0.00968091941877616
2025-04-17,0.0089911679311875,0.008532570852946154
2025-04-21,0.01399337784008902,0.014073346250378262
2025-04-22,0.004680293784205258,0.0051053588089281805
2025-04-23,0.0002238055674031558,0.0002697830714501162
2025-04-24,0.006158030698128776,0.005389963353212404
2025-04-25,-0.024189116314330468,-0.02520764440433455
2025-04-28,0.004802812706918255,0.005239565026407776
2025-04-29,-0.009137576025961127,-0.008738623690874527
2025-04-30,-0.009300676297052538,-0.009396888506574318
2025-05-02,-0.006465600603015447,-0.006217771346898613
2025-05-05,0.01123420555588499,0.012022337983926866
2025-05-06,0.011008088250849639,0.010131817205192547
2025-05-07,0.017895049848530426,0.018319868059948518
2025-05-08,-3.792904252060929e-05,-0.0006689559478228666
2025-05-09,-0.002569794367514534,-0.002479022271355475
2025-05-12,0.01991621033961466,0.02082137623735572
2025-05-13,0.0021124818883786396,0.002132222213605411
2025-05-14,0.003894396552645284,0.004404786792705236
2025-05-15,0.017460544994642467,0.01663293506279614
2025-05-16,-0.0015065440724143155,-0.0009107837252129334
2025-05-19,0.009441832087265154,0.009417143152872136
2025-05-20,-0.005863402684016128,-0.005783108332615012
2025-05-21,0.003363517546311141,0.0031807323439079997
2025-05-22,-0.0025435754484715526,-0.0025315901219784267
2025-05-23,-0.004207724874978043,-0.004124107930365533
2025-05-26,0.00703728732764128,0.007290683186094786
2025-05-27,-0.0059155278360039,-0.004855505632239436
2025-05-28,-0.012188636703900212,-0.01194578229756563
2025-05-29,0.0037670589807254806,0.003836078702976857
2025-05-30,0.00588866263456213,0.005863370171959457
2025-06-02,-0.001253881582730454,-0.0008450899022337728
2025-06-03,-0.0035376336892851416,-0.0030754436467259247
2025-06-04,0.0026170440633728207,0.002986913805921121
2025-06-05,0.001541655253134218,0.0016095351574020541
2025-06-06,0.0079938599343423,0.008305845903174682
2025-06-09,-0.0001893166602134936,-3.269096325769576e-05
2025-06-10,0.005840002694585773,0.005394190609517622
2025-06-11,0.006748723659058022,0.00669749237568535
2025-06-12,-0.018275103404447487,-0.01836751549594043
2025-06-13,-0.0066966245099886745,-0.006460588403293396
2025-06-16,0.006175807707957606,0.005637543669341363
2025-06-17,-0.000411053436065632,-0.0005678588335126779
2025-06-18,-0.007014234398577354,-0.00718416313057224
2025-06-19,-0.001993033451964652,-0.002884174577294618
2025-06-20,0.0007749130508064412,0.0010898860736091322
2025-06-23,0.006061881148982507,0.0065599724340080256
2025-06-24,0.01543982057797383,0.01510627592737761
2025-06-25,0.011338322159138662,0.010827792363048996
2025-06-26,0.008863907773531413,0.00856481204980644
2025-06-27,0.0006298097971359402,0.00020107297935648605
2025-06-30,0.005455004227917729,0.0054105985656293645
2025-07-01,0.005464408282450876,0.005235057979669169
2025-07-02,0.010275061066525539,0.00971426146401335
2025-07-03,0.008229605805138863,0.008233722169082575
2025-07-04,0.0030890907268345774,0.0029885529329305173
2025-07-07,-0.0009555278290435261,-0.0008535161400112046
2025-07-08,-0.0011955775425042372,-0.0011740442188535906
2025-07-09,0.009919793946398164,0.00961683420008329
2025-07-10,-0.003818227475026789,-0.003908467848937504
2025-07-11,-0.004272692818103231,-0.004293616571060625
2025-07-14,0.004283632820175423,0.004741462093427098
2025-07-15,0.005229976722271851,0.005482131238344187
2025-07-16,-0.004032845508508286,-0.004300610296570959
2025-07-17,0.009153967954093827,0.009095347538873588
2025-07-18,-0.004660664897792419,-0.0048152667687334245
2025-07-21,0.0006617708242636824,0.0007629113815521759
2025-07-22,-0.01061399435951854,-0.010621080554041942
2025-07-23,0.0008782846358547789,0.0009713233772532186
2025-07-24,-0.007363708832667586,-0.0072642410219155625
2025-07-25,-0.008081387566619372,-0.008379992137878144
2025-07-28,-0.008286417739873554,-0.008591451490129897
2025-07-29,0.0026820414435131763,0.0028756655124531514
2025-07-30,0.0022523184931738374,0.0019696334358441352
2025-07-31,0.010099753499586951,0.009545621460163188
2025-08-01,-0.00918482703616598,-0.008810666039824153
2025-08-04,0.013850711546408701,0.014154919542545743
2025-08-05,0.0038847775535315386,0.0035492291984436037
2025-08-06,-0.009728076052949479,-0.009441230845487227
2025-08-07,0.004950411657018939,0.004614359440994358
2025-08-08,-0.0038463376966399684,-0.0036033334597465353
2025-08-11,0.009654231122618928,0.009053320198340391
2025-08-12,-0.007795581847547804,-0.007825355153269197
2025-08-13,0.00594032422100367,0.005891001982887516
2025-08-14,0.004594880202556712,0.00447562324573189
2025-08-18,0.023097208532064734,0.023013164298265904
2025-08-19,0.006326253627686427,0.006486432367919686
2025-08-20,-0.0025015344349760605,-0.0023343607762288322
2025-08-21,-0.001126648621123322,-0.0011833376853834488
2025-08-22,-0.009136322202208702,-0.008878454930442693
2025-08-25,-0.008219048368433025,-0.008234321413921778
2025-08-26,-0.013305356955768467,-0.013787889024166274
2025-08-28,-0.016001595210338445,-0.015664588946977007
2025-08-29,0.005524045349668262,0.005498972394109002
2025-09-01,0.013103876207474208,0.013561443063185921
2025-09-02,0.0014272619683655928,0.00198695774572781
2025-09-03,0.00285070743051469,0.002973587219448996
2025-09-04,0.001203563505575464,0.0011226642451306946
2025-09-05,-0.0011033564964165942,-0.0011895766072213222
2025-09-08,0.0006129759027106506,0.0003662325540502795
2025-09-09,-0.0002504665146943624,-3.883319769657878e-05
2025-09-10,0.006782594205220045,0.007138011323535708
2025-09-11,0.002327167598974513,0.002339083611412809
2025-09-12,-0.006537574884471541,-0.005893380820065138
2025-09-15,0.00251768234987757,0.0025978581933526748
2025-09-16,0.008671218973360248,0.008829155449026002
2025-09-17,0.0002724226112051139,-0.00017183488021906267
2025-09-18,-0.0007267890127070778,-0.0008189789912286041
2025-09-19,-0.009242147936457949,-0.009009721190430479
2025-09-22,0.0001225665703465592,0.00012681248030849178
2025-09-23,-0.011144087879820503,-0.010937293343136402
2025-09-24,-0.0009720497630679027,-0.0009977110223370732
2025-09-25,-0.00523605174006512,-0.005225835902877881
2025-09-26,-0.013616193569166334,-0.014044378672691172
2025-09-29,-0.006152170273482946,-0.006181449379285732
2025-09-30,-0.00047574077867483283,-0.0002101189773594113
2025-10-01,0.004208957410041786,0.004334403477796386
2025-10-03,0.01426778606733086,0.014385335934151077
2025-10-06,0.0035201285235051255,0.0029989243612171417
2025-10-07,0.005062971505636099,0.005049560634413844
2025-10-08,-0.01654580720668873,-0.01632044861925073
2025-10-09,0.011038366429000357,0.010714620964716478
2025-10-10,0.006721354530425285,0.006551226523072933
2025-10-13,-0.0031790280766503215,-0.003254550146869071
2025-10-14,-0.007278130214348664,-0.007018999204345766
2025-10-15,0.010268297196209041,0.010028156253318146
2025-10-16,0.004679284363389508,0.004862649353758807
2025-10-17,0.0015212925509504739,0.0011442546421394175
2025-10-20,0.0017053278560102674,0.0019144874044117904
2025-10-21,0.001201979380503943,0.0012569344526707493
2025-10-23,-0.0041702122768812935,-0.0036725094211409117
2025-10-24,-0.006731413799192107,-0.00618806579337247
2025-10-27,0.00879134664220664,0.00879016008022607
2025-10-28,0.005025109398915327,0.004767875308220107
2025-10-29,0.004756384371853188,0.005081607625149845
2025-10-30,-0.00172612304338241,-0.0020612962684104868
2025-10-31,-0.0042850479881433945,-0.004765098256686393
2025-11-03,0.003380191371389271,0.003870189598677659
2025-11-04,0.00148658458875505,0.001854385313635954
2025-11-06,-0.0008323811747298779,-0.0014910183693697635
2025-11-07,-0.005619309839943297,-0.005090517550074825
2025-11-10,0.005749743368385649,0.006294005673873186
2025-11-11,0.002055067679690376,0.0017319396732118804
2025-11-12,0.0010644476835149118,0.001613844847763553
2025-11-13,0.00404698260260916,0.003640458900987461
2025-11-14,0.0020591817097597677,0.0022964763496142156
2025-11-17,0.0039984977556087155,0.004077255878997361
2025-11-18,-0.007820174729061992,-0.007993199749833474
2025-11-19,-0.004601531166623548,-0.004355719636748028
2025-11-20,-0.004427008388704077,-0.0045594424995737855
2025-11-21,-0.01058501370098958,-0.010863294427136311
2025-11-24,-0.005701113571499817,-0.0054986430501119225
2025-11-25,-0.0001532782542707729,-0.00013692052005878142
2025-11-26,0.016854097617543792,0.016781251104727002
2025-11-27,-0.00105500101530385,-0.0009194341716916524
2025-11-28,-0.0008965278920550033,-0.0006900210025824735
2025-12-01,0.012030056148539957,0.012189197461627159
2025-12-02,-0.009256965637707032,-0.009612956735764247
2025-12-03,-0.0011362223581063906,-0.0007372342911367267
2025-12-04,-0.002365732562660353,-0.002524201074190015
2025-12-05,0.001372192698155935,0.001072563992806207
2025-12-08,-0.019175986246724046,-0.01911381624348446
2025-12-09,0.000744730627892098,0.0013153251914916556
2025-12-10,-0.0020272353729317884,-0.0018580837764957073
2025-12-11,0.002913463799220314,0.0026982504395225374
2025-12-12,0.022029673330783966,0.021860774317940878
2025-12-15,0.004581231505119646,0.00472404465066249
2025-12-16,-0.008306963953181194,-0.007639698320480387
2025-12-17,-0.00269623771410997,-0.0028518006114898785
2025-12-18,-0.005233326692543238,-0.004806291784265569
2025-12-19,0.0013960144690138556,0.001436841408518659
2025-12-22,-0.0005347219270513085,-0.00046520136995226386
